{
"type": "FeatureCollection",
"crs": { "type": "name", "properties": { "name": "urn:ogc:def:crs:OGC:1.3:CRS84" } },
"features": [
{ "type": "Feature", "properties": { "fid": 10, "ID": "VOIE_NOM0000002339100108", "ID_BAN": "94080_9633", "name": "Impasse des Vignerons", "INSEE_COM": "94080", "NOM_COM": "Vincennes", "SRC_BAN": "non commune", "NOM_COLL": "IMP DES VIGNERONS", "TYPE_VOIE": "impasse", "MOT_DIR": "Vignerons", "LD_BAN": null, "ID_SUPP": "TRONROUT0000000004406720", "INSEEDBAN": null, "COMDEL_BAN": null, "DATE_CREAT": "2023-12-08T14:04:36", "DATE_MAJ": "2024-03-14T09:02:21", "NOM_NORMA": "IMP DES VIGNERONS", "ID_BAN_ODO": "fe1cfbc6-b92f-45fa-84bb-ac656271e924", "ID_2": "COMMUNE_0000000009736525", "INSEE_COM_2": "94080", "INSEE_CAN": "9498", "INSEE_ARR": "942", "INSEE_COL": "94D", "INSEE_DEP": "94", "INSEE_REG": "11", "POPULATION": 48368, "SUPERF_CAD": 190, "DATE_CREAT_2": "2006-08-02T08:36:54", "DATE_MAJ_2": "2025-06-20T18:27:56", "DATE_APP": null, "DATE_CONF": null, "CODE_POST": "94300", "NOM": "Vincennes", "CL_ARROND": "Non", "CL_COLLTER": "Non", "CL_DEPART": "Non", "CL_REGION": "Non", "CAPITALE": "Non", "DATE_RCT": "2022-01-01", "RECENSEUR": "INSEE", "CODE_SIREN": "219400801", "SIREN_EPCI": "200054781/200057941", "ID_CH_LIEU": "PAIHABIT0000000004274533", "ID_AUT_ADM": "SURFACTI0000000004266121", "length": 71, "other_tags": "" }, "geometry": { "type": "MultiLineString", "coordinates": [ [ [ 2.43083301197177, 48.84181558648347 ], [ 2.429879499188186, 48.841916270692231 ] ] ] } },
{ "type": "Feature", "properties": { "fid": 14, "ID": "VOIE_NOM0000002339100173", "ID_BAN": "94080_4726", "name": "Passage Jean Bastide", "INSEE_COM": "94080", "NOM_COM": "Vincennes", "SRC_BAN": "non commune", "NOM_COLL": "PAS JEAN BASTIDE", "TYPE_VOIE": "passage", "MOT_DIR": "Bastide", "LD_BAN": null, "ID_SUPP": "TRONROUT0000000004406446", "INSEEDBAN": null, "COMDEL_BAN": null, "DATE_CREAT": "2023-12-08T14:04:36", "DATE_MAJ": "2024-03-14T09:02:21", "NOM_NORMA": "PAS JEAN BASTIDE", "ID_BAN_ODO": "f96ef5a3-c527-4630-bf61-d4973152ab03", "ID_2": "COMMUNE_0000000009736525", "INSEE_COM_2": "94080", "INSEE_CAN": "9498", "INSEE_ARR": "942", "INSEE_COL": "94D", "INSEE_DEP": "94", "INSEE_REG": "11", "POPULATION": 48368, "SUPERF_CAD": 190, "DATE_CREAT_2": "2006-08-02T08:36:54", "DATE_MAJ_2": "2025-06-20T18:27:56", "DATE_APP": null, "DATE_CONF": null, "CODE_POST": "94300", "NOM": "Vincennes", "CL_ARROND": "Non", "CL_COLLTER": "Non", "CL_DEPART": "Non", "CL_REGION": "Non", "CAPITALE": "Non", "DATE_RCT": "2022-01-01", "RECENSEUR": "INSEE", "CODE_SIREN": "219400801", "SIREN_EPCI": "200054781/200057941", "ID_CH_LIEU": "PAIHABIT0000000004274533", "ID_AUT_ADM": "SURFACTI0000000004266121", "length": 46, "other_tags": "" }, "geometry": { "type": "MultiLineString", "coordinates": [ [ [ 2.434364462983046, 48.844222821911266 ], [ 2.433739644076082, 48.844291814392875 ] ] ] } },
{ "type": "Feature", "properties": { "fid": 17, "ID": "VOIE_NOM0000002339101424", "ID_BAN": null, "name": "Place de la Prévoyance", "INSEE_COM": "94080", "NOM_COM": "Vincennes", "SRC_BAN": null, "NOM_COLL": "PL DE LA PREVOYANCE", "TYPE_VOIE": "place", "MOT_DIR": "PREVOYANCE", "LD_BAN": null, "ID_SUPP": "TRONROUT0000000004405834", "INSEEDBAN": null, "COMDEL_BAN": null, "DATE_CREAT": "2023-12-08T14:04:36", "DATE_MAJ": "2025-09-02T22:35:31", "NOM_NORMA": "PL DE LA PREVOYANCE", "ID_BAN_ODO": null, "ID_2": "COMMUNE_0000000009736525", "INSEE_COM_2": "94080", "INSEE_CAN": "9498", "INSEE_ARR": "942", "INSEE_COL": "94D", "INSEE_DEP": "94", "INSEE_REG": "11", "POPULATION": 48368, "SUPERF_CAD": 190, "DATE_CREAT_2": "2006-08-02T08:36:54", "DATE_MAJ_2": "2025-06-20T18:27:56", "DATE_APP": null, "DATE_CONF": null, "CODE_POST": "94300", "NOM": "Vincennes", "CL_ARROND": "Non", "CL_COLLTER": "Non", "CL_DEPART": "Non", "CL_REGION": "Non", "CAPITALE": "Non", "DATE_RCT": "2022-01-01", "RECENSEUR": "INSEE", "CODE_SIREN": "219400801", "SIREN_EPCI": "200054781/200057941", "ID_CH_LIEU": "PAIHABIT0000000004274533", "ID_AUT_ADM": "SURFACTI0000000004266121", "length": 38, "other_tags": "" }, "geometry": { "type": "MultiLineString", "coordinates": [ [ [ 2.420184376573997, 48.846263023180377 ], [ 2.420276005589257, 48.846600724729974 ] ] ] } },
{ "type": "Feature", "properties": { "fid": 20, "ID": "VOIE_NOM0000002339104447", "ID_BAN": "94080_2560", "name": "Rue Dohis", "INSEE_COM": "94080", "NOM_COM": "Vincennes", "SRC_BAN": "non commune", "NOM_COLL": "R DOHIS", "TYPE_VOIE": "rue", "MOT_DIR": "Dohis", "LD_BAN": null, "ID_SUPP": "TRONROUT0000000004406173", "INSEEDBAN": null, "COMDEL_BAN": null, "DATE_CREAT": "2023-12-08T14:04:36", "DATE_MAJ": "2025-09-02T22:35:31", "NOM_NORMA": "R DOHIS", "ID_BAN_ODO": "9ab5bea6-be1d-4687-8c7e-77fedee2dabf", "ID_2": "COMMUNE_0000000009736525", "INSEE_COM_2": "94080", "INSEE_CAN": "9498", "INSEE_ARR": "942", "INSEE_COL": "94D", "INSEE_DEP": "94", "INSEE_REG": "11", "POPULATION": 48368, "SUPERF_CAD": 190, "DATE_CREAT_2": "2006-08-02T08:36:54", "DATE_MAJ_2": "2025-06-20T18:27:56", "DATE_APP": null, "DATE_CONF": null, "CODE_POST": "94300", "NOM": "Vincennes", "CL_ARROND": "Non", "CL_COLLTER": "Non", "CL_DEPART": "Non", "CL_REGION": "Non", "CAPITALE": "Non", "DATE_RCT": "2022-01-01", "RECENSEUR": "INSEE", "CODE_SIREN": "219400801", "SIREN_EPCI": "200054781/200057941", "ID_CH_LIEU": "PAIHABIT0000000004274533", "ID_AUT_ADM": "SURFACTI0000000004266121", "length": 152, "other_tags": "" }, "geometry": { "type": "MultiLineString", "coordinates": [ [ [ 2.42261074844953, 48.847416036576256 ], [ 2.422553277482209, 48.847068609133373 ], [ 2.422504518275051, 48.846795869894507 ], [ 2.422463257387776, 48.846584322773374 ], [ 2.422366894581378, 48.846057735890142 ] ] ] } },
{ "type": "Feature", "properties": { "fid": 27, "ID": "VOIE_NOM0000002339104565", "ID_BAN": "94080_9550", "name": "Rue de l'Union", "INSEE_COM": "94080", "NOM_COM": "Vincennes", "SRC_BAN": "non commune", "NOM_COLL": "R DE L'UNION", "TYPE_VOIE": "rue", "MOT_DIR": "Union", "LD_BAN": null, "ID_SUPP": "TRONROUT0000000004404782", "INSEEDBAN": null, "COMDEL_BAN": null, "DATE_CREAT": "2023-12-08T14:04:36", "DATE_MAJ": "2024-03-14T09:02:21", "NOM_NORMA": "R DE L'UNION", "ID_BAN_ODO": "2619c3dc-9f8f-45b8-be9f-c74b05abff32", "ID_2": "COMMUNE_0000000009736525", "INSEE_COM_2": "94080", "INSEE_CAN": "9498", "INSEE_ARR": "942", "INSEE_COL": "94D", "INSEE_DEP": "94", "INSEE_REG": "11", "POPULATION": 48368, "SUPERF_CAD": 190, "DATE_CREAT_2": "2006-08-02T08:36:54", "DATE_MAJ_2": "2025-06-20T18:27:56", "DATE_APP": null, "DATE_CONF": null, "CODE_POST": "94300", "NOM": "Vincennes", "CL_ARROND": "Non", "CL_COLLTER": "Non", "CL_DEPART": "Non", "CL_REGION": "Non", "CAPITALE": "Non", "DATE_RCT": "2022-01-01", "RECENSEUR": "INSEE", "CODE_SIREN": "219400801", "SIREN_EPCI": "200054781/200057941", "ID_CH_LIEU": "PAIHABIT0000000004274533", "ID_AUT_ADM": "SURFACTI0000000004266121", "length": 166, "other_tags": "" }, "geometry": { "type": "MultiLineString", "coordinates": [ [ [ 2.437344308619856, 48.852819373357164 ], [ 2.436350708673257, 48.853080903591355 ] ], [ [ 2.436350708673257, 48.853080903591355 ], [ 2.435594921268153, 48.853278794596029 ] ], [ [ 2.435594921268153, 48.853278794596029 ], [ 2.435232853178897, 48.853363423458333 ] ] ] } },
{ "type": "Feature", "properties": { "fid": 34, "ID": "VOIE_NOM0000002339104623", "ID_BAN": "94080_1465", "name": "Rue de Colmar", "INSEE_COM": "94080", "NOM_COM": "Vincennes", "SRC_BAN": "non commune", "NOM_COLL": "R DE COLMAR", "TYPE_VOIE": "rue", "MOT_DIR": "Colmar", "LD_BAN": null, "ID_SUPP": "TRONROUT0000000004406138", "INSEEDBAN": null, "COMDEL_BAN": null, "DATE_CREAT": "2023-12-08T14:04:36", "DATE_MAJ": "2024-03-14T09:02:21", "NOM_NORMA": "R DE COLMAR", "ID_BAN_ODO": "c4240c96-8b77-45d5-93e8-375eafed5dc5", "ID_2": "COMMUNE_0000000009736525", "INSEE_COM_2": "94080", "INSEE_CAN": "9498", "INSEE_ARR": "942", "INSEE_COL": "94D", "INSEE_DEP": "94", "INSEE_REG": "11", "POPULATION": 48368, "SUPERF_CAD": 190, "DATE_CREAT_2": "2006-08-02T08:36:54", "DATE_MAJ_2": "2025-06-20T18:27:56", "DATE_APP": null, "DATE_CONF": null, "CODE_POST": "94300", "NOM": "Vincennes", "CL_ARROND": "Non", "CL_COLLTER": "Non", "CL_DEPART": "Non", "CL_REGION": "Non", "CAPITALE": "Non", "DATE_RCT": "2022-01-01", "RECENSEUR": "INSEE", "CODE_SIREN": "219400801", "SIREN_EPCI": "200054781/200057941", "ID_CH_LIEU": "PAIHABIT0000000004274533", "ID_AUT_ADM": "SURFACTI0000000004266121", "length": 68, "other_tags": "" }, "geometry": { "type": "MultiLineString", "coordinates": [ [ [ 2.431692384243118, 48.845849679725774 ], [ 2.43157504087602, 48.845239360823811 ] ] ] } },
{ "type": "Feature", "properties": { "fid": 35, "ID": "VOIE_NOM0000002339104626", "ID_BAN": "94080_4621", "name": "Villa d'Idalie", "INSEE_COM": "94080", "NOM_COM": "Vincennes", "SRC_BAN": "non commune", "NOM_COLL": "VLA D'IDALIE", "TYPE_VOIE": "villa", "MOT_DIR": "Idalie", "LD_BAN": null, "ID_SUPP": "TRONROUT0000000212699217", "INSEEDBAN": null, "COMDEL_BAN": null, "DATE_CREAT": "2023-12-08T14:04:36", "DATE_MAJ": "2024-03-14T09:02:21", "NOM_NORMA": "VLA D'IDALIE", "ID_BAN_ODO": "afd8e1be-f207-4925-bf73-799cb93e8117", "ID_2": "COMMUNE_0000000009736525", "INSEE_COM_2": "94080", "INSEE_CAN": "9498", "INSEE_ARR": "942", "INSEE_COL": "94D", "INSEE_DEP": "94", "INSEE_REG": "11", "POPULATION": 48368, "SUPERF_CAD": 190, "DATE_CREAT_2": "2006-08-02T08:36:54", "DATE_MAJ_2": "2025-06-20T18:27:56", "DATE_APP": null, "DATE_CONF": null, "CODE_POST": "94300", "NOM": "Vincennes", "CL_ARROND": "Non", "CL_COLLTER": "Non", "CL_DEPART": "Non", "CL_REGION": "Non", "CAPITALE": "Non", "DATE_RCT": "2022-01-01", "RECENSEUR": "INSEE", "CODE_SIREN": "219400801", "SIREN_EPCI": "200054781/200057941", "ID_CH_LIEU": "PAIHABIT0000000004274533", "ID_AUT_ADM": "SURFACTI0000000004266121", "length": 62, "other_tags": "" }, "geometry": { "type": "MultiLineString", "coordinates": [ [ [ 2.440277710804105, 48.845023178559941 ], [ 2.440171951937438, 48.844466883502214 ] ] ] } },
{ "type": "Feature", "properties": { "fid": 40, "ID": "VOIE_NOM0000002339104763", "ID_BAN": "94080_3110", "name": "Rue de l'Egalité", "INSEE_COM": "94080", "NOM_COM": "Vincennes", "SRC_BAN": "non commune", "NOM_COLL": "R DE L'EGALITE", "TYPE_VOIE": "rue", "MOT_DIR": "Egalité", "LD_BAN": null, "ID_SUPP": "TRONROUT0000000004405777", "INSEEDBAN": null, "COMDEL_BAN": null, "DATE_CREAT": "2023-12-08T14:04:36", "DATE_MAJ": "2024-03-14T09:02:21", "NOM_NORMA": "R DE L'EGALITE", "ID_BAN_ODO": "b08adfe8-e4d4-4325-8361-c20e530e3c7a", "ID_2": "COMMUNE_0000000009736525", "INSEE_COM_2": "94080", "INSEE_CAN": "9498", "INSEE_ARR": "942", "INSEE_COL": "94D", "INSEE_DEP": "94", "INSEE_REG": "11", "POPULATION": 48368, "SUPERF_CAD": 190, "DATE_CREAT_2": "2006-08-02T08:36:54", "DATE_MAJ_2": "2025-06-20T18:27:56", "DATE_APP": null, "DATE_CONF": null, "CODE_POST": "94300", "NOM": "Vincennes", "CL_ARROND": "Non", "CL_COLLTER": "Non", "CL_DEPART": "Non", "CL_REGION": "Non", "CAPITALE": "Non", "DATE_RCT": "2022-01-01", "RECENSEUR": "INSEE", "CODE_SIREN": "219400801", "SIREN_EPCI": "200054781/200057941", "ID_CH_LIEU": "PAIHABIT0000000004274533", "ID_AUT_ADM": "SURFACTI0000000004266121", "length": 148, "other_tags": "" }, "geometry": { "type": "MultiLineString", "coordinates": [ [ [ 2.428504249744465, 48.84879156197097 ], [ 2.428523127860651, 48.848685528747538 ], [ 2.428834951527641, 48.847961241410907 ], [ 2.429026606872792, 48.847507983663711 ] ] ] } },
{ "type": "Feature", "properties": { "fid": 41, "ID": "VOIE_NOM0000002339104832", "ID_BAN": "94080_0079", "name": "Allee Augustin de Luzy", "INSEE_COM": "94080", "NOM_COM": "Vincennes", "SRC_BAN": "non commune", "NOM_COLL": "ALL AUGUSTIN-DE-LUZY", "TYPE_VOIE": "allée", "MOT_DIR": "Luzy", "LD_BAN": null, "ID_SUPP": "TRONROUT0000000109046140", "INSEEDBAN": null, "COMDEL_BAN": null, "DATE_CREAT": "2023-12-08T14:04:36", "DATE_MAJ": "2024-03-14T09:02:21", "NOM_NORMA": "ALL AUGUSTIN DE LUZY", "ID_BAN_ODO": "44e95052-5c78-4a64-8d4f-c58ef6694dde", "ID_2": "COMMUNE_0000000009736525", "INSEE_COM_2": "94080", "INSEE_CAN": "9498", "INSEE_ARR": "942", "INSEE_COL": "94D", "INSEE_DEP": "94", "INSEE_REG": "11", "POPULATION": 48368, "SUPERF_CAD": 190, "DATE_CREAT_2": "2006-08-02T08:36:54", "DATE_MAJ_2": "2025-06-20T18:27:56", "DATE_APP": null, "DATE_CONF": null, "CODE_POST": "94300", "NOM": "Vincennes", "CL_ARROND": "Non", "CL_COLLTER": "Non", "CL_DEPART": "Non", "CL_REGION": "Non", "CAPITALE": "Non", "DATE_RCT": "2022-01-01", "RECENSEUR": "INSEE", "CODE_SIREN": "219400801", "SIREN_EPCI": "200054781/200057941", "ID_CH_LIEU": "PAIHABIT0000000004274533", "ID_AUT_ADM": "SURFACTI0000000004266121", "length": 67, "other_tags": "" }, "geometry": { "type": "MultiLineString", "coordinates": [ [ [ 2.455770619963511, 48.846331268068816 ], [ 2.455572076889027, 48.846162186166055 ], [ 2.455214161333014, 48.845857475640983 ] ] ] } },
{ "type": "Feature", "properties": { "fid": 42, "ID": "VOIE_NOM0000002339104873", "ID_BAN": "94080_9660", "name": "Avenue de Vorges", "INSEE_COM": "94080", "NOM_COM": "Vincennes", "SRC_BAN": "non commune", "NOM_COLL": "AV DE VORGES", "TYPE_VOIE": "avenue", "MOT_DIR": "Vorges", "LD_BAN": null, "ID_SUPP": "TRONROUT0000000004405396", "INSEEDBAN": null, "COMDEL_BAN": null, "DATE_CREAT": "2023-12-08T14:04:36", "DATE_MAJ": "2024-03-14T09:02:21", "NOM_NORMA": "AV DE VORGES", "ID_BAN_ODO": "06291eef-56c0-42fa-b54d-395c9444fbb8", "ID_2": "COMMUNE_0000000009736525", "INSEE_COM_2": "94080", "INSEE_CAN": "9498", "INSEE_ARR": "942", "INSEE_COL": "94D", "INSEE_DEP": "94", "INSEE_REG": "11", "POPULATION": 48368, "SUPERF_CAD": 190, "DATE_CREAT_2": "2006-08-02T08:36:54", "DATE_MAJ_2": "2025-06-20T18:27:56", "DATE_APP": null, "DATE_CONF": null, "CODE_POST": "94300", "NOM": "Vincennes", "CL_ARROND": "Non", "CL_COLLTER": "Non", "CL_DEPART": "Non", "CL_REGION": "Non", "CAPITALE": "Non", "DATE_RCT": "2022-01-01", "RECENSEUR": "INSEE", "CODE_SIREN": "219400801", "SIREN_EPCI": "200054781/200057941", "ID_CH_LIEU": "PAIHABIT0000000004274533", "ID_AUT_ADM": "SURFACTI0000000004266121", "length": 151, "other_tags": "" }, "geometry": { "type": "MultiLineString", "coordinates": [ [ [ 2.439792207079523, 48.84797707514565 ], [ 2.43991405954086, 48.848684534910753 ], [ 2.439964167969109, 48.848967165312771 ], [ 2.440025729122993, 48.84932539457462 ] ] ] } },
{ "type": "Feature", "properties": { "fid": 44, "ID": "VOIE_NOM0000002339104902", "ID_BAN": "94080_8510", "name": "Rue des Sabotiers", "INSEE_COM": "94080", "NOM_COM": "Vincennes", "SRC_BAN": "non commune", "NOM_COLL": "R DES SABOTIERS", "TYPE_VOIE": "rue", "MOT_DIR": "Sabotiers", "LD_BAN": null, "ID_SUPP": "TRONROUT0000000004405701", "INSEEDBAN": null, "COMDEL_BAN": null, "DATE_CREAT": "2023-12-08T14:04:36", "DATE_MAJ": "2024-03-14T09:02:21", "NOM_NORMA": "R DES SABOTIERS", "ID_BAN_ODO": "5eb14fbf-77fa-41b5-adea-3ba9c8487899", "ID_2": "COMMUNE_0000000009736525", "INSEE_COM_2": "94080", "INSEE_CAN": "9498", "INSEE_ARR": "942", "INSEE_COL": "94D", "INSEE_DEP": "94", "INSEE_REG": "11", "POPULATION": 48368, "SUPERF_CAD": 190, "DATE_CREAT_2": "2006-08-02T08:36:54", "DATE_MAJ_2": "2025-06-20T18:27:56", "DATE_APP": null, "DATE_CONF": null, "CODE_POST": "94300", "NOM": "Vincennes", "CL_ARROND": "Non", "CL_COLLTER": "Non", "CL_DEPART": "Non", "CL_REGION": "Non", "CAPITALE": "Non", "DATE_RCT": "2022-01-01", "RECENSEUR": "INSEE", "CODE_SIREN": "219400801", "SIREN_EPCI": "200054781/200057941", "ID_CH_LIEU": "PAIHABIT0000000004274533", "ID_AUT_ADM": "SURFACTI0000000004266121", "length": 65, "other_tags": "" }, "geometry": { "type": "MultiLineString", "coordinates": [ [ [ 2.446827125767589, 48.846884721122763 ], [ 2.446867190003302, 48.847089958328922 ], [ 2.446907550435484, 48.847267316986191 ], [ 2.446951817647553, 48.847461781316632 ] ] ] } },
{ "type": "Feature", "properties": { "fid": 45, "ID": "VOIE_NOM0000002339104909", "ID_BAN": "94080_1460", "name": "Rue Clément Vienot", "INSEE_COM": "94080", "NOM_COM": "Vincennes", "SRC_BAN": "non commune", "NOM_COLL": "R CLEMENT VIENOT", "TYPE_VOIE": "rue", "MOT_DIR": "Vienot", "LD_BAN": null, "ID_SUPP": "TRONROUT0000000004405682/TRONROUT0000000118200299/TRONROUT0000000240161973/TRONROUT0000000241810175/TRONROUT0000002488137455/TRONROUT0000002489366883", "INSEEDBAN": null, "COMDEL_BAN": null, "DATE_CREAT": "2023-12-08T14:04:36", "DATE_MAJ": "2025-03-31T21:51:57", "NOM_NORMA": "R CLEMENT VIENOT", "ID_BAN_ODO": "fbbb32e4-f1b3-4d9d-b914-9b1093d39401", "ID_2": "COMMUNE_0000000009736525", "INSEE_COM_2": "94080", "INSEE_CAN": "9498", "INSEE_ARR": "942", "INSEE_COL": "94D", "INSEE_DEP": "94", "INSEE_REG": "11", "POPULATION": 48368, "SUPERF_CAD": 190, "DATE_CREAT_2": "2006-08-02T08:36:54", "DATE_MAJ_2": "2025-06-20T18:27:56", "DATE_APP": null, "DATE_CONF": null, "CODE_POST": "94300", "NOM": "Vincennes", "CL_ARROND": "Non", "CL_COLLTER": "Non", "CL_DEPART": "Non", "CL_REGION": "Non", "CAPITALE": "Non", "DATE_RCT": "2022-01-01", "RECENSEUR": "INSEE", "CODE_SIREN": "219400801", "SIREN_EPCI": "200054781/200057941", "ID_CH_LIEU": "PAIHABIT0000000004274533", "ID_AUT_ADM": "SURFACTI0000000004266121", "length": 176, "other_tags": "" }, "geometry": { "type": "MultiLineString", "coordinates": [ [ [ 2.45099727612407, 48.848140536086291 ], [ 2.450981879782147, 48.848179137463134 ] ], [ [ 2.45103922555439, 48.848039102076804 ], [ 2.45099727612407, 48.848140536086291 ] ], [ [ 2.451218594971527, 48.847569565042818 ], [ 2.451208791487097, 48.847594701872382 ], [ 2.45103922555439, 48.848039102076804 ] ], [ [ 2.451495331161583, 48.846911610412519 ], [ 2.451407310047588, 48.847118057416132 ], [ 2.451218594971527, 48.847569565042818 ] ], [ [ 2.451495331161583, 48.846911610412519 ], [ 2.451623547963813, 48.846899607267396 ] ], [ [ 2.451495331161583, 48.846911610412519 ], [ 2.451502721533149, 48.846856783916799 ], [ 2.451523132440083, 48.84673006906651 ] ] ] } },
{ "type": "Feature", "properties": { "fid": 46, "ID": "VOIE_NOM0000002339104918", "ID_BAN": "94080_4125", "name": "Rue Georges Huchon", "INSEE_COM": "94080", "NOM_COM": "Vincennes", "SRC_BAN": "non commune", "NOM_COLL": "R GEORGES HUCHON", "TYPE_VOIE": "rue", "MOT_DIR": "Huchon", "LD_BAN": null, "ID_SUPP": "TRONROUT0000000004405428/TRONROUT0000000004405796/TRONROUT0000000287572531", "INSEEDBAN": null, "COMDEL_BAN": null, "DATE_CREAT": "2023-12-08T14:04:36", "DATE_MAJ": "2024-03-14T09:02:21", "NOM_NORMA": "R GEORGES HUCHON", "ID_BAN_ODO": "3ba28171-545b-40c0-9269-02c2a4473bc1", "ID_2": "COMMUNE_0000000009736525", "INSEE_COM_2": "94080", "INSEE_CAN": "9498", "INSEE_ARR": "942", "INSEE_COL": "94D", "INSEE_DEP": "94", "INSEE_REG": "11", "POPULATION": 48368, "SUPERF_CAD": 190, "DATE_CREAT_2": "2006-08-02T08:36:54", "DATE_MAJ_2": "2025-06-20T18:27:56", "DATE_APP": null, "DATE_CONF": null, "CODE_POST": "94300", "NOM": "Vincennes", "CL_ARROND": "Non", "CL_COLLTER": "Non", "CL_DEPART": "Non", "CL_REGION": "Non", "CAPITALE": "Non", "DATE_RCT": "2022-01-01", "RECENSEUR": "INSEE", "CODE_SIREN": "219400801", "SIREN_EPCI": "200054781/200057941", "ID_CH_LIEU": "PAIHABIT0000000004274533", "ID_AUT_ADM": "SURFACTI0000000004266121", "length": 240, "other_tags": "" }, "geometry": { "type": "MultiLineString", "coordinates": [ [ [ 2.422012389613461, 48.849148896200717 ], [ 2.422020156588382, 48.849185807113031 ] ], [ [ 2.421575080735437, 48.847050393520121 ], [ 2.421695016338461, 48.847662533014457 ], [ 2.421788849628966, 48.848171120437605 ] ], [ [ 2.421788849628966, 48.848171120437605 ], [ 2.421889192830716, 48.848584407748064 ], [ 2.421967250395563, 48.848918444243594 ], [ 2.422012389613461, 48.849148896200717 ] ] ] } },
{ "type": "Feature", "properties": { "fid": 49, "ID": "VOIE_NOM0000002339104982", "ID_BAN": "94080_1475", "name": "Rue de Condé-sur-noireau", "INSEE_COM": "94080", "NOM_COM": "Vincennes", "SRC_BAN": "non commune", "NOM_COLL": "R DE CONDE-SUR-NOIREAU", "TYPE_VOIE": "rue", "MOT_DIR": "noireau", "LD_BAN": null, "ID_SUPP": "TRONROUT0000000004405727", "INSEEDBAN": null, "COMDEL_BAN": null, "DATE_CREAT": "2023-12-08T14:04:36", "DATE_MAJ": "2024-03-14T09:02:21", "NOM_NORMA": "R DE CONDE-SUR-NOIREAU", "ID_BAN_ODO": "50d0c20f-b057-42b9-9343-09caaa3723d0", "ID_2": "COMMUNE_0000000009736525", "INSEE_COM_2": "94080", "INSEE_CAN": "9498", "INSEE_ARR": "942", "INSEE_COL": "94D", "INSEE_DEP": "94", "INSEE_REG": "11", "POPULATION": 48368, "SUPERF_CAD": 190, "DATE_CREAT_2": "2006-08-02T08:36:54", "DATE_MAJ_2": "2025-06-20T18:27:56", "DATE_APP": null, "DATE_CONF": null, "CODE_POST": "94300", "NOM": "Vincennes", "CL_ARROND": "Non", "CL_COLLTER": "Non", "CL_DEPART": "Non", "CL_REGION": "Non", "CAPITALE": "Non", "DATE_RCT": "2022-01-01", "RECENSEUR": "INSEE", "CODE_SIREN": "219400801", "SIREN_EPCI": "200054781/200057941", "ID_CH_LIEU": "PAIHABIT0000000004274533", "ID_AUT_ADM": "SURFACTI0000000004266121", "length": 82, "other_tags": "" }, "geometry": { "type": "MultiLineString", "coordinates": [ [ [ 2.440174196310765, 48.847936593679897 ], [ 2.440074424376163, 48.847456772856511 ], [ 2.440018499174513, 48.847208290230554 ] ] ] } },
{ "type": "Feature", "properties": { "fid": 56, "ID": "VOIE_NOM0000002339110613", "ID_BAN": "94080_7181", "name": "Rue de la Prévoyance", "INSEE_COM": "94080", "NOM_COM": "Vincennes", "SRC_BAN": "non commune", "NOM_COLL": "R DE LA PREVOYANCE", "TYPE_VOIE": "rue", "MOT_DIR": "Prévoyance", "LD_BAN": null, "ID_SUPP": "TRONROUT0000000004405427/TRONROUT0000000004405811/TRONROUT0000000287572530", "INSEEDBAN": null, "COMDEL_BAN": null, "DATE_CREAT": "2023-12-08T14:04:36", "DATE_MAJ": "2024-03-14T09:02:21", "NOM_NORMA": "R DE LA PREVOYANCE", "ID_BAN_ODO": "9765ba47-2e24-4d99-89ad-14c879a2c7e0", "ID_2": "COMMUNE_0000000009736525", "INSEE_COM_2": "94080", "INSEE_CAN": "9498", "INSEE_ARR": "942", "INSEE_COL": "94D", "INSEE_DEP": "94", "INSEE_REG": "11", "POPULATION": 48368, "SUPERF_CAD": 190, "DATE_CREAT_2": "2006-08-02T08:36:54", "DATE_MAJ_2": "2025-06-20T18:27:56", "DATE_APP": null, "DATE_CONF": null, "CODE_POST": "94300", "NOM": "Vincennes", "CL_ARROND": "Non", "CL_COLLTER": "Non", "CL_DEPART": "Non", "CL_REGION": "Non", "CAPITALE": "Non", "DATE_RCT": "2022-01-01", "RECENSEUR": "INSEE", "CODE_SIREN": "219400801", "SIREN_EPCI": "200054781/200057941", "ID_CH_LIEU": "PAIHABIT0000000004274533", "ID_AUT_ADM": "SURFACTI0000000004266121", "length": 299, "other_tags": "" }, "geometry": { "type": "MultiLineString", "coordinates": [ [ [ 2.420821873265993, 48.849225879340068 ], [ 2.420829589434477, 48.849267286840345 ] ], [ [ 2.420276005589257, 48.846600724729974 ], [ 2.420444410986471, 48.8473866757191 ], [ 2.420533571073912, 48.847824192853778 ], [ 2.420627963220037, 48.848281520820052 ] ], [ [ 2.420627963220037, 48.848281520820052 ], [ 2.42069276574061, 48.848581318730986 ], [ 2.420757249131287, 48.848909894220071 ], [ 2.420821873265993, 48.849225879340068 ] ] ] } },
{ "type": "Feature", "properties": { "fid": 57, "ID": "VOIE_NOM0000002339110614", "ID_BAN": "94080_2520", "name": "Villa David", "INSEE_COM": "94080", "NOM_COM": "Vincennes", "SRC_BAN": "non commune", "NOM_COLL": "VLA DAVID", "TYPE_VOIE": "villa", "MOT_DIR": "David", "LD_BAN": null, "ID_SUPP": "TRONROUT0000000004404780", "INSEEDBAN": null, "COMDEL_BAN": null, "DATE_CREAT": "2023-12-08T14:04:36", "DATE_MAJ": "2024-03-14T09:02:21", "NOM_NORMA": "VLA DAVID", "ID_BAN_ODO": "cf781c1b-f7e1-457f-ac0a-c449e428808c", "ID_2": "COMMUNE_0000000009736525", "INSEE_COM_2": "94080", "INSEE_CAN": "9498", "INSEE_ARR": "942", "INSEE_COL": "94D", "INSEE_DEP": "94", "INSEE_REG": "11", "POPULATION": 48368, "SUPERF_CAD": 190, "DATE_CREAT_2": "2006-08-02T08:36:54", "DATE_MAJ_2": "2025-06-20T18:27:56", "DATE_APP": null, "DATE_CONF": null, "CODE_POST": "94300", "NOM": "Vincennes", "CL_ARROND": "Non", "CL_COLLTER": "Non", "CL_DEPART": "Non", "CL_REGION": "Non", "CAPITALE": "Non", "DATE_RCT": "2022-01-01", "RECENSEUR": "INSEE", "CODE_SIREN": "219400801", "SIREN_EPCI": "200054781/200057941", "ID_CH_LIEU": "PAIHABIT0000000004274533", "ID_AUT_ADM": "SURFACTI0000000004266121", "length": 74, "other_tags": "" }, "geometry": { "type": "MultiLineString", "coordinates": [ [ [ 2.438392683753882, 48.851773861173946 ], [ 2.438455436927841, 48.851767860270222 ], [ 2.438505915877626, 48.851762701081682 ], [ 2.439305314291847, 48.851688206570579 ], [ 2.43932168631495, 48.851686484595234 ], [ 2.439389890166114, 48.851680508743485 ] ] ] } },
{ "type": "Feature", "properties": { "fid": 83, "ID": "VOIE_NOM0000002339143014", "ID_BAN": "94080_3180", "name": "Rue Eugène Loeuil", "INSEE_COM": "94080", "NOM_COM": "Vincennes", "SRC_BAN": "non commune", "NOM_COLL": "R EUGENE LOEUIL", "TYPE_VOIE": "rue", "MOT_DIR": "Loeuil", "LD_BAN": null, "ID_SUPP": "TRONROUT0000000004405754", "INSEEDBAN": null, "COMDEL_BAN": null, "DATE_CREAT": "2023-12-08T14:04:36", "DATE_MAJ": "2024-03-14T09:02:21", "NOM_NORMA": "R EUGENE LOEUIL", "ID_BAN_ODO": "24f15736-a995-4d2d-b9a9-742ac9f35ad2", "ID_2": "COMMUNE_0000000009736525", "INSEE_COM_2": "94080", "INSEE_CAN": "9498", "INSEE_ARR": "942", "INSEE_COL": "94D", "INSEE_DEP": "94", "INSEE_REG": "11", "POPULATION": 48368, "SUPERF_CAD": 190, "DATE_CREAT_2": "2006-08-02T08:36:54", "DATE_MAJ_2": "2025-06-20T18:27:56", "DATE_APP": null, "DATE_CONF": null, "CODE_POST": "94300", "NOM": "Vincennes", "CL_ARROND": "Non", "CL_COLLTER": "Non", "CL_DEPART": "Non", "CL_REGION": "Non", "CAPITALE": "Non", "DATE_RCT": "2022-01-01", "RECENSEUR": "INSEE", "CODE_SIREN": "219400801", "SIREN_EPCI": "200054781/200057941", "ID_CH_LIEU": "PAIHABIT0000000004274533", "ID_AUT_ADM": "SURFACTI0000000004266121", "length": 102, "other_tags": "" }, "geometry": { "type": "MultiLineString", "coordinates": [ [ [ 2.4315088686797, 48.847058436830636 ], [ 2.43286811333611, 48.846872426528925 ] ] ] } },
{ "type": "Feature", "properties": { "fid": 84, "ID": "VOIE_NOM0000002339143027", "ID_BAN": "94080_0625", "name": "Rue de Belfort", "INSEE_COM": "94080", "NOM_COM": "Vincennes", "SRC_BAN": "non commune", "NOM_COLL": "R DE BELFORT", "TYPE_VOIE": "rue", "MOT_DIR": "Belfort", "LD_BAN": null, "ID_SUPP": "TRONROUT0000000004405096/TRONROUT0000000004405415", "INSEEDBAN": null, "COMDEL_BAN": null, "DATE_CREAT": "2023-12-08T14:04:36", "DATE_MAJ": "2024-03-14T09:02:21", "NOM_NORMA": "R DE BELFORT", "ID_BAN_ODO": "6cce6ed5-e946-4701-b200-c5cf1f9a8f80", "ID_2": "COMMUNE_0000000009736525", "INSEE_COM_2": "94080", "INSEE_CAN": "9498", "INSEE_ARR": "942", "INSEE_COL": "94D", "INSEE_DEP": "94", "INSEE_REG": "11", "POPULATION": 48368, "SUPERF_CAD": 190, "DATE_CREAT_2": "2006-08-02T08:36:54", "DATE_MAJ_2": "2025-06-20T18:27:56", "DATE_APP": null, "DATE_CONF": null, "CODE_POST": "94300", "NOM": "Vincennes", "CL_ARROND": "Non", "CL_COLLTER": "Non", "CL_DEPART": "Non", "CL_REGION": "Non", "CAPITALE": "Non", "DATE_RCT": "2022-01-01", "RECENSEUR": "INSEE", "CODE_SIREN": "219400801", "SIREN_EPCI": "200054781/200057941", "ID_CH_LIEU": "PAIHABIT0000000004274533", "ID_AUT_ADM": "SURFACTI0000000004266121", "length": 263, "other_tags": "" }, "geometry": { "type": "MultiLineString", "coordinates": [ [ [ 2.430739148810423, 48.848662817076125 ], [ 2.431011927883395, 48.85001403917984 ] ], [ [ 2.431011927883395, 48.85001403917984 ], [ 2.431045344654457, 48.850198564738939 ], [ 2.43113051240283, 48.850511043909705 ], [ 2.431161314362146, 48.85056065455769 ], [ 2.431244711755814, 48.8506608787701 ], [ 2.431336393607083, 48.850751249449928 ], [ 2.431552531778535, 48.85092585084557 ] ] ] } },
{ "type": "Feature", "properties": { "fid": 85, "ID": "VOIE_NOM0000002339143038", "ID_BAN": "94080_2554", "name": "Rue du Docteur Lebel", "INSEE_COM": "94080", "NOM_COM": "Vincennes", "SRC_BAN": "non commune", "NOM_COLL": "R DU DOCTEUR LEBEL", "TYPE_VOIE": "rue", "MOT_DIR": "Lebel", "LD_BAN": null, "ID_SUPP": "TRONROUT0000000004405767/TRONROUT0000000004406148/TRONROUT0000000245706549/TRONROUT0000000245706550/TRONROUT0000000245706551", "INSEEDBAN": null, "COMDEL_BAN": null, "DATE_CREAT": "2023-12-08T14:04:36", "DATE_MAJ": "2024-03-14T09:02:21", "NOM_NORMA": "R DU DOCTEUR LEBEL", "ID_BAN_ODO": "5fd43e8a-f072-4490-b2e5-8cb96299fa9c", "ID_2": "COMMUNE_0000000009736525", "INSEE_COM_2": "94080", "INSEE_CAN": "9498", "INSEE_ARR": "942", "INSEE_COL": "94D", "INSEE_DEP": "94", "INSEE_REG": "11", "POPULATION": 48368, "SUPERF_CAD": 190, "DATE_CREAT_2": "2006-08-02T08:36:54", "DATE_MAJ_2": "2025-06-20T18:27:56", "DATE_APP": null, "DATE_CONF": null, "CODE_POST": "94300", "NOM": "Vincennes", "CL_ARROND": "Non", "CL_COLLTER": "Non", "CL_DEPART": "Non", "CL_REGION": "Non", "CAPITALE": "Non", "DATE_RCT": "2022-01-01", "RECENSEUR": "INSEE", "CODE_SIREN": "219400801", "SIREN_EPCI": "200054781/200057941", "ID_CH_LIEU": "PAIHABIT0000000004274533", "ID_AUT_ADM": "SURFACTI0000000004266121", "length": 233, "other_tags": "" }, "geometry": { "type": "MultiLineString", "coordinates": [ [ [ 2.430895367363562, 48.845962806893475 ], [ 2.431155984125907, 48.846429911018781 ], [ 2.431212123165644, 48.846530006048759 ], [ 2.431285652219931, 48.846659862334079 ], [ 2.4315088686797, 48.847058436830636 ] ], [ [ 2.431531316770349, 48.847124196183614 ], [ 2.431522151335023, 48.847089977262009 ], [ 2.4315088686797, 48.847058436830636 ] ], [ [ 2.430286140290677, 48.847220799359334 ], [ 2.43081636048893, 48.84720803406141 ] ], [ [ 2.431094420139384, 48.847201262433536 ], [ 2.431268902181071, 48.847195796532013 ], [ 2.431395683235494, 48.847191003032165 ], [ 2.431440698223943, 48.847186720204348 ], [ 2.431474851618267, 48.84717878833878 ], [ 2.431509073673903, 48.847164561326842 ], [ 2.431526983715462, 48.847146659391555 ], [ 2.431531316770349, 48.847124196183614 ] ], [ [ 2.43081636048893, 48.84720803406141 ], [ 2.430903596629916, 48.847205750997809 ], [ 2.431003096201514, 48.847203526195081 ], [ 2.431094420139384, 48.847201262433536 ] ] ] } },
{ "type": "Feature", "properties": { "fid": 87, "ID": "VOIE_NOM0000002339143052", "ID_BAN": "94080_2565", "name": "Rue du Donjon", "INSEE_COM": "94080", "NOM_COM": "Vincennes", "SRC_BAN": "non commune", "NOM_COLL": "R DU DONJON", "TYPE_VOIE": "rue", "MOT_DIR": "Donjon", "LD_BAN": null, "ID_SUPP": "TRONROUT0000000004406451/TRONROUT0000000004406452/TRONROUT0000000004406462", "INSEEDBAN": null, "COMDEL_BAN": null, "DATE_CREAT": "2023-12-08T14:04:36", "DATE_MAJ": "2024-03-14T09:02:21", "NOM_NORMA": "R DU DONJON", "ID_BAN_ODO": "28ee409a-ffa7-4673-8f24-f422887cbc2d", "ID_2": "COMMUNE_0000000009736525", "INSEE_COM_2": "94080", "INSEE_CAN": "9498", "INSEE_ARR": "942", "INSEE_COL": "94D", "INSEE_DEP": "94", "INSEE_REG": "11", "POPULATION": 48368, "SUPERF_CAD": 190, "DATE_CREAT_2": "2006-08-02T08:36:54", "DATE_MAJ_2": "2025-06-20T18:27:56", "DATE_APP": null, "DATE_CONF": null, "CODE_POST": "94300", "NOM": "Vincennes", "CL_ARROND": "Non", "CL_COLLTER": "Non", "CL_DEPART": "Non", "CL_REGION": "Non", "CAPITALE": "Non", "DATE_RCT": "2022-01-01", "RECENSEUR": "INSEE", "CODE_SIREN": "219400801", "SIREN_EPCI": "200054781/200057941", "ID_CH_LIEU": "PAIHABIT0000000004274533", "ID_AUT_ADM": "SURFACTI0000000004266121", "length": 174, "other_tags": "" }, "geometry": { "type": "MultiLineString", "coordinates": [ [ [ 2.431169115986248, 48.843354183797814 ], [ 2.431973404852827, 48.843320232497355 ] ], [ [ 2.432787298698071, 48.843280025850746 ], [ 2.433528900540613, 48.84324666621643 ] ], [ [ 2.431973404852827, 48.843320232497355 ], [ 2.432787298698071, 48.843280025850746 ] ] ] } },
{ "type": "Feature", "properties": { "fid": 90, "ID": "VOIE_NOM0000002339143136", "ID_BAN": "94080_4130", "name": "Allee Georges Melies", "INSEE_COM": "94080", "NOM_COM": "Vincennes", "SRC_BAN": "non commune", "NOM_COLL": "ALL GEORGES MELIES", "TYPE_VOIE": "allée", "MOT_DIR": "Melies", "LD_BAN": null, "ID_SUPP": "TRONROUT0000000004406474", "INSEEDBAN": null, "COMDEL_BAN": null, "DATE_CREAT": "2023-12-08T14:04:36", "DATE_MAJ": "2024-03-14T09:02:21", "NOM_NORMA": "ALL GEORGES MELIES", "ID_BAN_ODO": "73877350-487f-4047-9823-55de35782aff", "ID_2": "COMMUNE_0000000009736525", "INSEE_COM_2": "94080", "INSEE_CAN": "9498", "INSEE_ARR": "942", "INSEE_COL": "94D", "INSEE_DEP": "94", "INSEE_REG": "11", "POPULATION": 48368, "SUPERF_CAD": 190, "DATE_CREAT_2": "2006-08-02T08:36:54", "DATE_MAJ_2": "2025-06-20T18:27:56", "DATE_APP": null, "DATE_CONF": null, "CODE_POST": "94300", "NOM": "Vincennes", "CL_ARROND": "Non", "CL_COLLTER": "Non", "CL_DEPART": "Non", "CL_REGION": "Non", "CAPITALE": "Non", "DATE_RCT": "2022-01-01", "RECENSEUR": "INSEE", "CODE_SIREN": "219400801", "SIREN_EPCI": "200054781/200057941", "ID_CH_LIEU": "PAIHABIT0000000004274533", "ID_AUT_ADM": "SURFACTI0000000004266121", "length": 80, "other_tags": "" }, "geometry": { "type": "MultiLineString", "coordinates": [ [ [ 2.430194674510361, 48.843247919339916 ], [ 2.430352459888135, 48.843896206255039 ], [ 2.430368131877847, 48.843958336342482 ] ] ] } },
{ "type": "Feature", "properties": { "fid": 92, "ID": "VOIE_NOM0000002339143174", "ID_BAN": "94080_6609", "name": "Avenue des Murs du Parc", "INSEE_COM": "94080", "NOM_COM": "Vincennes", "SRC_BAN": "non commune", "NOM_COLL": "AV DES MURS DU PARC", "TYPE_VOIE": "avenue", "MOT_DIR": "Parc", "LD_BAN": null, "ID_SUPP": "TRONROUT0000000109046133/TRONROUT0000000109046135/TRONROUT0000000109046136/TRONROUT0000000109046137/TRONROUT0000000109046138/TRONROUT0000000109046139/TRONROUT0000000247370009/TRONROUT0000000247370010/TRONROUT0000000315768276", "INSEEDBAN": null, "COMDEL_BAN": null, "DATE_CREAT": "2023-12-08T14:04:36", "DATE_MAJ": "2024-03-14T09:02:21", "NOM_NORMA": "AV DES MURS DU PARC", "ID_BAN_ODO": "2d265cc0-7fc7-4520-bfb5-e83a23de08b7", "ID_2": "COMMUNE_0000000009736525", "INSEE_COM_2": "94080", "INSEE_CAN": "9498", "INSEE_ARR": "942", "INSEE_COL": "94D", "INSEE_DEP": "94", "INSEE_REG": "11", "POPULATION": 48368, "SUPERF_CAD": 190, "DATE_CREAT_2": "2006-08-02T08:36:54", "DATE_MAJ_2": "2025-06-20T18:27:56", "DATE_APP": null, "DATE_CONF": null, "CODE_POST": "94300", "NOM": "Vincennes", "CL_ARROND": "Non", "CL_COLLTER": "Non", "CL_DEPART": "Non", "CL_REGION": "Non", "CAPITALE": "Non", "DATE_RCT": "2022-01-01", "RECENSEUR": "INSEE", "CODE_SIREN": "219400801", "SIREN_EPCI": "200054781/200057941", "ID_CH_LIEU": "PAIHABIT0000000004274533", "ID_AUT_ADM": "SURFACTI0000000004266121", "length": 416, "other_tags": "" }, "geometry": { "type": "MultiLineString", "coordinates": [ [ [ 2.455770619963511, 48.846331268068816 ], [ 2.456063780568634, 48.846182409737978 ], [ 2.456540603265678, 48.845930959773384 ], [ 2.456963934510141, 48.845712541070291 ] ], [ [ 2.455659640056183, 48.846389220958855 ], [ 2.455770619963511, 48.846331268068816 ] ], [ [ 2.455967174056394, 48.846691002837446 ], [ 2.455690688356055, 48.846417242087178 ], [ 2.455659640056183, 48.846389220958855 ] ], [ [ 2.453146712907121, 48.846797757730435 ], [ 2.453104764983572, 48.846769686122286 ], [ 2.453061435633846, 48.846743406884094 ], [ 2.453016649343403, 48.846726114473022 ] ], [ [ 2.453016649343403, 48.846726114473022 ], [ 2.452971721485782, 48.846722311654617 ], [ 2.452910319772698, 48.846730125044211 ], [ 2.452671393483126, 48.846773999756884 ], [ 2.452489799785871, 48.846808243525409 ] ], [ [ 2.453146712907121, 48.846797757730435 ], [ 2.453184563648475, 48.846826709947081 ], [ 2.453211692926868, 48.846838525494192 ], [ 2.453248445317065, 48.846842290859904 ], [ 2.453344006378687, 48.846825639879683 ], [ 2.45348188332428, 48.84680198732913 ] ], [ [ 2.45348188332428, 48.84680198732913 ], [ 2.453795855487301, 48.846748560788178 ], [ 2.453866842375669, 48.846736293948034 ], [ 2.453914702818099, 48.846720324107004 ], [ 2.453962685726194, 48.846692663250316 ], [ 2.45398608537617, 48.846670286284613 ], [ 2.454008160101113, 48.846644305865667 ], [ 2.454027509620535, 48.846618313005635 ] ], [ [ 2.455659640056183, 48.846389220958855 ], [ 2.455632557425786, 48.846372909423074 ], [ 2.455590458192623, 48.846359227600807 ], [ 2.455548218052556, 48.846359035380701 ], [ 2.455494992665932, 48.846366887304413 ], [ 2.455411715200085, 48.846381797216623 ], [ 2.454707360091902, 48.846499101918084 ] ], [ [ 2.454707360091902, 48.846499101918084 ], [ 2.454604968295779, 48.84651752154938 ], [ 2.454547654837016, 48.84652535441554 ], [ 2.454502632907343, 48.846530545247262 ], [ 2.454452170024323, 48.846534811901066 ], [ 2.454419439629111, 48.846537360698406 ], [ 2.454167275770506, 48.846544304658195 ], [ 2.454126350976321, 48.846548614690441 ], [ 2.454097661224853, 48.846555678588594 ], [ 2.45407163070072, 48.846569050067892 ], [ 2.454027509620535, 48.846618313005635 ] ] ] } },
{ "type": "Feature", "properties": { "fid": 95, "ID": "VOIE_NOM0000002339143235", "ID_BAN": "94080_1420", "name": "Rue Céline Robert", "INSEE_COM": "94080", "NOM_COM": "Vincennes", "SRC_BAN": "non commune", "NOM_COLL": "R CELINE ROBERT", "TYPE_VOIE": "rue", "MOT_DIR": "Robert", "LD_BAN": null, "ID_SUPP": "TRONROUT0000000004405444/TRONROUT0000000004405832/TRONROUT0000000004405847/TRONROUT0000000287572529", "INSEEDBAN": null, "COMDEL_BAN": null, "DATE_CREAT": "2023-12-08T14:04:36", "DATE_MAJ": "2025-09-02T22:35:31", "NOM_NORMA": "R CELINE ROBERT", "ID_BAN_ODO": "dd4f451e-4c27-4af3-957d-fbea4a69545f", "ID_2": "COMMUNE_0000000009736525", "INSEE_COM_2": "94080", "INSEE_CAN": "9498", "INSEE_ARR": "942", "INSEE_COL": "94D", "INSEE_DEP": "94", "INSEE_REG": "11", "POPULATION": 48368, "SUPERF_CAD": 190, "DATE_CREAT_2": "2006-08-02T08:36:54", "DATE_MAJ_2": "2025-06-20T18:27:56", "DATE_APP": null, "DATE_CONF": null, "CODE_POST": "94300", "NOM": "Vincennes", "CL_ARROND": "Non", "CL_COLLTER": "Non", "CL_DEPART": "Non", "CL_REGION": "Non", "CAPITALE": "Non", "DATE_RCT": "2022-01-01", "RECENSEUR": "INSEE", "CODE_SIREN": "219400801", "SIREN_EPCI": "200054781/200057941", "ID_CH_LIEU": "PAIHABIT0000000004274533", "ID_AUT_ADM": "SURFACTI0000000004266121", "length": 336, "other_tags": "" }, "geometry": { "type": "MultiLineString", "coordinates": [ [ [ 2.419419319306644, 48.847418579084028 ], [ 2.419240430205351, 48.846351977448947 ] ], [ [ 2.419566463652968, 48.848277275116374 ], [ 2.419419319306644, 48.847418579084028 ] ], [ [ 2.419709806722071, 48.849355393522906 ], [ 2.419707582119594, 48.849310415180014 ] ], [ [ 2.419707582119594, 48.849310415180014 ], [ 2.419625629746218, 48.8487155464422 ], [ 2.419566463652968, 48.848277275116374 ] ] ] } },
{ "type": "Feature", "properties": { "fid": 103, "ID": "VOIE_NOM0000002339143362", "ID_BAN": "94080_4735", "name": "Place Jean-spire-lemaître", "INSEE_COM": "94080", "NOM_COM": "Vincennes", "SRC_BAN": "non commune", "NOM_COLL": "PL JEAN-SPIRE LEMAITRE", "TYPE_VOIE": "place", "MOT_DIR": "lemaître", "LD_BAN": null, "ID_SUPP": "TRONROUT0000000109046131", "INSEEDBAN": null, "COMDEL_BAN": null, "DATE_CREAT": "2023-12-08T14:04:36", "DATE_MAJ": "2024-03-14T09:02:21", "NOM_NORMA": "PL JEAN-SPIRE-LEMAITRE", "ID_BAN_ODO": "be077ace-e45e-4d1a-8d0b-04747f6cef89", "ID_2": "COMMUNE_0000000009736525", "INSEE_COM_2": "94080", "INSEE_CAN": "9498", "INSEE_ARR": "942", "INSEE_COL": "94D", "INSEE_DEP": "94", "INSEE_REG": "11", "POPULATION": 48368, "SUPERF_CAD": 190, "DATE_CREAT_2": "2006-08-02T08:36:54", "DATE_MAJ_2": "2025-06-20T18:27:56", "DATE_APP": null, "DATE_CONF": null, "CODE_POST": "94300", "NOM": "Vincennes", "CL_ARROND": "Non", "CL_COLLTER": "Non", "CL_DEPART": "Non", "CL_REGION": "Non", "CAPITALE": "Non", "DATE_RCT": "2022-01-01", "RECENSEUR": "INSEE", "CODE_SIREN": "219400801", "SIREN_EPCI": "200054781/200057941", "ID_CH_LIEU": "PAIHABIT0000000004274533", "ID_AUT_ADM": "SURFACTI0000000004266121", "length": 54, "other_tags": "" }, "geometry": { "type": "MultiLineString", "coordinates": [ [ [ 2.452489799785871, 48.846808243525409 ], [ 2.452082951799493, 48.846881926391838 ], [ 2.45178135399956, 48.8469246129414 ] ] ] } },
{ "type": "Feature", "properties": { "fid": 105, "ID": "VOIE_NOM0000002339143399", "ID_BAN": "94080_3130", "name": "Rue Emile Dequen", "INSEE_COM": "94080", "NOM_COM": "Vincennes", "SRC_BAN": "non commune", "NOM_COLL": "R EMILE DEQUEN", "TYPE_VOIE": "rue", "MOT_DIR": "Dequen", "LD_BAN": null, "ID_SUPP": "TRONROUT0000000004405366", "INSEEDBAN": null, "COMDEL_BAN": null, "DATE_CREAT": "2023-12-08T14:04:36", "DATE_MAJ": "2024-03-14T09:02:21", "NOM_NORMA": "R EMILE DEQUEN", "ID_BAN_ODO": "71d2ca78-eafa-42f8-9047-f8ec4c55e7e3", "ID_2": "COMMUNE_0000000009736525", "INSEE_COM_2": "94080", "INSEE_CAN": "9498", "INSEE_ARR": "942", "INSEE_COL": "94D", "INSEE_DEP": "94", "INSEE_REG": "11", "POPULATION": 48368, "SUPERF_CAD": 190, "DATE_CREAT_2": "2006-08-02T08:36:54", "DATE_MAJ_2": "2025-06-20T18:27:56", "DATE_APP": null, "DATE_CONF": null, "CODE_POST": "94300", "NOM": "Vincennes", "CL_ARROND": "Non", "CL_COLLTER": "Non", "CL_DEPART": "Non", "CL_REGION": "Non", "CAPITALE": "Non", "DATE_RCT": "2022-01-01", "RECENSEUR": "INSEE", "CODE_SIREN": "219400801", "SIREN_EPCI": "200054781/200057941", "ID_CH_LIEU": "PAIHABIT0000000004274533", "ID_AUT_ADM": "SURFACTI0000000004266121", "length": 179, "other_tags": "" }, "geometry": { "type": "MultiLineString", "coordinates": [ [ [ 2.44927609760319, 48.849696593625609 ], [ 2.449291153062144, 48.848658814433428 ], [ 2.449319027907257, 48.848084258451465 ] ] ] } },
{ "type": "Feature", "properties": { "fid": 109, "ID": "VOIE_NOM0000002339143432", "ID_BAN": "94080_0060", "name": "Rue Anatole France", "INSEE_COM": "94080", "NOM_COM": "Vincennes", "SRC_BAN": "non commune", "NOM_COLL": "R ANATOLE FRANCE", "TYPE_VOIE": "rue", "MOT_DIR": "France", "LD_BAN": null, "ID_SUPP": "TRONROUT0000000004406450/TRONROUT0000000004406713", "INSEEDBAN": null, "COMDEL_BAN": null, "DATE_CREAT": "2023-12-08T14:04:36", "DATE_MAJ": "2024-03-14T09:02:21", "NOM_NORMA": "R ANATOLE FRANCE", "ID_BAN_ODO": "d998823c-b80e-4487-83c5-0e9eff07b176", "ID_2": "COMMUNE_0000000009736525", "INSEE_COM_2": "94080", "INSEE_CAN": "9498", "INSEE_ARR": "942", "INSEE_COL": "94D", "INSEE_DEP": "94", "INSEE_REG": "11", "POPULATION": 48368, "SUPERF_CAD": 190, "DATE_CREAT_2": "2006-08-02T08:36:54", "DATE_MAJ_2": "2025-06-20T18:27:56", "DATE_APP": null, "DATE_CONF": null, "CODE_POST": "94300", "NOM": "Vincennes", "CL_ARROND": "Non", "CL_COLLTER": "Non", "CL_DEPART": "Non", "CL_REGION": "Non", "CAPITALE": "Non", "DATE_RCT": "2022-01-01", "RECENSEUR": "INSEE", "CODE_SIREN": "219400801", "SIREN_EPCI": "200054781/200057941", "ID_CH_LIEU": "PAIHABIT0000000004274533", "ID_AUT_ADM": "SURFACTI0000000004266121", "length": 289, "other_tags": "" }, "geometry": { "type": "MultiLineString", "coordinates": [ [ [ 2.431973404852827, 48.843320232497355 ], [ 2.431532950269272, 48.841228037491554 ] ], [ [ 2.43208264169392, 48.843799207823842 ], [ 2.431973404852827, 48.843320232497355 ] ] ] } },
{ "type": "Feature", "properties": { "fid": 110, "ID": "VOIE_NOM0000002339143496", "ID_BAN": "94080_2551", "name": "Rue Diderot", "INSEE_COM": "94080", "NOM_COM": "Vincennes", "SRC_BAN": "non commune", "NOM_COLL": "R DIDEROT", "TYPE_VOIE": "rue", "MOT_DIR": "Diderot", "LD_BAN": null, "ID_SUPP": "TRONROUT0000000004405033/TRONROUT0000000004405034/TRONROUT0000000004405038/TRONROUT0000000004405040/TRONROUT0000000004405049/TRONROUT0000000004405054/TRONROUT0000000004405055/TRONROUT0000000004405056/TRONROUT0000000004405069/TRONROUT0000000004405070/TRON", "INSEEDBAN": null, "COMDEL_BAN": null, "DATE_CREAT": "2023-12-08T14:04:36", "DATE_MAJ": "2024-03-14T09:02:21", "NOM_NORMA": "R DIDEROT", "ID_BAN_ODO": "d0c298f0-4204-475b-8ee0-949e15c41f29", "ID_2": "COMMUNE_0000000009736522", "INSEE_COM_2": "94033", "INSEE_CAN": "9409", "INSEE_ARR": "942", "INSEE_COL": "94D", "INSEE_DEP": "94", "INSEE_REG": "11", "POPULATION": 52646, "SUPERF_CAD": 560, "DATE_CREAT_2": "2006-08-02T08:36:54", "DATE_MAJ_2": "2025-06-20T18:27:56", "DATE_APP": null, "DATE_CONF": null, "CODE_POST": "94120", "NOM": "Fontenay-sous-Bois", "CL_ARROND": "Non", "CL_COLLTER": "Non", "CL_DEPART": "Non", "CL_REGION": "Non", "CAPITALE": "Non", "DATE_RCT": "2022-01-01", "RECENSEUR": "INSEE", "CODE_SIREN": "219400330", "SIREN_EPCI": "200054781/200057941", "ID_CH_LIEU": "PAIHABIT0000000004274526", "ID_AUT_ADM": "SURFACTI0000000004266119", "length": 4, "other_tags": "" }, "geometry": { "type": "MultiLineString", "coordinates": [ [ [ 2.456120454270141, 48.849761177913408 ], [ 2.456078864648484, 48.849732355633698 ] ] ] } },
{ "type": "Feature", "properties": { "fid": 111, "ID": "VOIE_NOM0000002339143496", "ID_BAN": "94080_2551", "name": "Rue Diderot", "INSEE_COM": "94080", "NOM_COM": "Vincennes", "SRC_BAN": "non commune", "NOM_COLL": "R DIDEROT", "TYPE_VOIE": "rue", "MOT_DIR": "Diderot", "LD_BAN": null, "ID_SUPP": "TRONROUT0000000004405033/TRONROUT0000000004405034/TRONROUT0000000004405038/TRONROUT0000000004405040/TRONROUT0000000004405049/TRONROUT0000000004405054/TRONROUT0000000004405055/TRONROUT0000000004405056/TRONROUT0000000004405069/TRONROUT0000000004405070/TRON", "INSEEDBAN": null, "COMDEL_BAN": null, "DATE_CREAT": "2023-12-08T14:04:36", "DATE_MAJ": "2024-03-14T09:02:21", "NOM_NORMA": "R DIDEROT", "ID_BAN_ODO": "d0c298f0-4204-475b-8ee0-949e15c41f29", "ID_2": "COMMUNE_0000000009736525", "INSEE_COM_2": "94080", "INSEE_CAN": "9498", "INSEE_ARR": "942", "INSEE_COL": "94D", "INSEE_DEP": "94", "INSEE_REG": "11", "POPULATION": 48368, "SUPERF_CAD": 190, "DATE_CREAT_2": "2006-08-02T08:36:54", "DATE_MAJ_2": "2025-06-20T18:27:56", "DATE_APP": null, "DATE_CONF": null, "CODE_POST": "94300", "NOM": "Vincennes", "CL_ARROND": "Non", "CL_COLLTER": "Non", "CL_DEPART": "Non", "CL_REGION": "Non", "CAPITALE": "Non", "DATE_RCT": "2022-01-01", "RECENSEUR": "INSEE", "CODE_SIREN": "219400801", "SIREN_EPCI": "200054781/200057941", "ID_CH_LIEU": "PAIHABIT0000000004274533", "ID_AUT_ADM": "SURFACTI0000000004266121", "length": 1473, "other_tags": "" }, "geometry": { "type": "MultiLineString", "coordinates": [ [ [ 2.456078864648484, 48.849732355633698 ], [ 2.456044688980664, 48.849708671308512 ] ], [ [ 2.454369041562995, 48.849789177555131 ], [ 2.454779573621502, 48.849755974461765 ], [ 2.455886985148947, 48.849672879658534 ], [ 2.455960578817893, 48.849672314969425 ], [ 2.456006787617269, 48.849684216597453 ], [ 2.456044688980664, 48.849708671308512 ] ], [ [ 2.45332027685059, 48.849867130214257 ], [ 2.454369041562995, 48.849789177555131 ] ], [ [ 2.449644768269044, 48.850143467363004 ], [ 2.448855184921916, 48.850195592390705 ], [ 2.447633161472768, 48.850289784633084 ] ], [ [ 2.447633161472768, 48.850289784633084 ], [ 2.446028007598338, 48.850401976772154 ] ], [ [ 2.450926799472732, 48.850044133905371 ], [ 2.450422180741334, 48.850082287745785 ] ], [ [ 2.450422180741334, 48.850082287745785 ], [ 2.449644768269044, 48.850143467363004 ] ], [ [ 2.451650903585284, 48.849997990577293 ], [ 2.45332027685059, 48.849867130214257 ] ], [ [ 2.450926799472732, 48.850044133905371 ], [ 2.45127320453896, 48.850018742659181 ], [ 2.451650903585284, 48.849997990577293 ] ], [ [ 2.440303131081368, 48.850776442830323 ], [ 2.441257618186886, 48.850725144378131 ] ], [ [ 2.439130128219662, 48.850744868855905 ], [ 2.439447327263496, 48.85077513449864 ], [ 2.439756476170469, 48.850793670077152 ], [ 2.440027749958661, 48.85078594650254 ], [ 2.440303131081368, 48.850776442830323 ] ], [ [ 2.436154756686294, 48.850912552756213 ], [ 2.436918433409314, 48.850863986940631 ] ], [ [ 2.438162273463192, 48.850771805170801 ], [ 2.438305579754857, 48.850751793000818 ], [ 2.438507414095247, 48.850738350776084 ], [ 2.439000749377946, 48.850737067516526 ], [ 2.439130128219662, 48.850744868855905 ] ], [ [ 2.436918433409314, 48.850863986940631 ], [ 2.438162273463192, 48.850771805170801 ] ], [ [ 2.443342653030181, 48.850597262798701 ], [ 2.442866755375269, 48.850624726248277 ] ], [ [ 2.441257618186886, 48.850725144378131 ], [ 2.442866755375269, 48.850624726248277 ] ], [ [ 2.44420853961451, 48.85054732728009 ], [ 2.444923223193514, 48.850491288038775 ], [ 2.445449719958438, 48.850446963334448 ], [ 2.446028007598338, 48.850401976772154 ] ], [ [ 2.44420853961451, 48.85054732728009 ], [ 2.443342653030181, 48.850597262798701 ] ] ] } },
{ "type": "Feature", "properties": { "fid": 114, "ID": "VOIE_NOM0000002339143583", "ID_BAN": "94080_2535", "name": "Rue des 2 Communes", "INSEE_COM": "94080", "NOM_COM": "Vincennes", "SRC_BAN": "non commune", "NOM_COLL": "R DES 2 COMMUNES", "TYPE_VOIE": "rue", "MOT_DIR": "Communes", "LD_BAN": null, "ID_SUPP": "TRONROUT0000000002778794/TRONROUT0000000002779235/TRONROUT0000000004405100/TRONROUT0000000004405416/TRONROUT0000000230114734", "INSEEDBAN": null, "COMDEL_BAN": null, "DATE_CREAT": "2023-12-08T14:04:36", "DATE_MAJ": "2024-03-14T09:02:21", "NOM_NORMA": "R DES 2 COMMUNES", "ID_BAN_ODO": "9fe00064-c6cd-4c3a-b9e7-90c4463ee912", "ID_2": "COMMUNE_0000000009736525", "INSEE_COM_2": "94080", "INSEE_CAN": "9498", "INSEE_ARR": "942", "INSEE_COL": "94D", "INSEE_DEP": "94", "INSEE_REG": "11", "POPULATION": 48368, "SUPERF_CAD": 190, "DATE_CREAT_2": "2006-08-02T08:36:54", "DATE_MAJ_2": "2025-06-20T18:27:56", "DATE_APP": null, "DATE_CONF": null, "CODE_POST": "94300", "NOM": "Vincennes", "CL_ARROND": "Non", "CL_COLLTER": "Non", "CL_DEPART": "Non", "CL_REGION": "Non", "CAPITALE": "Non", "DATE_RCT": "2022-01-01", "RECENSEUR": "INSEE", "CODE_SIREN": "219400801", "SIREN_EPCI": "200054781/200057941", "ID_CH_LIEU": "PAIHABIT0000000004274533", "ID_AUT_ADM": "SURFACTI0000000004266121", "length": 258, "other_tags": "" }, "geometry": { "type": "MultiLineString", "coordinates": [ [ [ 2.429400699975863, 48.849682600073656 ], [ 2.429377477940439, 48.849438765452199 ] ], [ [ 2.429377477940439, 48.849438765452199 ], [ 2.429311487432927, 48.848745051498391 ] ], [ [ 2.429453373281687, 48.850099250225306 ], [ 2.429400699975863, 48.849682600073656 ] ], [ [ 2.429511738514115, 48.850618453148492 ], [ 2.429576392506658, 48.851061241127304 ] ], [ [ 2.429453373281687, 48.850099250225306 ], [ 2.429507995023974, 48.85058695807632 ] ], [ [ 2.429507995023974, 48.85058695807632 ], [ 2.429511738514115, 48.850618453148492 ] ] ] } },
{ "type": "Feature", "properties": { "fid": 115, "ID": "VOIE_NOM0000002339143611", "ID_BAN": "94080_7105", "name": "Rue de la Paix", "INSEE_COM": "94080", "NOM_COM": "Vincennes", "SRC_BAN": "non commune", "NOM_COLL": "R DE LA PAIX", "TYPE_VOIE": "rue", "MOT_DIR": "Paix", "LD_BAN": null, "ID_SUPP": "TRONROUT0000000004405090/TRONROUT0000000004405091/TRONROUT0000000004405097/TRONROUT0000000004405099", "INSEEDBAN": null, "COMDEL_BAN": null, "DATE_CREAT": "2023-12-08T14:04:36", "DATE_MAJ": "2024-03-14T09:02:21", "NOM_NORMA": "R DE LA PAIX", "ID_BAN_ODO": "6232e8ca-4074-4d5d-bdec-be6f4cc72108", "ID_2": "COMMUNE_0000000009736525", "INSEE_COM_2": "94080", "INSEE_CAN": "9498", "INSEE_ARR": "942", "INSEE_COL": "94D", "INSEE_DEP": "94", "INSEE_REG": "11", "POPULATION": 48368, "SUPERF_CAD": 190, "DATE_CREAT_2": "2006-08-02T08:36:54", "DATE_MAJ_2": "2025-06-20T18:27:56", "DATE_APP": null, "DATE_CONF": null, "CODE_POST": "94300", "NOM": "Vincennes", "CL_ARROND": "Non", "CL_COLLTER": "Non", "CL_DEPART": "Non", "CL_REGION": "Non", "CAPITALE": "Non", "DATE_RCT": "2022-01-01", "RECENSEUR": "INSEE", "CODE_SIREN": "219400801", "SIREN_EPCI": "200054781/200057941", "ID_CH_LIEU": "PAIHABIT0000000004274533", "ID_AUT_ADM": "SURFACTI0000000004266121", "length": 378, "other_tags": "" }, "geometry": { "type": "MultiLineString", "coordinates": [ [ [ 2.434587481744369, 48.849915872840789 ], [ 2.434463331867821, 48.849928776322308 ], [ 2.43287702070716, 48.84993565732843 ] ], [ [ 2.431011927883395, 48.85001403917984 ], [ 2.429453373281687, 48.850099250225306 ] ], [ [ 2.43287702070716, 48.84993565732843 ], [ 2.432353606234421, 48.849946665446545 ], [ 2.43185184728973, 48.849971264353591 ] ], [ [ 2.43185184728973, 48.849971264353591 ], [ 2.43174412718228, 48.84997704823698 ], [ 2.431011927883395, 48.85001403917984 ] ] ] } },
{ "type": "Feature", "properties": { "fid": 117, "ID": "VOIE_NOM0000002339143632", "ID_BAN": "94080_8560", "name": "Rue de la Solidarité", "INSEE_COM": "94080", "NOM_COM": "Vincennes", "SRC_BAN": "non commune", "NOM_COLL": "R DE LA SOLIDARITE", "TYPE_VOIE": "rue", "MOT_DIR": "Solidarité", "LD_BAN": null, "ID_SUPP": "TRONROUT0000000002778180/TRONROUT0000000002778215/TRONROUT0000000004404774/TRONROUT0000000004404775/TRONROUT0000000004404777", "INSEEDBAN": null, "COMDEL_BAN": null, "DATE_CREAT": "2023-12-08T14:04:36", "DATE_MAJ": "2024-03-14T09:02:21", "NOM_NORMA": "R DE LA SOLIDARITE", "ID_BAN_ODO": "dad0b68d-4a3c-41f4-bd2f-5d0e07d04a06", "ID_2": "COMMUNE_0000000009736525", "INSEE_COM_2": "94080", "INSEE_CAN": "9498", "INSEE_ARR": "942", "INSEE_COL": "94D", "INSEE_DEP": "94", "INSEE_REG": "11", "POPULATION": 48368, "SUPERF_CAD": 190, "DATE_CREAT_2": "2006-08-02T08:36:54", "DATE_MAJ_2": "2025-06-20T18:27:56", "DATE_APP": null, "DATE_CONF": null, "CODE_POST": "94300", "NOM": "Vincennes", "CL_ARROND": "Non", "CL_COLLTER": "Non", "CL_DEPART": "Non", "CL_REGION": "Non", "CAPITALE": "Non", "DATE_RCT": "2022-01-01", "RECENSEUR": "INSEE", "CODE_SIREN": "219400801", "SIREN_EPCI": "200054781/200057941", "ID_CH_LIEU": "PAIHABIT0000000004274533", "ID_AUT_ADM": "SURFACTI0000000004266121", "length": 371, "other_tags": "" }, "geometry": { "type": "MultiLineString", "coordinates": [ [ [ 2.442062470826996, 48.852939495669503 ], [ 2.442284879130578, 48.852914451495387 ] ], [ [ 2.442284879130578, 48.852914451495387 ], [ 2.442656010206459, 48.852873012168359 ] ], [ [ 2.441117174593982, 48.853019622637923 ], [ 2.441387222342455, 48.853000198714632 ] ], [ [ 2.441387222342455, 48.853000198714632 ], [ 2.441572721152864, 48.852985775698301 ] ], [ [ 2.441572721152864, 48.852985775698301 ], [ 2.442062470826996, 48.852939495669503 ] ], [ [ 2.438823450661515, 48.853027773337139 ], [ 2.438770274060457, 48.853030221966691 ] ], [ [ 2.438770274060457, 48.853030221966691 ], [ 2.438718450525108, 48.85303357626622 ] ], [ [ 2.438718450525108, 48.85303357626622 ], [ 2.438588794765892, 48.853050954927298 ] ], [ [ 2.438588794765892, 48.853050954927298 ], [ 2.437653461540036, 48.853217438566205 ] ], [ [ 2.441117174593982, 48.853019622637923 ], [ 2.439748917799835, 48.853017720653746 ] ], [ [ 2.439748917799835, 48.853017720653746 ], [ 2.438823450661515, 48.853027773337139 ] ] ] } },
{ "type": "Feature", "properties": { "fid": 119, "ID": "VOIE_NOM0000002339143658", "ID_BAN": "94080_3531", "name": "Villa Faie Félix", "INSEE_COM": "94080", "NOM_COM": "Vincennes", "SRC_BAN": "non commune", "NOM_COLL": "VLA FAIE FELIX", "TYPE_VOIE": "villa", "MOT_DIR": "Félix", "LD_BAN": null, "ID_SUPP": "TRONROUT0000000004405060", "INSEEDBAN": null, "COMDEL_BAN": null, "DATE_CREAT": "2023-12-08T14:04:36", "DATE_MAJ": "2024-03-14T09:02:21", "NOM_NORMA": "VLA FAIE FELIX", "ID_BAN_ODO": "007f0f26-e59a-497b-9e3d-fa9f70190d7a", "ID_2": "COMMUNE_0000000009736525", "INSEE_COM_2": "94080", "INSEE_CAN": "9498", "INSEE_ARR": "942", "INSEE_COL": "94D", "INSEE_DEP": "94", "INSEE_REG": "11", "POPULATION": 48368, "SUPERF_CAD": 190, "DATE_CREAT_2": "2006-08-02T08:36:54", "DATE_MAJ_2": "2025-06-20T18:27:56", "DATE_APP": null, "DATE_CONF": null, "CODE_POST": "94300", "NOM": "Vincennes", "CL_ARROND": "Non", "CL_COLLTER": "Non", "CL_DEPART": "Non", "CL_REGION": "Non", "CAPITALE": "Non", "DATE_RCT": "2022-01-01", "RECENSEUR": "INSEE", "CODE_SIREN": "219400801", "SIREN_EPCI": "200054781/200057941", "ID_CH_LIEU": "PAIHABIT0000000004274533", "ID_AUT_ADM": "SURFACTI0000000004266121", "length": 40, "other_tags": "" }, "geometry": { "type": "MultiLineString", "coordinates": [ [ [ 2.44347671971206, 48.851186959309445 ], [ 2.444014183977954, 48.851137295838015 ] ] ] } },
{ "type": "Feature", "properties": { "fid": 120, "ID": "VOIE_NOM0000002339143675", "ID_BAN": "94080_2550", "name": "Place Diderot", "INSEE_COM": "94080", "NOM_COM": "Vincennes", "SRC_BAN": "non commune", "NOM_COLL": "PL DIDEROT", "TYPE_VOIE": "place", "MOT_DIR": "Diderot", "LD_BAN": null, "ID_SUPP": "TRONROUT0000000315768251/TRONROUT0000000316485292", "INSEEDBAN": null, "COMDEL_BAN": null, "DATE_CREAT": "2023-12-08T14:04:36", "DATE_MAJ": "2024-03-14T09:02:21", "NOM_NORMA": "PL DIDEROT", "ID_BAN_ODO": "90a28621-e11b-44da-b312-e6914962a54e", "ID_2": "COMMUNE_0000000009736525", "INSEE_COM_2": "94080", "INSEE_CAN": "9498", "INSEE_ARR": "942", "INSEE_COL": "94D", "INSEE_DEP": "94", "INSEE_REG": "11", "POPULATION": 48368, "SUPERF_CAD": 190, "DATE_CREAT_2": "2006-08-02T08:36:54", "DATE_MAJ_2": "2025-06-20T18:27:56", "DATE_APP": null, "DATE_CONF": null, "CODE_POST": "94300", "NOM": "Vincennes", "CL_ARROND": "Non", "CL_COLLTER": "Non", "CL_DEPART": "Non", "CL_REGION": "Non", "CAPITALE": "Non", "DATE_RCT": "2022-01-01", "RECENSEUR": "INSEE", "CODE_SIREN": "219400801", "SIREN_EPCI": "200054781/200057941", "ID_CH_LIEU": "PAIHABIT0000000004274533", "ID_AUT_ADM": "SURFACTI0000000004266121", "length": 54, "other_tags": "" }, "geometry": { "type": "MultiLineString", "coordinates": [ [ [ 2.451552336849959, 48.849781695272711 ], [ 2.451650903585284, 48.849997990577293 ] ], [ [ 2.450412676613167, 48.849820533802962 ], [ 2.450422180741334, 48.850082287745785 ] ] ] } },
{ "type": "Feature", "properties": { "fid": 123, "ID": "VOIE_NOM0000002339143741", "ID_BAN": "94080_8131", "name": "Rue Renon", "INSEE_COM": "94080", "NOM_COM": "Vincennes", "SRC_BAN": "non commune", "NOM_COLL": "R RENON", "TYPE_VOIE": "rue", "MOT_DIR": "Renon", "LD_BAN": null, "ID_SUPP": "TRONROUT0000000004405435/TRONROUT0000000004405803/TRONROUT0000000004405805/TRONROUT0000000287572534", "INSEEDBAN": null, "COMDEL_BAN": null, "DATE_CREAT": "2023-12-08T14:04:36", "DATE_MAJ": "2024-03-14T09:02:21", "NOM_NORMA": "R RENON", "ID_BAN_ODO": "2bada56c-ca77-4318-8695-d658c13e765d", "ID_2": "COMMUNE_0000000009736525", "INSEE_COM_2": "94080", "INSEE_CAN": "9498", "INSEE_ARR": "942", "INSEE_COL": "94D", "INSEE_DEP": "94", "INSEE_REG": "11", "POPULATION": 48368, "SUPERF_CAD": 190, "DATE_CREAT_2": "2006-08-02T08:36:54", "DATE_MAJ_2": "2025-06-20T18:27:56", "DATE_APP": null, "DATE_CONF": null, "CODE_POST": "94300", "NOM": "Vincennes", "CL_ARROND": "Non", "CL_COLLTER": "Non", "CL_DEPART": "Non", "CL_REGION": "Non", "CAPITALE": "Non", "DATE_RCT": "2022-01-01", "RECENSEUR": "INSEE", "CODE_SIREN": "219400801", "SIREN_EPCI": "200054781/200057941", "ID_CH_LIEU": "PAIHABIT0000000004274533", "ID_AUT_ADM": "SURFACTI0000000004266121", "length": 285, "other_tags": "" }, "geometry": { "type": "MultiLineString", "coordinates": [ [ [ 2.424405001993039, 48.84646507303826 ], [ 2.424441328737172, 48.846753940077271 ], [ 2.424663045853405, 48.84790078130527 ] ], [ [ 2.424882523822556, 48.849004441288919 ], [ 2.424874873948101, 48.848956738917693 ] ], [ [ 2.424721256517255, 48.848182558296436 ], [ 2.424663045853405, 48.84790078130527 ] ], [ [ 2.424874873948101, 48.848956738917693 ], [ 2.424824390775816, 48.84871547015684 ], [ 2.424721256517255, 48.848182558296436 ] ] ] } },
{ "type": "Feature", "properties": { "fid": 125, "ID": "VOIE_NOM0000002339143744", "ID_BAN": "94080_8125", "name": "Rue de la Renardière", "INSEE_COM": "94080", "NOM_COM": "Vincennes", "SRC_BAN": "non commune", "NOM_COLL": "R DE LA RENARDIERE", "TYPE_VOIE": "rue", "MOT_DIR": "Renardière", "LD_BAN": null, "ID_SUPP": "TRONROUT0000000004405020/TRONROUT0000000004405023/TRONROUT0000000004405363/TRONROUT0000000314370489", "INSEEDBAN": null, "COMDEL_BAN": null, "DATE_CREAT": "2023-12-08T14:04:36", "DATE_MAJ": "2024-03-14T09:02:21", "NOM_NORMA": "R DE LA RENARDIERE", "ID_BAN_ODO": "4208cce9-594b-4277-8cad-b1eb6f6db129", "ID_2": "COMMUNE_0000000009736522", "INSEE_COM_2": "94033", "INSEE_CAN": "9409", "INSEE_ARR": "942", "INSEE_COL": "94D", "INSEE_DEP": "94", "INSEE_REG": "11", "POPULATION": 52646, "SUPERF_CAD": 560, "DATE_CREAT_2": "2006-08-02T08:36:54", "DATE_MAJ_2": "2025-06-20T18:27:56", "DATE_APP": null, "DATE_CONF": null, "CODE_POST": "94120", "NOM": "Fontenay-sous-Bois", "CL_ARROND": "Non", "CL_COLLTER": "Non", "CL_DEPART": "Non", "CL_REGION": "Non", "CAPITALE": "Non", "DATE_RCT": "2022-01-01", "RECENSEUR": "INSEE", "CODE_SIREN": "219400330", "SIREN_EPCI": "200054781/200057941", "ID_CH_LIEU": "PAIHABIT0000000004274526", "ID_AUT_ADM": "SURFACTI0000000004266119", "length": 9, "other_tags": "" }, "geometry": { "type": "MultiLineString", "coordinates": [ [ [ 2.449884944363909, 48.850886533701235 ], [ 2.449914078921753, 48.850966709562165 ] ] ] } },
{ "type": "Feature", "properties": { "fid": 126, "ID": "VOIE_NOM0000002339143744", "ID_BAN": "94080_8125", "name": "Rue de la Renardière", "INSEE_COM": "94080", "NOM_COM": "Vincennes", "SRC_BAN": "non commune", "NOM_COLL": "R DE LA RENARDIERE", "TYPE_VOIE": "rue", "MOT_DIR": "Renardière", "LD_BAN": null, "ID_SUPP": "TRONROUT0000000004405020/TRONROUT0000000004405023/TRONROUT0000000004405363/TRONROUT0000000314370489", "INSEEDBAN": null, "COMDEL_BAN": null, "DATE_CREAT": "2023-12-08T14:04:36", "DATE_MAJ": "2024-03-14T09:02:21", "NOM_NORMA": "R DE LA RENARDIERE", "ID_BAN_ODO": "4208cce9-594b-4277-8cad-b1eb6f6db129", "ID_2": "COMMUNE_0000000009736525", "INSEE_COM_2": "94080", "INSEE_CAN": "9498", "INSEE_ARR": "942", "INSEE_COL": "94D", "INSEE_DEP": "94", "INSEE_REG": "11", "POPULATION": 48368, "SUPERF_CAD": 190, "DATE_CREAT_2": "2006-08-02T08:36:54", "DATE_MAJ_2": "2025-06-20T18:27:56", "DATE_APP": null, "DATE_CONF": null, "CODE_POST": "94300", "NOM": "Vincennes", "CL_ARROND": "Non", "CL_COLLTER": "Non", "CL_DEPART": "Non", "CL_REGION": "Non", "CAPITALE": "Non", "DATE_RCT": "2022-01-01", "RECENSEUR": "INSEE", "CODE_SIREN": "219400801", "SIREN_EPCI": "200054781/200057941", "ID_CH_LIEU": "PAIHABIT0000000004274533", "ID_AUT_ADM": "SURFACTI0000000004266121", "length": 139, "other_tags": "" }, "geometry": { "type": "MultiLineString", "coordinates": [ [ [ 2.449665375338427, 48.849740654187187 ], [ 2.449651605668611, 48.850012194002304 ], [ 2.449644768269044, 48.850143467363004 ] ], [ [ 2.449884944363909, 48.850886533701235 ], [ 2.449914078921753, 48.850966709562165 ] ], [ [ 2.449760515739532, 48.850538813409649 ], [ 2.449656111149193, 48.850230756287331 ], [ 2.449644768269044, 48.850143467363004 ] ], [ [ 2.449760515739532, 48.850538813409649 ], [ 2.449884944363909, 48.850886533701235 ] ] ] } },
{ "type": "Feature", "properties": { "fid": 131, "ID": "VOIE_NOM0000002339143830", "ID_BAN": "94080_2515", "name": "Rue Daumesnil", "INSEE_COM": "94080", "NOM_COM": "Vincennes", "SRC_BAN": "non commune", "NOM_COLL": "R DAUMESNIL", "TYPE_VOIE": "rue", "MOT_DIR": "Daumesnil", "LD_BAN": null, "ID_SUPP": "TRONROUT0000000004405081/TRONROUT0000000240167975/TRONROUT0000000315768267", "INSEEDBAN": null, "COMDEL_BAN": null, "DATE_CREAT": "2023-12-08T14:04:36", "DATE_MAJ": "2024-03-14T09:02:21", "NOM_NORMA": "R DAUMESNIL", "ID_BAN_ODO": "870feeff-5b26-4f62-bd3b-259d43787232", "ID_2": "COMMUNE_0000000009736525", "INSEE_COM_2": "94080", "INSEE_CAN": "9498", "INSEE_ARR": "942", "INSEE_COL": "94D", "INSEE_DEP": "94", "INSEE_REG": "11", "POPULATION": 48368, "SUPERF_CAD": 190, "DATE_CREAT_2": "2006-08-02T08:36:54", "DATE_MAJ_2": "2025-06-20T18:27:56", "DATE_APP": null, "DATE_CONF": null, "CODE_POST": "94300", "NOM": "Vincennes", "CL_ARROND": "Non", "CL_COLLTER": "Non", "CL_DEPART": "Non", "CL_REGION": "Non", "CAPITALE": "Non", "DATE_RCT": "2022-01-01", "RECENSEUR": "INSEE", "CODE_SIREN": "219400801", "SIREN_EPCI": "200054781/200057941", "ID_CH_LIEU": "PAIHABIT0000000004274533", "ID_AUT_ADM": "SURFACTI0000000004266121", "length": 193, "other_tags": "" }, "geometry": { "type": "MultiLineString", "coordinates": [ [ [ 2.436833140874095, 48.850433696886441 ], [ 2.436912176861949, 48.850434068873064 ], [ 2.437177891599124, 48.85043621843792 ] ], [ [ 2.437177891599124, 48.85043621843792 ], [ 2.437829228134275, 48.850441978595327 ], [ 2.43796282023127, 48.850438109466722 ], [ 2.438025513655784, 48.850437504599924 ], [ 2.43809908920198, 48.850438749503773 ] ], [ [ 2.435490414577097, 48.850471437397395 ], [ 2.435617612290713, 48.850428868716079 ], [ 2.436268968018889, 48.850432838761265 ], [ 2.436833140874095, 48.850433696886441 ] ] ] } },
{ "type": "Feature", "properties": { "fid": 133, "ID": "VOIE_NOM0000002339143866", "ID_BAN": "94080_8115", "name": "Rue Raymond du Temple", "INSEE_COM": "94080", "NOM_COM": "Vincennes", "SRC_BAN": "non commune", "NOM_COLL": "R RAYMOND DU TEMPLE", "TYPE_VOIE": "rue", "MOT_DIR": "Temple", "LD_BAN": null, "ID_SUPP": "TRONROUT0000000004405725/TRONROUT0000000004405726/TRONROUT0000000004406082/TRONROUT0000000004406083/TRONROUT0000000004406085/TRONROUT0000000245706594", "INSEEDBAN": null, "COMDEL_BAN": null, "DATE_CREAT": "2023-12-08T14:04:36", "DATE_MAJ": "2024-03-14T09:02:21", "NOM_NORMA": "R RAYMOND DU TEMPLE", "ID_BAN_ODO": "1bf7ca84-c3e6-4b79-a5f2-89861a9822ee", "ID_2": "COMMUNE_0000000009736525", "INSEE_COM_2": "94080", "INSEE_CAN": "9498", "INSEE_ARR": "942", "INSEE_COL": "94D", "INSEE_DEP": "94", "INSEE_REG": "11", "POPULATION": 48368, "SUPERF_CAD": 190, "DATE_CREAT_2": "2006-08-02T08:36:54", "DATE_MAJ_2": "2025-06-20T18:27:56", "DATE_APP": null, "DATE_CONF": null, "CODE_POST": "94300", "NOM": "Vincennes", "CL_ARROND": "Non", "CL_COLLTER": "Non", "CL_DEPART": "Non", "CL_REGION": "Non", "CAPITALE": "Non", "DATE_RCT": "2022-01-01", "RECENSEUR": "INSEE", "CODE_SIREN": "219400801", "SIREN_EPCI": "200054781/200057941", "ID_CH_LIEU": "PAIHABIT0000000004274533", "ID_AUT_ADM": "SURFACTI0000000004266121", "length": 389, "other_tags": "" }, "geometry": { "type": "MultiLineString", "coordinates": [ [ [ 2.438084759589341, 48.8448168395471 ], [ 2.438032231349383, 48.844759933560056 ], [ 2.437990467770894, 48.844715669062708 ], [ 2.437958319623622, 48.84466425489591 ] ], [ [ 2.438230995543269, 48.845408401206583 ], [ 2.438206749624175, 48.845129487978028 ], [ 2.438203379352972, 48.845062920032255 ], [ 2.43819183380578, 48.844996313691283 ], [ 2.438168025376908, 48.844929649756281 ], [ 2.438127837394882, 48.84486560694495 ], [ 2.438084759589341, 48.8448168395471 ] ], [ [ 2.438369399310103, 48.848117898056898 ], [ 2.438293083671273, 48.847486195545265 ] ], [ [ 2.438293083671273, 48.847486195545265 ], [ 2.438270993930779, 48.847133546173737 ] ], [ [ 2.438231041978353, 48.84603614943881 ], [ 2.438234206493271, 48.845616166740463 ], [ 2.438230995543269, 48.845408401206583 ] ], [ [ 2.438270993930779, 48.847133546173737 ], [ 2.438253461803393, 48.846610940619499 ], [ 2.438231041978353, 48.84603614943881 ] ] ] } },
{ "type": "Feature", "properties": { "fid": 134, "ID": "VOIE_NOM0000002339143875", "ID_BAN": "94080_5125", "name": "Avenue Lamartine", "INSEE_COM": "94080", "NOM_COM": "Vincennes", "SRC_BAN": "non commune", "NOM_COLL": "AV LAMARTINE", "TYPE_VOIE": "avenue", "MOT_DIR": "Lamartine", "LD_BAN": null, "ID_SUPP": "TRONROUT0000000004405756", "INSEEDBAN": null, "COMDEL_BAN": null, "DATE_CREAT": "2023-12-08T14:04:36", "DATE_MAJ": "2024-03-14T09:02:21", "NOM_NORMA": "AV LAMARTINE", "ID_BAN_ODO": "092944d6-df31-4439-890b-e78672ba0227", "ID_2": "COMMUNE_0000000009736525", "INSEE_COM_2": "94080", "INSEE_CAN": "9498", "INSEE_ARR": "942", "INSEE_COL": "94D", "INSEE_DEP": "94", "INSEE_REG": "11", "POPULATION": 48368, "SUPERF_CAD": 190, "DATE_CREAT_2": "2006-08-02T08:36:54", "DATE_MAJ_2": "2025-06-20T18:27:56", "DATE_APP": null, "DATE_CONF": null, "CODE_POST": "94300", "NOM": "Vincennes", "CL_ARROND": "Non", "CL_COLLTER": "Non", "CL_DEPART": "Non", "CL_REGION": "Non", "CAPITALE": "Non", "DATE_RCT": "2022-01-01", "RECENSEUR": "INSEE", "CODE_SIREN": "219400801", "SIREN_EPCI": "200054781/200057941", "ID_CH_LIEU": "PAIHABIT0000000004274533", "ID_AUT_ADM": "SURFACTI0000000004266121", "length": 122, "other_tags": "" }, "geometry": { "type": "MultiLineString", "coordinates": [ [ [ 2.433037944136773, 48.847169118219199 ], [ 2.433992089067096, 48.847143957416172 ], [ 2.434699660555474, 48.847112228086516 ] ] ] } },
{ "type": "Feature", "properties": { "fid": 143, "ID": "VOIE_NOM0000002339144023", "ID_BAN": "94080_5110", "name": "Rue de Lagny", "INSEE_COM": "94080", "NOM_COM": "Vincennes", "SRC_BAN": "non commune", "NOM_COLL": "R DE LAGNY", "TYPE_VOIE": "rue", "MOT_DIR": "Lagny", "LD_BAN": null, "ID_SUPP": "TRONROUT0000000002778823/TRONROUT0000000002778836/TRONROUT0000000004405421/TRONROUT0000000004405422/TRONROUT0000000004405437/TRONROUT0000000004405438/TRONROUT0000000046601190/TRONROUT0000000046601191/TRONROUT0000000046601192", "INSEEDBAN": null, "COMDEL_BAN": null, "DATE_CREAT": "2023-12-08T14:04:36", "DATE_MAJ": "2024-03-14T09:02:21", "NOM_NORMA": "R DE LAGNY", "ID_BAN_ODO": "69258081-7bb2-4021-8e92-0e6336780eca", "ID_2": "COMMUNE_0000000009736525", "INSEE_COM_2": "94080", "INSEE_CAN": "9498", "INSEE_ARR": "942", "INSEE_COL": "94D", "INSEE_DEP": "94", "INSEE_REG": "11", "POPULATION": 48368, "SUPERF_CAD": 190, "DATE_CREAT_2": "2006-08-02T08:36:54", "DATE_MAJ_2": "2025-06-20T18:27:56", "DATE_APP": null, "DATE_CONF": null, "CODE_POST": "94300", "NOM": "Vincennes", "CL_ARROND": "Non", "CL_COLLTER": "Non", "CL_DEPART": "Non", "CL_REGION": "Non", "CAPITALE": "Non", "DATE_RCT": "2022-01-01", "RECENSEUR": "INSEE", "CODE_SIREN": "219400801", "SIREN_EPCI": "200054781/200057941", "ID_CH_LIEU": "PAIHABIT0000000004274533", "ID_AUT_ADM": "SURFACTI0000000004266121", "length": 548, "other_tags": "" }, "geometry": { "type": "MultiLineString", "coordinates": [ [ [ 2.424882523822556, 48.849004441288919 ], [ 2.426435751031234, 48.848905774019705 ] ], [ [ 2.424882523822556, 48.849004441288919 ], [ 2.424043857660541, 48.849057965424983 ] ], [ [ 2.424043857660541, 48.849057965424983 ], [ 2.423164220589544, 48.849119380322605 ] ], [ [ 2.423164220589544, 48.849119380322605 ], [ 2.423097420707752, 48.84912175629777 ] ], [ [ 2.419709806722071, 48.849355393522906 ], [ 2.419550245388383, 48.849366311091444 ] ], [ [ 2.419550245388383, 48.849366311091444 ], [ 2.419003508190377, 48.849391537265902 ] ], [ [ 2.421032785184891, 48.849253880671689 ], [ 2.420829589434477, 48.849267286840345 ] ], [ [ 2.419709806722071, 48.849355393522906 ], [ 2.42038908116773, 48.849298429627211 ] ], [ [ 2.42038908116773, 48.849298429627211 ], [ 2.420829589434477, 48.849267286840345 ] ], [ [ 2.422020156588382, 48.849185807113031 ], [ 2.421032785184891, 48.849253880671689 ] ], [ [ 2.423097420707752, 48.84912175629777 ], [ 2.422148345877546, 48.849177432792374 ] ], [ [ 2.422148345877546, 48.849177432792374 ], [ 2.422020156588382, 48.849185807113031 ] ] ] } },
{ "type": "Feature", "properties": { "fid": 152, "ID": "VOIE_NOM0000002339144170", "ID_BAN": "94080_4760", "name": "Rue Joseph Gaillard", "INSEE_COM": "94080", "NOM_COM": "Vincennes", "SRC_BAN": "non commune", "NOM_COLL": "R JOSEPH GAILLARD", "TYPE_VOIE": "rue", "MOT_DIR": "Gaillard", "LD_BAN": null, "ID_SUPP": "TRONROUT0000000004404779/TRONROUT0000000004405067/TRONROUT0000000004405075/TRONROUT0000000004405391/TRONROUT0000000004405730", "INSEEDBAN": null, "COMDEL_BAN": null, "DATE_CREAT": "2023-12-08T14:04:36", "DATE_MAJ": "2024-03-14T09:02:21", "NOM_NORMA": "R JOSEPH GAILLARD", "ID_BAN_ODO": "abf36564-b762-465f-8c04-9e144884bd1d", "ID_2": "COMMUNE_0000000009736525", "INSEE_COM_2": "94080", "INSEE_CAN": "9498", "INSEE_ARR": "942", "INSEE_COL": "94D", "INSEE_DEP": "94", "INSEE_REG": "11", "POPULATION": 48368, "SUPERF_CAD": 190, "DATE_CREAT_2": "2006-08-02T08:36:54", "DATE_MAJ_2": "2025-06-20T18:27:56", "DATE_APP": null, "DATE_CONF": null, "CODE_POST": "94300", "NOM": "Vincennes", "CL_ARROND": "Non", "CL_COLLTER": "Non", "CL_DEPART": "Non", "CL_REGION": "Non", "CAPITALE": "Non", "DATE_RCT": "2022-01-01", "RECENSEUR": "INSEE", "CODE_SIREN": "219400801", "SIREN_EPCI": "200054781/200057941", "ID_CH_LIEU": "PAIHABIT0000000004274533", "ID_AUT_ADM": "SURFACTI0000000004266121", "length": 577, "other_tags": "" }, "geometry": { "type": "MultiLineString", "coordinates": [ [ [ 2.441231223627289, 48.847848901941518 ], [ 2.441237381049598, 48.847910086530817 ], [ 2.441236686788312, 48.847974836518709 ], [ 2.441070774342764, 48.849341073324624 ] ], [ [ 2.441070774342764, 48.849341073324624 ], [ 2.441012045133311, 48.849861522081603 ], [ 2.441006693371265, 48.849979311776302 ], [ 2.441015634021372, 48.850035113170819 ] ], [ [ 2.442472919885613, 48.8518981666871 ], [ 2.442543089072949, 48.851963246617721 ] ], [ [ 2.442543089072949, 48.851963246617721 ], [ 2.443048415153495, 48.85237120530374 ] ], [ [ 2.443048415153495, 48.85237120530374 ], [ 2.443282074774335, 48.852568350260491 ], [ 2.443291537133346, 48.852575589058475 ] ], [ [ 2.441015634021372, 48.850035113170819 ], [ 2.441257618186886, 48.850725144378131 ] ], [ [ 2.441257618186886, 48.850725144378131 ], [ 2.441421929688287, 48.850906680543552 ], [ 2.441961646438828, 48.851410135686869 ], [ 2.442076341082247, 48.851516793564656 ], [ 2.442472919885613, 48.8518981666871 ] ] ] } },
{ "type": "Feature", "properties": { "fid": 155, "ID": "VOIE_NOM0000002339144207", "ID_BAN": "94080_3150", "name": "Rue d'Estienne d'Orves", "INSEE_COM": "94080", "NOM_COM": "Vincennes", "SRC_BAN": "non commune", "NOM_COLL": "R D'ESTIENNE D'ORVES", "TYPE_VOIE": "rue", "MOT_DIR": "Orves", "LD_BAN": null, "ID_SUPP": "TRONROUT0000000004405742/TRONROUT0000000004405744/TRONROUT0000000004405760/TRONROUT0000000004406126/TRONROUT0000000004406129", "INSEEDBAN": null, "COMDEL_BAN": null, "DATE_CREAT": "2023-12-08T14:04:36", "DATE_MAJ": "2024-03-14T09:02:21", "NOM_NORMA": "R D'ESTIENNE D'ORVES", "ID_BAN_ODO": "248fe6bc-d0ad-4ed0-966e-eb31efd4cb8c", "ID_2": "COMMUNE_0000000009736525", "INSEE_COM_2": "94080", "INSEE_CAN": "9498", "INSEE_ARR": "942", "INSEE_COL": "94D", "INSEE_DEP": "94", "INSEE_REG": "11", "POPULATION": 48368, "SUPERF_CAD": 190, "DATE_CREAT_2": "2006-08-02T08:36:54", "DATE_MAJ_2": "2025-06-20T18:27:56", "DATE_APP": null, "DATE_CONF": null, "CODE_POST": "94300", "NOM": "Vincennes", "CL_ARROND": "Non", "CL_COLLTER": "Non", "CL_DEPART": "Non", "CL_REGION": "Non", "CAPITALE": "Non", "DATE_RCT": "2022-01-01", "RECENSEUR": "INSEE", "CODE_SIREN": "219400801", "SIREN_EPCI": "200054781/200057941", "ID_CH_LIEU": "PAIHABIT0000000004274533", "ID_AUT_ADM": "SURFACTI0000000004266121", "length": 231, "other_tags": "" }, "geometry": { "type": "MultiLineString", "coordinates": [ [ [ 2.432268260289851, 48.845772371508062 ], [ 2.432196297735024, 48.845498626672509 ], [ 2.432141049130097, 48.845191684983718 ] ], [ [ 2.432565865603677, 48.846347570403708 ], [ 2.43248833420261, 48.846209601723665 ], [ 2.432335958591456, 48.845937274317265 ], [ 2.432268260289851, 48.845772371508062 ] ], [ [ 2.433037944136773, 48.847169118219199 ], [ 2.432981663914392, 48.847081614379256 ], [ 2.43286811333611, 48.846872426528925 ] ], [ [ 2.432733046105757, 48.846637055295346 ], [ 2.432687559981097, 48.84655949532462 ], [ 2.432647436219947, 48.846490054930939 ], [ 2.432565865603677, 48.846347570403708 ] ], [ [ 2.43286811333611, 48.846872426528925 ], [ 2.432848026733725, 48.84683995463832 ], [ 2.432733046105757, 48.846637055295346 ] ] ] } },
{ "type": "Feature", "properties": { "fid": 160, "ID": "VOIE_NOM0000002339144260", "ID_BAN": "94080_3560", "name": "Avenue Foch", "INSEE_COM": "94080", "NOM_COM": "Vincennes", "SRC_BAN": "non commune", "NOM_COLL": "AV FOCH", "TYPE_VOIE": "avenue", "MOT_DIR": "Foch", "LD_BAN": null, "ID_SUPP": "TRONROUT0000000000197476/TRONROUT0000000000197490/TRONROUT0000000000197498/TRONROUT0000000004406073/TRONROUT0000000004406074/TRONROUT0000000004406089/TRONROUT0000002275226188", "INSEEDBAN": null, "COMDEL_BAN": null, "DATE_CREAT": "2023-12-08T14:04:36", "DATE_MAJ": "2024-03-14T09:02:21", "NOM_NORMA": "AV FOCH", "ID_BAN_ODO": "86366dcd-c440-4397-9c58-a496d6ab5bdd", "ID_2": "COMMUNE_0000000009736522", "INSEE_COM_2": "94033", "INSEE_CAN": "9409", "INSEE_ARR": "942", "INSEE_COL": "94D", "INSEE_DEP": "94", "INSEE_REG": "11", "POPULATION": 52646, "SUPERF_CAD": 560, "DATE_CREAT_2": "2006-08-02T08:36:54", "DATE_MAJ_2": "2025-06-20T18:27:56", "DATE_APP": null, "DATE_CONF": null, "CODE_POST": "94120", "NOM": "Fontenay-sous-Bois", "CL_ARROND": "Non", "CL_COLLTER": "Non", "CL_DEPART": "Non", "CL_REGION": "Non", "CAPITALE": "Non", "DATE_RCT": "2022-01-01", "RECENSEUR": "INSEE", "CODE_SIREN": "219400330", "SIREN_EPCI": "200054781/200057941", "ID_CH_LIEU": "PAIHABIT0000000004274526", "ID_AUT_ADM": "SURFACTI0000000004266119", "length": 8, "other_tags": "" }, "geometry": { "type": "MultiLineString", "coordinates": [ [ [ 2.447940565795288, 48.845713512746563 ], [ 2.447834190258807, 48.845722015348635 ] ] ] } },
{ "type": "Feature", "properties": { "fid": 161, "ID": "VOIE_NOM0000002339144260", "ID_BAN": "94080_3560", "name": "Avenue Foch", "INSEE_COM": "94080", "NOM_COM": "Vincennes", "SRC_BAN": "non commune", "NOM_COLL": "AV FOCH", "TYPE_VOIE": "avenue", "MOT_DIR": "Foch", "LD_BAN": null, "ID_SUPP": "TRONROUT0000000000197476/TRONROUT0000000000197490/TRONROUT0000000000197498/TRONROUT0000000004406073/TRONROUT0000000004406074/TRONROUT0000000004406089/TRONROUT0000002275226188", "INSEEDBAN": null, "COMDEL_BAN": null, "DATE_CREAT": "2023-12-08T14:04:36", "DATE_MAJ": "2024-03-14T09:02:21", "NOM_NORMA": "AV FOCH", "ID_BAN_ODO": "86366dcd-c440-4397-9c58-a496d6ab5bdd", "ID_2": "COMMUNE_0000000009736525", "INSEE_COM_2": "94080", "INSEE_CAN": "9498", "INSEE_ARR": "942", "INSEE_COL": "94D", "INSEE_DEP": "94", "INSEE_REG": "11", "POPULATION": 48368, "SUPERF_CAD": 190, "DATE_CREAT_2": "2006-08-02T08:36:54", "DATE_MAJ_2": "2025-06-20T18:27:56", "DATE_APP": null, "DATE_CONF": null, "CODE_POST": "94300", "NOM": "Vincennes", "CL_ARROND": "Non", "CL_COLLTER": "Non", "CL_DEPART": "Non", "CL_REGION": "Non", "CAPITALE": "Non", "DATE_RCT": "2022-01-01", "RECENSEUR": "INSEE", "CODE_SIREN": "219400801", "SIREN_EPCI": "200054781/200057941", "ID_CH_LIEU": "PAIHABIT0000000004274533", "ID_AUT_ADM": "SURFACTI0000000004266121", "length": 553, "other_tags": "" }, "geometry": { "type": "MultiLineString", "coordinates": [ [ [ 2.447940565795288, 48.845713512746563 ], [ 2.447834190258807, 48.845722015348635 ] ], [ [ 2.447834190258807, 48.845722015348635 ], [ 2.447577808307865, 48.845741516866397 ], [ 2.446646486889991, 48.845801966183075 ] ], [ [ 2.446646486889991, 48.845801966183075 ], [ 2.444920679114487, 48.845868617580692 ] ], [ [ 2.44075815339398, 48.845964349333954 ], [ 2.440601303044847, 48.845978005668535 ], [ 2.439792301371516, 48.846066853467178 ] ], [ [ 2.441832429345914, 48.845916304436756 ], [ 2.44085635514205, 48.845955814816357 ] ], [ [ 2.44085635514205, 48.845955814816357 ], [ 2.44075815339398, 48.845964349333954 ] ], [ [ 2.444286978123055, 48.845875568586159 ], [ 2.444135703949514, 48.84587756387716 ] ], [ [ 2.444135703949514, 48.84587756387716 ], [ 2.442269940068898, 48.845906653274348 ] ], [ [ 2.442269940068898, 48.845906653274348 ], [ 2.441832429345914, 48.845916304436756 ] ] ] } },
{ "type": "Feature", "properties": { "fid": 163, "ID": "VOIE_NOM0000002339144298", "ID_BAN": "94080_2556", "name": "Allée du Docteur Schweitzer", "INSEE_COM": "94080", "NOM_COM": "Vincennes", "SRC_BAN": "non commune", "NOM_COLL": "ALL DU DOCTEUR SCHWEITZER", "TYPE_VOIE": "allée", "MOT_DIR": "Schweitzer", "LD_BAN": null, "ID_SUPP": "TRONROUT0000000004405665/TRONROUT0000000241810167", "INSEEDBAN": null, "COMDEL_BAN": null, "DATE_CREAT": "2023-12-08T14:04:36", "DATE_MAJ": "2024-03-14T09:02:21", "NOM_NORMA": "ALL DU DOCTEUR SCHWEITZER", "ID_BAN_ODO": "4c5a422d-6550-4995-8e57-3aab0fafdb62", "ID_2": "COMMUNE_0000000009736525", "INSEE_COM_2": "94080", "INSEE_CAN": "9498", "INSEE_ARR": "942", "INSEE_COL": "94D", "INSEE_DEP": "94", "INSEE_REG": "11", "POPULATION": 48368, "SUPERF_CAD": 190, "DATE_CREAT_2": "2006-08-02T08:36:54", "DATE_MAJ_2": "2025-06-20T18:27:56", "DATE_APP": null, "DATE_CONF": null, "CODE_POST": "94300", "NOM": "Vincennes", "CL_ARROND": "Non", "CL_COLLTER": "Non", "CL_DEPART": "Non", "CL_REGION": "Non", "CAPITALE": "Non", "DATE_RCT": "2022-01-01", "RECENSEUR": "INSEE", "CODE_SIREN": "219400801", "SIREN_EPCI": "200054781/200057941", "ID_CH_LIEU": "PAIHABIT0000000004274533", "ID_AUT_ADM": "SURFACTI0000000004266121", "length": 68, "other_tags": "" }, "geometry": { "type": "MultiLineString", "coordinates": [ [ [ 2.455204128571552, 48.847208254326382 ], [ 2.455190981356462, 48.847292733345846 ], [ 2.455153739591542, 48.847335732542582 ], [ 2.45510038150351, 48.847356174581485 ], [ 2.45498971844159, 48.847383550361151 ] ], [ [ 2.45498971844159, 48.847383550361151 ], [ 2.454452105651321, 48.847452148744736 ] ] ] } },
{ "type": "Feature", "properties": { "fid": 165, "ID": "VOIE_NOM0000002339144332", "ID_BAN": "94080_1425", "name": "Allée Charles Deloncle", "INSEE_COM": "94080", "NOM_COM": "Vincennes", "SRC_BAN": "non commune", "NOM_COLL": "ALL CHARLES DELONCLE", "TYPE_VOIE": "allée", "MOT_DIR": "Deloncle", "LD_BAN": null, "ID_SUPP": "TRONROUT0000000004405335", "INSEEDBAN": null, "COMDEL_BAN": null, "DATE_CREAT": "2023-12-08T14:04:36", "DATE_MAJ": "2024-03-14T09:02:21", "NOM_NORMA": "ALL CHARLES DELONCLE", "ID_BAN_ODO": "0c71d84e-917a-4098-aa53-df9826544105", "ID_2": "COMMUNE_0000000009736525", "INSEE_COM_2": "94080", "INSEE_CAN": "9498", "INSEE_ARR": "942", "INSEE_COL": "94D", "INSEE_DEP": "94", "INSEE_REG": "11", "POPULATION": 48368, "SUPERF_CAD": 190, "DATE_CREAT_2": "2006-08-02T08:36:54", "DATE_MAJ_2": "2025-06-20T18:27:56", "DATE_APP": null, "DATE_CONF": null, "CODE_POST": "94300", "NOM": "Vincennes", "CL_ARROND": "Non", "CL_COLLTER": "Non", "CL_DEPART": "Non", "CL_REGION": "Non", "CAPITALE": "Non", "DATE_RCT": "2022-01-01", "RECENSEUR": "INSEE", "CODE_SIREN": "219400801", "SIREN_EPCI": "200054781/200057941", "ID_CH_LIEU": "PAIHABIT0000000004274533", "ID_AUT_ADM": "SURFACTI0000000004266121", "length": 181, "other_tags": "" }, "geometry": { "type": "MultiLineString", "coordinates": [ [ [ 2.454658838311868, 48.848661816648509 ], [ 2.454889398170485, 48.8486367862156 ], [ 2.455946677794083, 48.848523783957923 ], [ 2.456030005466511, 48.848504377171473 ], [ 2.456094349967827, 48.848475890541614 ], [ 2.456128753865022, 48.84844367038167 ], [ 2.456129194989148, 48.848401402991023 ], [ 2.456043833862068, 48.848093437570277 ], [ 2.45600868709655, 48.848066297295375 ], [ 2.455973305661716, 48.848061639671315 ], [ 2.455667691477114, 48.848097122932863 ] ] ] } },
{ "type": "Feature", "properties": { "fid": 176, "ID": "VOIE_NOM0000002339144602", "ID_BAN": "94080_3175", "name": "Rue Eugène Blot", "INSEE_COM": "94080", "NOM_COM": "Vincennes", "SRC_BAN": "non commune", "NOM_COLL": "R EUGENE BLOT", "TYPE_VOIE": "rue", "MOT_DIR": "Blot", "LD_BAN": null, "ID_SUPP": "TRONROUT0000000004405429", "INSEEDBAN": null, "COMDEL_BAN": null, "DATE_CREAT": "2023-12-08T14:04:36", "DATE_MAJ": "2024-03-14T09:02:21", "NOM_NORMA": "R EUGENE BLOT", "ID_BAN_ODO": "4b5fdefd-d8ad-4c94-b591-1b4712230838", "ID_2": "COMMUNE_0000000009736525", "INSEE_COM_2": "94080", "INSEE_CAN": "9498", "INSEE_ARR": "942", "INSEE_COL": "94D", "INSEE_DEP": "94", "INSEE_REG": "11", "POPULATION": 48368, "SUPERF_CAD": 190, "DATE_CREAT_2": "2006-08-02T08:36:54", "DATE_MAJ_2": "2025-06-20T18:27:56", "DATE_APP": null, "DATE_CONF": null, "CODE_POST": "94300", "NOM": "Vincennes", "CL_ARROND": "Non", "CL_COLLTER": "Non", "CL_DEPART": "Non", "CL_REGION": "Non", "CAPITALE": "Non", "DATE_RCT": "2022-01-01", "RECENSEUR": "INSEE", "CODE_SIREN": "219400801", "SIREN_EPCI": "200054781/200057941", "ID_CH_LIEU": "PAIHABIT0000000004274533", "ID_AUT_ADM": "SURFACTI0000000004266121", "length": 44, "other_tags": "" }, "geometry": { "type": "MultiLineString", "coordinates": [ [ [ 2.423526649054955, 48.848015824304539 ], [ 2.423589030997857, 48.848412738940958 ] ] ] } },
{ "type": "Feature", "properties": { "fid": 177, "ID": "VOIE_NOM0000002339144609", "ID_BAN": "94080_6110", "name": "Place du Marechal Lyautey", "INSEE_COM": "94080", "NOM_COM": "Vincennes", "SRC_BAN": "non commune", "NOM_COLL": "PL DU MARECHAL LYAUTEY", "TYPE_VOIE": "place", "MOT_DIR": "Lyautey", "LD_BAN": null, "ID_SUPP": "TRONROUT0000000004405672/TRONROUT0000000004405675/TRONROUT0000000004405685/TRONROUT0000000240161971/TRONROUT0000000240161974", "INSEEDBAN": null, "COMDEL_BAN": null, "DATE_CREAT": "2023-12-08T14:04:36", "DATE_MAJ": "2024-03-14T09:02:21", "NOM_NORMA": "PL DU MARECHAL LYAUTEY", "ID_BAN_ODO": "31ed3ed0-437f-4bb5-87d0-c75a22d2bda7", "ID_2": "COMMUNE_0000000009736525", "INSEE_COM_2": "94080", "INSEE_CAN": "9498", "INSEE_ARR": "942", "INSEE_COL": "94D", "INSEE_DEP": "94", "INSEE_REG": "11", "POPULATION": 48368, "SUPERF_CAD": 190, "DATE_CREAT_2": "2006-08-02T08:36:54", "DATE_MAJ_2": "2025-06-20T18:27:56", "DATE_APP": null, "DATE_CONF": null, "CODE_POST": "94300", "NOM": "Vincennes", "CL_ARROND": "Non", "CL_COLLTER": "Non", "CL_DEPART": "Non", "CL_REGION": "Non", "CAPITALE": "Non", "DATE_RCT": "2022-01-01", "RECENSEUR": "INSEE", "CODE_SIREN": "219400801", "SIREN_EPCI": "200054781/200057941", "ID_CH_LIEU": "PAIHABIT0000000004274533", "ID_AUT_ADM": "SURFACTI0000000004266121", "length": 121, "other_tags": "" }, "geometry": { "type": "MultiLineString", "coordinates": [ [ [ 2.451482057147548, 48.846360247601986 ], [ 2.451533380757597, 48.846533158254985 ] ], [ [ 2.451523132440083, 48.84673006906651 ], [ 2.451511777729756, 48.846643679352063 ], [ 2.451510689622446, 48.846617593194459 ], [ 2.451533380757597, 48.846533158254985 ] ], [ [ 2.451533380757597, 48.846533158254985 ], [ 2.451600828853491, 48.846598220693735 ], [ 2.451651878693218, 48.846667704684883 ], [ 2.451709287486007, 48.846780386617709 ], [ 2.45178135399956, 48.8469246129414 ] ], [ [ 2.451623547963813, 48.846899607267396 ], [ 2.451568712992528, 48.846801326712146 ], [ 2.451523132440083, 48.84673006906651 ] ], [ [ 2.451623547963813, 48.846899607267396 ], [ 2.45178135399956, 48.8469246129414 ] ] ] } },
{ "type": "Feature", "properties": { "fid": 179, "ID": "VOIE_NOM0000002339144660", "ID_BAN": "94080_7120", "name": "Rue Pasteur", "INSEE_COM": "94080", "NOM_COM": "Vincennes", "SRC_BAN": "non commune", "NOM_COLL": "R PASTEUR", "TYPE_VOIE": "rue", "MOT_DIR": "Pasteur", "LD_BAN": null, "ID_SUPP": "TRONROUT0000000004405338/TRONROUT0000000004405342", "INSEEDBAN": null, "COMDEL_BAN": null, "DATE_CREAT": "2023-12-08T14:04:36", "DATE_MAJ": "2024-03-14T09:02:21", "NOM_NORMA": "R PASTEUR", "ID_BAN_ODO": "e99e654f-8aac-4b11-b3be-a3b18d3e2c44", "ID_2": "COMMUNE_0000000009736522", "INSEE_COM_2": "94033", "INSEE_CAN": "9409", "INSEE_ARR": "942", "INSEE_COL": "94D", "INSEE_DEP": "94", "INSEE_REG": "11", "POPULATION": 52646, "SUPERF_CAD": 560, "DATE_CREAT_2": "2006-08-02T08:36:54", "DATE_MAJ_2": "2025-06-20T18:27:56", "DATE_APP": null, "DATE_CONF": null, "CODE_POST": "94120", "NOM": "Fontenay-sous-Bois", "CL_ARROND": "Non", "CL_COLLTER": "Non", "CL_DEPART": "Non", "CL_REGION": "Non", "CAPITALE": "Non", "DATE_RCT": "2022-01-01", "RECENSEUR": "INSEE", "CODE_SIREN": "219400330", "SIREN_EPCI": "200054781/200057941", "ID_CH_LIEU": "PAIHABIT0000000004274526", "ID_AUT_ADM": "SURFACTI0000000004266119", "length": 20, "other_tags": "" }, "geometry": { "type": "MultiLineString", "coordinates": [ [ [ 2.456013928884684, 48.84873903408652 ], [ 2.456278629669241, 48.848706961415147 ] ] ] } },
{ "type": "Feature", "properties": { "fid": 180, "ID": "VOIE_NOM0000002339144660", "ID_BAN": "94080_7120", "name": "Rue Pasteur", "INSEE_COM": "94080", "NOM_COM": "Vincennes", "SRC_BAN": "non commune", "NOM_COLL": "R PASTEUR", "TYPE_VOIE": "rue", "MOT_DIR": "Pasteur", "LD_BAN": null, "ID_SUPP": "TRONROUT0000000004405338/TRONROUT0000000004405342", "INSEEDBAN": null, "COMDEL_BAN": null, "DATE_CREAT": "2023-12-08T14:04:36", "DATE_MAJ": "2024-03-14T09:02:21", "NOM_NORMA": "R PASTEUR", "ID_BAN_ODO": "e99e654f-8aac-4b11-b3be-a3b18d3e2c44", "ID_2": "COMMUNE_0000000009736525", "INSEE_COM_2": "94080", "INSEE_CAN": "9498", "INSEE_ARR": "942", "INSEE_COL": "94D", "INSEE_DEP": "94", "INSEE_REG": "11", "POPULATION": 48368, "SUPERF_CAD": 190, "DATE_CREAT_2": "2006-08-02T08:36:54", "DATE_MAJ_2": "2025-06-20T18:27:56", "DATE_APP": null, "DATE_CONF": null, "CODE_POST": "94300", "NOM": "Vincennes", "CL_ARROND": "Non", "CL_COLLTER": "Non", "CL_DEPART": "Non", "CL_REGION": "Non", "CAPITALE": "Non", "DATE_RCT": "2022-01-01", "RECENSEUR": "INSEE", "CODE_SIREN": "219400801", "SIREN_EPCI": "200054781/200057941", "ID_CH_LIEU": "PAIHABIT0000000004274533", "ID_AUT_ADM": "SURFACTI0000000004266121", "length": 101, "other_tags": "" }, "geometry": { "type": "MultiLineString", "coordinates": [ [ [ 2.456013928884684, 48.84873903408652 ], [ 2.456278629669241, 48.848706961415147 ] ], [ [ 2.454921413670131, 48.848832990092696 ], [ 2.455086444753619, 48.848819352256335 ], [ 2.456003018317298, 48.848739883827356 ], [ 2.456013928884684, 48.84873903408652 ] ] ] } },
{ "type": "Feature", "properties": { "fid": 185, "ID": "VOIE_NOM0000002339144770", "ID_BAN": "94080_4620", "name": "Rue d'Idalie", "INSEE_COM": "94080", "NOM_COM": "Vincennes", "SRC_BAN": "non commune", "NOM_COLL": "R D'IDALIE", "TYPE_VOIE": "rue", "MOT_DIR": "Idalie", "LD_BAN": null, "ID_SUPP": "TRONROUT0000000004406079", "INSEEDBAN": null, "COMDEL_BAN": null, "DATE_CREAT": "2023-12-08T14:04:36", "DATE_MAJ": "2024-03-14T09:02:21", "NOM_NORMA": "R D'IDALIE", "ID_BAN_ODO": "6a96df30-dfdb-4f42-a94c-3d69e6ea03e9", "ID_2": "COMMUNE_0000000009736525", "INSEE_COM_2": "94080", "INSEE_CAN": "9498", "INSEE_ARR": "942", "INSEE_COL": "94D", "INSEE_DEP": "94", "INSEE_REG": "11", "POPULATION": 48368, "SUPERF_CAD": 190, "DATE_CREAT_2": "2006-08-02T08:36:54", "DATE_MAJ_2": "2025-06-20T18:27:56", "DATE_APP": null, "DATE_CONF": null, "CODE_POST": "94300", "NOM": "Vincennes", "CL_ARROND": "Non", "CL_COLLTER": "Non", "CL_DEPART": "Non", "CL_REGION": "Non", "CAPITALE": "Non", "DATE_RCT": "2022-01-01", "RECENSEUR": "INSEE", "CODE_SIREN": "219400801", "SIREN_EPCI": "200054781/200057941", "ID_CH_LIEU": "PAIHABIT0000000004274533", "ID_AUT_ADM": "SURFACTI0000000004266121", "length": 90, "other_tags": "" }, "geometry": { "type": "MultiLineString", "coordinates": [ [ [ 2.439643727696138, 48.845310701680674 ], [ 2.439860557727161, 48.845294629386885 ], [ 2.440377400820166, 48.845256577290442 ], [ 2.440681366302255, 48.845247206544279 ] ], [ [ 2.440681366302255, 48.845247206544279 ], [ 2.44086390998716, 48.845251657243828 ] ] ] } },
{ "type": "Feature", "properties": { "fid": 190, "ID": "VOIE_NOM0000002339144877", "ID_BAN": "94080_7125", "name": "Avenue Paul Déroulède", "INSEE_COM": "94080", "NOM_COM": "Vincennes", "SRC_BAN": "non commune", "NOM_COLL": "AV PAUL DEROULEDE", "TYPE_VOIE": "avenue", "MOT_DIR": "Déroulède", "LD_BAN": null, "ID_SUPP": "TRONROUT0000000004405357/TRONROUT0000000241810170", "INSEEDBAN": null, "COMDEL_BAN": null, "DATE_CREAT": "2023-12-08T14:04:36", "DATE_MAJ": "2024-03-14T09:02:21", "NOM_NORMA": "AV PAUL DEROULEDE", "ID_BAN_ODO": "b76af565-f8db-44fe-b765-d0dd74e8e972", "ID_2": "COMMUNE_0000000009736525", "INSEE_COM_2": "94080", "INSEE_CAN": "9498", "INSEE_ARR": "942", "INSEE_COL": "94D", "INSEE_DEP": "94", "INSEE_REG": "11", "POPULATION": 48368, "SUPERF_CAD": 190, "DATE_CREAT_2": "2006-08-02T08:36:54", "DATE_MAJ_2": "2025-06-20T18:27:56", "DATE_APP": null, "DATE_CONF": null, "CODE_POST": "94300", "NOM": "Vincennes", "CL_ARROND": "Non", "CL_COLLTER": "Non", "CL_DEPART": "Non", "CL_REGION": "Non", "CAPITALE": "Non", "DATE_RCT": "2022-01-01", "RECENSEUR": "INSEE", "CODE_SIREN": "219400801", "SIREN_EPCI": "200054781/200057941", "ID_CH_LIEU": "PAIHABIT0000000004274533", "ID_AUT_ADM": "SURFACTI0000000004266121", "length": 284, "other_tags": "" }, "geometry": { "type": "MultiLineString", "coordinates": [ [ [ 2.452942415466566, 48.848994833979937 ], [ 2.454446778492622, 48.848872196826555 ], [ 2.454729101268635, 48.848849201417437 ] ], [ [ 2.452942415466566, 48.848994833979937 ], [ 2.452619239822301, 48.849014940233801 ], [ 2.45133217474682, 48.849077395406638 ], [ 2.451090908905996, 48.849083483551972 ], [ 2.450876952986956, 48.849084300463971 ] ] ] } },
{ "type": "Feature", "properties": { "fid": 191, "ID": "VOIE_NOM0000002339144909", "ID_BAN": "94080_4715", "name": "Rue de la Jarry", "INSEE_COM": "94080", "NOM_COM": "Vincennes", "SRC_BAN": "non commune", "NOM_COLL": "R DE LA JARRY", "TYPE_VOIE": "rue", "MOT_DIR": "Jarry", "LD_BAN": null, "ID_SUPP": "TRONROUT0000000004405353/TRONROUT0000000004405356/TRONROUT0000000004405362/TRONROUT0000000004405364/TRONROUT0000000004405372/TRONROUT0000000004405373/TRONROUT0000000004405377/TRONROUT0000000004405378/TRONROUT0000000004405390/TRONROUT0000000004405722/TRON", "INSEEDBAN": null, "COMDEL_BAN": null, "DATE_CREAT": "2023-12-08T14:04:36", "DATE_MAJ": "2024-03-14T09:02:21", "NOM_NORMA": "R DE LA JARRY", "ID_BAN_ODO": "b288da92-c95b-4ae4-945a-13b82e30bfb8", "ID_2": "COMMUNE_0000000009736525", "INSEE_COM_2": "94080", "INSEE_CAN": "9498", "INSEE_ARR": "942", "INSEE_COL": "94D", "INSEE_DEP": "94", "INSEE_REG": "11", "POPULATION": 48368, "SUPERF_CAD": 190, "DATE_CREAT_2": "2006-08-02T08:36:54", "DATE_MAJ_2": "2025-06-20T18:27:56", "DATE_APP": null, "DATE_CONF": null, "CODE_POST": "94300", "NOM": "Vincennes", "CL_ARROND": "Non", "CL_COLLTER": "Non", "CL_DEPART": "Non", "CL_REGION": "Non", "CAPITALE": "Non", "DATE_RCT": "2022-01-01", "RECENSEUR": "INSEE", "CODE_SIREN": "219400801", "SIREN_EPCI": "200054781/200057941", "ID_CH_LIEU": "PAIHABIT0000000004274533", "ID_AUT_ADM": "SURFACTI0000000004266121", "length": 1006, "other_tags": "" }, "geometry": { "type": "MultiLineString", "coordinates": [ [ [ 2.442349590095293, 48.848523236386882 ], [ 2.442329824156704, 48.848460189764964 ], [ 2.442327618564554, 48.848411614587938 ], [ 2.442372075483739, 48.847822747426385 ] ], [ [ 2.442855419731153, 48.848880836085854 ], [ 2.442603717594689, 48.848715982091974 ], [ 2.442408882316653, 48.848585567868646 ], [ 2.442349590095293, 48.848523236386882 ] ], [ [ 2.444249710034374, 48.849242563697942 ], [ 2.444061806978669, 48.84922820050344 ], [ 2.443780034179693, 48.849199011069167 ], [ 2.443559590873486, 48.84916920686522 ], [ 2.443373291076218, 48.849132366310769 ], [ 2.443260555709197, 48.849097666501045 ], [ 2.443156044466552, 48.849058508113195 ], [ 2.44306927670607, 48.849016734178903 ], [ 2.442855419731153, 48.848880836085854 ] ], [ [ 2.446564101309637, 48.849453846453166 ], [ 2.447436692348507, 48.849540619636628 ] ], [ [ 2.444249710034374, 48.849242563697942 ], [ 2.445875204877648, 48.849393099559073 ] ], [ [ 2.445875204877648, 48.849393099559073 ], [ 2.446564101309637, 48.849453846453166 ] ], [ [ 2.454369041562995, 48.849789177555131 ], [ 2.454362642508769, 48.849749577065317 ], [ 2.45435339570459, 48.849721655109818 ], [ 2.454297931064794, 48.849682730187894 ], [ 2.45420293021401, 48.84964542358594 ], [ 2.454102280982511, 48.849626977444331 ], [ 2.453963486487292, 48.84960745778902 ], [ 2.453209694173274, 48.849626498978346 ] ], [ [ 2.450909721371517, 48.849854293097025 ], [ 2.450818336782803, 48.849861967805928 ], [ 2.450771986836028, 48.849863553745053 ], [ 2.450728390676185, 48.849862454263992 ], [ 2.450412676613167, 48.849820533802962 ] ], [ [ 2.453209694173274, 48.849626498978346 ], [ 2.45292757421968, 48.849629706077238 ], [ 2.452573176016626, 48.849637977920359 ], [ 2.452240372467692, 48.84966613323973 ], [ 2.451890942185413, 48.84972029256312 ], [ 2.451552336849959, 48.849781695272711 ] ], [ [ 2.449665375338427, 48.849740654187187 ], [ 2.44927609760319, 48.849696593625609 ] ], [ [ 2.451552336849959, 48.849781695272711 ], [ 2.451265787019125, 48.849817254683138 ], [ 2.450909721371517, 48.849854293097025 ] ], [ [ 2.450412676613167, 48.849820533802962 ], [ 2.449665375338427, 48.849740654187187 ] ], [ [ 2.447436692348507, 48.849540619636628 ], [ 2.44782608171268, 48.849573894533805 ] ], [ [ 2.44782608171268, 48.849573894533805 ], [ 2.448185502374492, 48.849606130597927 ], [ 2.44927609760319, 48.849696593625609 ] ] ] } },
{ "type": "Feature", "properties": { "fid": 197, "ID": "VOIE_NOM0000002339145073", "ID_BAN": "94080_1423", "name": "Allée Charles 5", "INSEE_COM": "94080", "NOM_COM": "Vincennes", "SRC_BAN": "non commune", "NOM_COLL": "ALL CHARLES V", "TYPE_VOIE": "allée", "MOT_DIR": "5", "LD_BAN": null, "ID_SUPP": "TRONROUT0000000004406118/TRONROUT0000000004406119", "INSEEDBAN": null, "COMDEL_BAN": null, "DATE_CREAT": "2023-12-08T14:04:36", "DATE_MAJ": "2024-03-14T09:02:21", "NOM_NORMA": "ALL CHARLES 5", "ID_BAN_ODO": "cfb5025f-00fb-4479-a704-eb49853081e7", "ID_2": "COMMUNE_0000000009736525", "INSEE_COM_2": "94080", "INSEE_CAN": "9498", "INSEE_ARR": "942", "INSEE_COL": "94D", "INSEE_DEP": "94", "INSEE_REG": "11", "POPULATION": 48368, "SUPERF_CAD": 190, "DATE_CREAT_2": "2006-08-02T08:36:54", "DATE_MAJ_2": "2025-06-20T18:27:56", "DATE_APP": null, "DATE_CONF": null, "CODE_POST": "94300", "NOM": "Vincennes", "CL_ARROND": "Non", "CL_COLLTER": "Non", "CL_DEPART": "Non", "CL_REGION": "Non", "CAPITALE": "Non", "DATE_RCT": "2022-01-01", "RECENSEUR": "INSEE", "CODE_SIREN": "219400801", "SIREN_EPCI": "200054781/200057941", "ID_CH_LIEU": "PAIHABIT0000000004274533", "ID_AUT_ADM": "SURFACTI0000000004266121", "length": 125, "other_tags": "" }, "geometry": { "type": "MultiLineString", "coordinates": [ [ [ 2.436867341542853, 48.845629526409091 ], [ 2.436927352650196, 48.845624412753253 ], [ 2.43720692100616, 48.845603244411919 ], [ 2.437312110246705, 48.845578557324131 ], [ 2.437358660680599, 48.845558091146295 ], [ 2.437418894940576, 48.845532293182337 ], [ 2.437476306949937, 48.845515475444479 ], [ 2.437570692456756, 48.845481743802509 ], [ 2.437827338796539, 48.845437982433012 ], [ 2.438230995543269, 48.845408401206583 ] ], [ [ 2.436589135472322, 48.84565070037322 ], [ 2.436714598314826, 48.845641398279277 ], [ 2.436867341542853, 48.845629526409091 ] ] ] } },
{ "type": "Feature", "properties": { "fid": 199, "ID": "VOIE_NOM0000002339145090", "ID_BAN": "94080_7123", "name": "Allée Paul Barillon", "INSEE_COM": "94080", "NOM_COM": "Vincennes", "SRC_BAN": "non commune", "NOM_COLL": "ALL PAUL BARILLON", "TYPE_VOIE": "allée", "MOT_DIR": "Barillon", "LD_BAN": null, "ID_SUPP": "TRONROUT0000000109046141", "INSEEDBAN": null, "COMDEL_BAN": null, "DATE_CREAT": "2023-12-08T14:04:36", "DATE_MAJ": "2024-03-14T09:02:21", "NOM_NORMA": "ALL PAUL BARILLON", "ID_BAN_ODO": "d71b3996-13d0-4c71-a44e-c114b66cfa81", "ID_2": "COMMUNE_0000000009736525", "INSEE_COM_2": "94080", "INSEE_CAN": "9498", "INSEE_ARR": "942", "INSEE_COL": "94D", "INSEE_DEP": "94", "INSEE_REG": "11", "POPULATION": 48368, "SUPERF_CAD": 190, "DATE_CREAT_2": "2006-08-02T08:36:54", "DATE_MAJ_2": "2025-06-20T18:27:56", "DATE_APP": null, "DATE_CONF": null, "CODE_POST": "94300", "NOM": "Vincennes", "CL_ARROND": "Non", "CL_COLLTER": "Non", "CL_DEPART": "Non", "CL_REGION": "Non", "CAPITALE": "Non", "DATE_RCT": "2022-01-01", "RECENSEUR": "INSEE", "CODE_SIREN": "219400801", "SIREN_EPCI": "200054781/200057941", "ID_CH_LIEU": "PAIHABIT0000000004274533", "ID_AUT_ADM": "SURFACTI0000000004266121", "length": 62, "other_tags": "" }, "geometry": { "type": "MultiLineString", "coordinates": [ [ [ 2.454707360091902, 48.846499101918084 ], [ 2.454533183721089, 48.845955100071627 ] ] ] } },
{ "type": "Feature", "properties": { "fid": 201, "ID": "VOIE_NOM0000002339145164", "ID_BAN": "94080_4120", "name": "Avenue Georges Clémenceau", "INSEE_COM": "94080", "NOM_COM": "Vincennes", "SRC_BAN": "non commune", "NOM_COLL": "AV GEORGES CLEMENCEAU", "TYPE_VOIE": "avenue", "MOT_DIR": "Clémenceau", "LD_BAN": null, "ID_SUPP": "TRONROUT0000000004405423/TRONROUT0000000004405800/TRONROUT0000000287572532/TRONROUT0000002341435582", "INSEEDBAN": null, "COMDEL_BAN": null, "DATE_CREAT": "2023-12-08T14:04:36", "DATE_MAJ": "2024-03-14T09:02:21", "NOM_NORMA": "AV GEORGES CLEMENCEAU", "ID_BAN_ODO": "b46542da-d063-435c-b9b3-3a9b00abb3d7", "ID_2": "COMMUNE_0000000009736525", "INSEE_COM_2": "94080", "INSEE_CAN": "9498", "INSEE_ARR": "942", "INSEE_COL": "94D", "INSEE_DEP": "94", "INSEE_REG": "11", "POPULATION": 48368, "SUPERF_CAD": 190, "DATE_CREAT_2": "2006-08-02T08:36:54", "DATE_MAJ_2": "2025-06-20T18:27:56", "DATE_APP": null, "DATE_CONF": null, "CODE_POST": "94300", "NOM": "Vincennes", "CL_ARROND": "Non", "CL_COLLTER": "Non", "CL_DEPART": "Non", "CL_REGION": "Non", "CAPITALE": "Non", "DATE_RCT": "2022-01-01", "RECENSEUR": "INSEE", "CODE_SIREN": "219400801", "SIREN_EPCI": "200054781/200057941", "ID_CH_LIEU": "PAIHABIT0000000004274533", "ID_AUT_ADM": "SURFACTI0000000004266121", "length": 177, "other_tags": "" }, "geometry": { "type": "MultiLineString", "coordinates": [ [ [ 2.422960482755351, 48.848074250913903 ], [ 2.422944441596672, 48.847923082430569 ], [ 2.422908202004812, 48.847627020807131 ], [ 2.422944585956838, 48.847540858488884 ] ], [ [ 2.423164220589544, 48.849119380322605 ], [ 2.423157885149633, 48.849076180931199 ] ], [ [ 2.423080885007004, 48.848645919807417 ], [ 2.423056299115628, 48.848527986219821 ], [ 2.422996794181904, 48.848240806112571 ], [ 2.422960482755351, 48.848074250913903 ] ], [ [ 2.423157885149633, 48.849076180931199 ], [ 2.423083480861984, 48.848657623891945 ], [ 2.423080885007004, 48.848645919807417 ] ] ] } },
{ "type": "Feature", "properties": { "fid": 205, "ID": "VOIE_NOM0000002339145300", "ID_BAN": "94080_6140", "name": "Rue des Meuniers", "INSEE_COM": "94080", "NOM_COM": "Vincennes", "SRC_BAN": "non commune", "NOM_COLL": "R DES MEUNIERS", "TYPE_VOIE": "rue", "MOT_DIR": "Meuniers", "LD_BAN": null, "ID_SUPP": "TRONROUT0000000002778776/TRONROUT0000000002778786/TRONROUT0000000002778792/TRONROUT0000000046601193/TRONROUT0000002341958374", "INSEEDBAN": null, "COMDEL_BAN": null, "DATE_CREAT": "2023-12-08T14:04:36", "DATE_MAJ": "2024-03-14T09:02:21", "NOM_NORMA": "R DES MEUNIERS", "ID_BAN_ODO": "0cd495fb-2532-4db1-8f76-03d31082929c", "ID_2": "COMMUNE_0000000009736525", "INSEE_COM_2": "94080", "INSEE_CAN": "9498", "INSEE_ARR": "942", "INSEE_COL": "94D", "INSEE_DEP": "94", "INSEE_REG": "11", "POPULATION": 48368, "SUPERF_CAD": 190, "DATE_CREAT_2": "2006-08-02T08:36:54", "DATE_MAJ_2": "2025-06-20T18:27:56", "DATE_APP": null, "DATE_CONF": null, "CODE_POST": "94300", "NOM": "Vincennes", "CL_ARROND": "Non", "CL_COLLTER": "Non", "CL_DEPART": "Non", "CL_REGION": "Non", "CAPITALE": "Non", "DATE_RCT": "2022-01-01", "RECENSEUR": "INSEE", "CODE_SIREN": "219400801", "SIREN_EPCI": "200054781/200057941", "ID_CH_LIEU": "PAIHABIT0000000004274533", "ID_AUT_ADM": "SURFACTI0000000004266121", "length": 376, "other_tags": "" }, "geometry": { "type": "MultiLineString", "coordinates": [ [ [ 2.432617255572485, 48.851139553455582 ], [ 2.432730516924238, 48.851125700916121 ] ], [ [ 2.432730516924238, 48.851125700916121 ], [ 2.434577597086217, 48.850826866664214 ] ], [ [ 2.431552531778535, 48.85092585084557 ], [ 2.431163867313976, 48.850950984146884 ] ], [ [ 2.431163867313976, 48.850950984146884 ], [ 2.430820191315129, 48.850974531511596 ] ], [ [ 2.432349017749384, 48.851118495489892 ], [ 2.431648920680846, 48.850959584651939 ] ], [ [ 2.431648920680846, 48.850959584651939 ], [ 2.431568835148796, 48.850930425045199 ], [ 2.431552531778535, 48.85092585084557 ] ], [ [ 2.430820191315129, 48.850974531511596 ], [ 2.429576392506658, 48.851061241127304 ] ], [ [ 2.432349017749384, 48.851118495489892 ], [ 2.432495955029669, 48.851140776878253 ] ], [ [ 2.432495955029669, 48.851140776878253 ], [ 2.432617255572485, 48.851139553455582 ] ] ] } },
{ "type": "Feature", "properties": { "fid": 206, "ID": "VOIE_NOM0000002339145306", "ID_BAN": "94080_3520", "name": "Rue Fays", "INSEE_COM": "94080", "NOM_COM": "Vincennes", "SRC_BAN": "non commune", "NOM_COLL": "R FAYS", "TYPE_VOIE": "rue", "MOT_DIR": "Fays", "LD_BAN": null, "ID_SUPP": "TRONROUT0000000004405445/TRONROUT0000000004405825/TRONROUT0000000287572528", "INSEEDBAN": null, "COMDEL_BAN": null, "DATE_CREAT": "2023-12-08T14:04:36", "DATE_MAJ": "2024-03-14T09:02:21", "NOM_NORMA": "R FAYS", "ID_BAN_ODO": "9d693995-076d-4cc1-8ee5-b55ef8038fef", "ID_2": "COMMUNE_0000000009736525", "INSEE_COM_2": "94080", "INSEE_CAN": "9498", "INSEE_ARR": "942", "INSEE_COL": "94D", "INSEE_DEP": "94", "INSEE_REG": "11", "POPULATION": 48368, "SUPERF_CAD": 190, "DATE_CREAT_2": "2006-08-02T08:36:54", "DATE_MAJ_2": "2025-06-20T18:27:56", "DATE_APP": null, "DATE_CONF": null, "CODE_POST": "94300", "NOM": "Vincennes", "CL_ARROND": "Non", "CL_COLLTER": "Non", "CL_DEPART": "Non", "CL_REGION": "Non", "CAPITALE": "Non", "DATE_RCT": "2022-01-01", "RECENSEUR": "INSEE", "CODE_SIREN": "219400801", "SIREN_EPCI": "200054781/200057941", "ID_CH_LIEU": "PAIHABIT0000000004274533", "ID_AUT_ADM": "SURFACTI0000000004266121", "length": 135, "other_tags": "" }, "geometry": { "type": "MultiLineString", "coordinates": [ [ [ 2.419003508190377, 48.849391537265902 ], [ 2.419001244089961, 48.849350156121034 ] ], [ [ 2.419001244089961, 48.849350156121034 ], [ 2.418975918094899, 48.848932734139574 ] ], [ [ 2.418975918094899, 48.848932734139574 ], [ 2.41896211216495, 48.848826543616923 ] ], [ [ 2.41896211216495, 48.848826543616923 ], [ 2.418937816278615, 48.848683428719767 ] ], [ [ 2.418937816278615, 48.848683428719767 ], [ 2.418886839386384, 48.848488921157958 ] ], [ [ 2.418886839386384, 48.848488921157958 ], [ 2.418798922804634, 48.848185412502858 ] ] ] } },
{ "type": "Feature", "properties": { "fid": 207, "ID": "VOIE_NOM0000002339145313", "ID_BAN": "94080_2530", "name": "Rue Defrance", "INSEE_COM": "94080", "NOM_COM": "Vincennes", "SRC_BAN": "non commune", "NOM_COLL": "R DEFRANCE", "TYPE_VOIE": "rue", "MOT_DIR": "Defrance", "LD_BAN": null, "ID_SUPP": "TRONROUT0000000004405349/TRONROUT0000000004405350/TRONROUT0000000004405351/TRONROUT0000000004405352/TRONROUT0000000004405367/TRONROUT0000000004405689/TRONROUT0000000118200305/TRONROUT0000000118200308/TRONROUT0000000240164671/TRONROUT0000000240164685/TRON", "INSEEDBAN": null, "COMDEL_BAN": null, "DATE_CREAT": "2023-12-08T14:04:36", "DATE_MAJ": "2025-01-31T08:39:00", "NOM_NORMA": "R DEFRANCE", "ID_BAN_ODO": "2bdf6a2d-6931-40bf-903e-aef10e9ea962", "ID_2": "COMMUNE_0000000009736525", "INSEE_COM_2": "94080", "INSEE_CAN": "9498", "INSEE_ARR": "942", "INSEE_COL": "94D", "INSEE_DEP": "94", "INSEE_REG": "11", "POPULATION": 48368, "SUPERF_CAD": 190, "DATE_CREAT_2": "2006-08-02T08:36:54", "DATE_MAJ_2": "2025-06-20T18:27:56", "DATE_APP": null, "DATE_CONF": null, "CODE_POST": "94300", "NOM": "Vincennes", "CL_ARROND": "Non", "CL_COLLTER": "Non", "CL_DEPART": "Non", "CL_REGION": "Non", "CAPITALE": "Non", "DATE_RCT": "2022-01-01", "RECENSEUR": "INSEE", "CODE_SIREN": "219400801", "SIREN_EPCI": "200054781/200057941", "ID_CH_LIEU": "PAIHABIT0000000004274533", "ID_AUT_ADM": "SURFACTI0000000004266121", "length": 827, "other_tags": "\"wikipedia\"=>\"fr:Rue_Defrance\"" }, "geometry": { "type": "MultiLineString", "coordinates": [ [ [ 2.446411285828481, 48.847932339651628 ], [ 2.446320018605336, 48.847929219268309 ], [ 2.446172902882539, 48.84792404160293 ], [ 2.446024462803772, 48.847915260224127 ], [ 2.445884198521779, 48.847906516527011 ] ], [ [ 2.447468263542167, 48.847976797071809 ], [ 2.447048746359515, 48.84795867061662 ], [ 2.446411285828481, 48.847932339651628 ] ], [ [ 2.454921413670131, 48.848832990092696 ], [ 2.455074433899231, 48.848925420683841 ], [ 2.455144558403861, 48.848995889231354 ] ], [ [ 2.455144558403861, 48.848995889231354 ], [ 2.454729101268635, 48.848849201417437 ] ], [ [ 2.456269668672211, 48.849565798281105 ], [ 2.456169544429807, 48.849496992780004 ], [ 2.455144558403861, 48.848995889231354 ] ], [ [ 2.447943553456499, 48.848004172914564 ], [ 2.447468263542167, 48.847976797071809 ] ], [ [ 2.449169233718488, 48.848074575397817 ], [ 2.447943553456499, 48.848004172914564 ] ], [ [ 2.449319027907257, 48.848084258451465 ], [ 2.449169233718488, 48.848074575397817 ] ], [ [ 2.449319027907257, 48.848084258451465 ], [ 2.449904588405906, 48.848122026833018 ], [ 2.450981879782147, 48.848179137463134 ] ], [ [ 2.451126214606429, 48.848189692547564 ], [ 2.450981879782147, 48.848179137463134 ] ], [ [ 2.452732808436572, 48.848322061748455 ], [ 2.452317544675768, 48.848287784963787 ], [ 2.451930877864643, 48.84825543643575 ], [ 2.45131681272383, 48.84820675507698 ], [ 2.451126214606429, 48.848189692547564 ] ], [ [ 2.452732808436572, 48.848322061748455 ], [ 2.45314641755715, 48.848384209348296 ], [ 2.453438809342483, 48.848440405724268 ], [ 2.453759619259029, 48.848515617456933 ], [ 2.454108819519468, 48.848612542231493 ], [ 2.454300302526262, 48.848675470816687 ], [ 2.454482209808416, 48.848741952824327 ], [ 2.454729101268635, 48.848849201417437 ] ] ] } },
{ "type": "Feature", "properties": { "fid": 209, "ID": "VOIE_NOM0000002339145347", "ID_BAN": "94080_2510", "name": "Avenue de la Dame Blanche", "INSEE_COM": "94080", "NOM_COM": "Vincennes", "SRC_BAN": "non commune", "NOM_COLL": "AV DE LA DAME BLANCHE", "TYPE_VOIE": "avenue", "MOT_DIR": "Blanche", "LD_BAN": null, "ID_SUPP": "TRONROUT0000000000197479", "INSEEDBAN": null, "COMDEL_BAN": null, "DATE_CREAT": "2023-12-08T14:04:36", "DATE_MAJ": "2024-03-14T09:02:21", "NOM_NORMA": "AV DE LA DAME BLANCHE", "ID_BAN_ODO": "3841e201-cde0-45cb-926f-99ab249ad2a3", "ID_2": "COMMUNE_0000000009736525", "INSEE_COM_2": "94080", "INSEE_CAN": "9498", "INSEE_ARR": "942", "INSEE_COL": "94D", "INSEE_DEP": "94", "INSEE_REG": "11", "POPULATION": 48368, "SUPERF_CAD": 190, "DATE_CREAT_2": "2006-08-02T08:36:54", "DATE_MAJ_2": "2025-06-20T18:27:56", "DATE_APP": null, "DATE_CONF": null, "CODE_POST": "94300", "NOM": "Vincennes", "CL_ARROND": "Non", "CL_COLLTER": "Non", "CL_DEPART": "Non", "CL_REGION": "Non", "CAPITALE": "Non", "DATE_RCT": "2022-01-01", "RECENSEUR": "INSEE", "CODE_SIREN": "219400801", "SIREN_EPCI": "200054781/200057941", "ID_CH_LIEU": "PAIHABIT0000000004274533", "ID_AUT_ADM": "SURFACTI0000000004266121", "length": 100, "other_tags": "\"wikipedia\"=>\"fr:Avenue_de_la_Dame-Blanche\"" }, "geometry": { "type": "MultiLineString", "coordinates": [ [ [ 2.44785282741999, 48.844863220176364 ], [ 2.447455935881398, 48.844898261196654 ] ], [ [ 2.447455935881398, 48.844898261196654 ], [ 2.446969039372333, 48.844940079691213 ] ], [ [ 2.446969039372333, 48.844940079691213 ], [ 2.446497282929874, 48.844967576616064 ] ] ] } },
{ "type": "Feature", "properties": { "fid": 211, "ID": "VOIE_NOM0000002339145403", "ID_BAN": "94080_0070", "name": "Avenue Aubert", "INSEE_COM": "94080", "NOM_COM": "Vincennes", "SRC_BAN": "non commune", "NOM_COLL": "AV AUBERT", "TYPE_VOIE": "avenue", "MOT_DIR": "Aubert", "LD_BAN": null, "ID_SUPP": "TRONROUT0000000004405772/TRONROUT0000000004405787/TRONROUT0000000004405791/TRONROUT0000000004405798/TRONROUT0000000004406185/TRONROUT0000000245706548/TRONROUT0000000245706553/TRONROUT0000000255961508/TRONROUT0000000315768274", "INSEEDBAN": null, "COMDEL_BAN": null, "DATE_CREAT": "2023-12-08T14:04:36", "DATE_MAJ": "2024-07-08T22:55:42", "NOM_NORMA": "AV AUBERT", "ID_BAN_ODO": "82d6d927-cbbe-4e38-a849-69fcfdaeb480", "ID_2": "COMMUNE_0000000009736525", "INSEE_COM_2": "94080", "INSEE_CAN": "9498", "INSEE_ARR": "942", "INSEE_COL": "94D", "INSEE_DEP": "94", "INSEE_REG": "11", "POPULATION": 48368, "SUPERF_CAD": 190, "DATE_CREAT_2": "2006-08-02T08:36:54", "DATE_MAJ_2": "2025-06-20T18:27:56", "DATE_APP": null, "DATE_CONF": null, "CODE_POST": "94300", "NOM": "Vincennes", "CL_ARROND": "Non", "CL_COLLTER": "Non", "CL_DEPART": "Non", "CL_REGION": "Non", "CAPITALE": "Non", "DATE_RCT": "2022-01-01", "RECENSEUR": "INSEE", "CODE_SIREN": "219400801", "SIREN_EPCI": "200054781/200057941", "ID_CH_LIEU": "PAIHABIT0000000004274533", "ID_AUT_ADM": "SURFACTI0000000004266121", "length": 859, "other_tags": "" }, "geometry": { "type": "MultiLineString", "coordinates": [ [ [ 2.43469965118873, 48.847489955659128 ], [ 2.434369723349418, 48.847504584622826 ], [ 2.433967645217752, 48.84751257588907 ], [ 2.433685447577472, 48.847523831368697 ], [ 2.433505514238709, 48.847529274985234 ], [ 2.433303779051202, 48.847534615065527 ], [ 2.433028492056436, 48.847536908215652 ], [ 2.432693328373961, 48.847531722015347 ], [ 2.43209247485625, 48.84752347529713 ], [ 2.431425902155101, 48.8475436925075 ], [ 2.430948958096309, 48.847544123007339 ] ], [ [ 2.430613598059193, 48.847556917078364 ], [ 2.430861662461974, 48.847551801932497 ] ], [ [ 2.430861662461974, 48.847551801932497 ], [ 2.430948958096309, 48.847544123007339 ] ], [ [ 2.430613598059193, 48.847556917078364 ], [ 2.430396863889866, 48.847563080227431 ], [ 2.430193854136569, 48.847560314833132 ], [ 2.429945917512541, 48.847553737632239 ], [ 2.429635290907383, 48.847547760422444 ], [ 2.429560357032309, 48.847546503813902 ] ], [ [ 2.429560357032309, 48.847546503813902 ], [ 2.429343878821426, 48.847529283131756 ], [ 2.429121920750764, 48.847514733964601 ], [ 2.429026606872792, 48.847507983663711 ] ], [ [ 2.428044133585128, 48.84738187836107 ], [ 2.428109469713109, 48.847388486154713 ], [ 2.428617062159308, 48.847451167987636 ], [ 2.429026606872792, 48.847507983663711 ] ], [ [ 2.427565068341755, 48.847327424751199 ], [ 2.428044133585128, 48.84738187836107 ] ], [ [ 2.423683160257539, 48.845939073734023 ], [ 2.423785243991955, 48.846072669755557 ], [ 2.42381614570642, 48.846112390132177 ], [ 2.424003535819053, 48.846294961827141 ], [ 2.424045487560203, 48.846321245038119 ], [ 2.424405001993039, 48.84646507303826 ] ], [ [ 2.427565068341755, 48.847327424751199 ], [ 2.426375479782281, 48.847077103275538 ], [ 2.425981326156769, 48.846984378221379 ], [ 2.425652568603217, 48.846892865169508 ], [ 2.425177237406178, 48.846747585247961 ], [ 2.424904358838707, 48.846655439220633 ], [ 2.424405001993039, 48.84646507303826 ] ] ] } },
{ "type": "Feature", "properties": { "fid": 213, "ID": "VOIE_NOM0000002339145476", "ID_BAN": "94080_6120", "name": "Cours Marigny", "INSEE_COM": "94080", "NOM_COM": "Vincennes", "SRC_BAN": "non commune", "NOM_COLL": "CRS MARIGNY", "TYPE_VOIE": "cours", "MOT_DIR": "Marigny", "LD_BAN": null, "ID_SUPP": "TRONROUT0000000004406091/TRONROUT0000000004406094/TRONROUT0000000004406096/TRONROUT0000000004406108/TRONROUT0000000004406113/TRONROUT0000000245706566/TRONROUT0000000245706567/TRONROUT0000002200304017/TRONROUT0000002200304018/TRONROUT0000002292197288/TRON", "INSEEDBAN": null, "COMDEL_BAN": null, "DATE_CREAT": "2023-12-08T14:04:36", "DATE_MAJ": "2024-03-14T09:02:21", "NOM_NORMA": "CRS MARIGNY", "ID_BAN_ODO": "5b266da5-0f84-4cdc-bb7e-6489ff3ce29e", "ID_2": "COMMUNE_0000000009736525", "INSEE_COM_2": "94080", "INSEE_CAN": "9498", "INSEE_ARR": "942", "INSEE_COL": "94D", "INSEE_DEP": "94", "INSEE_REG": "11", "POPULATION": 48368, "SUPERF_CAD": 190, "DATE_CREAT_2": "2006-08-02T08:36:54", "DATE_MAJ_2": "2025-06-20T18:27:56", "DATE_APP": null, "DATE_CONF": null, "CODE_POST": "94300", "NOM": "Vincennes", "CL_ARROND": "Non", "CL_COLLTER": "Non", "CL_DEPART": "Non", "CL_REGION": "Non", "CAPITALE": "Non", "DATE_RCT": "2022-01-01", "RECENSEUR": "INSEE", "CODE_SIREN": "219400801", "SIREN_EPCI": "200054781/200057941", "ID_CH_LIEU": "PAIHABIT0000000004274533", "ID_AUT_ADM": "SURFACTI0000000004266121", "length": 589, "other_tags": "" }, "geometry": { "type": "MultiLineString", "coordinates": [ [ [ 2.439643727696138, 48.845310701680674 ], [ 2.439498975127412, 48.844579748971093 ], [ 2.439488703517968, 48.844521242882188 ] ], [ [ 2.439004253491748, 48.845854511082891 ], [ 2.439010737202953, 48.845885119463183 ], [ 2.439014553861597, 48.845910319222867 ] ], [ [ 2.438913937395075, 48.84538372619285 ], [ 2.438778819787591, 48.844644723621137 ], [ 2.438767196121514, 48.844585311773912 ] ], [ [ 2.438913937395075, 48.84538372619285 ], [ 2.43900261012961, 48.845374249152329 ], [ 2.439208598228843, 48.84535273108213 ], [ 2.43934363648179, 48.845339873707893 ], [ 2.439545517293854, 48.845320134515241 ], [ 2.439643727696138, 48.845310701680674 ] ], [ [ 2.439643727696138, 48.845310701680674 ], [ 2.439732852047865, 48.845766191450323 ], [ 2.439747066867052, 48.845838206200114 ] ], [ [ 2.438913937395075, 48.84538372619285 ], [ 2.439004253491748, 48.845854511082891 ] ], [ [ 2.439798737236994, 48.846101958332738 ], [ 2.439853336284983, 48.846346837702256 ] ], [ [ 2.439168705974045, 48.846653906646189 ], [ 2.439226587239313, 48.846973447743423 ] ], [ [ 2.439853336284983, 48.846346837702256 ], [ 2.439896194473806, 48.846543097036275 ], [ 2.439907935846075, 48.846591716993082 ] ], [ [ 2.439907935846075, 48.846591716993082 ], [ 2.439962506927354, 48.846839294123683 ], [ 2.439974132458834, 48.846898705734617 ] ], [ [ 2.439116834990259, 48.846409039807789 ], [ 2.439151785910062, 48.846580080492537 ], [ 2.439168705974045, 48.846653906646189 ] ], [ [ 2.439014553861597, 48.845910319222867 ], [ 2.439062491010297, 48.846140778142747 ] ], [ [ 2.439747066867052, 48.845838206200114 ], [ 2.439792301371516, 48.846066853467178 ] ], [ [ 2.439792301371516, 48.846066853467178 ], [ 2.439798737236994, 48.846101958332738 ] ], [ [ 2.439062491010297, 48.846140778142747 ], [ 2.439116834990259, 48.846409039807789 ] ] ] } },
{ "type": "Feature", "properties": { "fid": 214, "ID": "VOIE_NOM0000002339145481", "ID_BAN": "94080_3116", "name": "Rue de l'Eglise", "INSEE_COM": "94080", "NOM_COM": "Vincennes", "SRC_BAN": "non commune", "NOM_COLL": "R DE L'EGLISE", "TYPE_VOIE": "rue", "MOT_DIR": "Eglise", "LD_BAN": null, "ID_SUPP": "TRONROUT0000000004405740/TRONROUT0000000004405757", "INSEEDBAN": null, "COMDEL_BAN": null, "DATE_CREAT": "2023-12-08T14:04:36", "DATE_MAJ": "2024-03-14T09:02:21", "NOM_NORMA": "R DE L'EGLISE", "ID_BAN_ODO": "4c800028-f2f7-402c-b46f-6eec1fe746ed", "ID_2": "COMMUNE_0000000009736525", "INSEE_COM_2": "94080", "INSEE_CAN": "9498", "INSEE_ARR": "942", "INSEE_COL": "94D", "INSEE_DEP": "94", "INSEE_REG": "11", "POPULATION": 48368, "SUPERF_CAD": 190, "DATE_CREAT_2": "2006-08-02T08:36:54", "DATE_MAJ_2": "2025-06-20T18:27:56", "DATE_APP": null, "DATE_CONF": null, "CODE_POST": "94300", "NOM": "Vincennes", "CL_ARROND": "Non", "CL_COLLTER": "Non", "CL_DEPART": "Non", "CL_REGION": "Non", "CAPITALE": "Non", "DATE_RCT": "2022-01-01", "RECENSEUR": "INSEE", "CODE_SIREN": "219400801", "SIREN_EPCI": "200054781/200057941", "ID_CH_LIEU": "PAIHABIT0000000004274533", "ID_AUT_ADM": "SURFACTI0000000004266121", "length": 266, "other_tags": "" }, "geometry": { "type": "MultiLineString", "coordinates": [ [ [ 2.436990720116806, 48.847579002541025 ], [ 2.437443477153017, 48.847546956942814 ], [ 2.438293083671273, 48.847486195545265 ] ], [ [ 2.434687576485151, 48.847723729923608 ], [ 2.436990720116806, 48.847579002541025 ] ] ] } },
{ "type": "Feature", "properties": { "fid": 215, "ID": "VOIE_NOM0000002339145486", "ID_BAN": "94080_5160", "name": "Boulevard de la Libération", "INSEE_COM": "94080", "NOM_COM": "Vincennes", "SRC_BAN": "non commune", "NOM_COLL": "BD DE LA LIBERATION", "TYPE_VOIE": "boulevard", "MOT_DIR": "Libération", "LD_BAN": null, "ID_SUPP": "TRONROUT0000000004405048/TRONROUT0000000004405052/TRONROUT0000000004405062/TRONROUT0000000004405369/TRONROUT0000000004405370/TRONROUT0000000004405380/TRONROUT0000000004405676/TRONROUT0000000004405678/TRONROUT0000000004405683/TRONROUT0000000004405688/TRON", "INSEEDBAN": null, "COMDEL_BAN": null, "DATE_CREAT": "2023-12-08T14:04:36", "DATE_MAJ": "2024-03-14T09:02:21", "NOM_NORMA": "BD DE LA LIBERATION", "ID_BAN_ODO": "8a75311a-05b7-4400-b963-95094aa7c390", "ID_2": "COMMUNE_0000000009736525", "INSEE_COM_2": "94080", "INSEE_CAN": "9498", "INSEE_ARR": "942", "INSEE_COL": "94D", "INSEE_DEP": "94", "INSEE_REG": "11", "POPULATION": 48368, "SUPERF_CAD": 190, "DATE_CREAT_2": "2006-08-02T08:36:54", "DATE_MAJ_2": "2025-06-20T18:27:56", "DATE_APP": null, "DATE_CONF": null, "CODE_POST": "94300", "NOM": "Vincennes", "CL_ARROND": "Non", "CL_COLLTER": "Non", "CL_DEPART": "Non", "CL_REGION": "Non", "CAPITALE": "Non", "DATE_RCT": "2022-01-01", "RECENSEUR": "INSEE", "CODE_SIREN": "219400801", "SIREN_EPCI": "200054781/200057941", "ID_CH_LIEU": "PAIHABIT0000000004274533", "ID_AUT_ADM": "SURFACTI0000000004266121", "length": 976, "other_tags": "" }, "geometry": { "type": "MultiLineString", "coordinates": [ [ [ 2.450961500710523, 48.846491863093959 ], [ 2.451103550864644, 48.846460138270267 ], [ 2.451315168502249, 48.846421537541978 ], [ 2.451410805143408, 48.846397693640085 ], [ 2.451482057147548, 48.846360247601986 ] ], [ [ 2.450961500710523, 48.846491863093959 ], [ 2.451070498285667, 48.846493262601761 ], [ 2.451190434454105, 48.846491114785515 ], [ 2.451287168740576, 48.846492457840633 ], [ 2.451385189883163, 48.846501001524757 ], [ 2.451462724899821, 48.846513947955785 ], [ 2.451533380757597, 48.846533158254985 ] ], [ [ 2.449606076447477, 48.84671047287371 ], [ 2.449986885493176, 48.846651068315481 ], [ 2.450355392415459, 48.846595203431207 ], [ 2.450624353687805, 48.846546075150108 ], [ 2.450961500710523, 48.846491863093959 ] ], [ [ 2.448560883400547, 48.846842361253486 ], [ 2.448409130656976, 48.846889327288288 ], [ 2.448234165842571, 48.846940682833491 ], [ 2.448102851528791, 48.846987742736701 ], [ 2.446951817647553, 48.847461781316632 ] ], [ [ 2.449229449362889, 48.846760901965524 ], [ 2.449505092525471, 48.846724397870211 ], [ 2.449606076447477, 48.84671047287371 ] ], [ [ 2.448560883400547, 48.846842361253486 ], [ 2.448972910682262, 48.846794795366129 ], [ 2.449229449362889, 48.846760901965524 ] ], [ [ 2.445711852190564, 48.848095481040396 ], [ 2.445007048137332, 48.848634521603934 ], [ 2.444611281062543, 48.848944759358915 ], [ 2.444324022432382, 48.849174558320527 ], [ 2.444249710034374, 48.849242563697942 ] ], [ [ 2.444249710034374, 48.849242563697942 ], [ 2.444183285650392, 48.84933758614239 ], [ 2.444101392050396, 48.849477504119022 ] ], [ [ 2.444272405630097, 48.850820126367445 ], [ 2.4444907361996, 48.851815818499723 ] ], [ [ 2.44420853961451, 48.85054732728009 ], [ 2.444272405630097, 48.850820126367445 ] ], [ [ 2.444101392050396, 48.849477504119022 ], [ 2.444064264612035, 48.849636516364562 ], [ 2.444047874476508, 48.849767745127401 ], [ 2.444064054173233, 48.849911716093295 ], [ 2.444099215550363, 48.850064768716571 ] ], [ [ 2.444099215550363, 48.850064768716571 ], [ 2.44420853961451, 48.85054732728009 ] ], [ [ 2.446951817647553, 48.847461781316632 ], [ 2.446465950375613, 48.847660988839017 ], [ 2.446422155536493, 48.847678773213303 ], [ 2.446289303111603, 48.847742012297495 ], [ 2.446175708658232, 48.847788252726737 ], [ 2.445884198521779, 48.847906516527011 ] ], [ [ 2.445711852190564, 48.848095481040396 ], [ 2.445792926363318, 48.84803200277333 ], [ 2.445884198521779, 48.847906516527011 ] ] ] } },
{ "type": "Feature", "properties": { "fid": 218, "ID": "VOIE_NOM0000002339145526", "ID_BAN": "94080_5189", "name": "Cours Louis Lumière", "INSEE_COM": "94080", "NOM_COM": "Vincennes", "SRC_BAN": "non commune", "NOM_COLL": "CRS LOUIS LUMIERE", "TYPE_VOIE": "cours", "MOT_DIR": "Lumière", "LD_BAN": null, "ID_SUPP": "TRONROUT0000000004406468/TRONROUT0000000004406469/TRONROUT0000000004406471/TRONROUT0000000004406473", "INSEEDBAN": null, "COMDEL_BAN": null, "DATE_CREAT": "2023-12-08T14:04:36", "DATE_MAJ": "2024-03-14T09:02:21", "NOM_NORMA": "CRS LOUIS LUMIERE", "ID_BAN_ODO": "a540688e-dec4-40a8-9201-cb0e197d54b9", "ID_2": "COMMUNE_0000000009736525", "INSEE_COM_2": "94080", "INSEE_CAN": "9498", "INSEE_ARR": "942", "INSEE_COL": "94D", "INSEE_DEP": "94", "INSEE_REG": "11", "POPULATION": 48368, "SUPERF_CAD": 190, "DATE_CREAT_2": "2006-08-02T08:36:54", "DATE_MAJ_2": "2025-06-20T18:27:56", "DATE_APP": null, "DATE_CONF": null, "CODE_POST": "94300", "NOM": "Vincennes", "CL_ARROND": "Non", "CL_COLLTER": "Non", "CL_DEPART": "Non", "CL_REGION": "Non", "CAPITALE": "Non", "DATE_RCT": "2022-01-01", "RECENSEUR": "INSEE", "CODE_SIREN": "219400801", "SIREN_EPCI": "200054781/200057941", "ID_CH_LIEU": "PAIHABIT0000000004274533", "ID_AUT_ADM": "SURFACTI0000000004266121", "length": 190, "other_tags": "" }, "geometry": { "type": "MultiLineString", "coordinates": [ [ [ 2.431123676263526, 48.843148015426586 ], [ 2.431044563008737, 48.843155733389665 ], [ 2.430568471359753, 48.843206530124682 ], [ 2.430395217668898, 48.843225491136401 ] ], [ [ 2.428558076484545, 48.843385808486033 ], [ 2.428826755912843, 48.843362809002024 ], [ 2.429465037686829, 48.843308296032944 ] ], [ [ 2.430395217668898, 48.843225491136401 ], [ 2.430194674510361, 48.843247919339916 ] ], [ [ 2.429465037686829, 48.843308296032944 ], [ 2.430194674510361, 48.843247919339916 ] ] ] } },
{ "type": "Feature", "properties": { "fid": 220, "ID": "VOIE_NOM0000002339145584", "ID_BAN": "94080_8530", "name": "Rue Segond", "INSEE_COM": "94080", "NOM_COM": "Vincennes", "SRC_BAN": "non commune", "NOM_COLL": "R SEGOND", "TYPE_VOIE": "rue", "MOT_DIR": "Segond", "LD_BAN": null, "ID_SUPP": "TRONROUT0000000004406157", "INSEEDBAN": null, "COMDEL_BAN": null, "DATE_CREAT": "2023-12-08T14:04:36", "DATE_MAJ": "2024-03-14T09:02:21", "NOM_NORMA": "R SEGOND", "ID_BAN_ODO": "b6b259da-0a0c-4808-aed1-af6fdb17d798", "ID_2": "COMMUNE_0000000009736525", "INSEE_COM_2": "94080", "INSEE_CAN": "9498", "INSEE_ARR": "942", "INSEE_COL": "94D", "INSEE_DEP": "94", "INSEE_REG": "11", "POPULATION": 48368, "SUPERF_CAD": 190, "DATE_CREAT_2": "2006-08-02T08:36:54", "DATE_MAJ_2": "2025-06-20T18:27:56", "DATE_APP": null, "DATE_CONF": null, "CODE_POST": "94300", "NOM": "Vincennes", "CL_ARROND": "Non", "CL_COLLTER": "Non", "CL_DEPART": "Non", "CL_REGION": "Non", "CAPITALE": "Non", "DATE_RCT": "2022-01-01", "RECENSEUR": "INSEE", "CODE_SIREN": "219400801", "SIREN_EPCI": "200054781/200057941", "ID_CH_LIEU": "PAIHABIT0000000004274533", "ID_AUT_ADM": "SURFACTI0000000004266121", "length": 74, "other_tags": "" }, "geometry": { "type": "MultiLineString", "coordinates": [ [ [ 2.430895367363562, 48.845962806893475 ], [ 2.430826544084265, 48.845901323489336 ], [ 2.430760498035106, 48.845710346420482 ], [ 2.43075390131521, 48.845690529264715 ], [ 2.430651639599866, 48.845322207166575 ] ] ] } },
{ "type": "Feature", "properties": { "fid": 222, "ID": "VOIE_NOM0000002339145645", "ID_BAN": "94080_4181", "name": "Rue Guynemer", "INSEE_COM": "94080", "NOM_COM": "Vincennes", "SRC_BAN": "non commune", "NOM_COLL": "R GUYNEMER", "TYPE_VOIE": "rue", "MOT_DIR": "Guynemer", "LD_BAN": null, "ID_SUPP": "TRONROUT0000000004405043/TRONROUT0000000004405044/TRONROUT0000000004405375", "INSEEDBAN": null, "COMDEL_BAN": null, "DATE_CREAT": "2023-12-08T14:04:36", "DATE_MAJ": "2024-03-14T09:02:21", "NOM_NORMA": "R GUYNEMER", "ID_BAN_ODO": "985dd703-0017-4e7f-9257-a3840591861a", "ID_2": "COMMUNE_0000000009736525", "INSEE_COM_2": "94080", "INSEE_CAN": "9498", "INSEE_ARR": "942", "INSEE_COL": "94D", "INSEE_DEP": "94", "INSEE_REG": "11", "POPULATION": 48368, "SUPERF_CAD": 190, "DATE_CREAT_2": "2006-08-02T08:36:54", "DATE_MAJ_2": "2025-06-20T18:27:56", "DATE_APP": null, "DATE_CONF": null, "CODE_POST": "94300", "NOM": "Vincennes", "CL_ARROND": "Non", "CL_COLLTER": "Non", "CL_DEPART": "Non", "CL_REGION": "Non", "CAPITALE": "Non", "DATE_RCT": "2022-01-01", "RECENSEUR": "INSEE", "CODE_SIREN": "219400801", "SIREN_EPCI": "200054781/200057941", "ID_CH_LIEU": "PAIHABIT0000000004274533", "ID_AUT_ADM": "SURFACTI0000000004266121", "length": 163, "other_tags": "" }, "geometry": { "type": "MultiLineString", "coordinates": [ [ [ 2.447867048688224, 48.850980663870075 ], [ 2.447633161472768, 48.850289784633084 ] ], [ [ 2.447595226065787, 48.850140317713034 ], [ 2.447525492342225, 48.849905265845578 ], [ 2.447436692348507, 48.849540619636628 ] ], [ [ 2.447633161472768, 48.850289784633084 ], [ 2.447595226065787, 48.850140317713034 ] ] ] } },
{ "type": "Feature", "properties": { "fid": 228, "ID": "VOIE_NOM0000002339145804", "ID_BAN": "94080_2517", "name": "Square Daumesnil", "INSEE_COM": "94080", "NOM_COM": "Vincennes", "SRC_BAN": "non commune", "NOM_COLL": "SQ DAUMESNIL", "TYPE_VOIE": "square", "MOT_DIR": "Daumesnil", "LD_BAN": null, "ID_SUPP": "TRONROUT0000000315768268", "INSEEDBAN": null, "COMDEL_BAN": null, "DATE_CREAT": "2023-12-08T14:04:36", "DATE_MAJ": "2024-03-14T09:02:21", "NOM_NORMA": "SQ DAUMESNIL", "ID_BAN_ODO": "666dc2f9-8d09-435d-9d6b-af3cf7d047d1", "ID_2": "COMMUNE_0000000009736525", "INSEE_COM_2": "94080", "INSEE_CAN": "9498", "INSEE_ARR": "942", "INSEE_COL": "94D", "INSEE_DEP": "94", "INSEE_REG": "11", "POPULATION": 48368, "SUPERF_CAD": 190, "DATE_CREAT_2": "2006-08-02T08:36:54", "DATE_MAJ_2": "2025-06-20T18:27:56", "DATE_APP": null, "DATE_CONF": null, "CODE_POST": "94300", "NOM": "Vincennes", "CL_ARROND": "Non", "CL_COLLTER": "Non", "CL_DEPART": "Non", "CL_REGION": "Non", "CAPITALE": "Non", "DATE_RCT": "2022-01-01", "RECENSEUR": "INSEE", "CODE_SIREN": "219400801", "SIREN_EPCI": "200054781/200057941", "ID_CH_LIEU": "PAIHABIT0000000004274533", "ID_AUT_ADM": "SURFACTI0000000004266121", "length": 132, "other_tags": "" }, "geometry": { "type": "MultiLineString", "coordinates": [ [ [ 2.437177891599124, 48.85043621843792 ], [ 2.437146249965612, 48.850085323528752 ], [ 2.437525259552407, 48.850070018269825 ], [ 2.437448417337801, 48.849487778039197 ] ] ] } },
{ "type": "Feature", "properties": { "fid": 229, "ID": "VOIE_NOM0000002339145810", "ID_BAN": "94080_7128", "name": "Avenue du Petit Parc", "INSEE_COM": "94080", "NOM_COM": "Vincennes", "SRC_BAN": "non commune", "NOM_COLL": "AV DU PETIT PARC", "TYPE_VOIE": "avenue", "MOT_DIR": "Parc", "LD_BAN": null, "ID_SUPP": "TRONROUT0000000004406158/TRONROUT0000000004406467/TRONROUT0000000004406475/TRONROUT0000000004406485/TRONROUT0000000004406725/TRONROUT0000000004406726/TRONROUT0000000226919804", "INSEEDBAN": null, "COMDEL_BAN": null, "DATE_CREAT": "2023-12-08T14:04:36", "DATE_MAJ": "2024-03-14T09:02:21", "NOM_NORMA": "AV DU PETIT PARC", "ID_BAN_ODO": "178bc34f-0d33-489c-b49e-1acbd91ed92f", "ID_2": "COMMUNE_0000000009736525", "INSEE_COM_2": "94080", "INSEE_CAN": "9498", "INSEE_ARR": "942", "INSEE_COL": "94D", "INSEE_DEP": "94", "INSEE_REG": "11", "POPULATION": 48368, "SUPERF_CAD": 190, "DATE_CREAT_2": "2006-08-02T08:36:54", "DATE_MAJ_2": "2025-06-20T18:27:56", "DATE_APP": null, "DATE_CONF": null, "CODE_POST": "94300", "NOM": "Vincennes", "CL_ARROND": "Non", "CL_COLLTER": "Non", "CL_DEPART": "Non", "CL_REGION": "Non", "CAPITALE": "Non", "DATE_RCT": "2022-01-01", "RECENSEUR": "INSEE", "CODE_SIREN": "219400801", "SIREN_EPCI": "200054781/200057941", "ID_CH_LIEU": "PAIHABIT0000000004274533", "ID_AUT_ADM": "SURFACTI0000000004266121", "length": 444, "other_tags": "" }, "geometry": { "type": "MultiLineString", "coordinates": [ [ [ 2.428244744502208, 48.841517248507472 ], [ 2.428297676525868, 48.841908721562881 ] ], [ [ 2.428297676525868, 48.841908721562881 ], [ 2.42833812881618, 48.842195809514372 ] ], [ [ 2.42833812881618, 48.842195809514372 ], [ 2.428384831748298, 48.842534190527068 ] ], [ [ 2.428819826247601, 48.84548705070511 ], [ 2.428736216181375, 48.844910165801515 ] ], [ [ 2.428736216181375, 48.844910165801515 ], [ 2.428622273557697, 48.84411729059731 ] ], [ [ 2.428384831748298, 48.842534190527068 ], [ 2.428503032311578, 48.843310899064143 ], [ 2.428558076484545, 48.843385808486033 ] ], [ [ 2.428558076484545, 48.843385808486033 ], [ 2.428537374393255, 48.843534103183202 ], [ 2.428622273557697, 48.84411729059731 ] ] ] } },
{ "type": "Feature", "properties": { "fid": 234, "ID": "VOIE_NOM0000002339145869", "ID_BAN": "94080_3538", "name": "Allée Félix Nadar", "INSEE_COM": "94080", "NOM_COM": "Vincennes", "SRC_BAN": "non commune", "NOM_COLL": "ALL FELIX NADAR", "TYPE_VOIE": "allée", "MOT_DIR": "Nadar", "LD_BAN": null, "ID_SUPP": "TRONROUT0000000315768257", "INSEEDBAN": null, "COMDEL_BAN": null, "DATE_CREAT": "2023-12-08T14:04:36", "DATE_MAJ": "2024-03-14T09:02:21", "NOM_NORMA": "ALL FELIX NADAR", "ID_BAN_ODO": "fa195cd1-2ca8-4ce2-97c6-e5c36da1eee7", "ID_2": "COMMUNE_0000000009736525", "INSEE_COM_2": "94080", "INSEE_CAN": "9498", "INSEE_ARR": "942", "INSEE_COL": "94D", "INSEE_DEP": "94", "INSEE_REG": "11", "POPULATION": 48368, "SUPERF_CAD": 190, "DATE_CREAT_2": "2006-08-02T08:36:54", "DATE_MAJ_2": "2025-06-20T18:27:56", "DATE_APP": null, "DATE_CONF": null, "CODE_POST": "94300", "NOM": "Vincennes", "CL_ARROND": "Non", "CL_COLLTER": "Non", "CL_DEPART": "Non", "CL_REGION": "Non", "CAPITALE": "Non", "DATE_RCT": "2022-01-01", "RECENSEUR": "INSEE", "CODE_SIREN": "219400801", "SIREN_EPCI": "200054781/200057941", "ID_CH_LIEU": "PAIHABIT0000000004274533", "ID_AUT_ADM": "SURFACTI0000000004266121", "length": 58, "other_tags": "" }, "geometry": { "type": "MultiLineString", "coordinates": [ [ [ 2.429276889588152, 48.842447614739498 ], [ 2.429388421116081, 48.842963477546839 ] ] ] } },
{ "type": "Feature", "properties": { "fid": 235, "ID": "VOIE_NOM0000002339145874", "ID_BAN": "94080_9645", "name": "Rue Villebois Mareuil", "INSEE_COM": "94080", "NOM_COM": "Vincennes", "SRC_BAN": "non commune", "NOM_COLL": "R VILLEBOIS-MAREUIL", "TYPE_VOIE": "rue", "MOT_DIR": "Mareuil", "LD_BAN": null, "ID_SUPP": "TRONROUT0000000004405747/TRONROUT0000000004405761", "INSEEDBAN": null, "COMDEL_BAN": null, "DATE_CREAT": "2023-12-08T14:04:36", "DATE_MAJ": "2024-03-14T09:02:21", "NOM_NORMA": "R VILLEBOIS MAREUIL", "ID_BAN_ODO": "e14173dd-4cef-4469-a390-ccdbc7b79aec", "ID_2": "COMMUNE_0000000009736525", "INSEE_COM_2": "94080", "INSEE_CAN": "9498", "INSEE_ARR": "942", "INSEE_COL": "94D", "INSEE_DEP": "94", "INSEE_REG": "11", "POPULATION": 48368, "SUPERF_CAD": 190, "DATE_CREAT_2": "2006-08-02T08:36:54", "DATE_MAJ_2": "2025-06-20T18:27:56", "DATE_APP": null, "DATE_CONF": null, "CODE_POST": "94300", "NOM": "Vincennes", "CL_ARROND": "Non", "CL_COLLTER": "Non", "CL_DEPART": "Non", "CL_REGION": "Non", "CAPITALE": "Non", "DATE_RCT": "2022-01-01", "RECENSEUR": "INSEE", "CODE_SIREN": "219400801", "SIREN_EPCI": "200054781/200057941", "ID_CH_LIEU": "PAIHABIT0000000004274533", "ID_AUT_ADM": "SURFACTI0000000004266121", "length": 146, "other_tags": "" }, "geometry": { "type": "MultiLineString", "coordinates": [ [ [ 2.43467790723369, 48.846353971623415 ], [ 2.433636673601095, 48.84649474203993 ] ], [ [ 2.433636673601095, 48.84649474203993 ], [ 2.432733046105757, 48.846637055295346 ] ] ] } },
{ "type": "Feature", "properties": { "fid": 251, "ID": "VOIE_NOM0000002339146328", "ID_BAN": "94080_9630", "name": "Rue Victor Basch", "INSEE_COM": "94080", "NOM_COM": "Vincennes", "SRC_BAN": "non commune", "NOM_COLL": "R VICTOR BASCH", "TYPE_VOIE": "rue", "MOT_DIR": "Basch", "LD_BAN": null, "ID_SUPP": "TRONROUT0000000004405411/TRONROUT0000000004405773/TRONROUT0000000004405774/TRONROUT0000000004405776/TRONROUT0000000004405792/TRONROUT0000000205146268/TRONROUT0000000240161566/TRONROUT0000000240161567/TRONROUT0000000240162210", "INSEEDBAN": null, "COMDEL_BAN": null, "DATE_CREAT": "2023-12-08T14:04:36", "DATE_MAJ": "2024-03-14T09:02:21", "NOM_NORMA": "R VICTOR BASCH", "ID_BAN_ODO": "0202208c-4ce7-4b0b-a1eb-eabc2d9074fb", "ID_2": "COMMUNE_0000000009736525", "INSEE_COM_2": "94080", "INSEE_CAN": "9498", "INSEE_ARR": "942", "INSEE_COL": "94D", "INSEE_DEP": "94", "INSEE_REG": "11", "POPULATION": 48368, "SUPERF_CAD": 190, "DATE_CREAT_2": "2006-08-02T08:36:54", "DATE_MAJ_2": "2025-06-20T18:27:56", "DATE_APP": null, "DATE_CONF": null, "CODE_POST": "94300", "NOM": "Vincennes", "CL_ARROND": "Non", "CL_COLLTER": "Non", "CL_DEPART": "Non", "CL_REGION": "Non", "CAPITALE": "Non", "DATE_RCT": "2022-01-01", "RECENSEUR": "INSEE", "CODE_SIREN": "219400801", "SIREN_EPCI": "200054781/200057941", "ID_CH_LIEU": "PAIHABIT0000000004274533", "ID_AUT_ADM": "SURFACTI0000000004266121", "length": 338, "other_tags": "" }, "geometry": { "type": "MultiLineString", "coordinates": [ [ [ 2.428018182418623, 48.846766597390584 ], [ 2.428167493593062, 48.846571252292051 ], [ 2.428315569313511, 48.846364209489046 ], [ 2.428340431191274, 48.846333750294143 ], [ 2.428376243003779, 48.84629884664826 ], [ 2.42841725850012, 48.846286451672384 ], [ 2.428552331416837, 48.846270908572407 ] ], [ [ 2.428018182418623, 48.846766597390584 ], [ 2.427801204294372, 48.847043459719281 ] ], [ [ 2.427754263654981, 48.847098995045272 ], [ 2.427801204294372, 48.847043459719281 ] ], [ [ 2.426426116826446, 48.84879061091857 ], [ 2.426435751031234, 48.848905774019705 ] ], [ [ 2.427316300626516, 48.847644604810299 ], [ 2.42745318549046, 48.847464490233705 ] ], [ [ 2.427316300626516, 48.847644604810299 ], [ 2.426936181897231, 48.848133830687274 ], [ 2.426861571356917, 48.848227005838879 ], [ 2.426636286446145, 48.848514618171144 ], [ 2.426426116826446, 48.84879061091857 ] ], [ [ 2.42745318549046, 48.847464490233705 ], [ 2.427565068341755, 48.847327424751199 ] ], [ [ 2.427609215034356, 48.847278171606398 ], [ 2.427754263654981, 48.847098995045272 ] ], [ [ 2.427609215034356, 48.847278171606398 ], [ 2.427565068341755, 48.847327424751199 ] ] ] } },
{ "type": "Feature", "properties": { "fid": 266, "ID": "VOIE_NOM0000002339146617", "ID_BAN": "94080_5120", "name": "Villa Lamarre", "INSEE_COM": "94080", "NOM_COM": "Vincennes", "SRC_BAN": "non commune", "NOM_COLL": "VLA LAMARRE", "TYPE_VOIE": "villa", "MOT_DIR": "Lamarre", "LD_BAN": null, "ID_SUPP": "TRONROUT0000000004405388", "INSEEDBAN": null, "COMDEL_BAN": null, "DATE_CREAT": "2023-12-08T14:04:36", "DATE_MAJ": "2024-03-14T09:02:21", "NOM_NORMA": "VLA LAMARRE", "ID_BAN_ODO": "14996c66-011b-4213-8410-76a758dc9265", "ID_2": "COMMUNE_0000000009736525", "INSEE_COM_2": "94080", "INSEE_CAN": "9498", "INSEE_ARR": "942", "INSEE_COL": "94D", "INSEE_DEP": "94", "INSEE_REG": "11", "POPULATION": 48368, "SUPERF_CAD": 190, "DATE_CREAT_2": "2006-08-02T08:36:54", "DATE_MAJ_2": "2025-06-20T18:27:56", "DATE_APP": null, "DATE_CONF": null, "CODE_POST": "94300", "NOM": "Vincennes", "CL_ARROND": "Non", "CL_COLLTER": "Non", "CL_DEPART": "Non", "CL_REGION": "Non", "CAPITALE": "Non", "DATE_RCT": "2022-01-01", "RECENSEUR": "INSEE", "CODE_SIREN": "219400801", "SIREN_EPCI": "200054781/200057941", "ID_CH_LIEU": "PAIHABIT0000000004274533", "ID_AUT_ADM": "SURFACTI0000000004266121", "length": 98, "other_tags": "" }, "geometry": { "type": "MultiLineString", "coordinates": [ [ [ 2.442349590095293, 48.848523236386882 ], [ 2.44231108572309, 48.848683141178327 ], [ 2.442224419239159, 48.849395921290501 ] ] ] } },
{ "type": "Feature", "properties": { "fid": 270, "ID": "VOIE_NOM0000002339146720", "ID_BAN": "94080_4123", "name": "Rue Georges Lamouret", "INSEE_COM": "94080", "NOM_COM": "Vincennes", "SRC_BAN": "non commune", "NOM_COLL": "R GEORGES LAMOURET", "TYPE_VOIE": "rue", "MOT_DIR": "Lamouret", "LD_BAN": null, "ID_SUPP": "TRONROUT0000000004405036", "INSEEDBAN": null, "COMDEL_BAN": null, "DATE_CREAT": "2023-12-08T14:04:36", "DATE_MAJ": "2024-03-14T09:02:21", "NOM_NORMA": "R GEORGES LAMOURET", "ID_BAN_ODO": "5080a135-844a-4a78-8439-49782e16c6f8", "ID_2": "COMMUNE_0000000009736525", "INSEE_COM_2": "94080", "INSEE_CAN": "9498", "INSEE_ARR": "942", "INSEE_COL": "94D", "INSEE_DEP": "94", "INSEE_REG": "11", "POPULATION": 48368, "SUPERF_CAD": 190, "DATE_CREAT_2": "2006-08-02T08:36:54", "DATE_MAJ_2": "2025-06-20T18:27:56", "DATE_APP": null, "DATE_CONF": null, "CODE_POST": "94300", "NOM": "Vincennes", "CL_ARROND": "Non", "CL_COLLTER": "Non", "CL_DEPART": "Non", "CL_REGION": "Non", "CAPITALE": "Non", "DATE_RCT": "2022-01-01", "RECENSEUR": "INSEE", "CODE_SIREN": "219400801", "SIREN_EPCI": "200054781/200057941", "ID_CH_LIEU": "PAIHABIT0000000004274533", "ID_AUT_ADM": "SURFACTI0000000004266121", "length": 62, "other_tags": "" }, "geometry": { "type": "MultiLineString", "coordinates": [ [ [ 2.451650903585284, 48.849997990577293 ], [ 2.451949295538698, 48.85052097941827 ] ] ] } },
{ "type": "Feature", "properties": { "fid": 273, "ID": "VOIE_NOM0000002339146775", "ID_BAN": "94080_6660", "name": "Avenue de Nogent", "INSEE_COM": "94080", "NOM_COM": "Vincennes", "SRC_BAN": "non commune", "NOM_COLL": "AV DE NOGENT", "TYPE_VOIE": "avenue", "MOT_DIR": "Nogent", "LD_BAN": null, "ID_SUPP": "TRONROUT0000000000198302/TRONROUT0000000000198303/TRONROUT0000000000198311/TRONROUT0000000000198312/TRONROUT0000000240306350/TRONROUT0000000356901137", "INSEEDBAN": null, "COMDEL_BAN": null, "DATE_CREAT": "2023-12-08T14:04:36", "DATE_MAJ": "2024-03-14T09:02:21", "NOM_NORMA": "AV DE NOGENT", "ID_BAN_ODO": "5f33c9b9-0495-4fd4-a93a-b11d5257db58", "ID_2": "COMMUNE_0000000009736525", "INSEE_COM_2": "94080", "INSEE_CAN": "9498", "INSEE_ARR": "942", "INSEE_COL": "94D", "INSEE_DEP": "94", "INSEE_REG": "11", "POPULATION": 48368, "SUPERF_CAD": 190, "DATE_CREAT_2": "2006-08-02T08:36:54", "DATE_MAJ_2": "2025-06-20T18:27:56", "DATE_APP": null, "DATE_CONF": null, "CODE_POST": "94300", "NOM": "Vincennes", "CL_ARROND": "Non", "CL_COLLTER": "Non", "CL_DEPART": "Non", "CL_REGION": "Non", "CAPITALE": "Non", "DATE_RCT": "2022-01-01", "RECENSEUR": "INSEE", "CODE_SIREN": "219400801", "SIREN_EPCI": "200054781/200057941", "ID_CH_LIEU": "PAIHABIT0000000004274533", "ID_AUT_ADM": "SURFACTI0000000004266121", "length": 130, "other_tags": "" }, "geometry": { "type": "MultiLineString", "coordinates": [ [ [ 2.440519707011924, 48.844439731022362 ], [ 2.440334247985238, 48.844453253208819 ] ], [ [ 2.440334247985238, 48.844453253208819 ], [ 2.440171951937438, 48.844466883502214 ] ], [ [ 2.438767196121514, 48.844585311773912 ], [ 2.439488703517968, 48.844521242882188 ] ], [ [ 2.439713724857317, 48.844503410529619 ], [ 2.439488703517968, 48.844521242882188 ] ], [ [ 2.440171951937438, 48.844466883502214 ], [ 2.439994658265582, 48.844481342725835 ] ], [ [ 2.439994658265582, 48.844481342725835 ], [ 2.439713724857317, 48.844503410529619 ] ] ] } },
{ "type": "Feature", "properties": { "fid": 275, "ID": "VOIE_NOM0000002339146811", "ID_BAN": "94080_4150", "name": "Rue Gounod", "INSEE_COM": "94080", "NOM_COM": "Vincennes", "SRC_BAN": "non commune", "NOM_COLL": "R GOUNOD", "TYPE_VOIE": "rue", "MOT_DIR": "Gounod", "LD_BAN": null, "ID_SUPP": "TRONROUT0000000004405024", "INSEEDBAN": null, "COMDEL_BAN": null, "DATE_CREAT": "2023-12-08T14:04:36", "DATE_MAJ": "2024-03-14T09:02:21", "NOM_NORMA": "R GOUNOD", "ID_BAN_ODO": "862fcf4c-bd5f-4b90-8cb8-3af35a522f67", "ID_2": "COMMUNE_0000000009736522", "INSEE_COM_2": "94033", "INSEE_CAN": "9409", "INSEE_ARR": "942", "INSEE_COL": "94D", "INSEE_DEP": "94", "INSEE_REG": "11", "POPULATION": 52646, "SUPERF_CAD": 560, "DATE_CREAT_2": "2006-08-02T08:36:54", "DATE_MAJ_2": "2025-06-20T18:27:56", "DATE_APP": null, "DATE_CONF": null, "CODE_POST": "94120", "NOM": "Fontenay-sous-Bois", "CL_ARROND": "Non", "CL_COLLTER": "Non", "CL_DEPART": "Non", "CL_REGION": "Non", "CAPITALE": "Non", "DATE_RCT": "2022-01-01", "RECENSEUR": "INSEE", "CODE_SIREN": "219400330", "SIREN_EPCI": "200054781/200057941", "ID_CH_LIEU": "PAIHABIT0000000004274526", "ID_AUT_ADM": "SURFACTI0000000004266119", "length": 35, "other_tags": "" }, "geometry": { "type": "MultiLineString", "coordinates": [ [ [ 2.452393286116065, 48.850416889301329 ], [ 2.451949295538698, 48.85052097941827 ] ] ] } },
{ "type": "Feature", "properties": { "fid": 276, "ID": "VOIE_NOM0000002339146811", "ID_BAN": "94080_4150", "name": "Rue Gounod", "INSEE_COM": "94080", "NOM_COM": "Vincennes", "SRC_BAN": "non commune", "NOM_COLL": "R GOUNOD", "TYPE_VOIE": "rue", "MOT_DIR": "Gounod", "LD_BAN": null, "ID_SUPP": "TRONROUT0000000004405024", "INSEEDBAN": null, "COMDEL_BAN": null, "DATE_CREAT": "2023-12-08T14:04:36", "DATE_MAJ": "2024-03-14T09:02:21", "NOM_NORMA": "R GOUNOD", "ID_BAN_ODO": "862fcf4c-bd5f-4b90-8cb8-3af35a522f67", "ID_2": "COMMUNE_0000000009736525", "INSEE_COM_2": "94080", "INSEE_CAN": "9498", "INSEE_ARR": "942", "INSEE_COL": "94D", "INSEE_DEP": "94", "INSEE_REG": "11", "POPULATION": 48368, "SUPERF_CAD": 190, "DATE_CREAT_2": "2006-08-02T08:36:54", "DATE_MAJ_2": "2025-06-20T18:27:56", "DATE_APP": null, "DATE_CONF": null, "CODE_POST": "94300", "NOM": "Vincennes", "CL_ARROND": "Non", "CL_COLLTER": "Non", "CL_DEPART": "Non", "CL_REGION": "Non", "CAPITALE": "Non", "DATE_RCT": "2022-01-01", "RECENSEUR": "INSEE", "CODE_SIREN": "219400801", "SIREN_EPCI": "200054781/200057941", "ID_CH_LIEU": "PAIHABIT0000000004274533", "ID_AUT_ADM": "SURFACTI0000000004266121", "length": 35, "other_tags": "" }, "geometry": { "type": "MultiLineString", "coordinates": [ [ [ 2.452393286116065, 48.850416889301329 ], [ 2.451949295538698, 48.85052097941827 ] ] ] } },
{ "type": "Feature", "properties": { "fid": 280, "ID": "VOIE_NOM0000002339146921", "ID_BAN": "94080_7130", "name": "Avenue Pierre Brossolette", "INSEE_COM": "94080", "NOM_COM": "Vincennes", "SRC_BAN": "non commune", "NOM_COLL": "AV PIERRE BROSSOLETTE", "TYPE_VOIE": "avenue", "MOT_DIR": "Brossolette", "LD_BAN": null, "ID_SUPP": "TRONROUT0000000004405699/TRONROUT0000000004405723/TRONROUT0000000315768269", "INSEEDBAN": null, "COMDEL_BAN": null, "DATE_CREAT": "2023-12-08T14:04:36", "DATE_MAJ": "2024-03-14T09:02:21", "NOM_NORMA": "AV PIERRE BROSSOLETTE", "ID_BAN_ODO": "4eae23bf-ef6b-4ff5-8c50-f9ad36ea94ab", "ID_2": "COMMUNE_0000000009736525", "INSEE_COM_2": "94080", "INSEE_CAN": "9498", "INSEE_ARR": "942", "INSEE_COL": "94D", "INSEE_DEP": "94", "INSEE_REG": "11", "POPULATION": 48368, "SUPERF_CAD": 190, "DATE_CREAT_2": "2006-08-02T08:36:54", "DATE_MAJ_2": "2025-06-20T18:27:56", "DATE_APP": null, "DATE_CONF": null, "CODE_POST": "94300", "NOM": "Vincennes", "CL_ARROND": "Non", "CL_COLLTER": "Non", "CL_DEPART": "Non", "CL_REGION": "Non", "CAPITALE": "Non", "DATE_RCT": "2022-01-01", "RECENSEUR": "INSEE", "CODE_SIREN": "219400801", "SIREN_EPCI": "200054781/200057941", "ID_CH_LIEU": "PAIHABIT0000000004274533", "ID_AUT_ADM": "SURFACTI0000000004266121", "length": 585, "other_tags": "" }, "geometry": { "type": "MultiLineString", "coordinates": [ [ [ 2.439974132458834, 48.846898705734617 ], [ 2.440726382779706, 48.846893231107885 ], [ 2.441515615819629, 48.846869937370656 ], [ 2.442617055851188, 48.846831905047594 ], [ 2.444218835244392, 48.846771006125344 ], [ 2.445582243199647, 48.846700887213402 ], [ 2.446799983873749, 48.846617488396191 ] ], [ [ 2.447919814320701, 48.846514739050541 ], [ 2.446996349648177, 48.846604006599627 ] ], [ [ 2.446996349648177, 48.846604006599627 ], [ 2.446799983873749, 48.846617488396191 ] ] ] } },
{ "type": "Feature", "properties": { "fid": 281, "ID": "VOIE_NOM0000002339146927", "ID_BAN": "94080_6125", "name": "Rue de la Marseillaise", "INSEE_COM": "94080", "NOM_COM": "Vincennes", "SRC_BAN": "non commune", "NOM_COLL": "R DE LA MARSEILLAISE", "TYPE_VOIE": "rue", "MOT_DIR": "Marseillaise", "LD_BAN": null, "ID_SUPP": "TRONROUT0000000004405064/TRONROUT0000000004405074", "INSEEDBAN": null, "COMDEL_BAN": null, "DATE_CREAT": "2023-12-08T14:04:36", "DATE_MAJ": "2024-03-14T09:02:21", "NOM_NORMA": "R DE LA MARSEILLAISE", "ID_BAN_ODO": "2086fc4c-62cc-4863-9246-aa1eb25a45c7", "ID_2": "COMMUNE_0000000009736525", "INSEE_COM_2": "94080", "INSEE_CAN": "9498", "INSEE_ARR": "942", "INSEE_COL": "94D", "INSEE_DEP": "94", "INSEE_REG": "11", "POPULATION": 48368, "SUPERF_CAD": 190, "DATE_CREAT_2": "2006-08-02T08:36:54", "DATE_MAJ_2": "2025-06-20T18:27:56", "DATE_APP": null, "DATE_CONF": null, "CODE_POST": "94300", "NOM": "Vincennes", "CL_ARROND": "Non", "CL_COLLTER": "Non", "CL_DEPART": "Non", "CL_REGION": "Non", "CAPITALE": "Non", "DATE_RCT": "2022-01-01", "RECENSEUR": "INSEE", "CODE_SIREN": "219400801", "SIREN_EPCI": "200054781/200057941", "ID_CH_LIEU": "PAIHABIT0000000004274533", "ID_AUT_ADM": "SURFACTI0000000004266121", "length": 226, "other_tags": "" }, "geometry": { "type": "MultiLineString", "coordinates": [ [ [ 2.442853783239747, 48.850053579638491 ], [ 2.441015634021372, 48.850035113170819 ] ], [ [ 2.444099215550363, 48.850064768716571 ], [ 2.442853783239747, 48.850053579638491 ] ] ] } },
{ "type": "Feature", "properties": { "fid": 284, "ID": "VOIE_NOM0000002339146982", "ID_BAN": "94080_4650", "name": "Rue de l'Industrie", "INSEE_COM": "94080", "NOM_COM": "Vincennes", "SRC_BAN": "non commune", "NOM_COLL": "R DE L'INDUSTRIE", "TYPE_VOIE": "rue", "MOT_DIR": "Industrie", "LD_BAN": null, "ID_SUPP": "TRONROUT0000000004405681/TRONROUT0000000315768272/TRONROUT0000002488137453", "INSEEDBAN": null, "COMDEL_BAN": null, "DATE_CREAT": "2023-12-08T14:04:36", "DATE_MAJ": "2025-01-31T08:39:00", "NOM_NORMA": "R DE L'INDUSTRIE", "ID_BAN_ODO": "1fa7c902-bc24-4513-acc6-301870651142", "ID_2": "COMMUNE_0000000009736525", "INSEE_COM_2": "94080", "INSEE_CAN": "9498", "INSEE_ARR": "942", "INSEE_COL": "94D", "INSEE_DEP": "94", "INSEE_REG": "11", "POPULATION": 48368, "SUPERF_CAD": 190, "DATE_CREAT_2": "2006-08-02T08:36:54", "DATE_MAJ_2": "2025-06-20T18:27:56", "DATE_APP": null, "DATE_CONF": null, "CODE_POST": "94300", "NOM": "Vincennes", "CL_ARROND": "Non", "CL_COLLTER": "Non", "CL_DEPART": "Non", "CL_REGION": "Non", "CAPITALE": "Non", "DATE_RCT": "2022-01-01", "RECENSEUR": "INSEE", "CODE_SIREN": "219400801", "SIREN_EPCI": "200054781/200057941", "ID_CH_LIEU": "PAIHABIT0000000004274533", "ID_AUT_ADM": "SURFACTI0000000004266121", "length": 131, "other_tags": "" }, "geometry": { "type": "MultiLineString", "coordinates": [ [ [ 2.451178364010843, 48.848154857149687 ], [ 2.451126214606429, 48.848189692547564 ] ], [ [ 2.451234620177652, 48.848118241865997 ], [ 2.451178364010843, 48.848154857149687 ] ], [ [ 2.45268557565893, 48.847629346587645 ], [ 2.451234620177652, 48.848118241865997 ] ] ] } },
{ "type": "Feature", "properties": { "fid": 286, "ID": "VOIE_NOM0000002339147042", "ID_BAN": "94080_1440", "name": "Avenue du Château", "INSEE_COM": "94080", "NOM_COM": "Vincennes", "SRC_BAN": "non commune", "NOM_COLL": "AV DU CHATEAU", "TYPE_VOIE": "avenue", "MOT_DIR": "Château", "LD_BAN": null, "ID_SUPP": "TRONROUT0000000004405397/TRONROUT0000000004405736/TRONROUT0000000004405738/TRONROUT0000000004406120/TRONROUT0000000004406121/TRONROUT0000000054778251", "INSEEDBAN": null, "COMDEL_BAN": null, "DATE_CREAT": "2023-12-08T14:04:36", "DATE_MAJ": "2024-03-14T09:02:21", "NOM_NORMA": "AV DU CHATEAU", "ID_BAN_ODO": "83471d74-fbb8-4ee7-a98a-61b938eb44cd", "ID_2": "COMMUNE_0000000009736525", "INSEE_COM_2": "94080", "INSEE_CAN": "9498", "INSEE_ARR": "942", "INSEE_COL": "94D", "INSEE_DEP": "94", "INSEE_REG": "11", "POPULATION": 48368, "SUPERF_CAD": 190, "DATE_CREAT_2": "2006-08-02T08:36:54", "DATE_MAJ_2": "2025-06-20T18:27:56", "DATE_APP": null, "DATE_CONF": null, "CODE_POST": "94300", "NOM": "Vincennes", "CL_ARROND": "Non", "CL_COLLTER": "Non", "CL_DEPART": "Non", "CL_REGION": "Non", "CAPITALE": "Non", "DATE_RCT": "2022-01-01", "RECENSEUR": "INSEE", "CODE_SIREN": "219400801", "SIREN_EPCI": "200054781/200057941", "ID_CH_LIEU": "PAIHABIT0000000004274533", "ID_AUT_ADM": "SURFACTI0000000004266121", "length": 507, "other_tags": "" }, "geometry": { "type": "MultiLineString", "coordinates": [ [ [ 2.436429328772785, 48.844803656503004 ], [ 2.436589135472322, 48.84565070037322 ] ], [ [ 2.436589135472322, 48.84565070037322 ], [ 2.43672720252664, 48.846366335617894 ] ], [ [ 2.437129293181484, 48.848248771539446 ], [ 2.437333024550743, 48.849320855759039 ] ], [ [ 2.437129293181484, 48.848248771539446 ], [ 2.436990720116806, 48.847579002541025 ] ], [ [ 2.43672720252664, 48.846366335617894 ], [ 2.436907895207122, 48.847173005348246 ] ], [ [ 2.436990720116806, 48.847579002541025 ], [ 2.436907895207122, 48.847173005348246 ] ] ] } },
{ "type": "Feature", "properties": { "fid": 292, "ID": "VOIE_NOM0000002339147111", "ID_BAN": "94080_6150", "name": "Rue du Midi", "INSEE_COM": "94080", "NOM_COM": "Vincennes", "SRC_BAN": "non commune", "NOM_COLL": "R DU MIDI", "TYPE_VOIE": "rue", "MOT_DIR": "Midi", "LD_BAN": null, "ID_SUPP": "TRONROUT0000000004405734/TRONROUT0000000004405739/TRONROUT0000000004405748/TRONROUT0000000004405751", "INSEEDBAN": null, "COMDEL_BAN": null, "DATE_CREAT": "2023-12-08T14:04:36", "DATE_MAJ": "2024-03-14T09:02:21", "NOM_NORMA": "R DU MIDI", "ID_BAN_ODO": "6dda7925-565f-4fd7-8197-e30bfc6884b0", "ID_2": "COMMUNE_0000000009736525", "INSEE_COM_2": "94080", "INSEE_CAN": "9498", "INSEE_ARR": "942", "INSEE_COL": "94D", "INSEE_DEP": "94", "INSEE_REG": "11", "POPULATION": 48368, "SUPERF_CAD": 190, "DATE_CREAT_2": "2006-08-02T08:36:54", "DATE_MAJ_2": "2025-06-20T18:27:56", "DATE_APP": null, "DATE_CONF": null, "CODE_POST": "94300", "NOM": "Vincennes", "CL_ARROND": "Non", "CL_COLLTER": "Non", "CL_DEPART": "Non", "CL_REGION": "Non", "CAPITALE": "Non", "DATE_RCT": "2022-01-01", "RECENSEUR": "INSEE", "CODE_SIREN": "219400801", "SIREN_EPCI": "200054781/200057941", "ID_CH_LIEU": "PAIHABIT0000000004274533", "ID_AUT_ADM": "SURFACTI0000000004266121", "length": 320, "other_tags": "" }, "geometry": { "type": "MultiLineString", "coordinates": [ [ [ 2.439054936176382, 48.847095854189917 ], [ 2.438832686726792, 48.847108302209257 ], [ 2.438270993930779, 48.847133546173737 ] ], [ [ 2.435255610297883, 48.847239863532764 ], [ 2.434703520882045, 48.847258840631127 ] ], [ [ 2.438270993930779, 48.847133546173737 ], [ 2.436907895207122, 48.847173005348246 ] ], [ [ 2.436907895207122, 48.847173005348246 ], [ 2.435897679934817, 48.84721681142176 ], [ 2.435255610297883, 48.847239863532764 ] ] ] } },
{ "type": "Feature", "properties": { "fid": 296, "ID": "VOIE_NOM0000002339147225", "ID_BAN": "94080_9635", "name": "Rue des Vignerons", "INSEE_COM": "94080", "NOM_COM": "Vincennes", "SRC_BAN": "non commune", "NOM_COLL": "R DES VIGNERONS", "TYPE_VOIE": "rue", "MOT_DIR": "Vignerons", "LD_BAN": null, "ID_SUPP": "TRONROUT0000000004406164/TRONROUT0000000004406461/TRONROUT0000000004406463/TRONROUT0000000004406465/TRONROUT0000000004406718/TRONROUT0000000004406719/TRONROUT0000000004406728", "INSEEDBAN": null, "COMDEL_BAN": null, "DATE_CREAT": "2023-12-08T14:04:36", "DATE_MAJ": "2024-03-14T09:02:21", "NOM_NORMA": "R DES VIGNERONS", "ID_BAN_ODO": "af39bd50-12fa-4b56-afa9-f04f382137dd", "ID_2": "COMMUNE_0000000009736525", "INSEE_COM_2": "94080", "INSEE_CAN": "9498", "INSEE_ARR": "942", "INSEE_COL": "94D", "INSEE_DEP": "94", "INSEE_REG": "11", "POPULATION": 48368, "SUPERF_CAD": 190, "DATE_CREAT_2": "2006-08-02T08:36:54", "DATE_MAJ_2": "2025-06-20T18:27:56", "DATE_APP": null, "DATE_CONF": null, "CODE_POST": "94300", "NOM": "Vincennes", "CL_ARROND": "Non", "CL_COLLTER": "Non", "CL_DEPART": "Non", "CL_REGION": "Non", "CAPITALE": "Non", "DATE_RCT": "2022-01-01", "RECENSEUR": "INSEE", "CODE_SIREN": "219400801", "SIREN_EPCI": "200054781/200057941", "ID_CH_LIEU": "PAIHABIT0000000004274533", "ID_AUT_ADM": "SURFACTI0000000004266121", "length": 443, "other_tags": "" }, "geometry": { "type": "MultiLineString", "coordinates": [ [ [ 2.430718812462053, 48.841293416355832 ], [ 2.43083301197177, 48.84181558648347 ] ], [ [ 2.43083301197177, 48.84181558648347 ], [ 2.430939549503941, 48.842290953298324 ] ], [ [ 2.430939549503941, 48.842290953298324 ], [ 2.431123676263526, 48.843148015426586 ] ], [ [ 2.43157504087602, 48.845239360823811 ], [ 2.431434968814257, 48.844589361870518 ] ], [ [ 2.431434968814257, 48.844589361870518 ], [ 2.431280609302016, 48.843875440268896 ] ], [ [ 2.431123676263526, 48.843148015426586 ], [ 2.431169115986248, 48.843354183797814 ] ], [ [ 2.431169115986248, 48.843354183797814 ], [ 2.431280609302016, 48.843875440268896 ] ] ] } },
{ "type": "Feature", "properties": { "fid": 307, "ID": "VOIE_NOM0000002339147320", "ID_BAN": "94080_3537", "name": "Square Felix Nadar", "INSEE_COM": "94080", "NOM_COM": "Vincennes", "SRC_BAN": "non commune", "NOM_COLL": "SQ FELIX NADAR", "TYPE_VOIE": "square", "MOT_DIR": "Nadar", "LD_BAN": null, "ID_SUPP": "TRONROUT0000000004406487", "INSEEDBAN": null, "COMDEL_BAN": null, "DATE_CREAT": "2023-12-08T14:04:36", "DATE_MAJ": "2024-03-14T09:02:21", "NOM_NORMA": "SQ FELIX NADAR", "ID_BAN_ODO": "ceacd5a8-a003-47bd-b4c8-691c8719749c", "ID_2": "COMMUNE_0000000009736525", "INSEE_COM_2": "94080", "INSEE_CAN": "9498", "INSEE_ARR": "942", "INSEE_COL": "94D", "INSEE_DEP": "94", "INSEE_REG": "11", "POPULATION": 48368, "SUPERF_CAD": 190, "DATE_CREAT_2": "2006-08-02T08:36:54", "DATE_MAJ_2": "2025-06-20T18:27:56", "DATE_APP": null, "DATE_CONF": null, "CODE_POST": "94300", "NOM": "Vincennes", "CL_ARROND": "Non", "CL_COLLTER": "Non", "CL_DEPART": "Non", "CL_REGION": "Non", "CAPITALE": "Non", "DATE_RCT": "2022-01-01", "RECENSEUR": "INSEE", "CODE_SIREN": "219400801", "SIREN_EPCI": "200054781/200057941", "ID_CH_LIEU": "PAIHABIT0000000004274533", "ID_AUT_ADM": "SURFACTI0000000004266121", "length": 39, "other_tags": "" }, "geometry": { "type": "MultiLineString", "coordinates": [ [ [ 2.429388421116081, 48.842963477546839 ], [ 2.429465037686829, 48.843308296032944 ] ] ] } },
{ "type": "Feature", "properties": { "fid": 309, "ID": "VOIE_NOM0000002339147389", "ID_BAN": "94080_4135", "name": "Villa Georges Serre", "INSEE_COM": "94080", "NOM_COM": "Vincennes", "SRC_BAN": "non commune", "NOM_COLL": "VLA DU DOCTEUR LOUIS GEORGES SERRE", "TYPE_VOIE": "villa", "MOT_DIR": "Serre", "LD_BAN": null, "ID_SUPP": "TRONROUT0000000004405379/TRONROUT0000000241810180/TRONROUT0000000241810181", "INSEEDBAN": null, "COMDEL_BAN": null, "DATE_CREAT": "2023-12-08T14:04:36", "DATE_MAJ": "2024-03-14T09:02:21", "NOM_NORMA": "VLA GEORGES SERRE", "ID_BAN_ODO": "c42d0784-e6c2-4681-9a91-dd232868ab70", "ID_2": "COMMUNE_0000000009736525", "INSEE_COM_2": "94080", "INSEE_CAN": "9498", "INSEE_ARR": "942", "INSEE_COL": "94D", "INSEE_DEP": "94", "INSEE_REG": "11", "POPULATION": 48368, "SUPERF_CAD": 190, "DATE_CREAT_2": "2006-08-02T08:36:54", "DATE_MAJ_2": "2025-06-20T18:27:56", "DATE_APP": null, "DATE_CONF": null, "CODE_POST": "94300", "NOM": "Vincennes", "CL_ARROND": "Non", "CL_COLLTER": "Non", "CL_DEPART": "Non", "CL_REGION": "Non", "CAPITALE": "Non", "DATE_RCT": "2022-01-01", "RECENSEUR": "INSEE", "CODE_SIREN": "219400801", "SIREN_EPCI": "200054781/200057941", "ID_CH_LIEU": "PAIHABIT0000000004274533", "ID_AUT_ADM": "SURFACTI0000000004266121", "length": 177, "other_tags": "" }, "geometry": { "type": "MultiLineString", "coordinates": [ [ [ 2.447433939456836, 48.848129528022795 ], [ 2.447448280914154, 48.848062143022851 ], [ 2.447468263542167, 48.847976797071809 ] ], [ [ 2.447433939456836, 48.848129528022795 ], [ 2.446999508472026, 48.848104137724285 ], [ 2.446725801305383, 48.848085784655979 ] ], [ [ 2.44732827396623, 48.849098538604238 ], [ 2.447375951162484, 48.848714736742046 ], [ 2.447433939456836, 48.848129528022795 ] ] ] } },
{ "type": "Feature", "properties": { "fid": 313, "ID": "VOIE_NOM0000002339147427", "ID_BAN": "94080_3575", "name": "Avenue Franklin Roosevelt", "INSEE_COM": "94080", "NOM_COM": "Vincennes", "SRC_BAN": "non commune", "NOM_COLL": "AV FRANKLIN ROOSEVELT", "TYPE_VOIE": "avenue", "MOT_DIR": "Roosevelt", "LD_BAN": null, "ID_SUPP": "TRONROUT0000000004406447/TRONROUT0000000004406448/TRONROUT0000000004406464", "INSEEDBAN": null, "COMDEL_BAN": null, "DATE_CREAT": "2023-12-08T14:04:36", "DATE_MAJ": "2024-03-14T09:02:21", "NOM_NORMA": "AV FRANKLIN ROOSEVELT", "ID_BAN_ODO": "b21e1a63-0453-4ca6-a04c-536a9af90e40", "ID_2": "COMMUNE_0000000009736525", "INSEE_COM_2": "94080", "INSEE_CAN": "9498", "INSEE_ARR": "942", "INSEE_COL": "94D", "INSEE_DEP": "94", "INSEE_REG": "11", "POPULATION": 48368, "SUPERF_CAD": 190, "DATE_CREAT_2": "2006-08-02T08:36:54", "DATE_MAJ_2": "2025-06-20T18:27:56", "DATE_APP": null, "DATE_CONF": null, "CODE_POST": "94300", "NOM": "Vincennes", "CL_ARROND": "Non", "CL_COLLTER": "Non", "CL_DEPART": "Non", "CL_REGION": "Non", "CAPITALE": "Non", "DATE_RCT": "2022-01-01", "RECENSEUR": "INSEE", "CODE_SIREN": "219400801", "SIREN_EPCI": "200054781/200057941", "ID_CH_LIEU": "PAIHABIT0000000004274533", "ID_AUT_ADM": "SURFACTI0000000004266121", "length": 200, "other_tags": "" }, "geometry": { "type": "MultiLineString", "coordinates": [ [ [ 2.431280609302016, 48.843875440268896 ], [ 2.43208264169392, 48.843799207823842 ] ], [ [ 2.432630970109959, 48.843746948976872 ], [ 2.432996534821645, 48.843710909270449 ], [ 2.433971864819601, 48.843611202835561 ] ], [ [ 2.43208264169392, 48.843799207823842 ], [ 2.432630970109959, 48.843746948976872 ] ] ] } },
{ "type": "Feature", "properties": { "fid": 314, "ID": "VOIE_NOM0000002339147430", "ID_BAN": "94080_9615", "name": "Passage des Varennes", "INSEE_COM": "94080", "NOM_COM": "Vincennes", "SRC_BAN": "non commune", "NOM_COLL": "PAS DES VARENNES", "TYPE_VOIE": "passage", "MOT_DIR": "Varennes", "LD_BAN": null, "ID_SUPP": "TRONROUT0000000004405093", "INSEEDBAN": null, "COMDEL_BAN": null, "DATE_CREAT": "2023-12-08T14:04:36", "DATE_MAJ": "2024-03-14T09:02:21", "NOM_NORMA": "PAS DES VARENNES", "ID_BAN_ODO": "0c8d3f31-362b-44ea-8df3-0fb94a01b9c3", "ID_2": "COMMUNE_0000000009736525", "INSEE_COM_2": "94080", "INSEE_CAN": "9498", "INSEE_ARR": "942", "INSEE_COL": "94D", "INSEE_DEP": "94", "INSEE_REG": "11", "POPULATION": 48368, "SUPERF_CAD": 190, "DATE_CREAT_2": "2006-08-02T08:36:54", "DATE_MAJ_2": "2025-06-20T18:27:56", "DATE_APP": null, "DATE_CONF": null, "CODE_POST": "94300", "NOM": "Vincennes", "CL_ARROND": "Non", "CL_COLLTER": "Non", "CL_DEPART": "Non", "CL_REGION": "Non", "CAPITALE": "Non", "DATE_RCT": "2022-01-01", "RECENSEUR": "INSEE", "CODE_SIREN": "219400801", "SIREN_EPCI": "200054781/200057941", "ID_CH_LIEU": "PAIHABIT0000000004274533", "ID_AUT_ADM": "SURFACTI0000000004266121", "length": 55, "other_tags": "" }, "geometry": { "type": "MultiLineString", "coordinates": [ [ [ 2.429507995023974, 48.85058695807632 ], [ 2.429772573881233, 48.850568433635985 ], [ 2.430005741785134, 48.850556054420302 ], [ 2.430253712366399, 48.850560832874713 ] ] ] } },
{ "type": "Feature", "properties": { "fid": 319, "ID": "VOIE_NOM0000002339147574", "ID_BAN": "94080_6658", "name": "Allée Nicéphore Niepce", "INSEE_COM": "94080", "NOM_COM": "Vincennes", "SRC_BAN": "non commune", "NOM_COLL": "ALL NICEPHORE NIEPCE", "TYPE_VOIE": "allée", "MOT_DIR": "Niepce", "LD_BAN": null, "ID_SUPP": "TRONROUT0000000004406486/TRONROUT0000000004406727/TRONROUT0000000004406729", "INSEEDBAN": null, "COMDEL_BAN": null, "DATE_CREAT": "2023-12-08T14:04:36", "DATE_MAJ": "2024-03-14T09:02:21", "NOM_NORMA": "ALL NICEPHORE NIEPCE", "ID_BAN_ODO": "1ce61ba0-c5b2-401b-915c-100da49fa6bf", "ID_2": "COMMUNE_0000000009736525", "INSEE_COM_2": "94080", "INSEE_CAN": "9498", "INSEE_ARR": "942", "INSEE_COL": "94D", "INSEE_DEP": "94", "INSEE_REG": "11", "POPULATION": 48368, "SUPERF_CAD": 190, "DATE_CREAT_2": "2006-08-02T08:36:54", "DATE_MAJ_2": "2025-06-20T18:27:56", "DATE_APP": null, "DATE_CONF": null, "CODE_POST": "94300", "NOM": "Vincennes", "CL_ARROND": "Non", "CL_COLLTER": "Non", "CL_DEPART": "Non", "CL_REGION": "Non", "CAPITALE": "Non", "DATE_RCT": "2022-01-01", "RECENSEUR": "INSEE", "CODE_SIREN": "219400801", "SIREN_EPCI": "200054781/200057941", "ID_CH_LIEU": "PAIHABIT0000000004274533", "ID_AUT_ADM": "SURFACTI0000000004266121", "length": 189, "other_tags": "" }, "geometry": { "type": "MultiLineString", "coordinates": [ [ [ 2.428384831748298, 48.842534190527068 ], [ 2.428470766723541, 48.842525607556553 ], [ 2.429276889588152, 48.842447614739498 ] ], [ [ 2.430939549503941, 48.842290953298324 ], [ 2.430872719447489, 48.842296930865501 ], [ 2.430200261784111, 48.842362980176262 ] ], [ [ 2.430200261784111, 48.842362980176262 ], [ 2.429276889588152, 48.842447614739498 ] ] ] } },
{ "type": "Feature", "properties": { "fid": 324, "ID": "VOIE_NOM0000002339147642", "ID_BAN": "94080_0640", "name": "Rue de la Bienfaisance", "INSEE_COM": "94080", "NOM_COM": "Vincennes", "SRC_BAN": "non commune", "NOM_COLL": "R DE LA BIENFAISANCE", "TYPE_VOIE": "rue", "MOT_DIR": "Bienfaisance", "LD_BAN": null, "ID_SUPP": "TRONROUT0000000004405035/TRONROUT0000000004405358/TRONROUT0000000004405365", "INSEEDBAN": null, "COMDEL_BAN": null, "DATE_CREAT": "2023-12-08T14:04:36", "DATE_MAJ": "2024-03-14T09:02:21", "NOM_NORMA": "R DE LA BIENFAISANCE", "ID_BAN_ODO": "426135b5-f1cb-458d-aac8-5fc60b181f09", "ID_2": "COMMUNE_0000000009736525", "INSEE_COM_2": "94080", "INSEE_CAN": "9498", "INSEE_ARR": "942", "INSEE_COL": "94D", "INSEE_DEP": "94", "INSEE_REG": "11", "POPULATION": 48368, "SUPERF_CAD": 190, "DATE_CREAT_2": "2006-08-02T08:36:54", "DATE_MAJ_2": "2025-06-20T18:27:56", "DATE_APP": null, "DATE_CONF": null, "CODE_POST": "94300", "NOM": "Vincennes", "CL_ARROND": "Non", "CL_COLLTER": "Non", "CL_DEPART": "Non", "CL_REGION": "Non", "CAPITALE": "Non", "DATE_RCT": "2022-01-01", "RECENSEUR": "INSEE", "CODE_SIREN": "219400801", "SIREN_EPCI": "200054781/200057941", "ID_CH_LIEU": "PAIHABIT0000000004274533", "ID_AUT_ADM": "SURFACTI0000000004266121", "length": 269, "other_tags": "" }, "geometry": { "type": "MultiLineString", "coordinates": [ [ [ 2.451071784355062, 48.850769673371225 ], [ 2.450926799472732, 48.850044133905371 ] ], [ [ 2.450876952986956, 48.849084300463971 ], [ 2.450850909446076, 48.84858144487719 ], [ 2.450854354958529, 48.848513110155196 ], [ 2.450870035785029, 48.8484475296342 ], [ 2.450981879782147, 48.848179137463134 ] ], [ [ 2.450876952986956, 48.849084300463971 ], [ 2.450909721371517, 48.849854293097025 ] ] ] } },
{ "type": "Feature", "properties": { "fid": 329, "ID": "VOIE_NOM0000002339147725", "ID_BAN": "94080_4350", "name": "Allée Henri Dunant", "INSEE_COM": "94080", "NOM_COM": "Vincennes", "SRC_BAN": "non commune", "NOM_COLL": "ALL HENRI DUNANT", "TYPE_VOIE": "allée", "MOT_DIR": "Dunant", "LD_BAN": null, "ID_SUPP": "TRONROUT0000000004405666", "INSEEDBAN": null, "COMDEL_BAN": null, "DATE_CREAT": "2023-12-08T14:04:36", "DATE_MAJ": "2024-03-14T09:02:21", "NOM_NORMA": "ALL HENRI DUNANT", "ID_BAN_ODO": "e0167e4c-448c-413e-89a0-0f8f224a00b6", "ID_2": "COMMUNE_0000000009736525", "INSEE_COM_2": "94080", "INSEE_CAN": "9498", "INSEE_ARR": "942", "INSEE_COL": "94D", "INSEE_DEP": "94", "INSEE_REG": "11", "POPULATION": 48368, "SUPERF_CAD": 190, "DATE_CREAT_2": "2006-08-02T08:36:54", "DATE_MAJ_2": "2025-06-20T18:27:56", "DATE_APP": null, "DATE_CONF": null, "CODE_POST": "94300", "NOM": "Vincennes", "CL_ARROND": "Non", "CL_COLLTER": "Non", "CL_DEPART": "Non", "CL_REGION": "Non", "CAPITALE": "Non", "DATE_RCT": "2022-01-01", "RECENSEUR": "INSEE", "CODE_SIREN": "219400801", "SIREN_EPCI": "200054781/200057941", "ID_CH_LIEU": "PAIHABIT0000000004274533", "ID_AUT_ADM": "SURFACTI0000000004266121", "length": 75, "other_tags": "" }, "geometry": { "type": "MultiLineString", "coordinates": [ [ [ 2.454388286563103, 48.848471719891506 ], [ 2.454437165240198, 48.848358624811915 ], [ 2.454416841222489, 48.848217334326598 ], [ 2.454537327177595, 48.848163023396701 ], [ 2.454475196942935, 48.847849766560266 ] ] ] } },
{ "type": "Feature", "properties": { "fid": 330, "ID": "VOIE_NOM0000002339147751", "ID_BAN": "94080_3185", "name": "Rue Eugène Renaud", "INSEE_COM": "94080", "NOM_COM": "Vincennes", "SRC_BAN": "non commune", "NOM_COLL": "R EUGENE RENAUD", "TYPE_VOIE": "rue", "MOT_DIR": "Renaud", "LD_BAN": null, "ID_SUPP": "TRONROUT0000000240162285/TRONROUT0000000356966065/TRONROUT0000002292197281/TRONROUT0000002292197282/TRONROUT0000002292197283/TRONROUT0000002292197284", "INSEEDBAN": null, "COMDEL_BAN": null, "DATE_CREAT": "2023-12-08T14:04:36", "DATE_MAJ": "2024-03-14T09:02:21", "NOM_NORMA": "R EUGENE RENAUD", "ID_BAN_ODO": "45dfd3ad-9caf-4258-8a88-1de38c2169db", "ID_2": "COMMUNE_0000000009736525", "INSEE_COM_2": "94080", "INSEE_CAN": "9498", "INSEE_ARR": "942", "INSEE_COL": "94D", "INSEE_DEP": "94", "INSEE_REG": "11", "POPULATION": 48368, "SUPERF_CAD": 190, "DATE_CREAT_2": "2006-08-02T08:36:54", "DATE_MAJ_2": "2025-06-20T18:27:56", "DATE_APP": null, "DATE_CONF": null, "CODE_POST": "94300", "NOM": "Vincennes", "CL_ARROND": "Non", "CL_COLLTER": "Non", "CL_DEPART": "Non", "CL_REGION": "Non", "CAPITALE": "Non", "DATE_RCT": "2022-01-01", "RECENSEUR": "INSEE", "CODE_SIREN": "219400801", "SIREN_EPCI": "200054781/200057941", "ID_CH_LIEU": "PAIHABIT0000000004274533", "ID_AUT_ADM": "SURFACTI0000000004266121", "length": 188, "other_tags": "" }, "geometry": { "type": "MultiLineString", "coordinates": [ [ [ 2.439504431937859, 48.848000009792173 ], [ 2.43945825034512, 48.847732686296737 ], [ 2.43943423725796, 48.847558099732005 ] ], [ [ 2.439214037527722, 48.84737989566333 ], [ 2.439189704104854, 48.847361794582682 ], [ 2.439168231410239, 48.847331115991786 ], [ 2.439153929878667, 48.847267195021601 ], [ 2.439132747605078, 48.847209537247743 ], [ 2.439112705364579, 48.847172569889651 ], [ 2.439054936176382, 48.847095854189917 ] ], [ [ 2.439396743344319, 48.847369959702085 ], [ 2.439377648955016, 48.847244860428596 ], [ 2.439355877825337, 48.847115251837927 ], [ 2.43932393003351, 48.847044952723792 ], [ 2.439226093710276, 48.847019312348841 ] ], [ [ 2.439396743344319, 48.847369959702085 ], [ 2.439340876349367, 48.847369697910878 ], [ 2.439287676517897, 48.847374844699921 ], [ 2.439248102774758, 48.847380055331321 ], [ 2.439214037527722, 48.84737989566333 ] ], [ [ 2.43943423725796, 48.847558099732005 ], [ 2.439429183419107, 48.847521202666037 ], [ 2.439396743344319, 48.847369959702085 ] ], [ [ 2.43943423725796, 48.847558099732005 ], [ 2.439214037527722, 48.84737989566333 ] ] ] } },
{ "type": "Feature", "properties": { "fid": 333, "ID": "VOIE_NOM0000002339147846", "ID_BAN": "94080_0069", "name": "Allee Aubert", "INSEE_COM": "94080", "NOM_COM": "Vincennes", "SRC_BAN": "non commune", "NOM_COLL": "ALL AUBERT", "TYPE_VOIE": "allée", "MOT_DIR": "Aubert", "LD_BAN": null, "ID_SUPP": "TRONROUT0000000004405780", "INSEEDBAN": null, "COMDEL_BAN": null, "DATE_CREAT": "2023-12-08T14:04:36", "DATE_MAJ": "2024-03-14T09:02:21", "NOM_NORMA": "ALL AUBERT", "ID_BAN_ODO": "784a8605-ff09-4488-93f1-a2f8d6298f1c", "ID_2": "COMMUNE_0000000009736525", "INSEE_COM_2": "94080", "INSEE_CAN": "9498", "INSEE_ARR": "942", "INSEE_COL": "94D", "INSEE_DEP": "94", "INSEE_REG": "11", "POPULATION": 48368, "SUPERF_CAD": 190, "DATE_CREAT_2": "2006-08-02T08:36:54", "DATE_MAJ_2": "2025-06-20T18:27:56", "DATE_APP": null, "DATE_CONF": null, "CODE_POST": "94300", "NOM": "Vincennes", "CL_ARROND": "Non", "CL_COLLTER": "Non", "CL_DEPART": "Non", "CL_REGION": "Non", "CAPITALE": "Non", "DATE_RCT": "2022-01-01", "RECENSEUR": "INSEE", "CODE_SIREN": "219400801", "SIREN_EPCI": "200054781/200057941", "ID_CH_LIEU": "PAIHABIT0000000004274533", "ID_AUT_ADM": "SURFACTI0000000004266121", "length": 54, "other_tags": "" }, "geometry": { "type": "MultiLineString", "coordinates": [ [ [ 2.428079692201243, 48.847866798941993 ], [ 2.428061710479179, 48.847642774422766 ], [ 2.428053405917312, 48.847530315749943 ], [ 2.428044943470181, 48.847432245940858 ], [ 2.428044133585128, 48.84738187836107 ] ] ] } },
{ "type": "Feature", "properties": { "fid": 338, "ID": "VOIE_NOM0000002339147994", "ID_BAN": "94080_5147", "name": "Allee Leonard Marie Lemayre", "INSEE_COM": "94080", "NOM_COM": "Vincennes", "SRC_BAN": "non commune", "NOM_COLL": "ALL LEONARD MARIE LEMAYRE", "TYPE_VOIE": "allée", "MOT_DIR": "Lemayre", "LD_BAN": null, "ID_SUPP": "TRONROUT0000000109046142", "INSEEDBAN": null, "COMDEL_BAN": null, "DATE_CREAT": "2023-12-08T14:04:36", "DATE_MAJ": "2024-03-14T09:02:21", "NOM_NORMA": "ALL LEONARD MARIE LEMAYRE", "ID_BAN_ODO": "1d6be8a1-02b4-46d3-9c54-36dffa9bbe86", "ID_2": "COMMUNE_0000000009736525", "INSEE_COM_2": "94080", "INSEE_CAN": "9498", "INSEE_ARR": "942", "INSEE_COL": "94D", "INSEE_DEP": "94", "INSEE_REG": "11", "POPULATION": 48368, "SUPERF_CAD": 190, "DATE_CREAT_2": "2006-08-02T08:36:54", "DATE_MAJ_2": "2025-06-20T18:27:56", "DATE_APP": null, "DATE_CONF": null, "CODE_POST": "94300", "NOM": "Vincennes", "CL_ARROND": "Non", "CL_COLLTER": "Non", "CL_DEPART": "Non", "CL_REGION": "Non", "CAPITALE": "Non", "DATE_RCT": "2022-01-01", "RECENSEUR": "INSEE", "CODE_SIREN": "219400801", "SIREN_EPCI": "200054781/200057941", "ID_CH_LIEU": "PAIHABIT0000000004274533", "ID_AUT_ADM": "SURFACTI0000000004266121", "length": 66, "other_tags": "" }, "geometry": { "type": "MultiLineString", "coordinates": [ [ [ 2.454027509620535, 48.846618313005635 ], [ 2.45393296498054, 48.846277926979702 ], [ 2.453864692932874, 48.846031193208589 ] ] ] } },
{ "type": "Feature", "properties": { "fid": 339, "ID": "VOIE_NOM0000002339148052", "ID_BAN": "94080_1434", "name": "Rue Charles Silvestri", "INSEE_COM": "94080", "NOM_COM": "Vincennes", "SRC_BAN": "non commune", "NOM_COLL": "R CHARLES SILVESTRI", "TYPE_VOIE": "rue", "MOT_DIR": "Silvestri", "LD_BAN": null, "ID_SUPP": "TRONROUT0000000004405051/TRONROUT0000000004405063/TRONROUT0000000004405374/TRONROUT0000000004405376/TRONROUT0000000004405698", "INSEEDBAN": null, "COMDEL_BAN": null, "DATE_CREAT": "2023-12-08T14:04:36", "DATE_MAJ": "2024-03-14T09:02:21", "NOM_NORMA": "R CHARLES SILVESTRI", "ID_BAN_ODO": "ccd798e4-9d62-4790-bddd-c78cdbaa2346", "ID_2": "COMMUNE_0000000009736525", "INSEE_COM_2": "94080", "INSEE_CAN": "9498", "INSEE_ARR": "942", "INSEE_COL": "94D", "INSEE_DEP": "94", "INSEE_REG": "11", "POPULATION": 48368, "SUPERF_CAD": 190, "DATE_CREAT_2": "2006-08-02T08:36:54", "DATE_MAJ_2": "2025-06-20T18:27:56", "DATE_APP": null, "DATE_CONF": null, "CODE_POST": "94300", "NOM": "Vincennes", "CL_ARROND": "Non", "CL_COLLTER": "Non", "CL_DEPART": "Non", "CL_REGION": "Non", "CAPITALE": "Non", "DATE_RCT": "2022-01-01", "RECENSEUR": "INSEE", "CODE_SIREN": "219400801", "SIREN_EPCI": "200054781/200057941", "ID_CH_LIEU": "PAIHABIT0000000004274533", "ID_AUT_ADM": "SURFACTI0000000004266121", "length": 444, "other_tags": "" }, "geometry": { "type": "MultiLineString", "coordinates": [ [ [ 2.44285721695334, 48.847820510851108 ], [ 2.442855419731153, 48.848880836085854 ] ], [ [ 2.442855419731153, 48.848880836085854 ], [ 2.442855053393906, 48.84942494071435 ] ], [ [ 2.442866755375269, 48.850624726248277 ], [ 2.442914656212375, 48.850860578467781 ], [ 2.443010502716374, 48.851583200837084 ], [ 2.443068126791192, 48.851802010451394 ] ], [ [ 2.442855053393906, 48.84942494071435 ], [ 2.442853783239747, 48.850053579638491 ] ], [ [ 2.442853783239747, 48.850053579638491 ], [ 2.442866755375269, 48.850624726248277 ] ] ] } },
{ "type": "Feature", "properties": { "fid": 341, "ID": "VOIE_NOM0000002339148083", "ID_BAN": "94080_7170", "name": "Rue des Pommiers", "INSEE_COM": "94080", "NOM_COM": "Vincennes", "SRC_BAN": "non commune", "NOM_COLL": "R DES POMMIERS", "TYPE_VOIE": "rue", "MOT_DIR": "Pommiers", "LD_BAN": null, "ID_SUPP": "TRONROUT0000000004405664/TRONROUT0000000004405670/TRONROUT0000000004405679/TRONROUT0000000004406059/TRONROUT0000000109046130/TRONROUT0000000109046143/TRONROUT0000000109046144", "INSEEDBAN": null, "COMDEL_BAN": null, "DATE_CREAT": "2023-12-08T14:04:36", "DATE_MAJ": "2024-03-14T09:02:21", "NOM_NORMA": "R DES POMMIERS", "ID_BAN_ODO": "7ce3ee32-438a-4c8e-ad45-784e8cf4c097", "ID_2": "COMMUNE_0000000009736522", "INSEE_COM_2": "94033", "INSEE_CAN": "9409", "INSEE_ARR": "942", "INSEE_COL": "94D", "INSEE_DEP": "94", "INSEE_REG": "11", "POPULATION": 52646, "SUPERF_CAD": 560, "DATE_CREAT_2": "2006-08-02T08:36:54", "DATE_MAJ_2": "2025-06-20T18:27:56", "DATE_APP": null, "DATE_CONF": null, "CODE_POST": "94120", "NOM": "Fontenay-sous-Bois", "CL_ARROND": "Non", "CL_COLLTER": "Non", "CL_DEPART": "Non", "CL_REGION": "Non", "CAPITALE": "Non", "DATE_RCT": "2022-01-01", "RECENSEUR": "INSEE", "CODE_SIREN": "219400330", "SIREN_EPCI": "200054781/200057941", "ID_CH_LIEU": "PAIHABIT0000000004274526", "ID_AUT_ADM": "SURFACTI0000000004266119", "length": 152, "other_tags": "" }, "geometry": { "type": "MultiLineString", "coordinates": [ [ [ 2.457071392917518, 48.846123132744673 ], [ 2.457939898385939, 48.845681892354612 ] ], [ [ 2.456302886030034, 48.846512658886667 ], [ 2.456369990624599, 48.846480587211126 ] ], [ [ 2.456369990624599, 48.846480587211126 ], [ 2.456989207131183, 48.846164129876364 ] ], [ [ 2.456989207131183, 48.846164129876364 ], [ 2.457071392917518, 48.846123132744673 ] ] ] } },
{ "type": "Feature", "properties": { "fid": 342, "ID": "VOIE_NOM0000002339148083", "ID_BAN": "94080_7170", "name": "Rue des Pommiers", "INSEE_COM": "94080", "NOM_COM": "Vincennes", "SRC_BAN": "non commune", "NOM_COLL": "R DES POMMIERS", "TYPE_VOIE": "rue", "MOT_DIR": "Pommiers", "LD_BAN": null, "ID_SUPP": "TRONROUT0000000004405664/TRONROUT0000000004405670/TRONROUT0000000004405679/TRONROUT0000000004406059/TRONROUT0000000109046130/TRONROUT0000000109046143/TRONROUT0000000109046144", "INSEEDBAN": null, "COMDEL_BAN": null, "DATE_CREAT": "2023-12-08T14:04:36", "DATE_MAJ": "2024-03-14T09:02:21", "NOM_NORMA": "R DES POMMIERS", "ID_BAN_ODO": "7ce3ee32-438a-4c8e-ad45-784e8cf4c097", "ID_2": "COMMUNE_0000000009736525", "INSEE_COM_2": "94080", "INSEE_CAN": "9498", "INSEE_ARR": "942", "INSEE_COL": "94D", "INSEE_DEP": "94", "INSEE_REG": "11", "POPULATION": 48368, "SUPERF_CAD": 190, "DATE_CREAT_2": "2006-08-02T08:36:54", "DATE_MAJ_2": "2025-06-20T18:27:56", "DATE_APP": null, "DATE_CONF": null, "CODE_POST": "94300", "NOM": "Vincennes", "CL_ARROND": "Non", "CL_COLLTER": "Non", "CL_DEPART": "Non", "CL_REGION": "Non", "CAPITALE": "Non", "DATE_RCT": "2022-01-01", "RECENSEUR": "INSEE", "CODE_SIREN": "219400801", "SIREN_EPCI": "200054781/200057941", "ID_CH_LIEU": "PAIHABIT0000000004274533", "ID_AUT_ADM": "SURFACTI0000000004266121", "length": 450, "other_tags": "" }, "geometry": { "type": "MultiLineString", "coordinates": [ [ [ 2.457071392917518, 48.846123132744673 ], [ 2.457939898385939, 48.845681892354612 ] ], [ [ 2.456302886030034, 48.846512658886667 ], [ 2.456369990624599, 48.846480587211126 ] ], [ [ 2.456369990624599, 48.846480587211126 ], [ 2.456989207131183, 48.846164129876364 ] ], [ [ 2.456989207131183, 48.846164129876364 ], [ 2.457071392917518, 48.846123132744673 ] ], [ [ 2.455967174056394, 48.846691002837446 ], [ 2.456056240147626, 48.846643742249647 ], [ 2.456302886030034, 48.846512658886667 ] ], [ [ 2.45268557565893, 48.847629346587645 ], [ 2.452821060284295, 48.847574206618241 ], [ 2.453404076665622, 48.847464452905442 ] ], [ [ 2.453404076665622, 48.847464452905442 ], [ 2.453881962212346, 48.84737400220871 ], [ 2.45420006291666, 48.847316996066347 ] ], [ [ 2.455063103888866, 48.847141959524059 ], [ 2.455130087822639, 48.847121579555115 ], [ 2.455205378949628, 48.847088646476742 ], [ 2.45562748471745, 48.846858535528945 ], [ 2.45579046033265, 48.846780134161371 ], [ 2.455869894673805, 48.846741823403974 ], [ 2.455967174056394, 48.846691002837446 ] ], [ [ 2.45420006291666, 48.847316996066347 ], [ 2.454369356117192, 48.847286291017276 ], [ 2.454721558587077, 48.84722584160874 ], [ 2.454814404074807, 48.847208277732108 ], [ 2.454901836698942, 48.84718709172197 ], [ 2.455063103888866, 48.847141959524059 ] ] ] } },
{ "type": "Feature", "properties": { "fid": 345, "ID": "VOIE_NOM0000002339148159", "ID_BAN": "94080_4705", "name": "Allée Jacques Bainville", "INSEE_COM": "94080", "NOM_COM": "Vincennes", "SRC_BAN": "non commune", "NOM_COLL": "ALL JACQUES BAINVILLE", "TYPE_VOIE": "allée", "MOT_DIR": "Bainville", "LD_BAN": null, "ID_SUPP": "TRONROUT0000000004405667/TRONROUT0000000004405668/TRONROUT0000000118200297/TRONROUT0000000118200298/TRONROUT0000000240164677", "INSEEDBAN": null, "COMDEL_BAN": null, "DATE_CREAT": "2023-12-08T14:04:36", "DATE_MAJ": "2024-03-14T09:02:21", "NOM_NORMA": "ALL JACQUES BAINVILLE", "ID_BAN_ODO": "1f2840ed-ff1b-489e-b5a6-8dd47b9dd63a", "ID_2": "COMMUNE_0000000009736525", "INSEE_COM_2": "94080", "INSEE_CAN": "9498", "INSEE_ARR": "942", "INSEE_COL": "94D", "INSEE_DEP": "94", "INSEE_REG": "11", "POPULATION": 48368, "SUPERF_CAD": 190, "DATE_CREAT_2": "2006-08-02T08:36:54", "DATE_MAJ_2": "2025-06-20T18:27:56", "DATE_APP": null, "DATE_CONF": null, "CODE_POST": "94300", "NOM": "Vincennes", "CL_ARROND": "Non", "CL_COLLTER": "Non", "CL_DEPART": "Non", "CL_REGION": "Non", "CAPITALE": "Non", "DATE_RCT": "2022-01-01", "RECENSEUR": "INSEE", "CODE_SIREN": "219400801", "SIREN_EPCI": "200054781/200057941", "ID_CH_LIEU": "PAIHABIT0000000004274533", "ID_AUT_ADM": "SURFACTI0000000004266121", "length": 181, "other_tags": "" }, "geometry": { "type": "MultiLineString", "coordinates": [ [ [ 2.455063103888866, 48.847141959524059 ], [ 2.455159378779181, 48.847187365496204 ], [ 2.455204128571552, 48.847208254326382 ] ], [ [ 2.455716042419054, 48.848295199697986 ], [ 2.455667691477114, 48.848097122932863 ] ], [ [ 2.455454876515236, 48.847206697826103 ], [ 2.455821821693595, 48.847169695380764 ] ], [ [ 2.455204128571552, 48.847208254326382 ], [ 2.455294098254686, 48.847205066581175 ], [ 2.455454876515236, 48.847206697826103 ] ], [ [ 2.455454876515236, 48.847206697826103 ], [ 2.455667691477114, 48.848097122932863 ] ] ] } },
{ "type": "Feature", "properties": { "fid": 349, "ID": "VOIE_NOM0000002339148226", "ID_BAN": "94080_9634", "name": "Passage des Vignerons", "INSEE_COM": "94080", "NOM_COM": "Vincennes", "SRC_BAN": "non commune", "NOM_COLL": "PAS DES VIGNERONS", "TYPE_VOIE": "passage", "MOT_DIR": "Vignerons", "LD_BAN": null, "ID_SUPP": "TRONROUT0000000004406163/TRONROUT0000000004406449", "INSEEDBAN": null, "COMDEL_BAN": null, "DATE_CREAT": "2023-12-08T14:04:36", "DATE_MAJ": "2024-03-14T09:02:21", "NOM_NORMA": "PAS DES VIGNERONS", "ID_BAN_ODO": "5825d69d-e2d6-4869-a973-c09ea668d4b1", "ID_2": "COMMUNE_0000000009736525", "INSEE_COM_2": "94080", "INSEE_CAN": "9498", "INSEE_ARR": "942", "INSEE_COL": "94D", "INSEE_DEP": "94", "INSEE_REG": "11", "POPULATION": 48368, "SUPERF_CAD": 190, "DATE_CREAT_2": "2006-08-02T08:36:54", "DATE_MAJ_2": "2025-06-20T18:27:56", "DATE_APP": null, "DATE_CONF": null, "CODE_POST": "94300", "NOM": "Vincennes", "CL_ARROND": "Non", "CL_COLLTER": "Non", "CL_DEPART": "Non", "CL_REGION": "Non", "CAPITALE": "Non", "DATE_RCT": "2022-01-01", "RECENSEUR": "INSEE", "CODE_SIREN": "219400801", "SIREN_EPCI": "200054781/200057941", "ID_CH_LIEU": "PAIHABIT0000000004274533", "ID_AUT_ADM": "SURFACTI0000000004266121", "length": 178, "other_tags": "" }, "geometry": { "type": "MultiLineString", "coordinates": [ [ [ 2.432760880878392, 48.844455356788117 ], [ 2.4327027092236, 48.844166388305695 ], [ 2.432630970109959, 48.843746948976872 ] ], [ [ 2.431434968814257, 48.844589361870518 ], [ 2.432760880878392, 48.844455356788117 ] ] ] } },
{ "type": "Feature", "properties": { "fid": 362, "ID": "VOIE_NOM0000002339148427", "ID_BAN": "94080_5115", "name": "Rue des Laitières", "INSEE_COM": "94080", "NOM_COM": "Vincennes", "SRC_BAN": "non commune", "NOM_COLL": "R DES LAITIERES", "TYPE_VOIE": "rue", "MOT_DIR": "Laitières", "LD_BAN": null, "ID_SUPP": "TRONROUT0000000004405430/TRONROUT0000000004405795/TRONROUT0000000004405797/TRONROUT0000000004405799/TRONROUT0000000004405801/TRONROUT0000000004405810/TRONROUT0000000004405844/TRONROUT0000000287572526", "INSEEDBAN": null, "COMDEL_BAN": null, "DATE_CREAT": "2023-12-08T14:04:36", "DATE_MAJ": "2025-09-02T22:35:31", "NOM_NORMA": "R DES LAITIERES", "ID_BAN_ODO": "a6ff9be9-8ed5-45fc-821f-7c6b04eb5e00", "ID_2": "COMMUNE_0000000009736525", "INSEE_COM_2": "94080", "INSEE_CAN": "9498", "INSEE_ARR": "942", "INSEE_COL": "94D", "INSEE_DEP": "94", "INSEE_REG": "11", "POPULATION": 48368, "SUPERF_CAD": 190, "DATE_CREAT_2": "2006-08-02T08:36:54", "DATE_MAJ_2": "2025-06-20T18:27:56", "DATE_APP": null, "DATE_CONF": null, "CODE_POST": "94300", "NOM": "Vincennes", "CL_ARROND": "Non", "CL_COLLTER": "Non", "CL_DEPART": "Non", "CL_REGION": "Non", "CAPITALE": "Non", "DATE_RCT": "2022-01-01", "RECENSEUR": "INSEE", "CODE_SIREN": "219400801", "SIREN_EPCI": "200054781/200057941", "ID_CH_LIEU": "PAIHABIT0000000004274533", "ID_AUT_ADM": "SURFACTI0000000004266121", "length": 573, "other_tags": "" }, "geometry": { "type": "MultiLineString", "coordinates": [ [ [ 2.419566397458459, 48.846325679395349 ], [ 2.420121351108854, 48.846538819208469 ], [ 2.420276005589257, 48.846600724729974 ] ], [ [ 2.420276005589257, 48.846600724729974 ], [ 2.420368301430084, 48.846633548641961 ], [ 2.421575080735437, 48.847050393520121 ] ], [ [ 2.421575080735437, 48.847050393520121 ], [ 2.42261074844953, 48.847416036576256 ] ], [ [ 2.42261074844953, 48.847416036576256 ], [ 2.422944585956838, 48.847540858488884 ] ], [ [ 2.423719554633261, 48.847823392978952 ], [ 2.422944585956838, 48.847540858488884 ] ], [ [ 2.424088726215733, 48.847957375335504 ], [ 2.423719554633261, 48.847823392978952 ] ], [ [ 2.424088726215733, 48.847957375335504 ], [ 2.424721256517255, 48.848182558296436 ] ], [ [ 2.424721256517255, 48.848182558296436 ], [ 2.425197704260834, 48.848351228286596 ], [ 2.425357880190208, 48.848407757501974 ], [ 2.426176400181952, 48.848697679709062 ], [ 2.426426116826446, 48.84879061091857 ] ] ] } },
{ "type": "Feature", "properties": { "fid": 368, "ID": "VOIE_NOM0000002339148485", "ID_BAN": "94080_1470", "name": "Rue du Commandant Mowat", "INSEE_COM": "94080", "NOM_COM": "Vincennes", "SRC_BAN": "non commune", "NOM_COLL": "R DU COMMANDANT MOWAT", "TYPE_VOIE": "rue", "MOT_DIR": "Mowat", "LD_BAN": null, "ID_SUPP": "TRONROUT0000000004405045/TRONROUT0000000004405368/TRONROUT0000000118200300/TRONROUT0000000241810184", "INSEEDBAN": null, "COMDEL_BAN": null, "DATE_CREAT": "2023-12-08T14:04:36", "DATE_MAJ": "2024-03-14T09:02:21", "NOM_NORMA": "R DU COMMANDANT MOWAT", "ID_BAN_ODO": "15b3b8e6-261e-47d6-b291-ff4755863efe", "ID_2": "COMMUNE_0000000009736525", "INSEE_COM_2": "94080", "INSEE_CAN": "9498", "INSEE_ARR": "942", "INSEE_COL": "94D", "INSEE_DEP": "94", "INSEE_REG": "11", "POPULATION": 48368, "SUPERF_CAD": 190, "DATE_CREAT_2": "2006-08-02T08:36:54", "DATE_MAJ_2": "2025-06-20T18:27:56", "DATE_APP": null, "DATE_CONF": null, "CODE_POST": "94300", "NOM": "Vincennes", "CL_ARROND": "Non", "CL_COLLTER": "Non", "CL_DEPART": "Non", "CL_REGION": "Non", "CAPITALE": "Non", "DATE_RCT": "2022-01-01", "RECENSEUR": "INSEE", "CODE_SIREN": "219400801", "SIREN_EPCI": "200054781/200057941", "ID_CH_LIEU": "PAIHABIT0000000004274533", "ID_AUT_ADM": "SURFACTI0000000004266121", "length": 371, "other_tags": "" }, "geometry": { "type": "MultiLineString", "coordinates": [ [ [ 2.445850031871807, 48.848812902792034 ], [ 2.44584819594422, 48.84872925479614 ], [ 2.445827938536314, 48.848199444035792 ], [ 2.445795703996717, 48.848155226580701 ], [ 2.445711852190564, 48.848095481040396 ] ], [ [ 2.446273710283008, 48.851389698480737 ], [ 2.446161869315512, 48.850885546272629 ], [ 2.446073608207211, 48.850599145100162 ], [ 2.446028007598338, 48.850401976772154 ] ], [ [ 2.445875204877648, 48.849393099559073 ], [ 2.445850031871807, 48.848812902792034 ] ], [ [ 2.446028007598338, 48.850401976772154 ], [ 2.445949066595849, 48.84987998925218 ], [ 2.445913225713119, 48.849662180923502 ], [ 2.445875204877648, 48.849393099559073 ] ] ] } },
{ "type": "Feature", "properties": { "fid": 369, "ID": "VOIE_NOM0000002339148494", "ID_BAN": "94080_5185", "name": "Rue Louis Besquel", "INSEE_COM": "94080", "NOM_COM": "Vincennes", "SRC_BAN": "non commune", "NOM_COLL": "R LOUIS BESQUEL", "TYPE_VOIE": "rue", "MOT_DIR": "Besquel", "LD_BAN": null, "ID_SUPP": "TRONROUT0000000004406714", "INSEEDBAN": null, "COMDEL_BAN": null, "DATE_CREAT": "2023-12-08T14:04:36", "DATE_MAJ": "2024-03-14T09:02:21", "NOM_NORMA": "R LOUIS BESQUEL", "ID_BAN_ODO": "026e5861-5ca4-46c5-a338-9ca4365b249b", "ID_2": "COMMUNE_0000000009736525", "INSEE_COM_2": "94080", "INSEE_CAN": "9498", "INSEE_ARR": "942", "INSEE_COL": "94D", "INSEE_DEP": "94", "INSEE_REG": "11", "POPULATION": 48368, "SUPERF_CAD": 190, "DATE_CREAT_2": "2006-08-02T08:36:54", "DATE_MAJ_2": "2025-06-20T18:27:56", "DATE_APP": null, "DATE_CONF": null, "CODE_POST": "94300", "NOM": "Vincennes", "CL_ARROND": "Non", "CL_COLLTER": "Non", "CL_DEPART": "Non", "CL_REGION": "Non", "CAPITALE": "Non", "DATE_RCT": "2022-01-01", "RECENSEUR": "INSEE", "CODE_SIREN": "219400801", "SIREN_EPCI": "200054781/200057941", "ID_CH_LIEU": "PAIHABIT0000000004274533", "ID_AUT_ADM": "SURFACTI0000000004266121", "length": 239, "other_tags": "" }, "geometry": { "type": "MultiLineString", "coordinates": [ [ [ 2.43233490237445, 48.841155400414657 ], [ 2.432651539190434, 48.842608463144543 ], [ 2.432787298698071, 48.843280025850746 ] ] ] } },
{ "type": "Feature", "properties": { "fid": 371, "ID": "VOIE_NOM0000002339148538", "ID_BAN": "94080_6155", "name": "Avenue des Minimes", "INSEE_COM": "94080", "NOM_COM": "Vincennes", "SRC_BAN": "non commune", "NOM_COLL": "AV DES MINIMES", "TYPE_VOIE": "avenue", "MOT_DIR": "Minimes", "LD_BAN": null, "ID_SUPP": "TRONROUT0000000000199124/TRONROUT0000000000199132/TRONROUT0000000004406710/TRONROUT0000000004406712/TRONROUT0000000004406723/TRONROUT0000000053371587/TRONROUT0000000230033508/TRONROUT0000000230033665/TRONROUT0000000356851194", "INSEEDBAN": null, "COMDEL_BAN": null, "DATE_CREAT": "2023-12-08T14:04:36", "DATE_MAJ": "2024-03-14T09:02:21", "NOM_NORMA": "AV DES MINIMES", "ID_BAN_ODO": "cd4e6b0e-ebf1-4240-82dd-af7b2f218aca", "ID_2": "COMMUNE_0000000009736525", "INSEE_COM_2": "94080", "INSEE_CAN": "9498", "INSEE_ARR": "942", "INSEE_COL": "94D", "INSEE_DEP": "94", "INSEE_REG": "11", "POPULATION": 48368, "SUPERF_CAD": 190, "DATE_CREAT_2": "2006-08-02T08:36:54", "DATE_MAJ_2": "2025-06-20T18:27:56", "DATE_APP": null, "DATE_CONF": null, "CODE_POST": "94300", "NOM": "Vincennes", "CL_ARROND": "Non", "CL_COLLTER": "Non", "CL_DEPART": "Non", "CL_REGION": "Non", "CAPITALE": "Non", "DATE_RCT": "2022-01-01", "RECENSEUR": "INSEE", "CODE_SIREN": "219400801", "SIREN_EPCI": "200054781/200057941", "ID_CH_LIEU": "PAIHABIT0000000004274533", "ID_AUT_ADM": "SURFACTI0000000004266121", "length": 342, "other_tags": "" }, "geometry": { "type": "MultiLineString", "coordinates": [ [ [ 2.432487613868867, 48.841145332708699 ], [ 2.432915783985954, 48.841114087023179 ] ], [ [ 2.432487613868867, 48.841145332708699 ], [ 2.43233490237445, 48.841155400414657 ] ], [ [ 2.43233490237445, 48.841155400414657 ], [ 2.432248999683828, 48.841161288241082 ] ], [ [ 2.428130169985212, 48.84152839247848 ], [ 2.427575156761254, 48.841570705799498 ] ], [ [ 2.430718812462053, 48.841293416355832 ], [ 2.43063972161067, 48.841299335444212 ] ], [ [ 2.43063972161067, 48.841299335444212 ], [ 2.428351124513046, 48.841507863981981 ] ], [ [ 2.428351124513046, 48.841507863981981 ], [ 2.428244744502208, 48.841517248507472 ] ], [ [ 2.428244744502208, 48.841517248507472 ], [ 2.428130169985212, 48.84152839247848 ] ], [ [ 2.431532950269272, 48.841228037491554 ], [ 2.430718812462053, 48.841293416355832 ] ] ] } },
{ "type": "Feature", "properties": { "fid": 373, "ID": "VOIE_NOM0000002339148607", "ID_BAN": "94080_6170", "name": "Rue Monmory", "INSEE_COM": "94080", "NOM_COM": "Vincennes", "SRC_BAN": "non commune", "NOM_COLL": "R MONMORY", "TYPE_VOIE": "rue", "MOT_DIR": "Monmory", "LD_BAN": null, "ID_SUPP": "TRONROUT0000000004405409", "INSEEDBAN": null, "COMDEL_BAN": null, "DATE_CREAT": "2023-12-08T14:04:36", "DATE_MAJ": "2024-03-14T09:02:21", "NOM_NORMA": "R MONMORY", "ID_BAN_ODO": "1bab9bae-097e-4b65-b61c-20bf6a95065f", "ID_2": "COMMUNE_0000000009736525", "INSEE_COM_2": "94080", "INSEE_CAN": "9498", "INSEE_ARR": "942", "INSEE_COL": "94D", "INSEE_DEP": "94", "INSEE_REG": "11", "POPULATION": 48368, "SUPERF_CAD": 190, "DATE_CREAT_2": "2006-08-02T08:36:54", "DATE_MAJ_2": "2025-06-20T18:27:56", "DATE_APP": null, "DATE_CONF": null, "CODE_POST": "94300", "NOM": "Vincennes", "CL_ARROND": "Non", "CL_COLLTER": "Non", "CL_DEPART": "Non", "CL_REGION": "Non", "CAPITALE": "Non", "DATE_RCT": "2022-01-01", "RECENSEUR": "INSEE", "CODE_SIREN": "219400801", "SIREN_EPCI": "200054781/200057941", "ID_CH_LIEU": "PAIHABIT0000000004274533", "ID_AUT_ADM": "SURFACTI0000000004266121", "length": 152, "other_tags": "" }, "geometry": { "type": "MultiLineString", "coordinates": [ [ [ 2.43185184728973, 48.849971264353591 ], [ 2.431757647776589, 48.849486966840153 ], [ 2.431588624388739, 48.848616492213345 ] ] ] } },
{ "type": "Feature", "properties": { "fid": 377, "ID": "VOIE_NOM0000002339148723", "ID_BAN": "94080_3530", "name": "Rue Faie Félix", "INSEE_COM": "94080", "NOM_COM": "Vincennes", "SRC_BAN": "non commune", "NOM_COLL": "R FAIE FELIX", "TYPE_VOIE": "rue", "MOT_DIR": "Félix", "LD_BAN": null, "ID_SUPP": "TRONROUT0000000004405053/TRONROUT0000000004405058", "INSEEDBAN": null, "COMDEL_BAN": null, "DATE_CREAT": "2023-12-08T14:04:36", "DATE_MAJ": "2024-03-14T09:02:21", "NOM_NORMA": "R FAIE FELIX", "ID_BAN_ODO": "f58f88e6-c378-451e-8f7c-0ec366c46e5e", "ID_2": "COMMUNE_0000000009736525", "INSEE_COM_2": "94080", "INSEE_CAN": "9498", "INSEE_ARR": "942", "INSEE_COL": "94D", "INSEE_DEP": "94", "INSEE_REG": "11", "POPULATION": 48368, "SUPERF_CAD": 190, "DATE_CREAT_2": "2006-08-02T08:36:54", "DATE_MAJ_2": "2025-06-20T18:27:56", "DATE_APP": null, "DATE_CONF": null, "CODE_POST": "94300", "NOM": "Vincennes", "CL_ARROND": "Non", "CL_COLLTER": "Non", "CL_DEPART": "Non", "CL_REGION": "Non", "CAPITALE": "Non", "DATE_RCT": "2022-01-01", "RECENSEUR": "INSEE", "CODE_SIREN": "219400801", "SIREN_EPCI": "200054781/200057941", "ID_CH_LIEU": "PAIHABIT0000000004274533", "ID_AUT_ADM": "SURFACTI0000000004266121", "length": 143, "other_tags": "" }, "geometry": { "type": "MultiLineString", "coordinates": [ [ [ 2.44347671971206, 48.851186959309445 ], [ 2.443342653030181, 48.850597262798701 ] ], [ [ 2.443631594436604, 48.851870284198625 ], [ 2.443571290490667, 48.851646965681709 ], [ 2.44347671971206, 48.851186959309445 ] ] ] } },
{ "type": "Feature", "properties": { "fid": 381, "ID": "VOIE_NOM0000002339148833", "ID_BAN": "94080_3565", "name": "Rue de Fontenay", "INSEE_COM": "94080", "NOM_COM": "Vincennes", "SRC_BAN": "non commune", "NOM_COLL": "R DE FONTENAY", "TYPE_VOIE": "rue", "MOT_DIR": "Fontenay", "LD_BAN": null, "ID_SUPP": "TRONROUT0000000004405383/TRONROUT0000000004405386/TRONROUT0000000004405404/TRONROUT0000000004405407/TRONROUT0000000004405410/TRONROUT0000000004405412/TRONROUT0000000004405413/TRONROUT0000000004405414/TRONROUT0000000004405690/TRONROUT0000000004405694/TRON", "INSEEDBAN": null, "COMDEL_BAN": null, "DATE_CREAT": "2023-12-08T14:04:36", "DATE_MAJ": "2024-03-14T09:02:21", "NOM_NORMA": "R DE FONTENAY", "ID_BAN_ODO": "7249e268-d6a1-4d8f-afc0-98b067a8d898", "ID_2": "COMMUNE_0000000009736525", "INSEE_COM_2": "94080", "INSEE_CAN": "9498", "INSEE_ARR": "942", "INSEE_COL": "94D", "INSEE_DEP": "94", "INSEE_REG": "11", "POPULATION": 48368, "SUPERF_CAD": 190, "DATE_CREAT_2": "2006-08-02T08:36:54", "DATE_MAJ_2": "2025-06-20T18:27:56", "DATE_APP": null, "DATE_CONF": null, "CODE_POST": "94300", "NOM": "Vincennes", "CL_ARROND": "Non", "CL_COLLTER": "Non", "CL_DEPART": "Non", "CL_REGION": "Non", "CAPITALE": "Non", "DATE_RCT": "2022-01-01", "RECENSEUR": "INSEE", "CODE_SIREN": "219400801", "SIREN_EPCI": "200054781/200057941", "ID_CH_LIEU": "PAIHABIT0000000004274533", "ID_AUT_ADM": "SURFACTI0000000004266121", "length": 1435, "other_tags": "\"wikipedia\"=>\"fr:Rue_de_Fontenay_(Vincennes)\"" }, "geometry": { "type": "MultiLineString", "coordinates": [ [ [ 2.44285721695334, 48.847820510851108 ], [ 2.443252386909466, 48.847821451064434 ], [ 2.443981418467182, 48.847822143317742 ] ], [ [ 2.442372075483739, 48.847822747426385 ], [ 2.44285721695334, 48.847820510851108 ] ], [ [ 2.438369399310103, 48.848117898056898 ], [ 2.438627246213114, 48.848090328962286 ], [ 2.438936959835923, 48.848054908399071 ], [ 2.439504431937859, 48.848000009792173 ] ], [ [ 2.437807307338378, 48.848179112020794 ], [ 2.438369399310103, 48.848117898056898 ] ], [ [ 2.440174196310765, 48.847936593679897 ], [ 2.439792207079523, 48.84797707514565 ] ], [ [ 2.439504431937859, 48.848000009792173 ], [ 2.439792207079523, 48.84797707514565 ] ], [ [ 2.445396742674172, 48.847870082595385 ], [ 2.44492966937209, 48.847839137340138 ], [ 2.444594617579886, 48.847823192811937 ], [ 2.4445428379394, 48.847822952426711 ], [ 2.443981418467182, 48.847822143317742 ] ], [ [ 2.441231223627289, 48.847848901941518 ], [ 2.4415339763772, 48.847826932410349 ], [ 2.441649828141733, 48.847824775079332 ], [ 2.442372075483739, 48.847822747426385 ] ], [ [ 2.445396742674172, 48.847870082595385 ], [ 2.445630970411846, 48.847884658390043 ], [ 2.445790273074248, 48.84789708797706 ], [ 2.445884198521779, 48.847906516527011 ] ], [ [ 2.441231223627289, 48.847848901941518 ], [ 2.440174196310765, 48.847936593679897 ] ], [ [ 2.435102598938201, 48.848407398132849 ], [ 2.435547081371021, 48.848385213482146 ] ], [ [ 2.431588624388739, 48.848616492213345 ], [ 2.432474909328934, 48.848568537233525 ] ], [ [ 2.430739148810423, 48.848662817076125 ], [ 2.431588624388739, 48.848616492213345 ] ], [ [ 2.428504249744465, 48.84879156197097 ], [ 2.426506648325218, 48.848902516471838 ] ], [ [ 2.426506648325218, 48.848902516471838 ], [ 2.426435751031234, 48.848905774019705 ] ], [ [ 2.429311487432927, 48.848745051498391 ], [ 2.430739148810423, 48.848662817076125 ] ], [ [ 2.428504249744465, 48.84879156197097 ], [ 2.429311487432927, 48.848745051498391 ] ], [ [ 2.434626775481506, 48.84842943303547 ], [ 2.435102598938201, 48.848407398132849 ] ], [ [ 2.432474909328934, 48.848568537233525 ], [ 2.434626775481506, 48.84842943303547 ] ], [ [ 2.437129293181484, 48.848248771539446 ], [ 2.437807307338378, 48.848179112020794 ] ], [ [ 2.435547081371021, 48.848385213482146 ], [ 2.436572571092446, 48.848317199775856 ], [ 2.43678401264222, 48.848296610909657 ], [ 2.437129293181484, 48.848248771539446 ] ] ] } },
{ "type": "Feature", "properties": { "fid": 383, "ID": "VOIE_NOM0000002339148875", "ID_BAN": "94080_6130", "name": "Rue Massue", "INSEE_COM": "94080", "NOM_COM": "Vincennes", "SRC_BAN": "non commune", "NOM_COLL": "R MASSUE", "TYPE_VOIE": "rue", "MOT_DIR": "Massue", "LD_BAN": null, "ID_SUPP": "TRONROUT0000000004405432/TRONROUT0000000004405433/TRONROUT0000000004405434/TRONROUT0000000004405443/TRONROUT0000000004405447/TRONROUT0000000004405802/TRONROUT0000000004405804/TRONROUT0000000004405806", "INSEEDBAN": null, "COMDEL_BAN": null, "DATE_CREAT": "2023-12-08T14:04:36", "DATE_MAJ": "2024-03-14T09:02:21", "NOM_NORMA": "R MASSUE", "ID_BAN_ODO": "3d5efab4-ebf7-4341-aa45-f89c057b85b0", "ID_2": "COMMUNE_0000000009736525", "INSEE_COM_2": "94080", "INSEE_CAN": "9498", "INSEE_ARR": "942", "INSEE_COL": "94D", "INSEE_DEP": "94", "INSEE_REG": "11", "POPULATION": 48368, "SUPERF_CAD": 190, "DATE_CREAT_2": "2006-08-02T08:36:54", "DATE_MAJ_2": "2025-06-20T18:27:56", "DATE_APP": null, "DATE_CONF": null, "CODE_POST": "94300", "NOM": "Vincennes", "CL_ARROND": "Non", "CL_COLLTER": "Non", "CL_DEPART": "Non", "CL_REGION": "Non", "CAPITALE": "Non", "DATE_RCT": "2022-01-01", "RECENSEUR": "INSEE", "CODE_SIREN": "219400801", "SIREN_EPCI": "200054781/200057941", "ID_CH_LIEU": "PAIHABIT0000000004274533", "ID_AUT_ADM": "SURFACTI0000000004266121", "length": 632, "other_tags": "" }, "geometry": { "type": "MultiLineString", "coordinates": [ [ [ 2.427316300626516, 48.847644604810299 ], [ 2.426751633827623, 48.847691364943678 ], [ 2.425341012637421, 48.847836588235921 ], [ 2.424663045853405, 48.84790078130527 ] ], [ [ 2.424088726215733, 48.847957375335504 ], [ 2.424663045853405, 48.84790078130527 ] ], [ [ 2.423526649054955, 48.848015824304539 ], [ 2.424088726215733, 48.847957375335504 ] ], [ [ 2.419566463652968, 48.848277275116374 ], [ 2.418798922804634, 48.848185412502858 ] ], [ [ 2.421788849628966, 48.848171120437605 ], [ 2.420627963220037, 48.848281520820052 ] ], [ [ 2.420627963220037, 48.848281520820052 ], [ 2.420146334045129, 48.848334947360811 ], [ 2.419566463652968, 48.848277275116374 ] ], [ [ 2.422960482755351, 48.848074250913903 ], [ 2.423526649054955, 48.848015824304539 ] ], [ [ 2.422960482755351, 48.848074250913903 ], [ 2.421788849628966, 48.848171120437605 ] ] ] } },
{ "type": "Feature", "properties": { "fid": 384, "ID": "VOIE_NOM0000002339148879", "ID_BAN": "94080_4730", "name": "Rue Jean Moulin", "INSEE_COM": "94080", "NOM_COM": "Vincennes", "SRC_BAN": "non commune", "NOM_COLL": "R JEAN MOULIN", "TYPE_VOIE": "rue", "MOT_DIR": "Moulin", "LD_BAN": null, "ID_SUPP": "TRONROUT0000000004406132/TRONROUT0000000004406137/TRONROUT0000000004406149/TRONROUT0000000004406160", "INSEEDBAN": null, "COMDEL_BAN": null, "DATE_CREAT": "2023-12-08T14:04:36", "DATE_MAJ": "2024-03-14T09:02:21", "NOM_NORMA": "R JEAN MOULIN", "ID_BAN_ODO": "01dac32b-8b23-4abe-9e77-e8b128886846", "ID_2": "COMMUNE_0000000009736525", "INSEE_COM_2": "94080", "INSEE_CAN": "9498", "INSEE_ARR": "942", "INSEE_COL": "94D", "INSEE_DEP": "94", "INSEE_REG": "11", "POPULATION": 48368, "SUPERF_CAD": 190, "DATE_CREAT_2": "2006-08-02T08:36:54", "DATE_MAJ_2": "2025-06-20T18:27:56", "DATE_APP": null, "DATE_CONF": null, "CODE_POST": "94300", "NOM": "Vincennes", "CL_ARROND": "Non", "CL_COLLTER": "Non", "CL_DEPART": "Non", "CL_REGION": "Non", "CAPITALE": "Non", "DATE_RCT": "2022-01-01", "RECENSEUR": "INSEE", "CODE_SIREN": "219400801", "SIREN_EPCI": "200054781/200057941", "ID_CH_LIEU": "PAIHABIT0000000004274533", "ID_AUT_ADM": "SURFACTI0000000004266121", "length": 433, "other_tags": "" }, "geometry": { "type": "MultiLineString", "coordinates": [ [ [ 2.432268260289851, 48.845772371508062 ], [ 2.432971009734159, 48.845681272272145 ], [ 2.433496232586015, 48.845625302532568 ], [ 2.434640496462691, 48.845531786592453 ] ], [ [ 2.430895367363562, 48.845962806893475 ], [ 2.430268894981865, 48.846056055923171 ], [ 2.428840180676652, 48.846240805787311 ] ], [ [ 2.431692384243118, 48.845849679725774 ], [ 2.432268260289851, 48.845772371508062 ] ], [ [ 2.430895367363562, 48.845962806893475 ], [ 2.431307521566542, 48.845904510132783 ], [ 2.431692384243118, 48.845849679725774 ] ] ] } },
{ "type": "Feature", "properties": { "fid": 390, "ID": "VOIE_NOM0000002339149033", "ID_BAN": "94080_9625", "name": "Rue de Verdun", "INSEE_COM": "94080", "NOM_COM": "Vincennes", "SRC_BAN": "non commune", "NOM_COLL": "R DE VERDUN", "TYPE_VOIE": "rue", "MOT_DIR": "Verdun", "LD_BAN": null, "ID_SUPP": "TRONROUT0000000004404767", "INSEEDBAN": null, "COMDEL_BAN": null, "DATE_CREAT": "2023-12-08T14:04:36", "DATE_MAJ": "2024-03-14T09:02:21", "NOM_NORMA": "R DE VERDUN", "ID_BAN_ODO": "7a3adea4-f749-4fa7-af68-31644c5666aa", "ID_2": "COMMUNE_0000000009736525", "INSEE_COM_2": "94080", "INSEE_CAN": "9498", "INSEE_ARR": "942", "INSEE_COL": "94D", "INSEE_DEP": "94", "INSEE_REG": "11", "POPULATION": 48368, "SUPERF_CAD": 190, "DATE_CREAT_2": "2006-08-02T08:36:54", "DATE_MAJ_2": "2025-06-20T18:27:56", "DATE_APP": null, "DATE_CONF": null, "CODE_POST": "94300", "NOM": "Vincennes", "CL_ARROND": "Non", "CL_COLLTER": "Non", "CL_DEPART": "Non", "CL_REGION": "Non", "CAPITALE": "Non", "DATE_RCT": "2022-01-01", "RECENSEUR": "INSEE", "CODE_SIREN": "219400801", "SIREN_EPCI": "200054781/200057941", "ID_CH_LIEU": "PAIHABIT0000000004274533", "ID_AUT_ADM": "SURFACTI0000000004266121", "length": 57, "other_tags": "" }, "geometry": { "type": "MultiLineString", "coordinates": [ [ [ 2.443291537133346, 48.852575589058475 ], [ 2.442806768996035, 48.852793672480523 ] ], [ [ 2.442806768996035, 48.852793672480523 ], [ 2.442656010206459, 48.852873012168359 ] ] ] } },
{ "type": "Feature", "properties": { "fid": 391, "ID": "VOIE_NOM0000002339149072", "ID_BAN": "94080_8135", "name": "Avenue de la République", "INSEE_COM": "94080", "NOM_COM": "Vincennes", "SRC_BAN": "non commune", "NOM_COLL": "AV DE LA REPUBLIQUE", "TYPE_VOIE": "avenue", "MOT_DIR": "République", "LD_BAN": null, "ID_SUPP": "TRONROUT0000000004405076/TRONROUT0000000004405077/TRONROUT0000000004405401/TRONROUT0000000004405402/TRONROUT0000000004405765/TRONROUT0000000004405775/TRONROUT0000000004405784/TRONROUT0000000004405793/TRONROUT0000000054778242/TRONROUT0000000054778243/TRON", "INSEEDBAN": null, "COMDEL_BAN": null, "DATE_CREAT": "2023-12-08T14:04:36", "DATE_MAJ": "2024-03-14T09:02:21", "NOM_NORMA": "AV DE LA REPUBLIQUE", "ID_BAN_ODO": "aaad5a1a-12e5-43ae-a2ad-754e1d83b2ca", "ID_2": "COMMUNE_0000000009736525", "INSEE_COM_2": "94080", "INSEE_CAN": "9498", "INSEE_ARR": "942", "INSEE_COL": "94D", "INSEE_DEP": "94", "INSEE_REG": "11", "POPULATION": 48368, "SUPERF_CAD": 190, "DATE_CREAT_2": "2006-08-02T08:36:54", "DATE_MAJ_2": "2025-06-20T18:27:56", "DATE_APP": null, "DATE_CONF": null, "CODE_POST": "94300", "NOM": "Vincennes", "CL_ARROND": "Non", "CL_COLLTER": "Non", "CL_DEPART": "Non", "CL_REGION": "Non", "CAPITALE": "Non", "DATE_RCT": "2022-01-01", "RECENSEUR": "INSEE", "CODE_SIREN": "219400801", "SIREN_EPCI": "200054781/200057941", "ID_CH_LIEU": "PAIHABIT0000000004274533", "ID_AUT_ADM": "SURFACTI0000000004266121", "length": 1037, "other_tags": "\"wikipedia\"=>\"fr:Avenue_de_la_R%C3%A9publique_(Vincennes)\"" }, "geometry": { "type": "MultiLineString", "coordinates": [ [ [ 2.428840180676652, 48.846240805787311 ], [ 2.428954561170959, 48.846372657295269 ], [ 2.429013913749113, 48.846427801089739 ], [ 2.429371213502672, 48.846650746530472 ] ], [ [ 2.429371213502672, 48.846650746530472 ], [ 2.430286140290677, 48.847220799359334 ] ], [ [ 2.430529885918381, 48.84736135933646 ], [ 2.430616817732593, 48.847386954936518 ], [ 2.430689936871338, 48.847429572427743 ], [ 2.430756252896735, 48.847471258151721 ], [ 2.43081165830733, 48.847513791281905 ], [ 2.430861662461974, 48.847551801932497 ] ], [ [ 2.430529885918381, 48.84736135933646 ], [ 2.430397185809352, 48.847284282726278 ], [ 2.430286140290677, 48.847220799359334 ] ], [ [ 2.430529885918381, 48.84736135933646 ], [ 2.430560862324047, 48.847394782790218 ], [ 2.430596015034114, 48.847420131945761 ], [ 2.430623060894289, 48.847439147047638 ], [ 2.430633696491409, 48.847463480158076 ], [ 2.430632039117393, 48.847490452820445 ], [ 2.430626333206593, 48.847513808808571 ], [ 2.430613598059193, 48.847556917078364 ] ], [ [ 2.430861662461974, 48.847551801932497 ], [ 2.432035315180594, 48.848266967407262 ], [ 2.432474909328934, 48.848568537233525 ] ], [ [ 2.435399767159975, 48.850410753305113 ], [ 2.434792046011528, 48.850027459338882 ], [ 2.434587481744369, 48.849915872840789 ] ], [ [ 2.435490414577097, 48.850471437397395 ], [ 2.435399767159975, 48.850410753305113 ] ], [ [ 2.438694608471948, 48.852590086505053 ], [ 2.438474147731554, 48.852434364419352 ] ], [ [ 2.438474147731554, 48.852434364419352 ], [ 2.438413270179603, 48.852392708743487 ], [ 2.437077600778426, 48.851520360684027 ], [ 2.437043843728906, 48.851491422729225 ] ], [ [ 2.436154756686294, 48.850912552756213 ], [ 2.435490414577097, 48.850471437397395 ] ], [ [ 2.437043843728906, 48.851491422729225 ], [ 2.436154756686294, 48.850912552756213 ] ], [ [ 2.432733225512024, 48.848748733028835 ], [ 2.432474909328934, 48.848568537233525 ] ], [ [ 2.434587481744369, 48.849915872840789 ], [ 2.433971752639638, 48.849518147042737 ], [ 2.433446587731547, 48.849189197378706 ], [ 2.432733225512024, 48.848748733028835 ] ] ] } },
{ "type": "Feature", "properties": { "fid": 392, "ID": "VOIE_NOM0000002339149073", "ID_BAN": "94080_9180", "name": "Rue des 3 territoires", "INSEE_COM": "94080", "NOM_COM": "Vincennes", "SRC_BAN": "non commune", "NOM_COLL": "R DES 3 TERRITOIRES", "TYPE_VOIE": "rue", "MOT_DIR": "territoires", "LD_BAN": null, "ID_SUPP": "TRONROUT0000000004404760/TRONROUT0000000004404769/TRONROUT0000000004404770/TRONROUT0000000004404778/TRONROUT0000000004405039/TRONROUT0000000004405042/TRONROUT0000000004405046/TRONROUT0000000004405050/TRONROUT0000000004405059/TRONROUT0000000046601194/TRON", "INSEEDBAN": null, "COMDEL_BAN": null, "DATE_CREAT": "2023-12-08T14:04:36", "DATE_MAJ": "2024-03-14T09:02:21", "NOM_NORMA": "R DES 3 TERRITOIRES", "ID_BAN_ODO": "0c0f9b65-127d-42fc-8be7-a0bc70a3f62f", "ID_2": "COMMUNE_0000000009736522", "INSEE_COM_2": "94033", "INSEE_CAN": "9409", "INSEE_ARR": "942", "INSEE_COL": "94D", "INSEE_DEP": "94", "INSEE_REG": "11", "POPULATION": 52646, "SUPERF_CAD": 560, "DATE_CREAT_2": "2006-08-02T08:36:54", "DATE_MAJ_2": "2025-06-20T18:27:56", "DATE_APP": null, "DATE_CONF": null, "CODE_POST": "94120", "NOM": "Fontenay-sous-Bois", "CL_ARROND": "Non", "CL_COLLTER": "Non", "CL_DEPART": "Non", "CL_REGION": "Non", "CAPITALE": "Non", "DATE_RCT": "2022-01-01", "RECENSEUR": "INSEE", "CODE_SIREN": "219400330", "SIREN_EPCI": "200054781/200057941", "ID_CH_LIEU": "PAIHABIT0000000004274526", "ID_AUT_ADM": "SURFACTI0000000004266119", "length": 167, "other_tags": "" }, "geometry": { "type": "MultiLineString", "coordinates": [ [ [ 2.44883445024921, 48.850738702931402 ], [ 2.449394591655581, 48.850605480452408 ] ], [ [ 2.449394591655581, 48.850605480452408 ], [ 2.449531165198918, 48.850577329744567 ] ], [ [ 2.448000917683994, 48.850950703734718 ], [ 2.448300178280055, 48.850873840766916 ] ], [ [ 2.448300178280055, 48.850873840766916 ], [ 2.448581684823346, 48.850800492618632 ] ], [ [ 2.447867048688224, 48.850980663870075 ], [ 2.448000917683994, 48.850950703734718 ] ], [ [ 2.447140124141604, 48.851162572761595 ], [ 2.447867048688224, 48.850980663870075 ] ] ] } },
{ "type": "Feature", "properties": { "fid": 393, "ID": "VOIE_NOM0000002339149073", "ID_BAN": "94080_9180", "name": "Rue des 3 territoires", "INSEE_COM": "94080", "NOM_COM": "Vincennes", "SRC_BAN": "non commune", "NOM_COLL": "R DES 3 TERRITOIRES", "TYPE_VOIE": "rue", "MOT_DIR": "territoires", "LD_BAN": null, "ID_SUPP": "TRONROUT0000000004404760/TRONROUT0000000004404769/TRONROUT0000000004404770/TRONROUT0000000004404778/TRONROUT0000000004405039/TRONROUT0000000004405042/TRONROUT0000000004405046/TRONROUT0000000004405050/TRONROUT0000000004405059/TRONROUT0000000046601194/TRON", "INSEEDBAN": null, "COMDEL_BAN": null, "DATE_CREAT": "2023-12-08T14:04:36", "DATE_MAJ": "2024-03-14T09:02:21", "NOM_NORMA": "R DES 3 TERRITOIRES", "ID_BAN_ODO": "0c0f9b65-127d-42fc-8be7-a0bc70a3f62f", "ID_2": "COMMUNE_0000000009736525", "INSEE_COM_2": "94080", "INSEE_CAN": "9498", "INSEE_ARR": "942", "INSEE_COL": "94D", "INSEE_DEP": "94", "INSEE_REG": "11", "POPULATION": 48368, "SUPERF_CAD": 190, "DATE_CREAT_2": "2006-08-02T08:36:54", "DATE_MAJ_2": "2025-06-20T18:27:56", "DATE_APP": null, "DATE_CONF": null, "CODE_POST": "94300", "NOM": "Vincennes", "CL_ARROND": "Non", "CL_COLLTER": "Non", "CL_DEPART": "Non", "CL_REGION": "Non", "CAPITALE": "Non", "DATE_RCT": "2022-01-01", "RECENSEUR": "INSEE", "CODE_SIREN": "219400801", "SIREN_EPCI": "200054781/200057941", "ID_CH_LIEU": "PAIHABIT0000000004274533", "ID_AUT_ADM": "SURFACTI0000000004266121", "length": 563, "other_tags": "" }, "geometry": { "type": "MultiLineString", "coordinates": [ [ [ 2.449531165198918, 48.850577329744567 ], [ 2.449760515739532, 48.850538813409649 ] ], [ [ 2.448699200549123, 48.850770456333564 ], [ 2.44883445024921, 48.850738702931402 ] ], [ [ 2.44883445024921, 48.850738702931402 ], [ 2.449394591655581, 48.850605480452408 ] ], [ [ 2.449394591655581, 48.850605480452408 ], [ 2.449531165198918, 48.850577329744567 ] ], [ [ 2.448000917683994, 48.850950703734718 ], [ 2.448300178280055, 48.850873840766916 ] ], [ [ 2.448300178280055, 48.850873840766916 ], [ 2.448581684823346, 48.850800492618632 ] ], [ [ 2.448581684823346, 48.850800492618632 ], [ 2.448699200549123, 48.850770456333564 ] ], [ [ 2.447140124141604, 48.851162572761595 ], [ 2.446597571647262, 48.851306658194474 ] ], [ [ 2.446597571647262, 48.851306658194474 ], [ 2.446273710283008, 48.851389698480737 ] ], [ [ 2.447867048688224, 48.850980663870075 ], [ 2.448000917683994, 48.850950703734718 ] ], [ [ 2.447140124141604, 48.851162572761595 ], [ 2.447867048688224, 48.850980663870075 ] ], [ [ 2.445322618263166, 48.851633512987902 ], [ 2.445251555675185, 48.851652069823459 ] ], [ [ 2.445251555675185, 48.851652069823459 ], [ 2.444763885198508, 48.85176042748629 ] ], [ [ 2.443631594436604, 48.851870284198625 ], [ 2.443068126791192, 48.851802010451394 ] ], [ [ 2.444763885198508, 48.85176042748629 ], [ 2.4444907361996, 48.851815818499723 ] ], [ [ 2.4444907361996, 48.851815818499723 ], [ 2.444309301771723, 48.851832962949054 ] ], [ [ 2.444309301771723, 48.851832962949054 ], [ 2.443803394136022, 48.85186208945985 ] ], [ [ 2.443803394136022, 48.85186208945985 ], [ 2.443631594436604, 48.851870284198625 ] ], [ [ 2.443068126791192, 48.851802010451394 ], [ 2.44299594076616, 48.851798077041252 ] ], [ [ 2.44299594076616, 48.851798077041252 ], [ 2.442919551204427, 48.851804916182431 ] ], [ [ 2.442919551204427, 48.851804916182431 ], [ 2.442472919885613, 48.8518981666871 ] ], [ [ 2.446273710283008, 48.851389698480737 ], [ 2.446105589634014, 48.851436585722915 ] ], [ [ 2.446105589634014, 48.851436585722915 ], [ 2.445322618263166, 48.851633512987902 ] ] ] } },
{ "type": "Feature", "properties": { "fid": 394, "ID": "VOIE_NOM0000002339149097", "ID_BAN": "94080_0017", "name": "Rue Alexandre de la Faluere", "INSEE_COM": "94080", "NOM_COM": "Vincennes", "SRC_BAN": "non commune", "NOM_COLL": "R ALEXANDRE DE LA FALUERE", "TYPE_VOIE": "rue", "MOT_DIR": "Faluere", "LD_BAN": null, "ID_SUPP": "TRONROUT0000000240161972", "INSEEDBAN": null, "COMDEL_BAN": null, "DATE_CREAT": "2023-12-08T14:04:36", "DATE_MAJ": "2024-03-14T09:02:21", "NOM_NORMA": "R ALEXANDRE DE LA FALUERE", "ID_BAN_ODO": "e7043857-074f-4f65-bd35-5e5576028599", "ID_2": "COMMUNE_0000000009736525", "INSEE_COM_2": "94080", "INSEE_CAN": "9498", "INSEE_ARR": "942", "INSEE_COL": "94D", "INSEE_DEP": "94", "INSEE_REG": "11", "POPULATION": 48368, "SUPERF_CAD": 190, "DATE_CREAT_2": "2006-08-02T08:36:54", "DATE_MAJ_2": "2025-06-20T18:27:56", "DATE_APP": null, "DATE_CONF": null, "CODE_POST": "94300", "NOM": "Vincennes", "CL_ARROND": "Non", "CL_COLLTER": "Non", "CL_DEPART": "Non", "CL_REGION": "Non", "CAPITALE": "Non", "DATE_RCT": "2022-01-01", "RECENSEUR": "INSEE", "CODE_SIREN": "219400801", "SIREN_EPCI": "200054781/200057941", "ID_CH_LIEU": "PAIHABIT0000000004274533", "ID_AUT_ADM": "SURFACTI0000000004266121", "length": 79, "other_tags": "" }, "geometry": { "type": "MultiLineString", "coordinates": [ [ [ 2.45420006291666, 48.847316996066347 ], [ 2.454143938639929, 48.847081110315621 ], [ 2.454092166437889, 48.846820062536516 ], [ 2.454060999734752, 48.846673326210762 ], [ 2.454027509620535, 48.846618313005635 ] ] ] } },
{ "type": "Feature", "properties": { "fid": 395, "ID": "VOIE_NOM0000002339149124", "ID_BAN": "94080_6115", "name": "Rue du Maréchal Maunoury", "INSEE_COM": "94080", "NOM_COM": "Vincennes", "SRC_BAN": "non commune", "NOM_COLL": "R DU MARECHAL MAUNOURY", "TYPE_VOIE": "rue", "MOT_DIR": "Maunoury", "LD_BAN": null, "ID_SUPP": "TRONROUT0000000004406466/TRONROUT0000000004406470", "INSEEDBAN": null, "COMDEL_BAN": null, "DATE_CREAT": "2023-12-08T14:04:36", "DATE_MAJ": "2024-03-14T09:02:21", "NOM_NORMA": "R DU MARECHAL MAUNOURY", "ID_BAN_ODO": "0c28dbfc-dc62-40ec-9cf7-59c5f534ef5c", "ID_2": "COMMUNE_0000000009736525", "INSEE_COM_2": "94080", "INSEE_CAN": "9498", "INSEE_ARR": "942", "INSEE_COL": "94D", "INSEE_DEP": "94", "INSEE_REG": "11", "POPULATION": 48368, "SUPERF_CAD": 190, "DATE_CREAT_2": "2006-08-02T08:36:54", "DATE_MAJ_2": "2025-06-20T18:27:56", "DATE_APP": null, "DATE_CONF": null, "CODE_POST": "94300", "NOM": "Vincennes", "CL_ARROND": "Non", "CL_COLLTER": "Non", "CL_DEPART": "Non", "CL_REGION": "Non", "CAPITALE": "Non", "DATE_RCT": "2022-01-01", "RECENSEUR": "INSEE", "CODE_SIREN": "219400801", "SIREN_EPCI": "200054781/200057941", "ID_CH_LIEU": "PAIHABIT0000000004274533", "ID_AUT_ADM": "SURFACTI0000000004266121", "length": 197, "other_tags": "" }, "geometry": { "type": "MultiLineString", "coordinates": [ [ [ 2.430368131877847, 48.843958336342482 ], [ 2.431280609302016, 48.843875440268896 ] ], [ [ 2.428622273557697, 48.84411729059731 ], [ 2.430368131877847, 48.843958336342482 ] ] ] } },
{ "type": "Feature", "properties": { "fid": 399, "ID": "VOIE_NOM0000002339149223", "ID_BAN": "94080_1432", "name": "Rue Charles Pathé", "INSEE_COM": "94080", "NOM_COM": "Vincennes", "SRC_BAN": "non commune", "NOM_COLL": "R CHARLES PATHE", "TYPE_VOIE": "rue", "MOT_DIR": "Pathé", "LD_BAN": null, "ID_SUPP": "TRONROUT0000000004405403/TRONROUT0000000004405406/TRONROUT0000000118200302", "INSEEDBAN": null, "COMDEL_BAN": null, "DATE_CREAT": "2023-12-08T14:04:36", "DATE_MAJ": "2024-03-14T09:02:21", "NOM_NORMA": "R CHARLES PATHE", "ID_BAN_ODO": "e6d0e1c0-5377-43a6-b78f-3f82e8a92ffc", "ID_2": "COMMUNE_0000000009736525", "INSEE_COM_2": "94080", "INSEE_CAN": "9498", "INSEE_ARR": "942", "INSEE_COL": "94D", "INSEE_DEP": "94", "INSEE_REG": "11", "POPULATION": 48368, "SUPERF_CAD": 190, "DATE_CREAT_2": "2006-08-02T08:36:54", "DATE_MAJ_2": "2025-06-20T18:27:56", "DATE_APP": null, "DATE_CONF": null, "CODE_POST": "94300", "NOM": "Vincennes", "CL_ARROND": "Non", "CL_COLLTER": "Non", "CL_DEPART": "Non", "CL_REGION": "Non", "CAPITALE": "Non", "DATE_RCT": "2022-01-01", "RECENSEUR": "INSEE", "CODE_SIREN": "219400801", "SIREN_EPCI": "200054781/200057941", "ID_CH_LIEU": "PAIHABIT0000000004274533", "ID_AUT_ADM": "SURFACTI0000000004266121", "length": 377, "other_tags": "" }, "geometry": { "type": "MultiLineString", "coordinates": [ [ [ 2.435439965401781, 48.849593434541077 ], [ 2.436500898621278, 48.849526487998425 ], [ 2.437448417337801, 48.849487778039197 ] ], [ [ 2.437448417337801, 48.849487778039197 ], [ 2.437670580222609, 48.849484325656476 ], [ 2.437752262482514, 48.849491904328211 ], [ 2.437810701843536, 48.849506568528149 ], [ 2.437866357700171, 48.849526615717927 ], [ 2.437913575696847, 48.849570905674426 ], [ 2.437996824436186, 48.85031775646658 ], [ 2.438017861238543, 48.850388903827948 ], [ 2.43809908920198, 48.850438749503773 ] ], [ [ 2.435399767159975, 48.850410753305113 ], [ 2.435443889573569, 48.850363296011956 ], [ 2.435439965401781, 48.849593434541077 ] ] ] } },
{ "type": "Feature", "properties": { "fid": 400, "ID": "VOIE_NOM0000002339149234", "ID_BAN": "94080_3535", "name": "Rue Félix Faure", "INSEE_COM": "94080", "NOM_COM": "Vincennes", "SRC_BAN": "non commune", "NOM_COLL": "R FELIX FAURE", "TYPE_VOIE": "rue", "MOT_DIR": "Faure", "LD_BAN": null, "ID_SUPP": "TRONROUT0000000004405330/TRONROUT0000000004405333/TRONROUT0000000004405673/TRONROUT0000000004405674/TRONROUT0000002488137454", "INSEEDBAN": null, "COMDEL_BAN": null, "DATE_CREAT": "2023-12-08T14:04:36", "DATE_MAJ": "2025-01-31T08:39:00", "NOM_NORMA": "R FELIX FAURE", "ID_BAN_ODO": "da848a67-d912-48bd-b9f9-56365215ef35", "ID_2": "COMMUNE_0000000009736525", "INSEE_COM_2": "94080", "INSEE_CAN": "9498", "INSEE_ARR": "942", "INSEE_COL": "94D", "INSEE_DEP": "94", "INSEE_REG": "11", "POPULATION": 48368, "SUPERF_CAD": 190, "DATE_CREAT_2": "2006-08-02T08:36:54", "DATE_MAJ_2": "2025-06-20T18:27:56", "DATE_APP": null, "DATE_CONF": null, "CODE_POST": "94300", "NOM": "Vincennes", "CL_ARROND": "Non", "CL_COLLTER": "Non", "CL_DEPART": "Non", "CL_REGION": "Non", "CAPITALE": "Non", "DATE_RCT": "2022-01-01", "RECENSEUR": "INSEE", "CODE_SIREN": "219400801", "SIREN_EPCI": "200054781/200057941", "ID_CH_LIEU": "PAIHABIT0000000004274533", "ID_AUT_ADM": "SURFACTI0000000004266121", "length": 318, "other_tags": "" }, "geometry": { "type": "MultiLineString", "coordinates": [ [ [ 2.454658838311868, 48.848661816648509 ], [ 2.454501910526196, 48.848552280052672 ] ], [ [ 2.454921413670131, 48.848832990092696 ], [ 2.454754871013798, 48.848730604835744 ], [ 2.454658838311868, 48.848661816648509 ] ], [ [ 2.45178135399956, 48.8469246129414 ], [ 2.451807991095131, 48.846983192770935 ], [ 2.451834647169537, 48.847039973977552 ], [ 2.451920520154361, 48.847167175784563 ], [ 2.452023028556815, 48.84726747320552 ], [ 2.452101426370611, 48.847328088713219 ], [ 2.452216567617471, 48.847393369153778 ], [ 2.452484994755246, 48.847525003605234 ], [ 2.452602909383232, 48.847585799601106 ], [ 2.45268557565893, 48.847629346587645 ] ], [ [ 2.45268557565893, 48.847629346587645 ], [ 2.452907883769746, 48.847740983373065 ], [ 2.453327037463301, 48.847923668590752 ], [ 2.453855898017645, 48.848170706935349 ], [ 2.454143278323242, 48.848315014940439 ], [ 2.454388286563103, 48.848471719891506 ] ], [ [ 2.454501910526196, 48.848552280052672 ], [ 2.454388286563103, 48.848471719891506 ] ] ] } },
{ "type": "Feature", "properties": { "fid": 401, "ID": "VOIE_NOM0000002339149264", "ID_BAN": "94080_5193", "name": "Allee Mabille", "INSEE_COM": "94080", "NOM_COM": "Vincennes", "SRC_BAN": "non commune", "NOM_COLL": "ALL LOUIS NICOLAS MABILLE", "TYPE_VOIE": "allée", "MOT_DIR": "Mabille", "LD_BAN": null, "ID_SUPP": "TRONROUT0000000109046147", "INSEEDBAN": null, "COMDEL_BAN": null, "DATE_CREAT": "2023-12-08T14:04:36", "DATE_MAJ": "2024-03-14T09:02:21", "NOM_NORMA": "ALL MABILLE", "ID_BAN_ODO": "6790147e-04fe-4ed8-a1a1-fd38e995b2ff", "ID_2": "COMMUNE_0000000009736525", "INSEE_COM_2": "94080", "INSEE_CAN": "9498", "INSEE_ARR": "942", "INSEE_COL": "94D", "INSEE_DEP": "94", "INSEE_REG": "11", "POPULATION": 48368, "SUPERF_CAD": 190, "DATE_CREAT_2": "2006-08-02T08:36:54", "DATE_MAJ_2": "2025-06-20T18:27:56", "DATE_APP": null, "DATE_CONF": null, "CODE_POST": "94300", "NOM": "Vincennes", "CL_ARROND": "Non", "CL_COLLTER": "Non", "CL_DEPART": "Non", "CL_REGION": "Non", "CAPITALE": "Non", "DATE_RCT": "2022-01-01", "RECENSEUR": "INSEE", "CODE_SIREN": "219400801", "SIREN_EPCI": "200054781/200057941", "ID_CH_LIEU": "PAIHABIT0000000004274533", "ID_AUT_ADM": "SURFACTI0000000004266121", "length": 75, "other_tags": "" }, "geometry": { "type": "MultiLineString", "coordinates": [ [ [ 2.45348188332428, 48.84680198732913 ], [ 2.453232612399409, 48.846143423059168 ] ] ] } },
{ "type": "Feature", "properties": { "fid": 403, "ID": "VOIE_NOM0000002339149276", "ID_BAN": "94080_4124", "name": "Allee Georges Pompidou", "INSEE_COM": "94080", "NOM_COM": "Vincennes", "SRC_BAN": "non commune", "NOM_COLL": "ALL GEORGES POMPIDOU", "TYPE_VOIE": "allée", "MOT_DIR": "Pompidou", "LD_BAN": null, "ID_SUPP": "TRONROUT0000000118200313", "INSEEDBAN": null, "COMDEL_BAN": null, "DATE_CREAT": "2023-12-08T14:04:36", "DATE_MAJ": "2024-03-14T09:02:21", "NOM_NORMA": "ALL GEORGES POMPIDOU", "ID_BAN_ODO": "5c2f1884-4c7b-4a64-a7a0-659e48291dbc", "ID_2": "COMMUNE_0000000009736525", "INSEE_COM_2": "94080", "INSEE_CAN": "9498", "INSEE_ARR": "942", "INSEE_COL": "94D", "INSEE_DEP": "94", "INSEE_REG": "11", "POPULATION": 48368, "SUPERF_CAD": 190, "DATE_CREAT_2": "2006-08-02T08:36:54", "DATE_MAJ_2": "2025-06-20T18:27:56", "DATE_APP": null, "DATE_CONF": null, "CODE_POST": "94300", "NOM": "Vincennes", "CL_ARROND": "Non", "CL_COLLTER": "Non", "CL_DEPART": "Non", "CL_REGION": "Non", "CAPITALE": "Non", "DATE_RCT": "2022-01-01", "RECENSEUR": "INSEE", "CODE_SIREN": "219400801", "SIREN_EPCI": "200054781/200057941", "ID_CH_LIEU": "PAIHABIT0000000004274533", "ID_AUT_ADM": "SURFACTI0000000004266121", "length": 146, "other_tags": "" }, "geometry": { "type": "MultiLineString", "coordinates": [ [ [ 2.435547081371021, 48.848385213482146 ], [ 2.435625564408242, 48.849065492509027 ], [ 2.435600820475242, 48.849336979444857 ], [ 2.435472660929297, 48.849468579218723 ], [ 2.435334330248057, 48.849532679621674 ], [ 2.435439965401781, 48.849593434541077 ] ] ] } },
{ "type": "Feature", "properties": { "fid": 405, "ID": "VOIE_NOM0000002339149320", "ID_BAN": "94080_1430", "name": "Rue Charles Marinier", "INSEE_COM": "94080", "NOM_COM": "Vincennes", "SRC_BAN": "non commune", "NOM_COLL": "R CHARLES MARINIER", "TYPE_VOIE": "rue", "MOT_DIR": "Marinier", "LD_BAN": null, "ID_SUPP": "TRONROUT0000000004405821", "INSEEDBAN": null, "COMDEL_BAN": null, "DATE_CREAT": "2023-12-08T14:04:36", "DATE_MAJ": "2024-03-14T09:02:21", "NOM_NORMA": "R CHARLES MARINIER", "ID_BAN_ODO": "502e4fd2-bb02-444e-819c-d2b43cf0548c", "ID_2": "COMMUNE_0000000009736525", "INSEE_COM_2": "94080", "INSEE_CAN": "9498", "INSEE_ARR": "942", "INSEE_COL": "94D", "INSEE_DEP": "94", "INSEE_REG": "11", "POPULATION": 48368, "SUPERF_CAD": 190, "DATE_CREAT_2": "2006-08-02T08:36:54", "DATE_MAJ_2": "2025-06-20T18:27:56", "DATE_APP": null, "DATE_CONF": null, "CODE_POST": "94300", "NOM": "Vincennes", "CL_ARROND": "Non", "CL_COLLTER": "Non", "CL_DEPART": "Non", "CL_REGION": "Non", "CAPITALE": "Non", "DATE_RCT": "2022-01-01", "RECENSEUR": "INSEE", "CODE_SIREN": "219400801", "SIREN_EPCI": "200054781/200057941", "ID_CH_LIEU": "PAIHABIT0000000004274533", "ID_AUT_ADM": "SURFACTI0000000004266121", "length": 50, "other_tags": "" }, "geometry": { "type": "MultiLineString", "coordinates": [ [ [ 2.418748123596547, 48.847486368937496 ], [ 2.419419319306644, 48.847418579084028 ] ] ] } },
{ "type": "Feature", "properties": { "fid": 406, "ID": "VOIE_NOM0000002339149326", "ID_BAN": "94080_5195", "name": "Sentier de la Maladrerie", "INSEE_COM": "94080", "NOM_COM": "Vincennes", "SRC_BAN": "non commune", "NOM_COLL": "SEN DE LA MALADRERIE", "TYPE_VOIE": "sentier", "MOT_DIR": "Maladrerie", "LD_BAN": null, "ID_SUPP": "TRONROUT0000000004405061", "INSEEDBAN": null, "COMDEL_BAN": null, "DATE_CREAT": "2023-12-08T14:04:36", "DATE_MAJ": "2024-03-14T09:02:21", "NOM_NORMA": "SEN DE LA MALADRERIE", "ID_BAN_ODO": "ceac84d1-b501-481d-a44d-74fefaa68fae", "ID_2": "COMMUNE_0000000009736525", "INSEE_COM_2": "94080", "INSEE_CAN": "9498", "INSEE_ARR": "942", "INSEE_COL": "94D", "INSEE_DEP": "94", "INSEE_REG": "11", "POPULATION": 48368, "SUPERF_CAD": 190, "DATE_CREAT_2": "2006-08-02T08:36:54", "DATE_MAJ_2": "2025-06-20T18:27:56", "DATE_APP": null, "DATE_CONF": null, "CODE_POST": "94300", "NOM": "Vincennes", "CL_ARROND": "Non", "CL_COLLTER": "Non", "CL_DEPART": "Non", "CL_REGION": "Non", "CAPITALE": "Non", "DATE_RCT": "2022-01-01", "RECENSEUR": "INSEE", "CODE_SIREN": "219400801", "SIREN_EPCI": "200054781/200057941", "ID_CH_LIEU": "PAIHABIT0000000004274533", "ID_AUT_ADM": "SURFACTI0000000004266121", "length": 67, "other_tags": "" }, "geometry": { "type": "MultiLineString", "coordinates": [ [ [ 2.44850756540911, 48.850077974704405 ], [ 2.448004316787667, 48.850115225323144 ], [ 2.44786929688322, 48.850125394505234 ], [ 2.447595226065787, 48.850140317713034 ] ] ] } },
{ "type": "Feature", "properties": { "fid": 407, "ID": "VOIE_NOM0000002339149392", "ID_BAN": "94080_4708", "name": "Allée Jacques Daguerre", "INSEE_COM": "94080", "NOM_COM": "Vincennes", "SRC_BAN": "non commune", "NOM_COLL": "ALL JACQUES DAGUERRE", "TYPE_VOIE": "allée", "MOT_DIR": "Daguerre", "LD_BAN": null, "ID_SUPP": "TRONROUT0000000004406724", "INSEEDBAN": null, "COMDEL_BAN": null, "DATE_CREAT": "2023-12-08T14:04:36", "DATE_MAJ": "2024-03-14T09:02:21", "NOM_NORMA": "ALL JACQUES DAGUERRE", "ID_BAN_ODO": "5ae2fead-a5da-4ca7-b7bd-e25ae488e445", "ID_2": "COMMUNE_0000000009736525", "INSEE_COM_2": "94080", "INSEE_CAN": "9498", "INSEE_ARR": "942", "INSEE_COL": "94D", "INSEE_DEP": "94", "INSEE_REG": "11", "POPULATION": 48368, "SUPERF_CAD": 190, "DATE_CREAT_2": "2006-08-02T08:36:54", "DATE_MAJ_2": "2025-06-20T18:27:56", "DATE_APP": null, "DATE_CONF": null, "CODE_POST": "94300", "NOM": "Vincennes", "CL_ARROND": "Non", "CL_COLLTER": "Non", "CL_DEPART": "Non", "CL_REGION": "Non", "CAPITALE": "Non", "DATE_RCT": "2022-01-01", "RECENSEUR": "INSEE", "CODE_SIREN": "219400801", "SIREN_EPCI": "200054781/200057941", "ID_CH_LIEU": "PAIHABIT0000000004274533", "ID_AUT_ADM": "SURFACTI0000000004266121", "length": 97, "other_tags": "" }, "geometry": { "type": "MultiLineString", "coordinates": [ [ [ 2.430200261784111, 48.842362980176262 ], [ 2.430395217668898, 48.843225491136401 ] ] ] } },
{ "type": "Feature", "properties": { "fid": 411, "ID": "VOIE_NOM0000002339149437", "ID_BAN": "94080_5170", "name": "Rue du Lieutenant Heitz", "INSEE_COM": "94080", "NOM_COM": "Vincennes", "SRC_BAN": "non commune", "NOM_COLL": "R DU LIEUTENANT HEITZ", "TYPE_VOIE": "rue", "MOT_DIR": "Heitz", "LD_BAN": null, "ID_SUPP": "TRONROUT0000000004406165", "INSEEDBAN": null, "COMDEL_BAN": null, "DATE_CREAT": "2023-12-08T14:04:36", "DATE_MAJ": "2024-03-14T09:02:21", "NOM_NORMA": "R DU LIEUTENANT HEITZ", "ID_BAN_ODO": "417b6d55-b753-40d3-a2c6-a680b4fc9962", "ID_2": "COMMUNE_0000000009736525", "INSEE_COM_2": "94080", "INSEE_CAN": "9498", "INSEE_ARR": "942", "INSEE_COL": "94D", "INSEE_DEP": "94", "INSEE_REG": "11", "POPULATION": 48368, "SUPERF_CAD": 190, "DATE_CREAT_2": "2006-08-02T08:36:54", "DATE_MAJ_2": "2025-06-20T18:27:56", "DATE_APP": null, "DATE_CONF": null, "CODE_POST": "94300", "NOM": "Vincennes", "CL_ARROND": "Non", "CL_COLLTER": "Non", "CL_DEPART": "Non", "CL_REGION": "Non", "CAPITALE": "Non", "DATE_RCT": "2022-01-01", "RECENSEUR": "INSEE", "CODE_SIREN": "219400801", "SIREN_EPCI": "200054781/200057941", "ID_CH_LIEU": "PAIHABIT0000000004274533", "ID_AUT_ADM": "SURFACTI0000000004266121", "length": 201, "other_tags": "" }, "geometry": { "type": "MultiLineString", "coordinates": [ [ [ 2.428736216181375, 48.844910165801515 ], [ 2.430407544334004, 48.844715780245757 ], [ 2.430897363688527, 48.844656955272391 ], [ 2.431434968814257, 48.844589361870518 ] ] ] } },
{ "type": "Feature", "properties": { "fid": 413, "ID": "VOIE_NOM0000002339149441", "ID_BAN": "94080_4140", "name": "Rue Gilbert Clerfayt", "INSEE_COM": "94080", "NOM_COM": "Vincennes", "SRC_BAN": "non commune", "NOM_COLL": "R GILBERT CLERFAYT", "TYPE_VOIE": "rue", "MOT_DIR": "Clerfayt", "LD_BAN": null, "ID_SUPP": "TRONROUT0000000004405092/TRONROUT0000000004405098", "INSEEDBAN": null, "COMDEL_BAN": null, "DATE_CREAT": "2023-12-08T14:04:36", "DATE_MAJ": "2024-03-14T09:02:21", "NOM_NORMA": "R GILBERT CLERFAYT", "ID_BAN_ODO": "0e2dc8c8-38eb-4f75-b73a-307d71692ef1", "ID_2": "COMMUNE_0000000009736525", "INSEE_COM_2": "94080", "INSEE_CAN": "9498", "INSEE_ARR": "942", "INSEE_COL": "94D", "INSEE_DEP": "94", "INSEE_REG": "11", "POPULATION": 48368, "SUPERF_CAD": 190, "DATE_CREAT_2": "2006-08-02T08:36:54", "DATE_MAJ_2": "2025-06-20T18:27:56", "DATE_APP": null, "DATE_CONF": null, "CODE_POST": "94300", "NOM": "Vincennes", "CL_ARROND": "Non", "CL_COLLTER": "Non", "CL_DEPART": "Non", "CL_REGION": "Non", "CAPITALE": "Non", "DATE_RCT": "2022-01-01", "RECENSEUR": "INSEE", "CODE_SIREN": "219400801", "SIREN_EPCI": "200054781/200057941", "ID_CH_LIEU": "PAIHABIT0000000004274533", "ID_AUT_ADM": "SURFACTI0000000004266121", "length": 157, "other_tags": "" }, "geometry": { "type": "MultiLineString", "coordinates": [ [ [ 2.430253712366399, 48.850560832874713 ], [ 2.430348259149992, 48.850513617547485 ], [ 2.431011927883395, 48.85001403917984 ] ], [ [ 2.429576392506658, 48.851061241127304 ], [ 2.429838627278963, 48.850883520605244 ], [ 2.429989714614421, 48.85077541925623 ], [ 2.43007238135244, 48.850693072940771 ], [ 2.430253712366399, 48.850560832874713 ] ] ] } },
{ "type": "Feature", "properties": { "fid": 414, "ID": "VOIE_NOM0000002339149453", "ID_BAN": "94080_0630", "name": "Place Bérault", "INSEE_COM": "94080", "NOM_COM": "Vincennes", "SRC_BAN": "non commune", "NOM_COLL": "PL BERAULT", "TYPE_VOIE": "place", "MOT_DIR": "Bérault", "LD_BAN": null, "ID_SUPP": "TRONROUT0000000004405794/TRONROUT0000000004406156/TRONROUT0000000004406159", "INSEEDBAN": null, "COMDEL_BAN": null, "DATE_CREAT": "2023-12-08T14:04:36", "DATE_MAJ": "2024-03-14T09:02:21", "NOM_NORMA": "PL BERAULT", "ID_BAN_ODO": "a14ad180-a8be-4966-90c3-8c14216c26ce", "ID_2": "COMMUNE_0000000009736525", "INSEE_COM_2": "94080", "INSEE_CAN": "9498", "INSEE_ARR": "942", "INSEE_COL": "94D", "INSEE_DEP": "94", "INSEE_REG": "11", "POPULATION": 48368, "SUPERF_CAD": 190, "DATE_CREAT_2": "2006-08-02T08:36:54", "DATE_MAJ_2": "2025-06-20T18:27:56", "DATE_APP": null, "DATE_CONF": null, "CODE_POST": "94300", "NOM": "Vincennes", "CL_ARROND": "Non", "CL_COLLTER": "Non", "CL_DEPART": "Non", "CL_REGION": "Non", "CAPITALE": "Non", "DATE_RCT": "2022-01-01", "RECENSEUR": "INSEE", "CODE_SIREN": "219400801", "SIREN_EPCI": "200054781/200057941", "ID_CH_LIEU": "PAIHABIT0000000004274533", "ID_AUT_ADM": "SURFACTI0000000004266121", "length": 196, "other_tags": "\"wikipedia\"=>\"fr:Place_B%C3%A9rault\"" }, "geometry": { "type": "MultiLineString", "coordinates": [ [ [ 2.428222413661847, 48.845539956882909 ], [ 2.428412068838459, 48.845765701483344 ], [ 2.428840180676652, 48.846240805787311 ] ], [ [ 2.428222413661847, 48.845539956882909 ], [ 2.428552331416837, 48.846270908572407 ] ], [ [ 2.428552331416837, 48.846270908572407 ], [ 2.428651888460219, 48.846263289888959 ], [ 2.428840180676652, 48.846240805787311 ] ] ] } },
{ "type": "Feature", "properties": { "fid": 415, "ID": "VOIE_NOM0000002339149518", "ID_BAN": "94080_0011", "name": "Rue Adolphe-alphand", "INSEE_COM": "94080", "NOM_COM": "Vincennes", "SRC_BAN": "non commune", "NOM_COLL": "R ADOLPHE ALPHAND", "TYPE_VOIE": "rue", "MOT_DIR": "alphand", "LD_BAN": null, "ID_SUPP": "TRONROUT0000000240161970", "INSEEDBAN": null, "COMDEL_BAN": null, "DATE_CREAT": "2023-12-08T14:04:36", "DATE_MAJ": "2024-03-14T09:02:21", "NOM_NORMA": "R ADOLPHE-ALPHAND", "ID_BAN_ODO": "1158f085-ed4a-4a82-9c47-c415486522ab", "ID_2": "COMMUNE_0000000009736525", "INSEE_COM_2": "94080", "INSEE_CAN": "9498", "INSEE_ARR": "942", "INSEE_COL": "94D", "INSEE_DEP": "94", "INSEE_REG": "11", "POPULATION": 48368, "SUPERF_CAD": 190, "DATE_CREAT_2": "2006-08-02T08:36:54", "DATE_MAJ_2": "2025-06-20T18:27:56", "DATE_APP": null, "DATE_CONF": null, "CODE_POST": "94300", "NOM": "Vincennes", "CL_ARROND": "Non", "CL_COLLTER": "Non", "CL_DEPART": "Non", "CL_REGION": "Non", "CAPITALE": "Non", "DATE_RCT": "2022-01-01", "RECENSEUR": "INSEE", "CODE_SIREN": "219400801", "SIREN_EPCI": "200054781/200057941", "ID_CH_LIEU": "PAIHABIT0000000004274533", "ID_AUT_ADM": "SURFACTI0000000004266121", "length": 77, "other_tags": "" }, "geometry": { "type": "MultiLineString", "coordinates": [ [ [ 2.453404076665622, 48.847464452905442 ], [ 2.453361614441463, 48.847355437566954 ], [ 2.453171771838247, 48.846877015100475 ], [ 2.453146712907121, 48.846797757730435 ] ] ] } },
{ "type": "Feature", "properties": { "fid": 417, "ID": "VOIE_NOM0000002339149543", "ID_BAN": "94080_5150", "name": "Rue Leroyer", "INSEE_COM": "94080", "NOM_COM": "Vincennes", "SRC_BAN": "non commune", "NOM_COLL": "R LEROYER", "TYPE_VOIE": "rue", "MOT_DIR": "Leroyer", "LD_BAN": null, "ID_SUPP": "TRONROUT0000000004405068", "INSEEDBAN": null, "COMDEL_BAN": null, "DATE_CREAT": "2023-12-08T14:04:36", "DATE_MAJ": "2024-03-14T09:02:21", "NOM_NORMA": "R LEROYER", "ID_BAN_ODO": "8d87f78b-d677-4a98-a9d8-c75bfc5f626b", "ID_2": "COMMUNE_0000000009736525", "INSEE_COM_2": "94080", "INSEE_CAN": "9498", "INSEE_ARR": "942", "INSEE_COL": "94D", "INSEE_DEP": "94", "INSEE_REG": "11", "POPULATION": 48368, "SUPERF_CAD": 190, "DATE_CREAT_2": "2006-08-02T08:36:54", "DATE_MAJ_2": "2025-06-20T18:27:56", "DATE_APP": null, "DATE_CONF": null, "CODE_POST": "94300", "NOM": "Vincennes", "CL_ARROND": "Non", "CL_COLLTER": "Non", "CL_DEPART": "Non", "CL_REGION": "Non", "CAPITALE": "Non", "DATE_RCT": "2022-01-01", "RECENSEUR": "INSEE", "CODE_SIREN": "219400801", "SIREN_EPCI": "200054781/200057941", "ID_CH_LIEU": "PAIHABIT0000000004274533", "ID_AUT_ADM": "SURFACTI0000000004266121", "length": 257, "other_tags": "" }, "geometry": { "type": "MultiLineString", "coordinates": [ [ [ 2.440303131081368, 48.850776442830323 ], [ 2.440386460442761, 48.851011562458325 ], [ 2.440484847971466, 48.85124045695752 ], [ 2.440588629306263, 48.851474772628691 ], [ 2.440676435357966, 48.851673938928535 ], [ 2.440771132928954, 48.851865942556827 ], [ 2.440917366412891, 48.85220837785004 ], [ 2.441027823149279, 48.852583022201358 ], [ 2.441056359181016, 48.852844865361931 ], [ 2.441071506431921, 48.852957354422479 ], [ 2.441117174593982, 48.853019622637923 ] ] ] } },
{ "type": "Feature", "properties": { "fid": 419, "ID": "VOIE_NOM0000002339149558", "ID_BAN": "94080_0620", "name": "Villa Beauséjour", "INSEE_COM": "94080", "NOM_COM": "Vincennes", "SRC_BAN": "non commune", "NOM_COLL": "VLA BEAUSEJOUR", "TYPE_VOIE": "villa", "MOT_DIR": "Beauséjour", "LD_BAN": null, "ID_SUPP": "TRONROUT0000000004405785", "INSEEDBAN": null, "COMDEL_BAN": null, "DATE_CREAT": "2023-12-08T14:04:36", "DATE_MAJ": "2024-03-14T09:02:21", "NOM_NORMA": "VLA BEAUSEJOUR", "ID_BAN_ODO": "65fa2974-9137-4660-ae3b-2b208b770477", "ID_2": "COMMUNE_0000000009736525", "INSEE_COM_2": "94080", "INSEE_CAN": "9498", "INSEE_ARR": "942", "INSEE_COL": "94D", "INSEE_DEP": "94", "INSEE_REG": "11", "POPULATION": 48368, "SUPERF_CAD": 190, "DATE_CREAT_2": "2006-08-02T08:36:54", "DATE_MAJ_2": "2025-06-20T18:27:56", "DATE_APP": null, "DATE_CONF": null, "CODE_POST": "94300", "NOM": "Vincennes", "CL_ARROND": "Non", "CL_COLLTER": "Non", "CL_DEPART": "Non", "CL_REGION": "Non", "CAPITALE": "Non", "DATE_RCT": "2022-01-01", "RECENSEUR": "INSEE", "CODE_SIREN": "219400801", "SIREN_EPCI": "200054781/200057941", "ID_CH_LIEU": "PAIHABIT0000000004274533", "ID_AUT_ADM": "SURFACTI0000000004266121", "length": 84, "other_tags": "" }, "geometry": { "type": "MultiLineString", "coordinates": [ [ [ 2.431094420139384, 48.847201262433536 ], [ 2.430682411006539, 48.84649690851883 ] ] ] } },
{ "type": "Feature", "properties": { "fid": 424, "ID": "VOIE_NOM0000002339149617", "ID_BAN": "94080_5165", "name": "Rue de la Liberté", "INSEE_COM": "94080", "NOM_COM": "Vincennes", "SRC_BAN": "non commune", "NOM_COLL": "R DE LA LIBERTE", "TYPE_VOIE": "rue", "MOT_DIR": "Liberté", "LD_BAN": null, "ID_SUPP": "TRONROUT0000000004405371/TRONROUT0000000004405389/TRONROUT0000000004405392/TRONROUT0000000004405393/TRONROUT0000000004405394", "INSEEDBAN": null, "COMDEL_BAN": null, "DATE_CREAT": "2023-12-08T14:04:36", "DATE_MAJ": "2024-03-14T09:02:21", "NOM_NORMA": "R DE LA LIBERTE", "ID_BAN_ODO": "23ca0273-ddb8-44d8-8ebf-3434cc10f587", "ID_2": "COMMUNE_0000000009736525", "INSEE_COM_2": "94080", "INSEE_CAN": "9498", "INSEE_ARR": "942", "INSEE_COL": "94D", "INSEE_DEP": "94", "INSEE_REG": "11", "POPULATION": 48368, "SUPERF_CAD": 190, "DATE_CREAT_2": "2006-08-02T08:36:54", "DATE_MAJ_2": "2025-06-20T18:27:56", "DATE_APP": null, "DATE_CONF": null, "CODE_POST": "94300", "NOM": "Vincennes", "CL_ARROND": "Non", "CL_COLLTER": "Non", "CL_DEPART": "Non", "CL_REGION": "Non", "CAPITALE": "Non", "DATE_RCT": "2022-01-01", "RECENSEUR": "INSEE", "CODE_SIREN": "219400801", "SIREN_EPCI": "200054781/200057941", "ID_CH_LIEU": "PAIHABIT0000000004274533", "ID_AUT_ADM": "SURFACTI0000000004266121", "length": 450, "other_tags": "" }, "geometry": { "type": "MultiLineString", "coordinates": [ [ [ 2.440025729122993, 48.84932539457462 ], [ 2.439573306397293, 48.849325074945014 ], [ 2.439289863285276, 48.849324646288721 ], [ 2.438817049083236, 48.849319731486553 ], [ 2.438676704735256, 48.849318173783502 ], [ 2.437972151110583, 48.849320262340882 ] ], [ [ 2.441070774342764, 48.849341073324624 ], [ 2.440025729122993, 48.84932539457462 ] ], [ [ 2.442855053393906, 48.84942494071435 ], [ 2.444101392050396, 48.849477504119022 ] ], [ [ 2.441070774342764, 48.849341073324624 ], [ 2.442224419239159, 48.849395921290501 ] ], [ [ 2.442224419239159, 48.849395921290501 ], [ 2.442855053393906, 48.84942494071435 ] ] ] } },
{ "type": "Feature", "properties": { "fid": 425, "ID": "VOIE_NOM0000002339149619", "ID_BAN": "94080_4765", "name": "Rue Jules Massenet", "INSEE_COM": "94080", "NOM_COM": "Vincennes", "SRC_BAN": "non commune", "NOM_COLL": "R JULES MASSENET", "TYPE_VOIE": "rue", "MOT_DIR": "Massenet", "LD_BAN": null, "ID_SUPP": "TRONROUT0000000004405031/TRONROUT0000000004405355/TRONROUT0000000004405359/TRONROUT0000000004405361/TRONROUT0000000004405680/TRONROUT0000002488137451", "INSEEDBAN": null, "COMDEL_BAN": null, "DATE_CREAT": "2023-12-08T14:04:36", "DATE_MAJ": "2025-01-31T08:39:00", "NOM_NORMA": "R JULES MASSENET", "ID_BAN_ODO": "f13d4f7e-4b2c-449e-b05e-d069f7eab611", "ID_2": "COMMUNE_0000000009736525", "INSEE_COM_2": "94080", "INSEE_CAN": "9498", "INSEE_ARR": "942", "INSEE_COL": "94D", "INSEE_DEP": "94", "INSEE_REG": "11", "POPULATION": 48368, "SUPERF_CAD": 190, "DATE_CREAT_2": "2006-08-02T08:36:54", "DATE_MAJ_2": "2025-06-20T18:27:56", "DATE_APP": null, "DATE_CONF": null, "CODE_POST": "94300", "NOM": "Vincennes", "CL_ARROND": "Non", "CL_COLLTER": "Non", "CL_DEPART": "Non", "CL_REGION": "Non", "CAPITALE": "Non", "DATE_RCT": "2022-01-01", "RECENSEUR": "INSEE", "CODE_SIREN": "219400801", "SIREN_EPCI": "200054781/200057941", "ID_CH_LIEU": "PAIHABIT0000000004274533", "ID_AUT_ADM": "SURFACTI0000000004266121", "length": 288, "other_tags": "" }, "geometry": { "type": "MultiLineString", "coordinates": [ [ [ 2.452732808436572, 48.848322061748455 ], [ 2.452730498711198, 48.848282479817932 ] ], [ [ 2.452730498711198, 48.848282479817932 ], [ 2.45268557565893, 48.847629346587645 ] ], [ [ 2.452732808436572, 48.848322061748455 ], [ 2.452942415466566, 48.848994833979937 ] ], [ [ 2.452942415466566, 48.848994833979937 ], [ 2.453123074209441, 48.849439938012331 ], [ 2.453209694173274, 48.849626498978346 ] ], [ [ 2.453209694173274, 48.849626498978346 ], [ 2.45332027685059, 48.849867130214257 ] ], [ [ 2.45332027685059, 48.849867130214257 ], [ 2.453457614310485, 48.850155548935909 ] ] ] } },
{ "type": "Feature", "properties": { "fid": 427, "ID": "VOIE_NOM0000002339149643", "ID_BAN": "94080_3580", "name": "Rue de la Fraternité", "INSEE_COM": "94080", "NOM_COM": "Vincennes", "SRC_BAN": "non commune", "NOM_COLL": "R DE LA FRATERNITE", "TYPE_VOIE": "rue", "MOT_DIR": "Fraternité", "LD_BAN": null, "ID_SUPP": "TRONROUT0000000004405408", "INSEEDBAN": null, "COMDEL_BAN": null, "DATE_CREAT": "2023-12-08T14:04:36", "DATE_MAJ": "2024-03-14T09:02:21", "NOM_NORMA": "R DE LA FRATERNITE", "ID_BAN_ODO": "838a2464-0785-4e24-8363-0eeb457bc4dd", "ID_2": "COMMUNE_0000000009736525", "INSEE_COM_2": "94080", "INSEE_CAN": "9498", "INSEE_ARR": "942", "INSEE_COL": "94D", "INSEE_DEP": "94", "INSEE_REG": "11", "POPULATION": 48368, "SUPERF_CAD": 190, "DATE_CREAT_2": "2006-08-02T08:36:54", "DATE_MAJ_2": "2025-06-20T18:27:56", "DATE_APP": null, "DATE_CONF": null, "CODE_POST": "94300", "NOM": "Vincennes", "CL_ARROND": "Non", "CL_COLLTER": "Non", "CL_DEPART": "Non", "CL_REGION": "Non", "CAPITALE": "Non", "DATE_RCT": "2022-01-01", "RECENSEUR": "INSEE", "CODE_SIREN": "219400801", "SIREN_EPCI": "200054781/200057941", "ID_CH_LIEU": "PAIHABIT0000000004274533", "ID_AUT_ADM": "SURFACTI0000000004266121", "length": 134, "other_tags": "" }, "geometry": { "type": "MultiLineString", "coordinates": [ [ [ 2.432733225512024, 48.848748733028835 ], [ 2.432678014810942, 48.848813224476871 ], [ 2.432655762091005, 48.848854489076032 ], [ 2.43287702070716, 48.84993565732843 ] ] ] } },
{ "type": "Feature", "properties": { "fid": 429, "ID": "VOIE_NOM0000002339149695", "ID_BAN": "94080_8570", "name": "Rue de Strasbourg", "INSEE_COM": "94080", "NOM_COM": "Vincennes", "SRC_BAN": "non commune", "NOM_COLL": "R DE STRASBOURG", "TYPE_VOIE": "rue", "MOT_DIR": "Strasbourg", "LD_BAN": null, "ID_SUPP": "TRONROUT0000000004404771/TRONROUT0000000054778239/TRONROUT0000000054778240/TRONROUT0000000054778241/TRONROUT0000000054778244/TRONROUT0000000054778247/TRONROUT0000000315768265", "INSEEDBAN": null, "COMDEL_BAN": null, "DATE_CREAT": "2023-12-08T14:04:36", "DATE_MAJ": "2024-03-14T09:02:21", "NOM_NORMA": "R DE STRASBOURG", "ID_BAN_ODO": "009dd540-67fa-45af-b509-e39468ddba94", "ID_2": "COMMUNE_0000000009736525", "INSEE_COM_2": "94080", "INSEE_CAN": "9498", "INSEE_ARR": "942", "INSEE_COL": "94D", "INSEE_DEP": "94", "INSEE_REG": "11", "POPULATION": 48368, "SUPERF_CAD": 190, "DATE_CREAT_2": "2006-08-02T08:36:54", "DATE_MAJ_2": "2025-06-20T18:27:56", "DATE_APP": null, "DATE_CONF": null, "CODE_POST": "94300", "NOM": "Vincennes", "CL_ARROND": "Non", "CL_COLLTER": "Non", "CL_DEPART": "Non", "CL_REGION": "Non", "CAPITALE": "Non", "DATE_RCT": "2022-01-01", "RECENSEUR": "INSEE", "CODE_SIREN": "219400801", "SIREN_EPCI": "200054781/200057941", "ID_CH_LIEU": "PAIHABIT0000000004274533", "ID_AUT_ADM": "SURFACTI0000000004266121", "length": 545, "other_tags": "" }, "geometry": { "type": "MultiLineString", "coordinates": [ [ [ 2.437972151110583, 48.849320262340882 ], [ 2.437824158106591, 48.848259233392618 ], [ 2.437807307338378, 48.848179112020794 ] ], [ [ 2.43809908920198, 48.850438749503773 ], [ 2.437996746878618, 48.849566799630956 ], [ 2.437972151110583, 48.849320262340882 ] ], [ [ 2.438162273463192, 48.850771805170801 ], [ 2.43809908920198, 48.850438749503773 ] ], [ [ 2.438823450661515, 48.853027773337139 ], [ 2.438740638512811, 48.852744990078726 ], [ 2.438694608471948, 48.852590086505053 ] ], [ [ 2.438619131249951, 48.852385580649063 ], [ 2.438694608471948, 48.852590086505053 ] ], [ [ 2.438392683753882, 48.851773861173946 ], [ 2.438263382948462, 48.851379339899161 ], [ 2.438198470532793, 48.850953643495274 ], [ 2.438162273463192, 48.850771805170801 ] ], [ [ 2.438392683753882, 48.851773861173946 ], [ 2.438497334946558, 48.852053150035516 ], [ 2.438619131249951, 48.852385580649063 ] ] ] } },
{ "type": "Feature", "properties": { "fid": 430, "ID": "VOIE_NOM0000002339149700", "ID_BAN": "94080_3190", "name": "Rue Eugénie Gérard", "INSEE_COM": "94080", "NOM_COM": "Vincennes", "SRC_BAN": "non commune", "NOM_COLL": "R EUGENIE GERARD", "TYPE_VOIE": "rue", "MOT_DIR": "Gérard", "LD_BAN": null, "ID_SUPP": "TRONROUT0000000004405759", "INSEEDBAN": null, "COMDEL_BAN": null, "DATE_CREAT": "2023-12-08T14:04:36", "DATE_MAJ": "2024-03-14T09:02:21", "NOM_NORMA": "R EUGENIE GERARD", "ID_BAN_ODO": "3895475e-a95c-46bb-84b5-68db47920f8e", "ID_2": "COMMUNE_0000000009736525", "INSEE_COM_2": "94080", "INSEE_CAN": "9498", "INSEE_ARR": "942", "INSEE_COL": "94D", "INSEE_DEP": "94", "INSEE_REG": "11", "POPULATION": 48368, "SUPERF_CAD": 190, "DATE_CREAT_2": "2006-08-02T08:36:54", "DATE_MAJ_2": "2025-06-20T18:27:56", "DATE_APP": null, "DATE_CONF": null, "CODE_POST": "94300", "NOM": "Vincennes", "CL_ARROND": "Non", "CL_COLLTER": "Non", "CL_DEPART": "Non", "CL_REGION": "Non", "CAPITALE": "Non", "DATE_RCT": "2022-01-01", "RECENSEUR": "INSEE", "CODE_SIREN": "219400801", "SIREN_EPCI": "200054781/200057941", "ID_CH_LIEU": "PAIHABIT0000000004274533", "ID_AUT_ADM": "SURFACTI0000000004266121", "length": 103, "other_tags": "" }, "geometry": { "type": "MultiLineString", "coordinates": [ [ [ 2.433636673601095, 48.84649474203993 ], [ 2.433566900192769, 48.846269573638679 ], [ 2.433515522940763, 48.846232456929343 ], [ 2.433480222971037, 48.846220598196886 ], [ 2.433386234363521, 48.846217455038136 ], [ 2.43290716679042, 48.84628893207433 ], [ 2.432565865603677, 48.846347570403708 ] ] ] } },
{ "type": "Feature", "properties": { "fid": 438, "ID": "VOIE_NOM0000002339149885", "ID_BAN": "94080_1410", "name": "Avenue Carnot", "INSEE_COM": "94080", "NOM_COM": "Vincennes", "SRC_BAN": "non commune", "NOM_COLL": "AV CARNOT", "TYPE_VOIE": "avenue", "MOT_DIR": "Carnot", "LD_BAN": null, "ID_SUPP": "TRONROUT0000000004406444/TRONROUT0000000004406445/TRONROUT0000000004406704/TRONROUT0000000004406707/TRONROUT0000000004406708/TRONROUT0000000245706597/TRONROUT0000000315768253/TRONROUT0000002292197301/TRONROUT0000002292197307", "INSEEDBAN": null, "COMDEL_BAN": null, "DATE_CREAT": "2023-12-08T14:04:36", "DATE_MAJ": "2024-03-14T09:02:21", "NOM_NORMA": "AV CARNOT", "ID_BAN_ODO": "ec26aded-be0d-41b8-b4c4-f062de32e6f3", "ID_2": "COMMUNE_0000000009736525", "INSEE_COM_2": "94080", "INSEE_CAN": "9498", "INSEE_ARR": "942", "INSEE_COL": "94D", "INSEE_DEP": "94", "INSEE_REG": "11", "POPULATION": 48368, "SUPERF_CAD": 190, "DATE_CREAT_2": "2006-08-02T08:36:54", "DATE_MAJ_2": "2025-06-20T18:27:56", "DATE_APP": null, "DATE_CONF": null, "CODE_POST": "94300", "NOM": "Vincennes", "CL_ARROND": "Non", "CL_COLLTER": "Non", "CL_DEPART": "Non", "CL_REGION": "Non", "CAPITALE": "Non", "DATE_RCT": "2022-01-01", "RECENSEUR": "INSEE", "CODE_SIREN": "219400801", "SIREN_EPCI": "200054781/200057941", "ID_CH_LIEU": "PAIHABIT0000000004274533", "ID_AUT_ADM": "SURFACTI0000000004266121", "length": 318, "other_tags": "" }, "geometry": { "type": "MultiLineString", "coordinates": [ [ [ 2.433568082564926, 48.841145956879565 ], [ 2.433560279288979, 48.841111744381919 ] ], [ [ 2.433560279288979, 48.841111744381919 ], [ 2.433525840517513, 48.841047806826452 ] ], [ [ 2.433588748009954, 48.84125038008149 ], [ 2.433568082564926, 48.841145956879565 ] ], [ [ 2.433682408014162, 48.841659131257487 ], [ 2.43365386064341, 48.84152769011056 ], [ 2.433613481347122, 48.841356621242504 ], [ 2.433593924157312, 48.841275586569736 ], [ 2.433588748009954, 48.84125038008149 ] ], [ [ 2.434007431444978, 48.843221950544368 ], [ 2.434032557210358, 48.843292219089527 ], [ 2.434073447177291, 48.843416523480585 ], [ 2.434109219303393, 48.843510225578967 ] ], [ [ 2.434109219303393, 48.843510225578967 ], [ 2.433971864819601, 48.843611202835561 ] ], [ [ 2.434109219303393, 48.843510225578967 ], [ 2.434141187187029, 48.843577828383332 ], [ 2.434203545901513, 48.843732812291051 ] ], [ [ 2.433869033727789, 48.842666393613058 ], [ 2.433930267262956, 48.842924798310925 ], [ 2.434007431444978, 48.843221950544368 ] ], [ [ 2.433682408014162, 48.841659131257487 ], [ 2.433789200372325, 48.842238821943212 ] ], [ [ 2.433789200372325, 48.842238821943212 ], [ 2.433869033727789, 48.842666393613058 ] ] ] } },
{ "type": "Feature", "properties": { "fid": 456, "ID": "VOIE_NOM0000002339150205", "ID_BAN": "94080_h0imzh", "name": "Allee des Acacias", "INSEE_COM": "94080", "NOM_COM": "Vincennes", "SRC_BAN": "non commune", "NOM_COLL": "ALL DES ACACIAS", "TYPE_VOIE": "allée", "MOT_DIR": "Acacias", "LD_BAN": null, "ID_SUPP": "TRONROUT0000000287572533", "INSEEDBAN": null, "COMDEL_BAN": null, "DATE_CREAT": "2023-12-08T14:04:36", "DATE_MAJ": "2024-03-14T09:02:21", "NOM_NORMA": "ALL DES ACACIAS", "ID_BAN_ODO": "4bb69a85-d828-44df-af42-c05e586a5728", "ID_2": "COMMUNE_0000000009736525", "INSEE_COM_2": "94080", "INSEE_CAN": "9498", "INSEE_ARR": "942", "INSEE_COL": "94D", "INSEE_DEP": "94", "INSEE_REG": "11", "POPULATION": 48368, "SUPERF_CAD": 190, "DATE_CREAT_2": "2006-08-02T08:36:54", "DATE_MAJ_2": "2025-06-20T18:27:56", "DATE_APP": null, "DATE_CONF": null, "CODE_POST": "94300", "NOM": "Vincennes", "CL_ARROND": "Non", "CL_COLLTER": "Non", "CL_DEPART": "Non", "CL_REGION": "Non", "CAPITALE": "Non", "DATE_RCT": "2022-01-01", "RECENSEUR": "INSEE", "CODE_SIREN": "219400801", "SIREN_EPCI": "200054781/200057941", "ID_CH_LIEU": "PAIHABIT0000000004274533", "ID_AUT_ADM": "SURFACTI0000000004266121", "length": 83, "other_tags": "" }, "geometry": { "type": "MultiLineString", "coordinates": [ [ [ 2.422944585956838, 48.847540858488884 ], [ 2.423067690332559, 48.847375971364443 ], [ 2.423087354222409, 48.847323004395804 ], [ 2.423087066821499, 48.847225872945664 ], [ 2.423069473795499, 48.847091784580677 ], [ 2.423039788170011, 48.846819137555151 ] ] ] } },
{ "type": "Feature", "properties": { "fid": 461, "ID": "VOIE_NOM0000002339150315", "ID_BAN": "94080_5175", "name": "Rue du Lieutenant Quennehen", "INSEE_COM": "94080", "NOM_COM": "Vincennes", "SRC_BAN": "non commune", "NOM_COLL": "R DU LIEUTENANT QUENNEHEN", "TYPE_VOIE": "rue", "MOT_DIR": "Quennehen", "LD_BAN": null, "ID_SUPP": "TRONROUT0000000004405047", "INSEEDBAN": null, "COMDEL_BAN": null, "DATE_CREAT": "2023-12-08T14:04:36", "DATE_MAJ": "2024-03-14T09:02:21", "NOM_NORMA": "R DU LIEUTENANT QUENNEHEN", "ID_BAN_ODO": "ecf74e7e-7aea-40a2-8942-292a4f1860be", "ID_2": "COMMUNE_0000000009736525", "INSEE_COM_2": "94080", "INSEE_CAN": "9498", "INSEE_ARR": "942", "INSEE_COL": "94D", "INSEE_DEP": "94", "INSEE_REG": "11", "POPULATION": 48368, "SUPERF_CAD": 190, "DATE_CREAT_2": "2006-08-02T08:36:54", "DATE_MAJ_2": "2025-06-20T18:27:56", "DATE_APP": null, "DATE_CONF": null, "CODE_POST": "94300", "NOM": "Vincennes", "CL_ARROND": "Non", "CL_COLLTER": "Non", "CL_DEPART": "Non", "CL_REGION": "Non", "CAPITALE": "Non", "DATE_RCT": "2022-01-01", "RECENSEUR": "INSEE", "CODE_SIREN": "219400801", "SIREN_EPCI": "200054781/200057941", "ID_CH_LIEU": "PAIHABIT0000000004274533", "ID_AUT_ADM": "SURFACTI0000000004266121", "length": 114, "other_tags": "" }, "geometry": { "type": "MultiLineString", "coordinates": [ [ [ 2.444272405630097, 48.850820126367445 ], [ 2.444347008937717, 48.850852849373403 ], [ 2.444448588341181, 48.850911778674927 ], [ 2.444480976836336, 48.850941607531944 ], [ 2.444553479634271, 48.851043570422796 ], [ 2.444667270097335, 48.851363366983549 ], [ 2.444740582740107, 48.851645202920757 ], [ 2.444763885198508, 48.85176042748629 ] ] ] } },
{ "type": "Feature", "properties": { "fid": 463, "ID": "VOIE_NOM0000002339150379", "ID_BAN": "94080_4115", "name": "Avenue du Général de Gaulle", "INSEE_COM": "94080", "NOM_COM": "Vincennes", "SRC_BAN": "non commune", "NOM_COLL": "AV DU GENERAL DE GAULLE", "TYPE_VOIE": "avenue", "MOT_DIR": "Gaulle", "LD_BAN": null, "ID_SUPP": "TRONROUT0000000004406440/TRONROUT0000000004406441/TRONROUT0000000004406442/TRONROUT0000000004406443/TRONROUT0000000004406702/TRONROUT0000000004406703/TRONROUT0000000315768254", "INSEEDBAN": null, "COMDEL_BAN": null, "DATE_CREAT": "2023-12-08T14:04:36", "DATE_MAJ": "2024-03-14T09:02:21", "NOM_NORMA": "AV DU GENERAL DE GAULLE", "ID_BAN_ODO": "ebfad4e4-c07f-4e3e-84bb-1bbd959e99f8", "ID_2": "COMMUNE_0000000009736525", "INSEE_COM_2": "94080", "INSEE_CAN": "9498", "INSEE_ARR": "942", "INSEE_COL": "94D", "INSEE_DEP": "94", "INSEE_REG": "11", "POPULATION": 48368, "SUPERF_CAD": 190, "DATE_CREAT_2": "2006-08-02T08:36:54", "DATE_MAJ_2": "2025-06-20T18:27:56", "DATE_APP": null, "DATE_CONF": null, "CODE_POST": "94300", "NOM": "Vincennes", "CL_ARROND": "Non", "CL_COLLTER": "Non", "CL_DEPART": "Non", "CL_REGION": "Non", "CAPITALE": "Non", "DATE_RCT": "2022-01-01", "RECENSEUR": "INSEE", "CODE_SIREN": "219400801", "SIREN_EPCI": "200054781/200057941", "ID_CH_LIEU": "PAIHABIT0000000004274533", "ID_AUT_ADM": "SURFACTI0000000004266121", "length": 459, "other_tags": "" }, "geometry": { "type": "MultiLineString", "coordinates": [ [ [ 2.433087563742123, 48.841730960316333 ], [ 2.433073153818055, 48.841677830015875 ], [ 2.432998242763682, 48.841424755873838 ], [ 2.432931301641489, 48.841190605892301 ], [ 2.432915783985954, 48.841114087023179 ] ], [ [ 2.433087563742123, 48.841730960316333 ], [ 2.433113815254774, 48.841822819037148 ], [ 2.433294224383995, 48.842398362157653 ], [ 2.433312595056464, 48.842463202778909 ], [ 2.433374187351407, 48.842688333376593 ] ], [ [ 2.433374187351407, 48.842688333376593 ], [ 2.433528900540613, 48.84324666621643 ] ], [ [ 2.434364462983046, 48.844222821911266 ], [ 2.434553813842284, 48.844980972811598 ] ], [ [ 2.434203545901513, 48.843732812291051 ], [ 2.434233956276525, 48.843818394776171 ], [ 2.434364462983046, 48.844222821911266 ] ], [ [ 2.433528900540613, 48.84324666621643 ], [ 2.433556721356083, 48.843319645688794 ], [ 2.433603392530545, 48.843413399557001 ], [ 2.433664128708939, 48.843466749024849 ], [ 2.433771160982102, 48.843523015656778 ], [ 2.433971864819601, 48.843611202835561 ] ], [ [ 2.433971864819601, 48.843611202835561 ], [ 2.434049137300285, 48.843647542600131 ], [ 2.434133173630288, 48.843688411079036 ], [ 2.434203545901513, 48.843732812291051 ] ] ] } },
{ "type": "Feature", "properties": { "fid": 465, "ID": "VOIE_NOM0000002339150384", "ID_BAN": "94080_3510", "name": "Avenue Fayolle", "INSEE_COM": "94080", "NOM_COM": "Vincennes", "SRC_BAN": "non commune", "NOM_COLL": "AV FAYOLLE", "TYPE_VOIE": "avenue", "MOT_DIR": "Fayolle", "LD_BAN": null, "ID_SUPP": "TRONROUT0000000000197480/TRONROUT0000000004406077", "INSEEDBAN": null, "COMDEL_BAN": null, "DATE_CREAT": "2023-12-08T14:04:36", "DATE_MAJ": "2024-03-14T09:02:21", "NOM_NORMA": "AV FAYOLLE", "ID_BAN_ODO": "d08eea03-403b-4aa5-8728-6165e6de0503", "ID_2": "COMMUNE_0000000009736525", "INSEE_COM_2": "94080", "INSEE_CAN": "9498", "INSEE_ARR": "942", "INSEE_COL": "94D", "INSEE_DEP": "94", "INSEE_REG": "11", "POPULATION": 48368, "SUPERF_CAD": 190, "DATE_CREAT_2": "2006-08-02T08:36:54", "DATE_MAJ_2": "2025-06-20T18:27:56", "DATE_APP": null, "DATE_CONF": null, "CODE_POST": "94300", "NOM": "Vincennes", "CL_ARROND": "Non", "CL_COLLTER": "Non", "CL_DEPART": "Non", "CL_REGION": "Non", "CAPITALE": "Non", "DATE_RCT": "2022-01-01", "RECENSEUR": "INSEE", "CODE_SIREN": "219400801", "SIREN_EPCI": "200054781/200057941", "ID_CH_LIEU": "PAIHABIT0000000004274533", "ID_AUT_ADM": "SURFACTI0000000004266121", "length": 185, "other_tags": "" }, "geometry": { "type": "MultiLineString", "coordinates": [ [ [ 2.446497282929874, 48.844967576616064 ], [ 2.446646486889991, 48.845801966183075 ] ], [ [ 2.446646486889991, 48.845801966183075 ], [ 2.446799983873749, 48.846617488396191 ] ] ] } },
{ "type": "Feature", "properties": { "fid": 467, "ID": "VOIE_NOM0000002339150416", "ID_BAN": "94080_8160", "name": "Rue Robert Giraudineau", "INSEE_COM": "94080", "NOM_COM": "Vincennes", "SRC_BAN": "non commune", "NOM_COLL": "R ROBERT GIRAUDINEAU", "TYPE_VOIE": "rue", "MOT_DIR": "Giraudineau", "LD_BAN": null, "ID_SUPP": "TRONROUT0000000004405741/TRONROUT0000000004406131", "INSEEDBAN": null, "COMDEL_BAN": null, "DATE_CREAT": "2023-12-08T14:04:36", "DATE_MAJ": "2024-03-14T09:02:21", "NOM_NORMA": "R ROBERT GIRAUDINEAU", "ID_BAN_ODO": "05b00ca8-9076-4cd9-9534-c6277d6c1bfa", "ID_2": "COMMUNE_0000000009736525", "INSEE_COM_2": "94080", "INSEE_CAN": "9498", "INSEE_ARR": "942", "INSEE_COL": "94D", "INSEE_DEP": "94", "INSEE_REG": "11", "POPULATION": 48368, "SUPERF_CAD": 190, "DATE_CREAT_2": "2006-08-02T08:36:54", "DATE_MAJ_2": "2025-06-20T18:27:56", "DATE_APP": null, "DATE_CONF": null, "CODE_POST": "94300", "NOM": "Vincennes", "CL_ARROND": "Non", "CL_COLLTER": "Non", "CL_DEPART": "Non", "CL_REGION": "Non", "CAPITALE": "Non", "DATE_RCT": "2022-01-01", "RECENSEUR": "INSEE", "CODE_SIREN": "219400801", "SIREN_EPCI": "200054781/200057941", "ID_CH_LIEU": "PAIHABIT0000000004274533", "ID_AUT_ADM": "SURFACTI0000000004266121", "length": 258, "other_tags": "" }, "geometry": { "type": "MultiLineString", "coordinates": [ [ [ 2.435210265785106, 48.846520168067819 ], [ 2.435161351409487, 48.84575278956963 ], [ 2.435121266837582, 48.844925195535438 ] ], [ [ 2.435255610297883, 48.847239863532764 ], [ 2.435210265785106, 48.846520168067819 ] ] ] } },
{ "type": "Feature", "properties": { "fid": 468, "ID": "VOIE_NOM0000002339150430", "ID_BAN": "94080_0065", "name": "Avenue Antoine Quinson", "INSEE_COM": "94080", "NOM_COM": "Vincennes", "SRC_BAN": "non commune", "NOM_COLL": "AV ANTOINE QUINSON", "TYPE_VOIE": "avenue", "MOT_DIR": "Quinson", "LD_BAN": null, "ID_SUPP": "TRONROUT0000000004405768/TRONROUT0000000004405771/TRONROUT0000000004405779/TRONROUT0000000004406171", "INSEEDBAN": null, "COMDEL_BAN": null, "DATE_CREAT": "2023-12-08T14:04:36", "DATE_MAJ": "2024-03-14T09:02:21", "NOM_NORMA": "AV ANTOINE QUINSON", "ID_BAN_ODO": "02d78f88-de5a-4cf1-89f7-01ebd7b8df9e", "ID_2": "COMMUNE_0000000009736525", "INSEE_COM_2": "94080", "INSEE_CAN": "9498", "INSEE_ARR": "942", "INSEE_COL": "94D", "INSEE_DEP": "94", "INSEE_REG": "11", "POPULATION": 48368, "SUPERF_CAD": 190, "DATE_CREAT_2": "2006-08-02T08:36:54", "DATE_MAJ_2": "2025-06-20T18:27:56", "DATE_APP": null, "DATE_CONF": null, "CODE_POST": "94300", "NOM": "Vincennes", "CL_ARROND": "Non", "CL_COLLTER": "Non", "CL_DEPART": "Non", "CL_REGION": "Non", "CAPITALE": "Non", "DATE_RCT": "2022-01-01", "RECENSEUR": "INSEE", "CODE_SIREN": "219400801", "SIREN_EPCI": "200054781/200057941", "ID_CH_LIEU": "PAIHABIT0000000004274533", "ID_AUT_ADM": "SURFACTI0000000004266121", "length": 480, "other_tags": "" }, "geometry": { "type": "MultiLineString", "coordinates": [ [ [ 2.426272131213195, 48.846686288730162 ], [ 2.425439738839919, 48.846421481766811 ], [ 2.424633263728777, 48.846154994847772 ], [ 2.424349657508, 48.846047506887523 ], [ 2.424311853156647, 48.846015847613423 ], [ 2.424264181522976, 48.845890608085199 ] ], [ [ 2.429129427013731, 48.847202694679432 ], [ 2.429295585916318, 48.847210682219803 ], [ 2.429369127156332, 48.847214630410534 ], [ 2.430228910897165, 48.847220526824671 ], [ 2.430286140290677, 48.847220799359334 ] ], [ [ 2.427801204294372, 48.847043459719281 ], [ 2.42725334176418, 48.846925721107027 ], [ 2.426319633773866, 48.846703604219975 ], [ 2.426272131213195, 48.846686288730162 ] ], [ [ 2.429129427013731, 48.847202694679432 ], [ 2.428948299229532, 48.847192836757053 ], [ 2.428754957371809, 48.847178423481786 ], [ 2.428588936703829, 48.847157844920567 ], [ 2.428227007327066, 48.847108450099597 ], [ 2.427801204294372, 48.847043459719281 ] ] ] } },
{ "type": "Feature", "properties": { "fid": 473, "ID": "VOIE_NOM0000002339150497", "ID_BAN": "94080_1480", "name": "Rue Crébillon", "INSEE_COM": "94080", "NOM_COM": "Vincennes", "SRC_BAN": "non commune", "NOM_COLL": "R CREBILLON", "TYPE_VOIE": "rue", "MOT_DIR": "Crébillon", "LD_BAN": null, "ID_SUPP": "TRONROUT0000000004404781/TRONROUT0000000004405072", "INSEEDBAN": null, "COMDEL_BAN": null, "DATE_CREAT": "2023-12-08T14:04:36", "DATE_MAJ": "2024-03-14T09:02:21", "NOM_NORMA": "R CREBILLON", "ID_BAN_ODO": "093a79e9-50fb-4cb4-bdab-f8c1aec4791a", "ID_2": "COMMUNE_0000000009736525", "INSEE_COM_2": "94080", "INSEE_CAN": "9498", "INSEE_ARR": "942", "INSEE_COL": "94D", "INSEE_DEP": "94", "INSEE_REG": "11", "POPULATION": 48368, "SUPERF_CAD": 190, "DATE_CREAT_2": "2006-08-02T08:36:54", "DATE_MAJ_2": "2025-06-20T18:27:56", "DATE_APP": null, "DATE_CONF": null, "CODE_POST": "94300", "NOM": "Vincennes", "CL_ARROND": "Non", "CL_COLLTER": "Non", "CL_DEPART": "Non", "CL_REGION": "Non", "CAPITALE": "Non", "DATE_RCT": "2022-01-01", "RECENSEUR": "INSEE", "CODE_SIREN": "219400801", "SIREN_EPCI": "200054781/200057941", "ID_CH_LIEU": "PAIHABIT0000000004274533", "ID_AUT_ADM": "SURFACTI0000000004266121", "length": 257, "other_tags": "" }, "geometry": { "type": "MultiLineString", "coordinates": [ [ [ 2.439389890166114, 48.851680508743485 ], [ 2.439130128219662, 48.850744868855905 ] ], [ [ 2.439748917799835, 48.853017720653746 ], [ 2.439389890166114, 48.851680508743485 ] ] ] } },
{ "type": "Feature", "properties": { "fid": 474, "ID": "VOIE_NOM0000002339150528", "ID_BAN": "94080_6160", "name": "Rue Mirabeau", "INSEE_COM": "94080", "NOM_COM": "Vincennes", "SRC_BAN": "non commune", "NOM_COLL": "R MIRABEAU", "TYPE_VOIE": "rue", "MOT_DIR": "Mirabeau", "LD_BAN": null, "ID_SUPP": "TRONROUT0000000004404776/TRONROUT0000000004405082/TRONROUT0000000004405083/TRONROUT0000000004405085", "INSEEDBAN": null, "COMDEL_BAN": null, "DATE_CREAT": "2023-12-08T14:04:36", "DATE_MAJ": "2024-03-14T09:02:21", "NOM_NORMA": "R MIRABEAU", "ID_BAN_ODO": "6388de5b-f67e-4d35-8ff7-dc9bbabe9979", "ID_2": "COMMUNE_0000000009736525", "INSEE_COM_2": "94080", "INSEE_CAN": "9498", "INSEE_ARR": "942", "INSEE_COL": "94D", "INSEE_DEP": "94", "INSEE_REG": "11", "POPULATION": 48368, "SUPERF_CAD": 190, "DATE_CREAT_2": "2006-08-02T08:36:54", "DATE_MAJ_2": "2025-06-20T18:27:56", "DATE_APP": null, "DATE_CONF": null, "CODE_POST": "94300", "NOM": "Vincennes", "CL_ARROND": "Non", "CL_COLLTER": "Non", "CL_DEPART": "Non", "CL_REGION": "Non", "CAPITALE": "Non", "DATE_RCT": "2022-01-01", "RECENSEUR": "INSEE", "CODE_SIREN": "219400801", "SIREN_EPCI": "200054781/200057941", "ID_CH_LIEU": "PAIHABIT0000000004274533", "ID_AUT_ADM": "SURFACTI0000000004266121", "length": 318, "other_tags": "" }, "geometry": { "type": "MultiLineString", "coordinates": [ [ [ 2.436918433409314, 48.850863986940631 ], [ 2.436833140874095, 48.850433696886441 ] ], [ [ 2.437344308619856, 48.852819373357164 ], [ 2.437653461540036, 48.853217438566205 ] ], [ [ 2.437043843728906, 48.851491422729225 ], [ 2.436918433409314, 48.850863986940631 ] ], [ [ 2.437344308619856, 48.852819373357164 ], [ 2.43728926127469, 48.852742670010436 ], [ 2.437271085978652, 48.852658945272047 ], [ 2.437084584800155, 48.851756922005372 ], [ 2.437084387862829, 48.851648999352641 ], [ 2.437043843728906, 48.851491422729225 ] ] ] } },
{ "type": "Feature", "properties": { "fid": 477, "ID": "VOIE_NOM0000002339150566", "ID_BAN": "94080_6180", "name": "Rue de Montreuil", "INSEE_COM": "94080", "NOM_COM": "Vincennes", "SRC_BAN": "non commune", "NOM_COLL": "R DE MONTREUIL", "TYPE_VOIE": "rue", "MOT_DIR": "Montreuil", "LD_BAN": null, "ID_SUPP": "TRONROUT0000000002778773/TRONROUT0000000002778774/TRONROUT0000000002778775/TRONROUT0000000004405089/TRONROUT0000000004405743/TRONROUT0000000004405745/TRONROUT0000000004405746/TRONROUT0000000004405749/TRONROUT0000000004405753/TRONROUT0000000004405758/TRON", "INSEEDBAN": null, "COMDEL_BAN": null, "DATE_CREAT": "2023-12-08T14:04:36", "DATE_MAJ": "2024-03-14T09:02:21", "NOM_NORMA": "R DE MONTREUIL", "ID_BAN_ODO": "3eb92eb9-c9e2-417b-bdb2-7527b7132f54", "ID_2": "COMMUNE_0000000009736525", "INSEE_COM_2": "94080", "INSEE_CAN": "9498", "INSEE_ARR": "942", "INSEE_COL": "94D", "INSEE_DEP": "94", "INSEE_REG": "11", "POPULATION": 48368, "SUPERF_CAD": 190, "DATE_CREAT_2": "2006-08-02T08:36:54", "DATE_MAJ_2": "2025-06-20T18:27:56", "DATE_APP": null, "DATE_CONF": null, "CODE_POST": "94300", "NOM": "Vincennes", "CL_ARROND": "Non", "CL_COLLTER": "Non", "CL_DEPART": "Non", "CL_REGION": "Non", "CAPITALE": "Non", "DATE_RCT": "2022-01-01", "RECENSEUR": "INSEE", "CODE_SIREN": "219400801", "SIREN_EPCI": "200054781/200057941", "ID_CH_LIEU": "PAIHABIT0000000004274533", "ID_AUT_ADM": "SURFACTI0000000004266121", "length": 938, "other_tags": "" }, "geometry": { "type": "MultiLineString", "coordinates": [ [ [ 2.434553813842284, 48.844980972811598 ], [ 2.434640496462691, 48.845531786592453 ] ], [ [ 2.434640496462691, 48.845531786592453 ], [ 2.43467790723369, 48.846353971623415 ] ], [ [ 2.43467790723369, 48.846353971623415 ], [ 2.434690671458169, 48.8465590842277 ] ], [ [ 2.434703520882045, 48.847258840631127 ], [ 2.43469965118873, 48.847489955659128 ] ], [ [ 2.434690671458169, 48.8465590842277 ], [ 2.434700892824138, 48.846873006352119 ], [ 2.434699660555474, 48.847112228086516 ] ], [ [ 2.434699660555474, 48.847112228086516 ], [ 2.434703520882045, 48.847258840631127 ] ], [ [ 2.434587481744369, 48.849915872840789 ], [ 2.434626775481506, 48.84842943303547 ] ], [ [ 2.434577597086217, 48.850826866664214 ], [ 2.43459583005968, 48.850025632909244 ], [ 2.434587481744369, 48.849915872840789 ] ], [ [ 2.435232853178897, 48.853363423458333 ], [ 2.435065551697787, 48.852956128971996 ] ], [ [ 2.435065551697787, 48.852956128971996 ], [ 2.434846442047783, 48.852425378821295 ] ], [ [ 2.434634879088053, 48.851576294500617 ], [ 2.434587659089242, 48.851281085179046 ] ], [ [ 2.434587659089242, 48.851281085179046 ], [ 2.434569310112866, 48.850962629137278 ] ], [ [ 2.434569310112866, 48.850962629137278 ], [ 2.434577597086217, 48.850826866664214 ] ], [ [ 2.434846442047783, 48.852425378821295 ], [ 2.434826878786395, 48.852344345155103 ] ], [ [ 2.434826878786395, 48.852344345155103 ], [ 2.434721140669268, 48.851915756216918 ] ], [ [ 2.434721140669268, 48.851915756216918 ], [ 2.434634879088053, 48.851576294500617 ] ], [ [ 2.434687576485151, 48.847723729923608 ], [ 2.43469965118873, 48.847489955659128 ] ], [ [ 2.434626775481506, 48.84842943303547 ], [ 2.434641162850724, 48.848359351676187 ], [ 2.434667508088643, 48.848066287825297 ], [ 2.434687576485151, 48.847723729923608 ] ] ] } },
{ "type": "Feature", "properties": { "fid": 478, "ID": "VOIE_NOM0000002339150619", "ID_BAN": "94080_4100", "name": "Avenue Gabriel Péri", "INSEE_COM": "94080", "NOM_COM": "Vincennes", "SRC_BAN": "non commune", "NOM_COLL": "AV GABRIEL PERI", "TYPE_VOIE": "avenue", "MOT_DIR": "Péri", "LD_BAN": null, "ID_SUPP": "TRONROUT0000000004405702/TRONROUT0000000004405724/TRONROUT0000000314370497", "INSEEDBAN": null, "COMDEL_BAN": null, "DATE_CREAT": "2023-12-08T14:04:36", "DATE_MAJ": "2024-03-14T09:02:21", "NOM_NORMA": "AV GABRIEL PERI", "ID_BAN_ODO": "c860796d-255e-4e9d-88ec-0617c437b74d", "ID_2": "COMMUNE_0000000009736525", "INSEE_COM_2": "94080", "INSEE_CAN": "9498", "INSEE_ARR": "942", "INSEE_COL": "94D", "INSEE_DEP": "94", "INSEE_REG": "11", "POPULATION": 48368, "SUPERF_CAD": 190, "DATE_CREAT_2": "2006-08-02T08:36:54", "DATE_MAJ_2": "2025-06-20T18:27:56", "DATE_APP": null, "DATE_CONF": null, "CODE_POST": "94300", "NOM": "Vincennes", "CL_ARROND": "Non", "CL_COLLTER": "Non", "CL_DEPART": "Non", "CL_REGION": "Non", "CAPITALE": "Non", "DATE_RCT": "2022-01-01", "RECENSEUR": "INSEE", "CODE_SIREN": "219400801", "SIREN_EPCI": "200054781/200057941", "ID_CH_LIEU": "PAIHABIT0000000004274533", "ID_AUT_ADM": "SURFACTI0000000004266121", "length": 629, "other_tags": "" }, "geometry": { "type": "MultiLineString", "coordinates": [ [ [ 2.440018499174513, 48.847208290230554 ], [ 2.440486114260323, 48.847187994238709 ], [ 2.44153041912686, 48.847141610521028 ], [ 2.441993974102978, 48.847118591634676 ], [ 2.442473860661639, 48.847097445762714 ], [ 2.44346899303325, 48.847061608192128 ], [ 2.443708916600212, 48.847052831150719 ], [ 2.443972023505177, 48.847042362674046 ], [ 2.444702742164566, 48.847011581143107 ], [ 2.444758647128723, 48.847008243204975 ], [ 2.44608270768649, 48.846922646998728 ], [ 2.446321305793181, 48.846910261182323 ], [ 2.446718041558167, 48.846891411509652 ] ], [ [ 2.446827125767589, 48.846884721122763 ], [ 2.447439409003183, 48.846842583015494 ], [ 2.447635727800859, 48.846833596706148 ], [ 2.447964294593612, 48.846818025557269 ], [ 2.448035178174076, 48.846815654553296 ], [ 2.4483201321479, 48.84680078055932 ], [ 2.448560883400547, 48.846842361253486 ] ], [ [ 2.446718041558167, 48.846891411509652 ], [ 2.446827125767589, 48.846884721122763 ] ] ] } },
{ "type": "Feature", "properties": { "fid": 479, "ID": "VOIE_NOM0000002339150628", "ID_BAN": "94080_7115", "name": "Avenue de Paris", "INSEE_COM": "94080", "NOM_COM": "Vincennes", "SRC_BAN": "non commune", "NOM_COLL": "AV DE PARIS", "TYPE_VOIE": "avenue", "MOT_DIR": "Paris", "LD_BAN": null, "ID_SUPP": "TRONROUT0000000000198313/TRONROUT0000000004406122/TRONROUT0000000004406127/TRONROUT0000000004406130/TRONROUT0000000004406133/TRONROUT0000000004406135/TRONROUT0000000004406150/TRONROUT0000000004406151/TRONROUT0000000004406152/TRONROUT0000000004406153/TRON", "INSEEDBAN": null, "COMDEL_BAN": null, "DATE_CREAT": "2023-12-08T14:04:36", "DATE_MAJ": "2025-09-02T22:35:31", "NOM_NORMA": "AV DE PARIS", "ID_BAN_ODO": "9781d9cf-cec1-4cd8-96d9-1e517425d6d4", "ID_2": "COMMUNE_0000000009736525", "INSEE_COM_2": "94080", "INSEE_CAN": "9498", "INSEE_ARR": "942", "INSEE_COL": "94D", "INSEE_DEP": "94", "INSEE_REG": "11", "POPULATION": 48368, "SUPERF_CAD": 190, "DATE_CREAT_2": "2006-08-02T08:36:54", "DATE_MAJ_2": "2025-06-20T18:27:56", "DATE_APP": null, "DATE_CONF": null, "CODE_POST": "94300", "NOM": "Vincennes", "CL_ARROND": "Non", "CL_COLLTER": "Non", "CL_DEPART": "Non", "CL_REGION": "Non", "CAPITALE": "Non", "DATE_RCT": "2022-01-01", "RECENSEUR": "INSEE", "CODE_SIREN": "219400801", "SIREN_EPCI": "200054781/200057941", "ID_CH_LIEU": "PAIHABIT0000000004274533", "ID_AUT_ADM": "SURFACTI0000000004266121", "length": 1479, "other_tags": "" }, "geometry": { "type": "MultiLineString", "coordinates": [ [ [ 2.418644390662698, 48.846402144457365 ], [ 2.418844900784369, 48.846384232203569 ], [ 2.419240430205351, 48.846351977448947 ] ], [ [ 2.419240430205351, 48.846351977448947 ], [ 2.419566397458459, 48.846325679395349 ] ], [ [ 2.437958319623622, 48.84466425489591 ], [ 2.438172470882146, 48.844643676310874 ] ], [ [ 2.438172470882146, 48.844643676310874 ], [ 2.43837981897427, 48.844622166052318 ] ], [ [ 2.43837981897427, 48.844622166052318 ], [ 2.43861442732519, 48.84459988400441 ] ], [ [ 2.43861442732519, 48.84459988400441 ], [ 2.438767196121514, 48.844585311773912 ] ], [ [ 2.437958319623622, 48.84466425489591 ], [ 2.436429328772785, 48.844803656503004 ] ], [ [ 2.435121266837582, 48.844925195535438 ], [ 2.436246563290901, 48.844819883108102 ], [ 2.436429328772785, 48.844803656503004 ] ], [ [ 2.434553813842284, 48.844980972811598 ], [ 2.435121266837582, 48.844925195535438 ] ], [ [ 2.419566397458459, 48.846325679395349 ], [ 2.420184376573997, 48.846263023180377 ] ], [ [ 2.420184376573997, 48.846263023180377 ], [ 2.420446301644848, 48.846236412338627 ], [ 2.42059233741718, 48.846215535199249 ] ], [ [ 2.42059233741718, 48.846215535199249 ], [ 2.422140517970586, 48.846073730397926 ] ], [ [ 2.422140517970586, 48.846073730397926 ], [ 2.422366894581378, 48.846057735890142 ] ], [ [ 2.422366894581378, 48.846057735890142 ], [ 2.423122556574088, 48.845989433724561 ], [ 2.423268530868879, 48.845973949146895 ] ], [ [ 2.423268530868879, 48.845973949146895 ], [ 2.423512669859761, 48.845953541331625 ] ], [ [ 2.423512669859761, 48.845953541331625 ], [ 2.423683160257539, 48.845939073734023 ] ], [ [ 2.423683160257539, 48.845939073734023 ], [ 2.423931406513536, 48.845916886143797 ] ], [ [ 2.423931406513536, 48.845916886143797 ], [ 2.424264181522976, 48.845890608085199 ] ], [ [ 2.426304693912729, 48.84570884811626 ], [ 2.426979855593496, 48.845649129096124 ] ], [ [ 2.424264181522976, 48.845890608085199 ], [ 2.426141017820659, 48.845723352131891 ] ], [ [ 2.426979855593496, 48.845649129096124 ], [ 2.42748178269295, 48.845605665096016 ] ], [ [ 2.42748178269295, 48.845605665096016 ], [ 2.428222413661847, 48.845539956882909 ] ], [ [ 2.428222413661847, 48.845539956882909 ], [ 2.428411996966429, 48.845523775096602 ], [ 2.428819826247601, 48.84548705070511 ] ], [ [ 2.428819826247601, 48.84548705070511 ], [ 2.430651639599866, 48.845322207166575 ] ], [ [ 2.430651639599866, 48.845322207166575 ], [ 2.430991269288425, 48.845291446271361 ], [ 2.43157504087602, 48.845239360823811 ] ], [ [ 2.43157504087602, 48.845239360823811 ], [ 2.432141049130097, 48.845191684983718 ] ], [ [ 2.432141049130097, 48.845191684983718 ], [ 2.434553813842284, 48.844980972811598 ] ] ] } },
{ "type": "Feature", "properties": { "fid": 481, "ID": "VOIE_NOM0000002339150645", "ID_BAN": "94080_5145", "name": "Rue Lejemptel", "INSEE_COM": "94080", "NOM_COM": "Vincennes", "SRC_BAN": "non commune", "NOM_COLL": "R LEJEMPTEL", "TYPE_VOIE": "rue", "MOT_DIR": "Lejemptel", "LD_BAN": null, "ID_SUPP": "TRONROUT0000000004406090/TRONROUT0000000004406124", "INSEEDBAN": null, "COMDEL_BAN": null, "DATE_CREAT": "2023-12-08T14:04:36", "DATE_MAJ": "2024-03-14T09:02:21", "NOM_NORMA": "R LEJEMPTEL", "ID_BAN_ODO": "621e3a3d-9794-47be-829a-80fb39d511f9", "ID_2": "COMMUNE_0000000009736525", "INSEE_COM_2": "94080", "INSEE_CAN": "9498", "INSEE_ARR": "942", "INSEE_COL": "94D", "INSEE_DEP": "94", "INSEE_REG": "11", "POPULATION": 48368, "SUPERF_CAD": 190, "DATE_CREAT_2": "2006-08-02T08:36:54", "DATE_MAJ_2": "2025-06-20T18:27:56", "DATE_APP": null, "DATE_CONF": null, "CODE_POST": "94300", "NOM": "Vincennes", "CL_ARROND": "Non", "CL_COLLTER": "Non", "CL_DEPART": "Non", "CL_REGION": "Non", "CAPITALE": "Non", "DATE_RCT": "2022-01-01", "RECENSEUR": "INSEE", "CODE_SIREN": "219400801", "SIREN_EPCI": "200054781/200057941", "ID_CH_LIEU": "PAIHABIT0000000004274533", "ID_AUT_ADM": "SURFACTI0000000004266121", "length": 177, "other_tags": "" }, "geometry": { "type": "MultiLineString", "coordinates": [ [ [ 2.439004253491748, 48.845854511082891 ], [ 2.438231041978353, 48.84603614943881 ] ], [ [ 2.438231041978353, 48.84603614943881 ], [ 2.437511227742606, 48.846193751350931 ], [ 2.43672720252664, 48.846366335617894 ] ] ] } },
{ "type": "Feature", "properties": { "fid": 491, "ID": "VOIE_NOM0000002339150882", "ID_BAN": "94080_8520", "name": "Rue Saulpic", "INSEE_COM": "94080", "NOM_COM": "Vincennes", "SRC_BAN": "non commune", "NOM_COLL": "R SAULPIC", "TYPE_VOIE": "rue", "MOT_DIR": "Saulpic", "LD_BAN": null, "ID_SUPP": "TRONROUT0000000004405755/TRONROUT0000000004405762", "INSEEDBAN": null, "COMDEL_BAN": null, "DATE_CREAT": "2023-12-08T14:04:36", "DATE_MAJ": "2024-03-14T09:02:21", "NOM_NORMA": "R SAULPIC", "ID_BAN_ODO": "96e9cd07-edb7-41cb-863a-cbca92bb1cad", "ID_2": "COMMUNE_0000000009736525", "INSEE_COM_2": "94080", "INSEE_CAN": "9498", "INSEE_ARR": "942", "INSEE_COL": "94D", "INSEE_DEP": "94", "INSEE_REG": "11", "POPULATION": 48368, "SUPERF_CAD": 190, "DATE_CREAT_2": "2006-08-02T08:36:54", "DATE_MAJ_2": "2025-06-20T18:27:56", "DATE_APP": null, "DATE_CONF": null, "CODE_POST": "94300", "NOM": "Vincennes", "CL_ARROND": "Non", "CL_COLLTER": "Non", "CL_DEPART": "Non", "CL_REGION": "Non", "CAPITALE": "Non", "DATE_RCT": "2022-01-01", "RECENSEUR": "INSEE", "CODE_SIREN": "219400801", "SIREN_EPCI": "200054781/200057941", "ID_CH_LIEU": "PAIHABIT0000000004274533", "ID_AUT_ADM": "SURFACTI0000000004266121", "length": 151, "other_tags": "" }, "geometry": { "type": "MultiLineString", "coordinates": [ [ [ 2.43672720252664, 48.846366335617894 ], [ 2.436533394861963, 48.846395101603868 ], [ 2.436083294592861, 48.846434351085975 ], [ 2.435210265785106, 48.846520168067819 ] ], [ [ 2.435210265785106, 48.846520168067819 ], [ 2.434690671458169, 48.8465590842277 ] ] ] } },
{ "type": "Feature", "properties": { "fid": 492, "ID": "VOIE_NOM0000002339150906", "ID_BAN": "94080_8513", "name": "Villa Saint Joseph", "INSEE_COM": "94080", "NOM_COM": "Vincennes", "SRC_BAN": "non commune", "NOM_COLL": "VLA SAINT-JOSEPH", "TYPE_VOIE": "villa", "MOT_DIR": "Joseph", "LD_BAN": null, "ID_SUPP": "TRONROUT0000000240162221", "INSEEDBAN": null, "COMDEL_BAN": null, "DATE_CREAT": "2023-12-08T14:04:36", "DATE_MAJ": "2024-03-14T09:02:21", "NOM_NORMA": "VLA SAINT JOSEPH", "ID_BAN_ODO": "fcfe976c-ea6f-4726-bbdf-d9ce72a96162", "ID_2": "COMMUNE_0000000009736525", "INSEE_COM_2": "94080", "INSEE_CAN": "9498", "INSEE_ARR": "942", "INSEE_COL": "94D", "INSEE_DEP": "94", "INSEE_REG": "11", "POPULATION": 48368, "SUPERF_CAD": 190, "DATE_CREAT_2": "2006-08-02T08:36:54", "DATE_MAJ_2": "2025-06-20T18:27:56", "DATE_APP": null, "DATE_CONF": null, "CODE_POST": "94300", "NOM": "Vincennes", "CL_ARROND": "Non", "CL_COLLTER": "Non", "CL_DEPART": "Non", "CL_REGION": "Non", "CAPITALE": "Non", "DATE_RCT": "2022-01-01", "RECENSEUR": "INSEE", "CODE_SIREN": "219400801", "SIREN_EPCI": "200054781/200057941", "ID_CH_LIEU": "PAIHABIT0000000004274533", "ID_AUT_ADM": "SURFACTI0000000004266121", "length": 96, "other_tags": "" }, "geometry": { "type": "MultiLineString", "coordinates": [ [ [ 2.428018182418623, 48.846766597390584 ], [ 2.428101310428044, 48.846766095436507 ], [ 2.428587785537283, 48.846765721844235 ], [ 2.429325007219, 48.846763844536625 ] ] ] } },
{ "type": "Feature", "properties": { "fid": 494, "ID": "VOIE_NOM0000002339171841", "ID_BAN": null, "name": "Passage de la Piscine", "INSEE_COM": "94080", "NOM_COM": "Vincennes", "SRC_BAN": null, "NOM_COLL": "PAS DE LA PISCINE", "TYPE_VOIE": "passage", "MOT_DIR": "PISCINE", "LD_BAN": null, "ID_SUPP": "TRONROUT0000000004406162", "INSEEDBAN": null, "COMDEL_BAN": null, "DATE_CREAT": "2023-12-08T14:04:36", "DATE_MAJ": "2024-03-14T09:02:21", "NOM_NORMA": "PAS DE LA PISCINE", "ID_BAN_ODO": null, "ID_2": "COMMUNE_0000000009736525", "INSEE_COM_2": "94080", "INSEE_CAN": "9498", "INSEE_ARR": "942", "INSEE_COL": "94D", "INSEE_DEP": "94", "INSEE_REG": "11", "POPULATION": 48368, "SUPERF_CAD": 190, "DATE_CREAT_2": "2006-08-02T08:36:54", "DATE_MAJ_2": "2025-06-20T18:27:56", "DATE_APP": null, "DATE_CONF": null, "CODE_POST": "94300", "NOM": "Vincennes", "CL_ARROND": "Non", "CL_COLLTER": "Non", "CL_DEPART": "Non", "CL_REGION": "Non", "CAPITALE": "Non", "DATE_RCT": "2022-01-01", "RECENSEUR": "INSEE", "CODE_SIREN": "219400801", "SIREN_EPCI": "200054781/200057941", "ID_CH_LIEU": "PAIHABIT0000000004274533", "ID_AUT_ADM": "SURFACTI0000000004266121", "length": 109, "other_tags": "" }, "geometry": { "type": "MultiLineString", "coordinates": [ [ [ 2.426141017820659, 48.845723352131891 ], [ 2.426172273678262, 48.845854807647591 ], [ 2.426329997112993, 48.846504896962053 ], [ 2.426333579998385, 48.846550781133864 ], [ 2.426272131213195, 48.846686288730162 ] ] ] } },
{ "type": "Feature", "properties": { "fid": 495, "ID": "VOIE_NOM0000002339172112", "ID_BAN": null, "name": "Rue Emile Boutrais", "INSEE_COM": "94080", "NOM_COM": "Vincennes", "SRC_BAN": null, "NOM_COLL": "R EMILE BOUTRAIS", "TYPE_VOIE": "rue", "MOT_DIR": "BOUTRAIS", "LD_BAN": null, "ID_SUPP": "TRONROUT0000000241810171", "INSEEDBAN": null, "COMDEL_BAN": null, "DATE_CREAT": "2023-12-08T14:04:36", "DATE_MAJ": "2024-03-14T09:02:21", "NOM_NORMA": "R EMILE BOUTRAIS", "ID_BAN_ODO": null, "ID_2": "COMMUNE_0000000009736522", "INSEE_COM_2": "94033", "INSEE_CAN": "9409", "INSEE_ARR": "942", "INSEE_COL": "94D", "INSEE_DEP": "94", "INSEE_REG": "11", "POPULATION": 52646, "SUPERF_CAD": 560, "DATE_CREAT_2": "2006-08-02T08:36:54", "DATE_MAJ_2": "2025-06-20T18:27:56", "DATE_APP": null, "DATE_CONF": null, "CODE_POST": "94120", "NOM": "Fontenay-sous-Bois", "CL_ARROND": "Non", "CL_COLLTER": "Non", "CL_DEPART": "Non", "CL_REGION": "Non", "CAPITALE": "Non", "DATE_RCT": "2022-01-01", "RECENSEUR": "INSEE", "CODE_SIREN": "219400330", "SIREN_EPCI": "200054781/200057941", "ID_CH_LIEU": "PAIHABIT0000000004274526", "ID_AUT_ADM": "SURFACTI0000000004266119", "length": 6, "other_tags": "" }, "geometry": { "type": "MultiLineString", "coordinates": [ [ [ 2.454412343286741, 48.849948559582451 ], [ 2.454434962750287, 48.850000824893122 ] ] ] } },
{ "type": "Feature", "properties": { "fid": 496, "ID": "VOIE_NOM0000002339172112", "ID_BAN": null, "name": "Rue Emile Boutrais", "INSEE_COM": "94080", "NOM_COM": "Vincennes", "SRC_BAN": null, "NOM_COLL": "R EMILE BOUTRAIS", "TYPE_VOIE": "rue", "MOT_DIR": "BOUTRAIS", "LD_BAN": null, "ID_SUPP": "TRONROUT0000000241810171", "INSEEDBAN": null, "COMDEL_BAN": null, "DATE_CREAT": "2023-12-08T14:04:36", "DATE_MAJ": "2024-03-14T09:02:21", "NOM_NORMA": "R EMILE BOUTRAIS", "ID_BAN_ODO": null, "ID_2": "COMMUNE_0000000009736525", "INSEE_COM_2": "94080", "INSEE_CAN": "9498", "INSEE_ARR": "942", "INSEE_COL": "94D", "INSEE_DEP": "94", "INSEE_REG": "11", "POPULATION": 48368, "SUPERF_CAD": 190, "DATE_CREAT_2": "2006-08-02T08:36:54", "DATE_MAJ_2": "2025-06-20T18:27:56", "DATE_APP": null, "DATE_CONF": null, "CODE_POST": "94300", "NOM": "Vincennes", "CL_ARROND": "Non", "CL_COLLTER": "Non", "CL_DEPART": "Non", "CL_REGION": "Non", "CAPITALE": "Non", "DATE_RCT": "2022-01-01", "RECENSEUR": "INSEE", "CODE_SIREN": "219400801", "SIREN_EPCI": "200054781/200057941", "ID_CH_LIEU": "PAIHABIT0000000004274533", "ID_AUT_ADM": "SURFACTI0000000004266121", "length": 24, "other_tags": "" }, "geometry": { "type": "MultiLineString", "coordinates": [ [ [ 2.454369041562995, 48.849789177555131 ], [ 2.454372451622261, 48.849853946151896 ], [ 2.454412343286741, 48.849948559582451 ] ], [ [ 2.454412343286741, 48.849948559582451 ], [ 2.454434962750287, 48.850000824893122 ] ] ] } },
{ "type": "Feature", "properties": { "fid": 497, "ID": "VOIE_NOM0000002339176992", "ID_BAN": null, "name": "Résidence Loyauté", "INSEE_COM": "94080", "NOM_COM": "Vincennes", "SRC_BAN": null, "NOM_COLL": "RES LOYAUTE", "TYPE_VOIE": "résidence", "MOT_DIR": "LOYAUTE", "LD_BAN": null, "ID_SUPP": "TRONROUT0000000118200306", "INSEEDBAN": null, "COMDEL_BAN": null, "DATE_CREAT": "2023-12-08T14:04:36", "DATE_MAJ": "2024-03-14T09:02:21", "NOM_NORMA": "RES LOYAUTE", "ID_BAN_ODO": null, "ID_2": "COMMUNE_0000000009736525", "INSEE_COM_2": "94080", "INSEE_CAN": "9498", "INSEE_ARR": "942", "INSEE_COL": "94D", "INSEE_DEP": "94", "INSEE_REG": "11", "POPULATION": 48368, "SUPERF_CAD": 190, "DATE_CREAT_2": "2006-08-02T08:36:54", "DATE_MAJ_2": "2025-06-20T18:27:56", "DATE_APP": null, "DATE_CONF": null, "CODE_POST": "94300", "NOM": "Vincennes", "CL_ARROND": "Non", "CL_COLLTER": "Non", "CL_DEPART": "Non", "CL_REGION": "Non", "CAPITALE": "Non", "DATE_RCT": "2022-01-01", "RECENSEUR": "INSEE", "CODE_SIREN": "219400801", "SIREN_EPCI": "200054781/200057941", "ID_CH_LIEU": "PAIHABIT0000000004274533", "ID_AUT_ADM": "SURFACTI0000000004266121", "length": 102, "other_tags": "" }, "geometry": { "type": "MultiLineString", "coordinates": [ [ [ 2.447943553456499, 48.848004172914564 ], [ 2.447942686516584, 48.848086009746162 ], [ 2.447944897925915, 48.848391798829141 ], [ 2.447968511574809, 48.848735459247877 ], [ 2.447991228836333, 48.8487778334758 ], [ 2.448050966249552, 48.848798794106997 ], [ 2.448192672126108, 48.848800347099534 ] ] ] } },
{ "type": "Feature", "properties": { "fid": 498, "ID": "VOIE_NOM0000002339177964", "ID_BAN": null, "name": "Villa des Nymphéas", "INSEE_COM": "94080", "NOM_COM": "Vincennes", "SRC_BAN": null, "NOM_COLL": "VLA DES NYMPHEAS", "TYPE_VOIE": "villa", "MOT_DIR": "NYMPHEAS", "LD_BAN": null, "ID_SUPP": "TRONROUT0000000315768275", "INSEEDBAN": null, "COMDEL_BAN": null, "DATE_CREAT": "2023-12-08T14:04:36", "DATE_MAJ": "2024-03-14T09:02:21", "NOM_NORMA": "VLA DES NYMPHEAS", "ID_BAN_ODO": null, "ID_2": "COMMUNE_0000000009736525", "INSEE_COM_2": "94080", "INSEE_CAN": "9498", "INSEE_ARR": "942", "INSEE_COL": "94D", "INSEE_DEP": "94", "INSEE_REG": "11", "POPULATION": 48368, "SUPERF_CAD": 190, "DATE_CREAT_2": "2006-08-02T08:36:54", "DATE_MAJ_2": "2025-06-20T18:27:56", "DATE_APP": null, "DATE_CONF": null, "CODE_POST": "94300", "NOM": "Vincennes", "CL_ARROND": "Non", "CL_COLLTER": "Non", "CL_DEPART": "Non", "CL_REGION": "Non", "CAPITALE": "Non", "DATE_RCT": "2022-01-01", "RECENSEUR": "INSEE", "CODE_SIREN": "219400801", "SIREN_EPCI": "200054781/200057941", "ID_CH_LIEU": "PAIHABIT0000000004274533", "ID_AUT_ADM": "SURFACTI0000000004266121", "length": 73, "other_tags": "" }, "geometry": { "type": "MultiLineString", "coordinates": [ [ [ 2.429560357032309, 48.847546503813902 ], [ 2.429543641439292, 48.847579700125912 ], [ 2.42926055994999, 48.848169223940374 ] ] ] } },
{ "type": "Feature", "properties": { "fid": 503, "ID": "VOIE_NOM0000002339191776", "ID_BAN": null, "name": "Impasse Lenain", "INSEE_COM": "94080", "NOM_COM": "Vincennes", "SRC_BAN": null, "NOM_COLL": "IMP LENAIN", "TYPE_VOIE": "impasse", "MOT_DIR": "LENAIN", "LD_BAN": null, "ID_SUPP": "TRONROUT0000000205146266", "INSEEDBAN": null, "COMDEL_BAN": null, "DATE_CREAT": "2023-12-08T14:04:36", "DATE_MAJ": "2024-03-14T09:02:21", "NOM_NORMA": "IMP LENAIN", "ID_BAN_ODO": null, "ID_2": "COMMUNE_0000000009736525", "INSEE_COM_2": "94080", "INSEE_CAN": "9498", "INSEE_ARR": "942", "INSEE_COL": "94D", "INSEE_DEP": "94", "INSEE_REG": "11", "POPULATION": 48368, "SUPERF_CAD": 190, "DATE_CREAT_2": "2006-08-02T08:36:54", "DATE_MAJ_2": "2025-06-20T18:27:56", "DATE_APP": null, "DATE_CONF": null, "CODE_POST": "94300", "NOM": "Vincennes", "CL_ARROND": "Non", "CL_COLLTER": "Non", "CL_DEPART": "Non", "CL_REGION": "Non", "CAPITALE": "Non", "DATE_RCT": "2022-01-01", "RECENSEUR": "INSEE", "CODE_SIREN": "219400801", "SIREN_EPCI": "200054781/200057941", "ID_CH_LIEU": "PAIHABIT0000000004274533", "ID_AUT_ADM": "SURFACTI0000000004266121", "length": 136, "other_tags": "" }, "geometry": { "type": "MultiLineString", "coordinates": [ [ [ 2.42745318549046, 48.847464490233705 ], [ 2.427364744263665, 48.847452375384741 ], [ 2.427148188085019, 48.847442345165618 ], [ 2.42671216279063, 48.847439357280294 ], [ 2.426198458889127, 48.847436894632246 ], [ 2.425601675498644, 48.847430433530626 ] ] ] } },
{ "type": "Feature", "properties": { "fid": 504, "ID": "VOIE_NOM0000002339192235", "ID_BAN": null, "name": "Passage Saint-Mery", "INSEE_COM": "94080", "NOM_COM": "Vincennes", "SRC_BAN": null, "NOM_COLL": "PAS SAINT-MERY", "TYPE_VOIE": "passage", "MOT_DIR": "MERY", "LD_BAN": null, "ID_SUPP": "TRONROUT0000000240162211/TRONROUT0000000240162212", "INSEEDBAN": null, "COMDEL_BAN": null, "DATE_CREAT": "2023-12-08T14:04:36", "DATE_MAJ": "2024-03-14T09:02:21", "NOM_NORMA": "PAS SAINT-MERY", "ID_BAN_ODO": null, "ID_2": "COMMUNE_0000000009736525", "INSEE_COM_2": "94080", "INSEE_CAN": "9498", "INSEE_ARR": "942", "INSEE_COL": "94D", "INSEE_DEP": "94", "INSEE_REG": "11", "POPULATION": 48368, "SUPERF_CAD": 190, "DATE_CREAT_2": "2006-08-02T08:36:54", "DATE_MAJ_2": "2025-06-20T18:27:56", "DATE_APP": null, "DATE_CONF": null, "CODE_POST": "94300", "NOM": "Vincennes", "CL_ARROND": "Non", "CL_COLLTER": "Non", "CL_DEPART": "Non", "CL_REGION": "Non", "CAPITALE": "Non", "DATE_RCT": "2022-01-01", "RECENSEUR": "INSEE", "CODE_SIREN": "219400801", "SIREN_EPCI": "200054781/200057941", "ID_CH_LIEU": "PAIHABIT0000000004274533", "ID_AUT_ADM": "SURFACTI0000000004266121", "length": 64, "other_tags": "" }, "geometry": { "type": "MultiLineString", "coordinates": [ [ [ 2.429325007219, 48.846763844536625 ], [ 2.429371213502672, 48.846650746530472 ] ], [ [ 2.429129427013731, 48.847202694679432 ], [ 2.429164339274976, 48.84712551698604 ], [ 2.429196476982235, 48.847052822800748 ], [ 2.429256526451996, 48.846920005162552 ], [ 2.429325007219, 48.846763844536625 ] ] ] } },
{ "type": "Feature", "properties": { "fid": 524, "ID": "VOIE_NOM0000002339196659", "ID_BAN": null, "name": "Place du Général Leclerc", "INSEE_COM": "94080", "NOM_COM": "Vincennes", "SRC_BAN": null, "NOM_COLL": "PL DU GENERAL LECLERC", "TYPE_VOIE": "place", "MOT_DIR": "LECLERC", "LD_BAN": null, "ID_SUPP": "TRONROUT0000000004405729/TRONROUT0000000004405731/TRONROUT0000000004405732/TRONROUT0000002292197313", "INSEEDBAN": null, "COMDEL_BAN": null, "DATE_CREAT": "2023-12-08T14:04:36", "DATE_MAJ": "2024-03-14T09:02:21", "NOM_NORMA": "PL DU GENERAL LECLERC", "ID_BAN_ODO": null, "ID_2": "COMMUNE_0000000009736525", "INSEE_COM_2": "94080", "INSEE_CAN": "9498", "INSEE_ARR": "942", "INSEE_COL": "94D", "INSEE_DEP": "94", "INSEE_REG": "11", "POPULATION": 48368, "SUPERF_CAD": 190, "DATE_CREAT_2": "2006-08-02T08:36:54", "DATE_MAJ_2": "2025-06-20T18:27:56", "DATE_APP": null, "DATE_CONF": null, "CODE_POST": "94300", "NOM": "Vincennes", "CL_ARROND": "Non", "CL_COLLTER": "Non", "CL_DEPART": "Non", "CL_REGION": "Non", "CAPITALE": "Non", "DATE_RCT": "2022-01-01", "RECENSEUR": "INSEE", "CODE_SIREN": "219400801", "SIREN_EPCI": "200054781/200057941", "ID_CH_LIEU": "PAIHABIT0000000004274533", "ID_AUT_ADM": "SURFACTI0000000004266121", "length": 112, "other_tags": "" }, "geometry": { "type": "MultiLineString", "coordinates": [ [ [ 2.439974132458834, 48.846898705734617 ], [ 2.439226587239313, 48.846973447743423 ] ], [ [ 2.439226587239313, 48.846973447743423 ], [ 2.439227940161559, 48.846974353436188 ], [ 2.439226093710276, 48.847019312348841 ] ], [ [ 2.440018499174513, 48.847208290230554 ], [ 2.439992831936598, 48.847060676498337 ], [ 2.439974132458834, 48.846898705734617 ] ], [ [ 2.439226093710276, 48.847019312348841 ], [ 2.439213569020091, 48.847043536128126 ], [ 2.439190201570616, 48.84706231297298 ], [ 2.439153227440368, 48.847079227325779 ], [ 2.439054936176382, 48.847095854189917 ] ] ] } },
{ "type": "Feature", "properties": { "fid": 525, "ID": "VOIE_NOM0000002339196688", "ID_BAN": null, "name": "Avenue de Stalingrad", "INSEE_COM": "94080", "NOM_COM": "Vincennes", "SRC_BAN": null, "NOM_COLL": "AV DE STALINGRAD", "TYPE_VOIE": "avenue", "MOT_DIR": "STALINGRAD", "LD_BAN": null, "ID_SUPP": "TRONROUT0000000240164666/TRONROUT0000000240164676", "INSEEDBAN": null, "COMDEL_BAN": null, "DATE_CREAT": "2023-12-08T14:04:36", "DATE_MAJ": "2024-03-14T09:02:21", "NOM_NORMA": "AV DE STALINGRAD", "ID_BAN_ODO": null, "ID_2": "COMMUNE_0000000009736525", "INSEE_COM_2": "94080", "INSEE_CAN": "9498", "INSEE_ARR": "942", "INSEE_COL": "94D", "INSEE_DEP": "94", "INSEE_REG": "11", "POPULATION": 48368, "SUPERF_CAD": 190, "DATE_CREAT_2": "2006-08-02T08:36:54", "DATE_MAJ_2": "2025-06-20T18:27:56", "DATE_APP": null, "DATE_CONF": null, "CODE_POST": "94300", "NOM": "Vincennes", "CL_ARROND": "Non", "CL_COLLTER": "Non", "CL_DEPART": "Non", "CL_REGION": "Non", "CAPITALE": "Non", "DATE_RCT": "2022-01-01", "RECENSEUR": "INSEE", "CODE_SIREN": "219400801", "SIREN_EPCI": "200054781/200057941", "ID_CH_LIEU": "PAIHABIT0000000004274533", "ID_AUT_ADM": "SURFACTI0000000004266121", "length": 52, "other_tags": "" }, "geometry": { "type": "MultiLineString", "coordinates": [ [ [ 2.456044688980664, 48.849708671308512 ], [ 2.456237961309331, 48.849600728750886 ] ], [ [ 2.455703260600489, 48.849910371155588 ], [ 2.455788460413356, 48.849842408291501 ], [ 2.455996741953216, 48.849732735704841 ], [ 2.456044688980664, 48.849708671308512 ] ] ] } },
{ "type": "Feature", "properties": { "fid": 526, "ID": "VOIE_NOM0000002339196699", "ID_BAN": null, "name": "Carrefour des Rigollots", "INSEE_COM": "94080", "NOM_COM": "Vincennes", "SRC_BAN": null, "NOM_COLL": "CAR DES RIGOLLOTS", "TYPE_VOIE": "carrefour", "MOT_DIR": "RIGOLLOTS", "LD_BAN": null, "ID_SUPP": "TRONROUT0000000217443700/TRONROUT0000000217443705/TRONROUT0000000241810173", "INSEEDBAN": null, "COMDEL_BAN": null, "DATE_CREAT": "2023-12-08T14:04:36", "DATE_MAJ": "2024-03-14T09:02:21", "NOM_NORMA": "CAR DES RIGOLLOTS", "ID_BAN_ODO": null, "ID_2": "COMMUNE_0000000009736525", "INSEE_COM_2": "94080", "INSEE_CAN": "9498", "INSEE_ARR": "942", "INSEE_COL": "94D", "INSEE_DEP": "94", "INSEE_REG": "11", "POPULATION": 48368, "SUPERF_CAD": 190, "DATE_CREAT_2": "2006-08-02T08:36:54", "DATE_MAJ_2": "2025-06-20T18:27:56", "DATE_APP": null, "DATE_CONF": null, "CODE_POST": "94300", "NOM": "Vincennes", "CL_ARROND": "Non", "CL_COLLTER": "Non", "CL_DEPART": "Non", "CL_REGION": "Non", "CAPITALE": "Non", "DATE_RCT": "2022-01-01", "RECENSEUR": "INSEE", "CODE_SIREN": "219400801", "SIREN_EPCI": "200054781/200057941", "ID_CH_LIEU": "PAIHABIT0000000004274533", "ID_AUT_ADM": "SURFACTI0000000004266121", "length": 13, "other_tags": "" }, "geometry": { "type": "MultiLineString", "coordinates": [ [ [ 2.456248327794341, 48.849652038692106 ], [ 2.456237576567065, 48.849637600265154 ], [ 2.456233657466745, 48.84962139419212 ], [ 2.456237961309331, 48.849600728750886 ] ], [ [ 2.456269668672211, 48.849565798281105 ], [ 2.456286077000026, 48.849560476760175 ], [ 2.456302466558832, 48.849556953847568 ] ], [ [ 2.456237961309331, 48.849600728750886 ], [ 2.456244906032981, 48.84958816944232 ], [ 2.456255948144962, 48.849574729406449 ], [ 2.456269668672211, 48.849565798281105 ] ] ] } },
{ "type": "Feature", "properties": { "fid": 527, "ID": "VOIE_NOM0000002339196701", "ID_BAN": null, "name": "Passerelle des Sabotiers", "INSEE_COM": "94080", "NOM_COM": "Vincennes", "SRC_BAN": null, "NOM_COLL": "PLLE DES SABOTIERS", "TYPE_VOIE": null, "MOT_DIR": "SABOTIERS", "LD_BAN": null, "ID_SUPP": "TRONROUT0000000004405705/TRONROUT0000000004405711/TRONROUT0000000315768270", "INSEEDBAN": null, "COMDEL_BAN": null, "DATE_CREAT": "2023-12-08T14:04:36", "DATE_MAJ": "2024-03-14T09:02:21", "NOM_NORMA": "PLLE DES SABOTIERS", "ID_BAN_ODO": null, "ID_2": "COMMUNE_0000000009736525", "INSEE_COM_2": "94080", "INSEE_CAN": "9498", "INSEE_ARR": "942", "INSEE_COL": "94D", "INSEE_DEP": "94", "INSEE_REG": "11", "POPULATION": 48368, "SUPERF_CAD": 190, "DATE_CREAT_2": "2006-08-02T08:36:54", "DATE_MAJ_2": "2025-06-20T18:27:56", "DATE_APP": null, "DATE_CONF": null, "CODE_POST": "94300", "NOM": "Vincennes", "CL_ARROND": "Non", "CL_COLLTER": "Non", "CL_DEPART": "Non", "CL_REGION": "Non", "CAPITALE": "Non", "DATE_RCT": "2022-01-01", "RECENSEUR": "INSEE", "CODE_SIREN": "219400801", "SIREN_EPCI": "200054781/200057941", "ID_CH_LIEU": "PAIHABIT0000000004274533", "ID_AUT_ADM": "SURFACTI0000000004266121", "length": 52, "other_tags": "" }, "geometry": { "type": "MultiLineString", "coordinates": [ [ [ 2.446715526413401, 48.846871614159674 ], [ 2.446718041558167, 48.846891411509652 ] ], [ [ 2.446688945641095, 48.846679929483891 ], [ 2.446995805703114, 48.846655267093432 ], [ 2.446996349648177, 48.846604006599627 ] ], [ [ 2.446688945641095, 48.846679929483891 ], [ 2.446715526413401, 48.846871614159674 ] ] ] } },
{ "type": "Feature", "properties": { "fid": 528, "ID": "VOIE_NOM0000002339196702", "ID_BAN": null, "name": "Rue du 11 Novembre 1918", "INSEE_COM": "94080", "NOM_COM": "Vincennes", "SRC_BAN": null, "NOM_COLL": "R DU 11 NOVEMBRE 1918", "TYPE_VOIE": "rue", "MOT_DIR": "1918", "LD_BAN": null, "ID_SUPP": "TRONROUT0000000118200301", "INSEEDBAN": null, "COMDEL_BAN": null, "DATE_CREAT": "2023-12-08T14:04:36", "DATE_MAJ": "2024-03-14T09:02:21", "NOM_NORMA": "R DU 11 NOVEMBRE 1918", "ID_BAN_ODO": null, "ID_2": "COMMUNE_0000000009736525", "INSEE_COM_2": "94080", "INSEE_CAN": "9498", "INSEE_ARR": "942", "INSEE_COL": "94D", "INSEE_DEP": "94", "INSEE_REG": "11", "POPULATION": 48368, "SUPERF_CAD": 190, "DATE_CREAT_2": "2006-08-02T08:36:54", "DATE_MAJ_2": "2025-06-20T18:27:56", "DATE_APP": null, "DATE_CONF": null, "CODE_POST": "94300", "NOM": "Vincennes", "CL_ARROND": "Non", "CL_COLLTER": "Non", "CL_DEPART": "Non", "CL_REGION": "Non", "CAPITALE": "Non", "DATE_RCT": "2022-01-01", "RECENSEUR": "INSEE", "CODE_SIREN": "219400801", "SIREN_EPCI": "200054781/200057941", "ID_CH_LIEU": "PAIHABIT0000000004274533", "ID_AUT_ADM": "SURFACTI0000000004266121", "length": 47, "other_tags": "" }, "geometry": { "type": "MultiLineString", "coordinates": [ [ [ 2.445850031871807, 48.848812902792034 ], [ 2.446494574037991, 48.848814987009128 ] ] ] } },
{ "type": "Feature", "properties": { "fid": 529, "ID": "VOIE_NOM0000002339196716", "ID_BAN": null, "name": "Mail du 8 Mai 1945", "INSEE_COM": "94080", "NOM_COM": "Vincennes", "SRC_BAN": null, "NOM_COLL": "MAIL DU 8 MAI 1945", "TYPE_VOIE": "mail", "MOT_DIR": "1945", "LD_BAN": null, "ID_SUPP": "TRONROUT0000000240162283/TRONROUT0000000245706558", "INSEEDBAN": null, "COMDEL_BAN": null, "DATE_CREAT": "2023-12-08T14:04:36", "DATE_MAJ": "2024-09-23T17:44:42", "NOM_NORMA": "MAIL DU 8 MAI 1945", "ID_BAN_ODO": null, "ID_2": "COMMUNE_0000000009736525", "INSEE_COM_2": "94080", "INSEE_CAN": "9498", "INSEE_ARR": "942", "INSEE_COL": "94D", "INSEE_DEP": "94", "INSEE_REG": "11", "POPULATION": 48368, "SUPERF_CAD": 190, "DATE_CREAT_2": "2006-08-02T08:36:54", "DATE_MAJ_2": "2025-06-20T18:27:56", "DATE_APP": null, "DATE_CONF": null, "CODE_POST": "94300", "NOM": "Vincennes", "CL_ARROND": "Non", "CL_COLLTER": "Non", "CL_DEPART": "Non", "CL_REGION": "Non", "CAPITALE": "Non", "DATE_RCT": "2022-01-01", "RECENSEUR": "INSEE", "CODE_SIREN": "219400801", "SIREN_EPCI": "200054781/200057941", "ID_CH_LIEU": "PAIHABIT0000000004274533", "ID_AUT_ADM": "SURFACTI0000000004266121", "length": 113, "other_tags": "" }, "geometry": { "type": "MultiLineString", "coordinates": [ [ [ 2.431667017968331, 48.847176103946623 ], [ 2.431724296353227, 48.847171879267229 ], [ 2.43180205300079, 48.847164154411104 ], [ 2.431896053023682, 48.847166399506484 ], [ 2.432077269477416, 48.847168159219052 ], [ 2.432150742273916, 48.847178400836988 ], [ 2.432325106574299, 48.847183725058201 ], [ 2.432450622838384, 48.847169930922185 ], [ 2.432676677971582, 48.847183593997379 ], [ 2.433037944136773, 48.847169118219199 ] ], [ [ 2.431531316770349, 48.847124196183614 ], [ 2.431576017799406, 48.847148691072668 ], [ 2.431619464158684, 48.847163287113503 ], [ 2.431667017968331, 48.847176103946623 ] ] ] } },
{ "type": "Feature", "properties": { "fid": 534, "ID": "VOIE_NOM0000002341447515", "ID_BAN": null, "name": "Impasse des fleuristes", "INSEE_COM": "94080", "NOM_COM": "Vincennes", "SRC_BAN": null, "NOM_COLL": "IMPASSE DES FLEURISTES", "TYPE_VOIE": "impasse", "MOT_DIR": "FLEURISTES", "LD_BAN": null, "ID_SUPP": "TRONROUT0000002341435638", "INSEEDBAN": null, "COMDEL_BAN": null, "DATE_CREAT": "2024-02-16T12:11:22", "DATE_MAJ": "2024-06-17T16:42:27", "NOM_NORMA": "IMP DES FLEURISTES", "ID_BAN_ODO": null, "ID_2": "COMMUNE_0000000009736525", "INSEE_COM_2": "94080", "INSEE_CAN": "9498", "INSEE_ARR": "942", "INSEE_COL": "94D", "INSEE_DEP": "94", "INSEE_REG": "11", "POPULATION": 48368, "SUPERF_CAD": 190, "DATE_CREAT_2": "2006-08-02T08:36:54", "DATE_MAJ_2": "2025-06-20T18:27:56", "DATE_APP": null, "DATE_CONF": null, "CODE_POST": "94300", "NOM": "Vincennes", "CL_ARROND": "Non", "CL_COLLTER": "Non", "CL_DEPART": "Non", "CL_REGION": "Non", "CAPITALE": "Non", "DATE_RCT": "2022-01-01", "RECENSEUR": "INSEE", "CODE_SIREN": "219400801", "SIREN_EPCI": "200054781/200057941", "ID_CH_LIEU": "PAIHABIT0000000004274533", "ID_AUT_ADM": "SURFACTI0000000004266121", "length": 60, "other_tags": "" }, "geometry": { "type": "MultiLineString", "coordinates": [ [ [ 2.43899821760658, 48.850212735437594 ], [ 2.439130128219662, 48.850744868855905 ] ] ] } },
{ "type": "Feature", "properties": { "fid": 535, "ID": "VOIE_NOM0000002341980305", "ID_BAN": null, "name": "Villa d'Este", "INSEE_COM": "94080", "NOM_COM": "Vincennes", "SRC_BAN": null, "NOM_COLL": "VILLA D'ESTE", "TYPE_VOIE": "villa", "MOT_DIR": "ESTE", "LD_BAN": null, "ID_SUPP": "TRONROUT0000002341958373", "INSEEDBAN": null, "COMDEL_BAN": null, "DATE_CREAT": "2024-03-01T09:48:29", "DATE_MAJ": "2024-03-17T19:26:33", "NOM_NORMA": "VLA D'ESTE", "ID_BAN_ODO": null, "ID_2": "COMMUNE_0000000009736525", "INSEE_COM_2": "94080", "INSEE_CAN": "9498", "INSEE_ARR": "942", "INSEE_COL": "94D", "INSEE_DEP": "94", "INSEE_REG": "11", "POPULATION": 48368, "SUPERF_CAD": 190, "DATE_CREAT_2": "2006-08-02T08:36:54", "DATE_MAJ_2": "2025-06-20T18:27:56", "DATE_APP": null, "DATE_CONF": null, "CODE_POST": "94300", "NOM": "Vincennes", "CL_ARROND": "Non", "CL_COLLTER": "Non", "CL_DEPART": "Non", "CL_REGION": "Non", "CAPITALE": "Non", "DATE_RCT": "2022-01-01", "RECENSEUR": "INSEE", "CODE_SIREN": "219400801", "SIREN_EPCI": "200054781/200057941", "ID_CH_LIEU": "PAIHABIT0000000004274533", "ID_AUT_ADM": "SURFACTI0000000004266121", "length": 60, "other_tags": "" }, "geometry": { "type": "MultiLineString", "coordinates": [ [ [ 2.432642110424044, 48.850609055553193 ], [ 2.43267389026445, 48.851069672818781 ], [ 2.432646459909165, 48.851085731026927 ], [ 2.432617255572485, 48.851139553455582 ] ] ] } }
]
}
