{
"type": "FeatureCollection",
"name": "rues_paris_5",
"crs": { "type": "name", "properties": { "name": "urn:ogc:def:crs:OGC:1.3:CRS84" } },
"features": [
{"type":"Feature","properties":{"ID":"VOIE_NOM0000002338636743","ID_BAN":"75105_2886","name":"Rue Domat","INSEE_COM":"75105","NOM_COM":"Paris 5e Arrondissement","SRC_BAN":"commune","NOM_COLL":"R DOMAT","TYPE_VOIE":"rue","MOT_DIR":"Domat","LD_BAN":null,"ID_SUPP":"TRONROUT0000000000195310","INSEEDBAN":null,"COMDEL_BAN":null,"DATE_CREAT":"2023-12-08T13:42:59","DATE_MAJ":"2024-03-12T16:10:18","NOM_NORMA":"R DOMAT","ID_BAN_ODO":null,"Nom_a_verifier":false,"other_tags":"\"wikipedia\"=>\"fr:Rue_Domat\""},"geometry":{"type":"MultiLineString","coordinates":[[[2.347535318892494,48.850647378984213],[2.347521489375354,48.850663491983426],[2.347500902733018,48.850675071348981],[2.346176916589254,48.851059063673382]]]}},
{"type":"Feature","properties":{"ID":"VOIE_NOM0000002338636835","ID_BAN":"75105_1935","name":"Rue du Chat Qui Pêche","INSEE_COM":"75105","NOM_COM":"Paris 5e Arrondissement","SRC_BAN":"commune","NOM_COLL":"R DU CHAT QUI PECHE","TYPE_VOIE":"rue","MOT_DIR":"Pêche","LD_BAN":null,"ID_SUPP":"TRONROUT0000000000194502","INSEEDBAN":null,"COMDEL_BAN":null,"DATE_CREAT":"2023-12-08T13:42:59","DATE_MAJ":"2024-03-12T16:10:18","NOM_NORMA":"R DU CHAT QUI PECHE","ID_BAN_ODO":null,"Nom_a_verifier":false,"other_tags":"\"wikipedia\"=>\"fr:Rue_du_Chat-qui-P%C3%AAche\""},"geometry":{"type":"MultiLineString","coordinates":[[[2.346025833373941,48.852890225113036],[2.346242298744689,48.853234062128273]]]}},
{"type":"Feature","properties":{"ID":"VOIE_NOM0000002338647598","ID_BAN":"75105_5799","name":"Place Louis Marin","INSEE_COM":"75105","NOM_COM":"Paris 5e Arrondissement","SRC_BAN":"commune","NOM_COLL":"PL LOUIS MARIN","TYPE_VOIE":"place","MOT_DIR":"Marin","LD_BAN":null,"ID_SUPP":"TRONROUT0000000000198735","INSEEDBAN":null,"COMDEL_BAN":null,"DATE_CREAT":"2023-12-08T13:42:59","DATE_MAJ":"2024-03-12T16:10:18","NOM_NORMA":"PL LOUIS MARIN","ID_BAN_ODO":null,"Nom_a_verifier":false,"other_tags":"nan"},"geometry":{"type":"MultiLineString","coordinates":[[[2.338983319797129,48.843924488312119],[2.3392768400867,48.843880242289181]]]}},
{"type":"Feature","properties":{"ID":"VOIE_NOM0000002338648298","ID_BAN":"75105_9464","name":"Rue des Trois Portes","INSEE_COM":"75105","NOM_COM":"Paris 5e Arrondissement","SRC_BAN":"commune","NOM_COLL":"R DES 3 PORTES","TYPE_VOIE":"rue","MOT_DIR":"Portes","LD_BAN":null,"ID_SUPP":"TRONROUT0000000000195287","INSEEDBAN":null,"COMDEL_BAN":null,"DATE_CREAT":"2023-12-08T13:42:59","DATE_MAJ":"2024-03-12T16:10:18","NOM_NORMA":"R DES TROIS PORTES","ID_BAN_ODO":null,"Nom_a_verifier":false,"other_tags":"\"wikipedia\"=>\"fr:Rue_des_Trois-Portes\""},"geometry":{"type":"MultiLineString","coordinates":[[[2.348103747621261,48.851397842292442],[2.349023892564401,48.850831761067397]]]}},
{"type":"Feature","properties":{"ID":"VOIE_NOM0000002338648457","ID_BAN":"75105_3376","name":"Place de l'Estrapade","INSEE_COM":"75105","NOM_COM":"Paris 5e Arrondissement","SRC_BAN":"commune","NOM_COLL":"PL DE L'ESTRAPADE","TYPE_VOIE":"place","MOT_DIR":"Estrapade","LD_BAN":null,"ID_SUPP":"TRONROUT0000000000197874","INSEEDBAN":null,"COMDEL_BAN":null,"DATE_CREAT":"2023-12-08T13:42:59","DATE_MAJ":"2024-03-12T16:10:18","NOM_NORMA":"PL DE L'ESTRAPADE","ID_BAN_ODO":null,"Nom_a_verifier":false,"other_tags":"nan"},"geometry":{"type":"MultiLineString","coordinates":[[[2.344907684936156,48.845026417384453],[2.345126246061793,48.845200291317532]]]}},
{"type":"Feature","properties":{"ID":"VOIE_NOM0000002338648472","ID_BAN":"75105_1232","name":"Impasse Bouvart","INSEE_COM":"75105","NOM_COM":"Paris 5e Arrondissement","SRC_BAN":"commune","NOM_COLL":"IMP BOUVART","TYPE_VOIE":"impasse","MOT_DIR":"Bouvart","LD_BAN":null,"ID_SUPP":"TRONROUT0000000000196924","INSEEDBAN":null,"COMDEL_BAN":null,"DATE_CREAT":"2023-12-08T13:42:59","DATE_MAJ":"2024-03-12T16:10:18","NOM_NORMA":"IMP BOUVART","ID_BAN_ODO":null,"Nom_a_verifier":false,"other_tags":"nan"},"geometry":{"type":"MultiLineString","coordinates":[[[2.346566432858769,48.848361321043413],[2.346752985405447,48.848589877405658]]]}},
{"type":"Feature","properties":{"ID":"VOIE_NOM0000002338648543","ID_BAN":"75105_unt3ao","name":"Voie G/5","INSEE_COM":"75105","NOM_COM":"Paris 5e Arrondissement","SRC_BAN":"commune","NOM_COLL":"VOI G/5","TYPE_VOIE":"voie","MOT_DIR":"G/5","LD_BAN":null,"ID_SUPP":"TRONROUT0000000000200327","INSEEDBAN":null,"COMDEL_BAN":null,"DATE_CREAT":"2023-12-08T13:42:59","DATE_MAJ":"2024-03-12T16:10:18","NOM_NORMA":"VOI G/5","ID_BAN_ODO":null,"Nom_a_verifier":false,"other_tags":"nan"},"geometry":{"type":"MultiLineString","coordinates":[[[2.341156198960198,48.841159240038166],[2.341281963445466,48.841126656138549],[2.341533514667374,48.841059689335388],[2.34160723365983,48.841048403353831],[2.342370012168482,48.840851141428942]]]}},
{"type":"Feature","properties":{"ID":"VOIE_NOM0000002338648551","ID_BAN":"75105_5972","name":"Rue Malus","INSEE_COM":"75105","NOM_COM":"Paris 5e Arrondissement","SRC_BAN":"commune","NOM_COLL":"R MALUS","TYPE_VOIE":"rue","MOT_DIR":"Malus","LD_BAN":null,"ID_SUPP":"TRONROUT0000000000198665","INSEEDBAN":null,"COMDEL_BAN":null,"DATE_CREAT":"2023-12-08T13:42:59","DATE_MAJ":"2024-03-12T16:10:18","NOM_NORMA":"R MALUS","ID_BAN_ODO":null,"Nom_a_verifier":false,"other_tags":"\"wikipedia\"=>\"fr:Rue_Malus_(Paris)\""},"geometry":{"type":"MultiLineString","coordinates":[[[2.352228000497262,48.843250467724538],[2.352721155043878,48.843258533216321]]]}},
{"type":"Feature","properties":{"ID":"VOIE_NOM0000002338648619","ID_BAN":"75105_0705","name":"Rue Basse des Carmes","INSEE_COM":"75105","NOM_COM":"Paris 5e Arrondissement","SRC_BAN":"commune","NOM_COLL":"R BASSE DES CARMES","TYPE_VOIE":"rue","MOT_DIR":"Carmes","LD_BAN":null,"ID_SUPP":"TRONROUT0000000000196116/TRONROUT0000000000196149","INSEEDBAN":null,"COMDEL_BAN":null,"DATE_CREAT":"2023-12-08T13:42:59","DATE_MAJ":"2024-03-12T16:10:18","NOM_NORMA":"R BASSE DES CARMES","ID_BAN_ODO":null,"Nom_a_verifier":false,"other_tags":"\"wikipedia\"=>\"fr:Rue_Basse-des-Carmes\""},"geometry":{"type":"MultiLineString","coordinates":[[[2.347875776010769,48.849359557282192],[2.347901992702439,48.849333618808274],[2.34852642091714,48.849201217529057],[2.348553662584772,48.849202265217066],[2.348574001091093,48.84921047017329]],[[2.34769015173545,48.849382828039978],[2.347875776010769,48.849359557282192]]]}},
{"type":"Feature","properties":{"ID":"VOIE_NOM0000002338648642","ID_BAN":"75105_5479","name":"Rue Le Goff","INSEE_COM":"75105","NOM_COM":"Paris 5e Arrondissement","SRC_BAN":"commune","NOM_COLL":"R LE GOFF","TYPE_VOIE":"rue","MOT_DIR":"Goff","LD_BAN":null,"ID_SUPP":"TRONROUT0000000000197880/TRONROUT0000000000197883","INSEEDBAN":null,"COMDEL_BAN":null,"DATE_CREAT":"2023-12-08T13:42:59","DATE_MAJ":"2024-03-12T16:10:18","NOM_NORMA":"R LE GOFF","ID_BAN_ODO":null,"Nom_a_verifier":false,"other_tags":"\"wikipedia\"=>\"fr:Rue_Le_Goff\""},"geometry":{"type":"MultiLineString","coordinates":[[[2.341609860287623,48.846664936391342],[2.341153825990499,48.846089533255331]],[[2.341950515834955,48.847097604034687],[2.341609860287623,48.846664936391342]]]}},
{"type":"Feature","properties":{"ID":"VOIE_NOM0000002338648657","ID_BAN":"75105_9626","name":"Rue Vauquelin","INSEE_COM":"75105","NOM_COM":"Paris 5e Arrondissement","SRC_BAN":"commune","NOM_COLL":"R VAUQUELIN","TYPE_VOIE":"rue","MOT_DIR":"Vauquelin","LD_BAN":null,"ID_SUPP":"TRONROUT0000000000200304/TRONROUT0000000000200318","INSEEDBAN":null,"COMDEL_BAN":null,"DATE_CREAT":"2023-12-08T13:42:59","DATE_MAJ":"2024-03-12T16:10:18","NOM_NORMA":"R VAUQUELIN","ID_BAN_ODO":null,"Nom_a_verifier":false,"other_tags":"\"wikipedia\"=>\"fr:Rue_Vauquelin_(Paris)\""},"geometry":{"type":"MultiLineString","coordinates":[[[2.345999825576988,48.840303542065143],[2.34714326918218,48.840932148296226]],[[2.34714326918218,48.840932148296226],[2.348200004956771,48.84152339677096],[2.348244562476955,48.841664839636422]]]}},
{"type":"Feature","properties":{"ID":"VOIE_NOM0000002338648664","ID_BAN":"75105_8563","name":"Place Sainte-Geneviève","INSEE_COM":"75105","NOM_COM":"Paris 5e Arrondissement","SRC_BAN":"commune","NOM_COLL":"PL SAINTE-GENEVIEVE","TYPE_VOIE":"place","MOT_DIR":"Geneviève","LD_BAN":null,"ID_SUPP":"TRONROUT0000000000197857","INSEEDBAN":null,"COMDEL_BAN":null,"DATE_CREAT":"2023-12-08T13:42:59","DATE_MAJ":"2024-03-12T16:10:18","NOM_NORMA":"PL SAINTE-GENEVIEVE","ID_BAN_ODO":null,"Nom_a_verifier":false,"other_tags":"\"wikipedia\"=>\"fr:Place_Sainte-Genevi%C3%A8ve\""},"geometry":{"type":"MultiLineString","coordinates":[[[2.346975776032205,48.846579227667426],[2.347569139248756,48.846748846511368]]]}},
{"type":"Feature","properties":{"ID":"VOIE_NOM0000002338656928","ID_BAN":"75105_0025","name":"Parvis Abdelkader Mesli","INSEE_COM":"75105","NOM_COM":"Paris 5e Arrondissement","SRC_BAN":"commune","NOM_COLL":"PRV ABDELKADER MESLI","TYPE_VOIE":"parvis","MOT_DIR":"Mesli","LD_BAN":null,"ID_SUPP":"TRONROUT0000000000199401","INSEEDBAN":null,"COMDEL_BAN":null,"DATE_CREAT":"2023-12-08T13:42:59","DATE_MAJ":"2024-03-12T16:10:18","NOM_NORMA":"PRV ABDELKADER MESLI","ID_BAN_ODO":null,"Nom_a_verifier":false,"other_tags":"nan"},"geometry":{"type":"MultiLineString","coordinates":[[[2.354488032023899,48.842410088762875],[2.354521095157628,48.842270865984119]]]}},
{"type":"Feature","properties":{"ID":"VOIE_NOM0000002338657295","ID_BAN":null,"name":"Pont D'Austerlitz","INSEE_COM":"75105","NOM_COM":"Paris 5e Arrondissement","SRC_BAN":null,"NOM_COLL":"PONT D'AUSTERLITZ","TYPE_VOIE":"pont","MOT_DIR":"AUSTERLITZ","LD_BAN":null,"ID_SUPP":"TRONROUT0000000000198552","INSEEDBAN":null,"COMDEL_BAN":null,"DATE_CREAT":"2023-12-08T13:42:59","DATE_MAJ":"2024-12-16T22:01:03","NOM_NORMA":"PONT D'AUSTERLITZ","ID_BAN_ODO":null,"Nom_a_verifier":true,"other_tags":"nan"},"geometry":{"type":"MultiLineString","coordinates":[[[2.365088473245797,48.84444541240228],[2.365399860668194,48.84461074804986],[2.365781456047863,48.844829517276551],[2.366045191953107,48.844991900460357]]]}},
{"type":"Feature","properties":{"ID":"VOIE_NOM0000002338728245","ID_BAN":"75105_5811","name":"Rue Louis Thuillier","INSEE_COM":"75105","NOM_COM":"Paris 5e Arrondissement","SRC_BAN":"commune","NOM_COLL":"R LOUIS THUILLIER","TYPE_VOIE":"rue","MOT_DIR":"Thuillier","LD_BAN":null,"ID_SUPP":"TRONROUT0000000000199448","INSEEDBAN":null,"COMDEL_BAN":null,"DATE_CREAT":"2023-12-08T13:42:59","DATE_MAJ":"2024-03-12T16:10:18","NOM_NORMA":"R LOUIS THUILLIER","ID_BAN_ODO":null,"Nom_a_verifier":false,"other_tags":"\"wikipedia\"=>\"fr:Rue_Louis-Thuillier\""},"geometry":{"type":"MultiLineString","coordinates":[[[2.344277819713702,48.84245348859821],[2.343303725561542,48.842550672703368],[2.342920338380799,48.842590837568586]]]}},
{"type":"Feature","properties":{"ID":"VOIE_NOM0000002338732632","ID_BAN":"75105_9376","name":"Rue Tournefort","INSEE_COM":"75105","NOM_COM":"Paris 5e Arrondissement","SRC_BAN":"commune","NOM_COLL":"R TOURNEFORT","TYPE_VOIE":"rue","MOT_DIR":"Tournefort","LD_BAN":null,"ID_SUPP":"TRONROUT0000000000198692/TRONROUT0000000000199434/TRONROUT0000000000199436","INSEEDBAN":null,"COMDEL_BAN":null,"DATE_CREAT":"2023-12-08T13:42:59","DATE_MAJ":"2024-03-12T16:10:18","NOM_NORMA":"R TOURNEFORT","ID_BAN_ODO":null,"Nom_a_verifier":false,"other_tags":"\"wikipedia\"=>\"fr:Rue_Tournefort_(Paris)\""},"geometry":{"type":"MultiLineString","coordinates":[[[2.348072533679408,48.844415951534998],[2.34808814861901,48.844148026896896],[2.348102547126419,48.843868403860782],[2.348114107996377,48.843597758911599]],[[2.348244562476955,48.841664839636422],[2.348195689317331,48.842849034594735]],[[2.348114107996377,48.843597758911599],[2.348141624967577,48.843358678520602],[2.348166979090658,48.843074618165772],[2.348195689317331,48.842849034594735]]]}},
{"type":"Feature","properties":{"ID":"VOIE_NOM0000002338733002","ID_BAN":"75105_1225","name":"Rue Boutebrie","INSEE_COM":"75105","NOM_COM":"Paris 5e Arrondissement","SRC_BAN":"commune","NOM_COLL":"R BOUTEBRIE","TYPE_VOIE":"rue","MOT_DIR":"Boutebrie","LD_BAN":null,"ID_SUPP":"TRONROUT0000000000195304","INSEEDBAN":null,"COMDEL_BAN":null,"DATE_CREAT":"2023-12-08T13:42:59","DATE_MAJ":"2024-03-12T16:10:18","NOM_NORMA":"R BOUTEBRIE","ID_BAN_ODO":null,"Nom_a_verifier":false,"other_tags":"\"wikipedia\"=>\"fr:Rue_Boutebrie\""},"geometry":{"type":"MultiLineString","coordinates":[[[2.344469020438052,48.851084793523519],[2.344803401635678,48.851695489130698],[2.344850655533734,48.851730822757766]]]}},
{"type":"Feature","properties":{"ID":"VOIE_NOM0000002338733878","ID_BAN":"75105_9355","name":"Rue Toullier","INSEE_COM":"75105","NOM_COM":"Paris 5e Arrondissement","SRC_BAN":"commune","NOM_COLL":"R TOULLIER","TYPE_VOIE":"rue","MOT_DIR":"Toullier","LD_BAN":null,"ID_SUPP":"TRONROUT0000000000196943","INSEEDBAN":null,"COMDEL_BAN":null,"DATE_CREAT":"2023-12-08T13:42:59","DATE_MAJ":"2024-03-12T16:10:18","NOM_NORMA":"R TOULLIER","ID_BAN_ODO":null,"Nom_a_verifier":false,"other_tags":"\"wikipedia\"=>\"fr:Rue_Toullier\""},"geometry":{"type":"MultiLineString","coordinates":[[[2.343193456943759,48.847516340786179],[2.342812736844831,48.846909880400226]]]}},
{"type":"Feature","properties":{"ID":"VOIE_NOM0000002338733978","ID_BAN":"75105_1754","name":"Rue des Chantiers","INSEE_COM":"75105","NOM_COM":"Paris 5e Arrondissement","SRC_BAN":"commune","NOM_COLL":"R DES CHANTIERS","TYPE_VOIE":"rue","MOT_DIR":"Chantiers","LD_BAN":null,"ID_SUPP":"TRONROUT0000000000196097","INSEEDBAN":null,"COMDEL_BAN":null,"DATE_CREAT":"2023-12-08T13:42:59","DATE_MAJ":"2024-03-12T16:10:18","NOM_NORMA":"R DES CHANTIERS","ID_BAN_ODO":null,"Nom_a_verifier":false,"other_tags":"\"wikipedia\"=>\"fr:Rue_des_Chantiers_(Paris)\""},"geometry":{"type":"MultiLineString","coordinates":[[[2.354194290954935,48.849181581391775],[2.355339542637769,48.848806430287766]]]}},
{"type":"Feature","properties":{"ID":"VOIE_NOM0000002338734690","ID_BAN":"75105_8596","name":"Rue Saint-Etienne du Mont","INSEE_COM":"75105","NOM_COM":"Paris 5e Arrondissement","SRC_BAN":"commune","NOM_COLL":"R SAINT-ETIENNE DU MONT","TYPE_VOIE":"rue","MOT_DIR":"Mont","LD_BAN":null,"ID_SUPP":"TRONROUT0000000000197849","INSEEDBAN":null,"COMDEL_BAN":null,"DATE_CREAT":"2023-12-08T13:42:59","DATE_MAJ":"2024-03-12T16:10:18","NOM_NORMA":"R SAINT-ETIENNE DU MONT","ID_BAN_ODO":null,"Nom_a_verifier":false,"other_tags":"\"wikipedia\"=>\"fr:Rue_Saint-%C3%89tienne-du-Mont\""},"geometry":{"type":"MultiLineString","coordinates":[[[2.347833829728815,48.846831232029402],[2.347863119196033,48.846777430117406],[2.347883782990747,48.846759555561682],[2.347909852084593,48.846745307902147],[2.347963184032417,48.846730309465094],[2.348017788522804,48.846722512815496],[2.348323490149519,48.846685505923595],[2.348816156799946,48.846626132692421],[2.348981152341465,48.846617137687844]]]}},
{"type":"Feature","properties":{"ID":"VOIE_NOM0000002338734920","ID_BAN":"75105_6651","name":"Square de la Mutualité","INSEE_COM":"75105","NOM_COM":"Paris 5e Arrondissement","SRC_BAN":"commune","NOM_COLL":"SQ DE LA MUTUALITE","TYPE_VOIE":"square","MOT_DIR":"Mutualité","LD_BAN":null,"ID_SUPP":"TRONROUT0000002000701568","INSEEDBAN":null,"COMDEL_BAN":null,"DATE_CREAT":"2023-12-08T13:42:59","DATE_MAJ":"2024-03-12T16:10:18","NOM_NORMA":"SQ DE LA MUTUALITE","ID_BAN_ODO":null,"Nom_a_verifier":false,"other_tags":"nan"},"geometry":{"type":"MultiLineString","coordinates":[[[2.35035418043573,48.84862837220598],[2.350389895270824,48.848714904472047],[2.350391201852015,48.848719408354782],[2.350494454526376,48.848853973216734]]]}},
{"type":"Feature","properties":{"ID":"VOIE_NOM0000002338735330","ID_BAN":"75105_1730","name":"Rue Champollion","INSEE_COM":"75105","NOM_COM":"Paris 5e Arrondissement","SRC_BAN":"commune","NOM_COLL":"R CHAMPOLLION","TYPE_VOIE":"rue","MOT_DIR":"Champollion","LD_BAN":null,"ID_SUPP":"TRONROUT0000000000196181","INSEEDBAN":null,"COMDEL_BAN":null,"DATE_CREAT":"2023-12-08T13:42:59","DATE_MAJ":"2024-03-12T16:10:18","NOM_NORMA":"R CHAMPOLLION","ID_BAN_ODO":null,"Nom_a_verifier":false,"other_tags":"\"wikipedia\"=>\"fr:Rue_Champollion\""},"geometry":{"type":"MultiLineString","coordinates":[[[2.343122238336254,48.850139377969413],[2.342640479373484,48.84933090763284],[2.342354478457394,48.848777129986836]]]}},
{"type":"Feature","properties":{"ID":"VOIE_NOM0000002338735368","ID_BAN":"75105_5937","name":"Rue Maître Albert","INSEE_COM":"75105","NOM_COM":"Paris 5e Arrondissement","SRC_BAN":"commune","NOM_COLL":"R MAITRE ALBERT","TYPE_VOIE":"rue","MOT_DIR":"Albert","LD_BAN":null,"ID_SUPP":"TRONROUT0000000000196126","INSEEDBAN":null,"COMDEL_BAN":null,"DATE_CREAT":"2023-12-08T13:42:59","DATE_MAJ":"2024-03-12T16:10:18","NOM_NORMA":"R MAITRE ALBERT","ID_BAN_ODO":null,"Nom_a_verifier":false,"other_tags":"\"wikipedia\"=>\"fr:Rue_Ma%C3%AEtre-Albert\""},"geometry":{"type":"MultiLineString","coordinates":[[[2.348764588564641,48.850425639630046],[2.348843736236918,48.850417076837893],[2.349471908071922,48.850422292610418],[2.349640368412007,48.850573400930863],[2.349973859907929,48.850932257579643],[2.350249331762567,48.851244930959389]]]}},
{"type":"Feature","properties":{"ID":"VOIE_NOM0000002338736105","ID_BAN":"75105_4739","name":"Rue des Irlandais","INSEE_COM":"75105","NOM_COM":"Paris 5e Arrondissement","SRC_BAN":"commune","NOM_COLL":"R DES IRLANDAIS","TYPE_VOIE":"rue","MOT_DIR":"Irlandais","LD_BAN":null,"ID_SUPP":"TRONROUT0000000000198703","INSEEDBAN":null,"COMDEL_BAN":null,"DATE_CREAT":"2023-12-08T13:42:59","DATE_MAJ":"2024-03-12T16:10:18","NOM_NORMA":"R DES IRLANDAIS","ID_BAN_ODO":null,"Nom_a_verifier":false,"other_tags":"nan"},"geometry":{"type":"MultiLineString","coordinates":[[[2.346634303320764,48.844795730128638],[2.34658471280007,48.844729805912635],[2.346413600272049,48.844575080410543],[2.3460706560903,48.844323183808235],[2.345743828274405,48.844090260887775]]]}},
{"type":"Feature","properties":{"ID":"VOIE_NOM0000002338739475","ID_BAN":"75105_4867","name":"Rue Jean Calvin","INSEE_COM":"75105","NOM_COM":"Paris 5e Arrondissement","SRC_BAN":"commune","NOM_COLL":"R JEAN CALVIN","TYPE_VOIE":"rue","MOT_DIR":"Calvin","LD_BAN":null,"ID_SUPP":"TRONROUT0000000000199432/TRONROUT0000000353682368","INSEEDBAN":null,"COMDEL_BAN":null,"DATE_CREAT":"2023-12-08T13:42:59","DATE_MAJ":"2024-04-09T23:12:41","NOM_NORMA":"R JEAN CALVIN","ID_BAN_ODO":null,"Nom_a_verifier":false,"other_tags":"\"wikipedia\"=>\"fr:Rue_Jean-Calvin\""},"geometry":{"type":"MultiLineString","coordinates":[[[2.349269059982858,48.841457267828432],[2.349379462782943,48.841454270885222],[2.349632899644473,48.841453850285902]],[[2.348244562476955,48.841664839636422],[2.348349662155234,48.841650123021608],[2.348426094159337,48.841639746989955],[2.349144987816898,48.841463787753383],[2.349269059982858,48.841457267828432]]]}},
{"type":"Feature","properties":{"ID":"VOIE_NOM0000002338739494","ID_BAN":"75105_4535","name":"Rue Henri Barbusse","INSEE_COM":"75105","NOM_COM":"Paris 5e Arrondissement","SRC_BAN":"commune","NOM_COLL":"R HENRI BARBUSSE","TYPE_VOIE":"rue","MOT_DIR":"Barbusse","LD_BAN":null,"ID_SUPP":"TRONROUT0000000000199455/TRONROUT0000000000200374","INSEEDBAN":null,"COMDEL_BAN":null,"DATE_CREAT":"2023-12-08T13:42:59","DATE_MAJ":"2024-03-12T16:10:18","NOM_NORMA":"R HENRI BARBUSSE","ID_BAN_ODO":null,"Nom_a_verifier":false,"other_tags":"\"wikipedia\"=>\"fr:Rue_Henri-Barbusse_(Paris)\""},"geometry":{"type":"MultiLineString","coordinates":[[[2.338968772912391,48.841418780748761],[2.337928846027329,48.839941667991525],[2.337579248224693,48.839468464673217]],[[2.3392768400867,48.843880242289181],[2.339239927052693,48.84324508818699],[2.339199338504288,48.84193269233424],[2.339172722401694,48.841775156553304],[2.33913185482995,48.841667007059037],[2.339046437329872,48.841526234276394],[2.338968772912391,48.841418780748761]]]}},
{"type":"Feature","properties":{"ID":"VOIE_NOM0000002338739495","ID_BAN":"75105_6761","name":"Rue Nicolas Houël","INSEE_COM":"75105","NOM_COM":"Paris 5e Arrondissement","SRC_BAN":"commune","NOM_COLL":"R NICOLAS HOUEL","TYPE_VOIE":"rue","MOT_DIR":"Houël","LD_BAN":null,"ID_SUPP":"TRONROUT0000000000199353/TRONROUT0000000000199357","INSEEDBAN":null,"COMDEL_BAN":null,"DATE_CREAT":"2023-12-08T13:42:59","DATE_MAJ":"2024-03-12T16:10:18","NOM_NORMA":"R NICOLAS HOUEL","ID_BAN_ODO":null,"Nom_a_verifier":false,"other_tags":"\"wikipedia\"=>\"fr:Rue_Nicolas-Hou%C3%ABl\""},"geometry":{"type":"MultiLineString","coordinates":[[[2.363181228359492,48.841846914088386],[2.363018348795253,48.841907203525381],[2.362579295389002,48.842044265983425]],[[2.362579295389002,48.842044265983425],[2.3621538863243,48.842179600853477],[2.362062425127304,48.842193502942628],[2.361975150356948,48.842199333033037],[2.361893413508934,48.842197997704716],[2.361805018512342,48.842184035733567],[2.36169230848517,48.842152856081753],[2.361602914667866,48.842109209684828],[2.361542176742436,48.842062118712413],[2.361491020212425,48.842011481399361],[2.361472551756478,48.841961917906239],[2.361475794502459,48.841919665193871],[2.361505904427795,48.841797512645186]]]}},
{"type":"Feature","properties":{"ID":"VOIE_NOM0000002338739496","ID_BAN":"75105_1554","name":"Rue des Carmes","INSEE_COM":"75105","NOM_COM":"Paris 5e Arrondissement","SRC_BAN":"commune","NOM_COLL":"R DES CARMES","TYPE_VOIE":"rue","MOT_DIR":"Carmes","LD_BAN":null,"ID_SUPP":"TRONROUT0000000000196124/TRONROUT0000000000196127/TRONROUT0000000000196136/TRONROUT0000000000196137/TRONROUT0000000000196148/TRONROUT0000000000196152/TRONROUT0000000000196157/TRONROUT0000000000196918","INSEEDBAN":null,"COMDEL_BAN":null,"DATE_CREAT":"2023-12-08T13:42:59","DATE_MAJ":"2024-03-12T16:10:18","NOM_NORMA":"R DES CARMES","ID_BAN_ODO":null,"Nom_a_verifier":false,"other_tags":"\"wikipedia\"=>\"fr:Rue_des_Carmes_(Paris)\""},"geometry":{"type":"MultiLineString","coordinates":[[[2.347071213444796,48.848097866783903],[2.347372992892108,48.848701184000184]],[[2.347372992892108,48.848701184000184],[2.34747130527066,48.848903176407326]],[[2.34747130527066,48.848903176407326],[2.34769015173545,48.849382828039978]],[[2.34803541608427,48.849997172164286],[2.348126965116895,48.850195529488985]],[[2.347875776010769,48.849359557282192],[2.3480165488789,48.84965351496384],[2.347996672793152,48.849717261009204],[2.347941153679411,48.849797900585685]],[[2.347941153679411,48.849797900585685],[2.34803541608427,48.849997172164286]],[[2.34769015173545,48.849382828039978],[2.347821452544137,48.849671338164896]],[[2.347821452544137,48.849671338164896],[2.347872321958753,48.849744463369291],[2.347941153679411,48.849797900585685]]]}},
{"type":"Feature","properties":{"ID":"VOIE_NOM0000002338739504","ID_BAN":"75105_6431","name":"Place Monge","INSEE_COM":"75105","NOM_COM":"Paris 5e Arrondissement","SRC_BAN":"commune","NOM_COLL":"PL MONGE","TYPE_VOIE":"place","MOT_DIR":"Monge","LD_BAN":null,"ID_SUPP":"TRONROUT0000000000198682/TRONROUT0000000000199415","INSEEDBAN":null,"COMDEL_BAN":null,"DATE_CREAT":"2023-12-08T13:42:59","DATE_MAJ":"2024-03-12T16:10:18","NOM_NORMA":"PL MONGE","ID_BAN_ODO":null,"Nom_a_verifier":false,"other_tags":"nan"},"geometry":{"type":"MultiLineString","coordinates":[[[2.35147356390983,48.842668090284093],[2.352151584693829,48.842711335979608]],[[2.352228000497262,48.843250467724538],[2.351424433378154,48.843221831089011]]]}},
{"type":"Feature","properties":{"ID":"VOIE_NOM0000002338739508","ID_BAN":"75105_6960","name":"Rue Ortolan","INSEE_COM":"75105","NOM_COM":"Paris 5e Arrondissement","SRC_BAN":"commune","NOM_COLL":"R ORTOLAN","TYPE_VOIE":"rue","MOT_DIR":"Ortolan","LD_BAN":null,"ID_SUPP":"TRONROUT0000000000198678/TRONROUT0000000000198680","INSEEDBAN":null,"COMDEL_BAN":null,"DATE_CREAT":"2023-12-08T13:42:59","DATE_MAJ":"2024-04-09T23:12:41","NOM_NORMA":"R ORTOLAN","ID_BAN_ODO":null,"Nom_a_verifier":false,"other_tags":"\"wikipedia\"=>\"fr:Rue_Ortolan\""},"geometry":{"type":"MultiLineString","coordinates":[[[2.350837334828718,48.843207854331588],[2.350729731799637,48.843204572295711],[2.350468189954801,48.843198655723171],[2.349841557322861,48.843186258142431],[2.349626486161341,48.843168900567491],[2.349593909903452,48.84315883047519]],[[2.351424433378154,48.843221831089011],[2.351333168963929,48.843219537537486],[2.350837334828718,48.843207854331588]]]}},
{"type":"Feature","properties":{"ID":"VOIE_NOM0000002338739519","ID_BAN":"75105_3154","name":"Rue Edouard Quénu","INSEE_COM":"75105","NOM_COM":"Paris 5e Arrondissement","SRC_BAN":"commune","NOM_COLL":"R EDOUARD QUENU","TYPE_VOIE":"rue","MOT_DIR":"Quénu","LD_BAN":null,"ID_SUPP":"TRONROUT0000000000201128","INSEEDBAN":null,"COMDEL_BAN":null,"DATE_CREAT":"2023-12-08T13:42:59","DATE_MAJ":"2024-03-12T16:10:18","NOM_NORMA":"R EDOUARD QUENU","ID_BAN_ODO":null,"Nom_a_verifier":false,"other_tags":"\"wikipedia\"=>\"fr:Rue_%C3%89douard-Qu%C3%A9nu\""},"geometry":{"type":"MultiLineString","coordinates":[[[2.349942545756922,48.839350121136299],[2.349852874928044,48.839329847763914],[2.349787760792409,48.839307009711284],[2.349687572502611,48.839256100620446],[2.349642995298467,48.839225279844648],[2.349580583709284,48.839204255100128],[2.349500494853091,48.839180436097358],[2.349354401458206,48.839096000549929],[2.349235466294861,48.839018907491919]]]}},
{"type":"Feature","properties":{"ID":"VOIE_NOM0000002338739586","ID_BAN":"75105_1545","name":"Rue du Cardinal Lemoine","INSEE_COM":"75105","NOM_COM":"Paris 5e Arrondissement","SRC_BAN":"commune","NOM_COLL":"R DU CARDINAL LEMOINE","TYPE_VOIE":"rue","MOT_DIR":"Lemoine","LD_BAN":null,"ID_SUPP":"TRONROUT0000000000196095/TRONROUT0000000000196096/TRONROUT0000000000196886/TRONROUT0000000000196887/TRONROUT0000000000197834/TRONROUT0000000000197836/TRONROUT0000000000197838/TRONROUT0000000000197840/TRONROUT0000000000197841/TRONROUT0000000000198668/TRON","INSEEDBAN":null,"COMDEL_BAN":null,"DATE_CREAT":"2023-12-08T13:42:59","DATE_MAJ":"2024-03-12T16:10:18","NOM_NORMA":"R DU CARDINAL LEMOINE","ID_BAN_ODO":null,"Nom_a_verifier":false,"other_tags":"\"wikipedia\"=>\"fr:Rue_du_Cardinal-Lemoine\""},"geometry":{"type":"MultiLineString","coordinates":[[[2.34970633823272,48.844850241446565],[2.349638067757351,48.844643017301159],[2.349600567958294,48.844590650491313],[2.349560118710939,48.844556254853963]],[[2.34970633823272,48.844850241446565],[2.349806149563687,48.845041448442615],[2.349863751407206,48.845120905227859]],[[2.349863751407206,48.845120905227859],[2.350008897922179,48.845282679464113],[2.350102885339018,48.845394710771473],[2.350215657317354,48.845530227387279]],[[2.350215657317354,48.845530227387279],[2.350217008654409,48.845531134087196],[2.35058947058043,48.845931573011569]],[[2.35058947058043,48.845931573011569],[2.350677219047178,48.84599770256996],[2.350942645973534,48.846130449403773],[2.351041351754585,48.846192141326078],[2.351203471536972,48.846304541213904]],[[2.352704229367925,48.84747374289757],[2.353647702922524,48.848532891271333]],[[2.353647702922524,48.848532891271333],[2.354194290954935,48.849181581391775]],[[2.354194290954935,48.849181581391775],[2.354414556248322,48.849441784895504]],[[2.354414556248322,48.849441784895504],[2.354879432163083,48.849977610795605]],[[2.351634394502601,48.846607263396528],[2.351421021023633,48.846452316394647],[2.351203471536972,48.846304541213904]],[[2.351634394502601,48.846607263396528],[2.351849232495647,48.846754123691198],[2.352504319281183,48.847221740088209],[2.352658336863953,48.847328697864796],[2.352834413540318,48.847415089509205]]]}},
{"type":"Feature","properties":{"ID":"VOIE_NOM0000002338739607","ID_BAN":"75105_7621","name":"Rue de Pontoise","INSEE_COM":"75105","NOM_COM":"Paris 5e Arrondissement","SRC_BAN":"commune","NOM_COLL":"R DE PONTOISE","TYPE_VOIE":"rue","MOT_DIR":"Pontoise","LD_BAN":null,"ID_SUPP":"TRONROUT0000000000196100/TRONROUT0000000000196103/TRONROUT0000000000196897","INSEEDBAN":null,"COMDEL_BAN":null,"DATE_CREAT":"2023-12-08T13:42:59","DATE_MAJ":"2024-03-12T16:10:18","NOM_NORMA":"R DE PONTOISE","ID_BAN_ODO":null,"Nom_a_verifier":false,"other_tags":"\"wikipedia\"=>\"fr:Rue_de_Pontoise\""},"geometry":{"type":"MultiLineString","coordinates":[[[2.352590563249266,48.850700021531289],[2.352273095409009,48.850256719450037]],[[2.351762720981796,48.849546161696665],[2.350882321900928,48.848347941064837]],[[2.352273095409009,48.850256719450037],[2.351762720981796,48.849546161696665]]]}},
{"type":"Feature","properties":{"ID":"VOIE_NOM0000002338739624","ID_BAN":"75105_1156","name":"Rue des Boulangers","INSEE_COM":"75105","NOM_COM":"Paris 5e Arrondissement","SRC_BAN":"commune","NOM_COLL":"R DES BOULANGERS","TYPE_VOIE":"rue","MOT_DIR":"Boulangers","LD_BAN":null,"ID_SUPP":"TRONROUT0000000000197837","INSEEDBAN":null,"COMDEL_BAN":null,"DATE_CREAT":"2023-12-08T13:42:59","DATE_MAJ":"2024-03-12T16:10:18","NOM_NORMA":"R DES BOULANGERS","ID_BAN_ODO":null,"Nom_a_verifier":false,"other_tags":"nan"},"geometry":{"type":"MultiLineString","coordinates":[[[2.351717303693694,48.846405356827276],[2.351871173767767,48.846414284744164],[2.351929820327721,48.846410105647216],[2.351985864738388,48.84639601947331],[2.352102510758582,48.84633009862889],[2.352267181730619,48.846237456906628],[2.352516956913316,48.846094911435848],[2.352671987934608,48.846010311209376],[2.352814342194144,48.845958918512437],[2.353162945023983,48.845868169759719],[2.353635974294777,48.84574301726969],[2.353671456511125,48.845738712167538],[2.353708111684827,48.845749702508066],[2.353805647024727,48.845796096718416],[2.35406559721072,48.845931505107238],[2.354206501170709,48.845997019676254],[2.354347550324824,48.846050843183754],[2.354453484982711,48.846079294987192],[2.354533764917444,48.846088721737011]]]}},
{"type":"Feature","properties":{"ID":"VOIE_NOM0000002338739682","ID_BAN":"75105_9556","name":"Rue Valette","INSEE_COM":"75105","NOM_COM":"Paris 5e Arrondissement","SRC_BAN":"commune","NOM_COLL":"R VALETTE","TYPE_VOIE":"rue","MOT_DIR":"Valette","LD_BAN":null,"ID_SUPP":"TRONROUT0000000000196917/TRONROUT0000000000197867","INSEEDBAN":null,"COMDEL_BAN":null,"DATE_CREAT":"2023-12-08T13:42:59","DATE_MAJ":"2024-03-12T16:10:18","NOM_NORMA":"R VALETTE","ID_BAN_ODO":null,"Nom_a_verifier":false,"other_tags":"\"wikipedia\"=>\"fr:Rue_Valette\""},"geometry":{"type":"MultiLineString","coordinates":[[[2.346785724558226,48.847500033540626],[2.346406036399659,48.846699328761062]],[[2.346785724558226,48.847500033540626],[2.347071213444796,48.848097866783903]]]}},
{"type":"Feature","properties":{"ID":"VOIE_NOM0000002338739693","ID_BAN":"75105_3998","name":"Rue Gay-Lussac","INSEE_COM":"75105","NOM_COM":"Paris 5e Arrondissement","SRC_BAN":"commune","NOM_COLL":"R GAY-LUSSAC","TYPE_VOIE":"rue","MOT_DIR":"Lussac","LD_BAN":null,"ID_SUPP":"TRONROUT0000000000197885/TRONROUT0000000000197892/TRONROUT0000000000198712/TRONROUT0000000000198717/TRONROUT0000000000199451/TRONROUT0000000000199453","INSEEDBAN":null,"COMDEL_BAN":null,"DATE_CREAT":"2023-12-08T13:42:59","DATE_MAJ":"2024-03-12T16:10:18","NOM_NORMA":"R GAY-LUSSAC","ID_BAN_ODO":null,"Nom_a_verifier":false,"other_tags":"\"wikipedia\"=>\"fr:Rue_Gay-Lussac\""},"geometry":{"type":"MultiLineString","coordinates":[[[2.342920338380799,48.842590837568586],[2.343169125895292,48.842094855787074],[2.343601021437416,48.841232038192373]],[[2.342664518200126,48.843103867892161],[2.342920338380799,48.842590837568586]],[[2.341153825990499,48.846089533255331],[2.340818757375875,48.846724434761583],[2.340789540295634,48.846771939868859],[2.34071461845194,48.846877651521389],[2.340634393877524,48.846971642213262]],[[2.341213973641515,48.845966652054784],[2.341153825990499,48.846089533255331]],[[2.342041114233648,48.844346957272371],[2.342664518200126,48.843103867892161]],[[2.342041114233648,48.844346957272371],[2.341213973641515,48.845966652054784]]]}},
{"type":"Feature","properties":{"ID":"VOIE_NOM0000002338739701","ID_BAN":"75105_4131","name":"Rue Georges Desplas","INSEE_COM":"75105","NOM_COM":"Paris 5e Arrondissement","SRC_BAN":"commune","NOM_COLL":"R GEORGES DESPLAS","TYPE_VOIE":"rue","MOT_DIR":"Desplas","LD_BAN":null,"ID_SUPP":"TRONROUT0000000000199395","INSEEDBAN":null,"COMDEL_BAN":null,"DATE_CREAT":"2023-12-08T13:42:59","DATE_MAJ":"2024-03-12T16:10:18","NOM_NORMA":"R GEORGES DESPLAS","ID_BAN_ODO":null,"Nom_a_verifier":false,"other_tags":"\"wikipedia\"=>\"fr:Rue_Georges-Desplas\""},"geometry":{"type":"MultiLineString","coordinates":[[[2.354521095157628,48.842270865984119],[2.354647884988346,48.841714844506789],[2.354699311962403,48.841412935936106]]]}},
{"type":"Feature","properties":{"ID":"VOIE_NOM0000002338739765","ID_BAN":"75105_4678","name":"Rue de la Huchette","INSEE_COM":"75105","NOM_COM":"Paris 5e Arrondissement","SRC_BAN":"commune","NOM_COLL":"R DE LA HUCHETTE","TYPE_VOIE":"rue","MOT_DIR":"Huchette","LD_BAN":null,"ID_SUPP":"TRONROUT0000000000194483/TRONROUT0000000000194488/TRONROUT0000000000194491/TRONROUT0000000000194496","INSEEDBAN":null,"COMDEL_BAN":null,"DATE_CREAT":"2023-12-08T13:42:59","DATE_MAJ":"2024-03-12T16:10:18","NOM_NORMA":"R DE LA HUCHETTE","ID_BAN_ODO":null,"Nom_a_verifier":false,"other_tags":"\"wikipedia\"=>\"fr:Rue_de_la_Huchette\""},"geometry":{"type":"MultiLineString","coordinates":[[[2.346025833373941,48.852890225113036],[2.346652944245485,48.852765043276449]],[[2.344132804064962,48.853435664814867],[2.344443801442226,48.853306063340149],[2.344591827045433,48.85323942265407]],[[2.345682520481776,48.852989075942041],[2.345909650392598,48.852917470044609],[2.346025833373941,48.852890225113036]],[[2.344591827045433,48.85323942265407],[2.345682520481776,48.852989075942041]]]}},
{"type":"Feature","properties":{"ID":"VOIE_NOM0000002338739802","ID_BAN":"75105_2159","name":"Rue de Cluny","INSEE_COM":"75105","NOM_COM":"Paris 5e Arrondissement","SRC_BAN":"commune","NOM_COLL":"R DE CLUNY","TYPE_VOIE":"rue","MOT_DIR":"Cluny","LD_BAN":null,"ID_SUPP":"TRONROUT0000000000196163","INSEEDBAN":null,"COMDEL_BAN":null,"DATE_CREAT":"2023-12-08T13:42:59","DATE_MAJ":"2024-03-12T16:10:18","NOM_NORMA":"R DE CLUNY","ID_BAN_ODO":null,"Nom_a_verifier":false,"other_tags":"\"wikipedia\"=>\"fr:Rue_de_Cluny\""},"geometry":{"type":"MultiLineString","coordinates":[[[2.34454880017965,48.850267715373178],[2.344624832549155,48.850398538629463],[2.344730244905293,48.850577188636869],[2.344879722135864,48.850828028324507],[2.344965114118378,48.85097329223931]]]}},
{"type":"Feature","properties":{"ID":"VOIE_NOM0000002338739856","ID_BAN":"75105_2580","name":"Rue Daubenton","INSEE_COM":"75105","NOM_COM":"Paris 5e Arrondissement","SRC_BAN":"commune","NOM_COLL":"R DAUBENTON","TYPE_VOIE":"rue","MOT_DIR":"Daubenton","LD_BAN":null,"ID_SUPP":"TRONROUT0000000000199392/TRONROUT0000000000199409/TRONROUT0000000000200263/TRONROUT0000000000200273/TRONROUT0000000000200277/TRONROUT0000000000200292/TRONROUT0000000000200296/TRONROUT0000002341438970","INSEEDBAN":null,"COMDEL_BAN":null,"DATE_CREAT":"2023-12-08T13:42:59","DATE_MAJ":"2024-03-12T16:10:18","NOM_NORMA":"R DAUBENTON","ID_BAN_ODO":null,"Nom_a_verifier":false,"other_tags":"\"wikipedia\"=>\"fr:Rue_Daubenton\""},"geometry":{"type":"MultiLineString","coordinates":[[[2.350550088514924,48.840234798781736],[2.350461789545868,48.840213633974891],[2.35013176654483,48.840128200616014],[2.34998631408576,48.840101328756163],[2.3497686093256,48.84007766145595]],[[2.351707999562244,48.84047131693368],[2.351470424148345,48.840511399923351],[2.351383486755142,48.840490243188327],[2.351163804983829,48.84040631031867]],[[2.350956408041021,48.840320644961707],[2.350892665797046,48.840296915619199]],[[2.351163804983829,48.84040631031867],[2.351056767572753,48.840358063386667],[2.350956408041021,48.840320644961707]],[[2.352055333246899,48.840808661587666],[2.352196075522849,48.840885869768456],[2.35229483991049,48.84094216512694],[2.352432746302572,48.841028351298533],[2.352497718506722,48.841062878818086],[2.35262242566741,48.841114817495253]],[[2.354699311962403,48.841412935936106],[2.354960533687508,48.841444023756118],[2.355829501320546,48.841580912575843]],[[2.35262242566741,48.841114817495253],[2.352717349350388,48.841151305704599],[2.352944217388133,48.841205595509585],[2.353085642951714,48.841227945127109],[2.353877422291158,48.841325758128711]],[[2.353877422291158,48.841325758128711],[2.354062513564244,48.841342946245504],[2.354699311962403,48.841412935936106]]]}},
{"type":"Feature","properties":{"ID":"VOIE_NOM0000002338739857","ID_BAN":"75105_4661","name":"Rue de l'Hôtel Colbert","INSEE_COM":"75105","NOM_COM":"Paris 5e Arrondissement","SRC_BAN":"commune","NOM_COLL":"R DE L'HOTEL COLBERT","TYPE_VOIE":"rue","MOT_DIR":"Colbert","LD_BAN":null,"ID_SUPP":"TRONROUT0000000000195271/TRONROUT0000000000195272/TRONROUT0000000000195278","INSEEDBAN":null,"COMDEL_BAN":null,"DATE_CREAT":"2023-12-08T13:42:59","DATE_MAJ":"2024-03-12T16:10:18","NOM_NORMA":"R DE L'HOTEL COLBERT","ID_BAN_ODO":null,"Nom_a_verifier":false,"other_tags":"\"wikipedia\"=>\"fr:Rue_de_l%27H%C3%B4tel-Colbert\""},"geometry":{"type":"MultiLineString","coordinates":[[[2.348718728105353,48.851696179997539],[2.349188859443379,48.851917281446617]],[[2.347977578886265,48.851352187019522],[2.348103747621261,48.851397842292442]],[[2.348103747621261,48.851397842292442],[2.348169867603916,48.851450365154314],[2.348579122132426,48.851635163191581],[2.348718728105353,48.851696179997539]]]}},
{"type":"Feature","properties":{"ID":"VOIE_NOM0000002338739927","ID_BAN":"75105_7344","name":"Rue du Petit Pont","INSEE_COM":"75105","NOM_COM":"Paris 5e Arrondissement","SRC_BAN":"commune","NOM_COLL":"R DU PETIT PONT","TYPE_VOIE":"rue","MOT_DIR":"Pont","LD_BAN":null,"ID_SUPP":"TRONROUT0000000000195305","INSEEDBAN":null,"COMDEL_BAN":null,"DATE_CREAT":"2023-12-08T13:42:59","DATE_MAJ":"2024-03-12T16:10:18","NOM_NORMA":"R DU PETIT PONT","ID_BAN_ODO":null,"Nom_a_verifier":false,"other_tags":"\"wikipedia\"=>\"fr:Rue_du_Petit-Pont\""},"geometry":{"type":"MultiLineString","coordinates":[[[2.346316991283815,48.852168734679395],[2.346652944245485,48.852765043276449]]]}},
{"type":"Feature","properties":{"ID":"VOIE_NOM0000002338739960","ID_BAN":"75105_0429","name":"Rue des Arènes","INSEE_COM":"75105","NOM_COM":"Paris 5e Arrondissement","SRC_BAN":"commune","NOM_COLL":"R DES ARENES","TYPE_VOIE":"rue","MOT_DIR":"Arènes","LD_BAN":null,"ID_SUPP":"TRONROUT0000000000198653/TRONROUT0000002275259674","INSEEDBAN":null,"COMDEL_BAN":null,"DATE_CREAT":"2023-12-08T13:42:59","DATE_MAJ":"2024-03-12T16:10:18","NOM_NORMA":"R DES ARENES","ID_BAN_ODO":null,"Nom_a_verifier":false,"other_tags":"\"wikipedia\"=>\"fr:Rue_des_Ar%C3%A8nes\""},"geometry":{"type":"MultiLineString","coordinates":[[[2.353886188856557,48.845014987834155],[2.353868598523533,48.845004999867612],[2.353822885551287,48.844955288145108],[2.353682150284492,48.844766561562096],[2.353616557457518,48.844671774312729],[2.353576484750796,48.844606803820511],[2.353554113805985,48.844542828325558],[2.353570529364643,48.844427798840904]],[[2.354679478856993,48.845105608153425],[2.353956828957451,48.845032457169992],[2.353909240493426,48.845024105931842],[2.353886188856557,48.845014987834155]]]}},
{"type":"Feature","properties":{"ID":"VOIE_NOM0000002338739961","ID_BAN":"75105_7752","name":"Rue du Pot de Fer","INSEE_COM":"75105","NOM_COM":"Paris 5e Arrondissement","SRC_BAN":"commune","NOM_COLL":"R DU POT DE FER","TYPE_VOIE":"rue","MOT_DIR":"Fer","LD_BAN":null,"ID_SUPP":"TRONROUT0000000000199431/TRONROUT0000000000199435","INSEEDBAN":null,"COMDEL_BAN":null,"DATE_CREAT":"2023-12-08T13:42:59","DATE_MAJ":"2024-03-12T16:10:18","NOM_NORMA":"R DU POT DE FER","ID_BAN_ODO":null,"Nom_a_verifier":false,"other_tags":"\"wikipedia\"=>\"fr:Rue_du_Pot-de-Fer\""},"geometry":{"type":"MultiLineString","coordinates":[[[2.34729127399838,48.842604872899692],[2.347410676149489,48.84264509628369],[2.348195689317331,48.842849034594735]],[[2.349593909903452,48.84315883047519],[2.349505718613317,48.843128672005321],[2.348195689317331,48.842849034594735]]]}},
{"type":"Feature","properties":{"ID":"VOIE_NOM0000002338739973","ID_BAN":"75105_4259","name":"Rue Gracieuse","INSEE_COM":"75105","NOM_COM":"Paris 5e Arrondissement","SRC_BAN":"commune","NOM_COLL":"R GRACIEUSE","TYPE_VOIE":"rue","MOT_DIR":"Gracieuse","LD_BAN":null,"ID_SUPP":"TRONROUT0000000000198672/TRONROUT0000000000198679/TRONROUT0000000000199413/TRONROUT0000000000199414/TRONROUT0000000000199425","INSEEDBAN":null,"COMDEL_BAN":null,"DATE_CREAT":"2023-12-08T13:42:59","DATE_MAJ":"2024-03-12T16:10:18","NOM_NORMA":"R GRACIEUSE","ID_BAN_ODO":null,"Nom_a_verifier":false,"other_tags":"\"wikipedia\"=>\"fr:Rue_Gracieuse\""},"geometry":{"type":"MultiLineString","coordinates":[[[2.351602184752755,48.841639016977666],[2.351536015895564,48.842138704201354]],[[2.351536015895564,48.842138704201354],[2.351501333536473,48.842407425672668],[2.35147356390983,48.842668090284093]],[[2.351477853191624,48.843527903747407],[2.351550099953973,48.843963586400783]],[[2.351424433378154,48.843221831089011],[2.351424010963352,48.843146282384119],[2.35147356390983,48.842668090284093]],[[2.351424433378154,48.843221831089011],[2.351443024200397,48.843370326606326],[2.351477853191624,48.843527903747407]]]}},
{"type":"Feature","properties":{"ID":"VOIE_NOM0000002338739975","ID_BAN":"75105_6996","name":"Rue Paillet","INSEE_COM":"75105","NOM_COM":"Paris 5e Arrondissement","SRC_BAN":"commune","NOM_COLL":"R PAILLET","TYPE_VOIE":"rue","MOT_DIR":"Paillet","LD_BAN":null,"ID_SUPP":"TRONROUT0000000000197878","INSEEDBAN":null,"COMDEL_BAN":null,"DATE_CREAT":"2023-12-08T13:42:59","DATE_MAJ":"2024-03-12T16:10:18","NOM_NORMA":"R PAILLET","ID_BAN_ODO":null,"Nom_a_verifier":false,"other_tags":"\"wikipedia\"=>\"fr:Rue_Paillet\""},"geometry":{"type":"MultiLineString","coordinates":[[[2.342812736844831,48.846909880400226],[2.342670082349013,48.846659973978014],[2.34254362124708,48.846422747357025]]]}},
{"type":"Feature","properties":{"ID":"VOIE_NOM0000002338740008","ID_BAN":"75105_0405","name":"Rue de l'Arbalète","INSEE_COM":"75105","NOM_COM":"Paris 5e Arrondissement","SRC_BAN":"commune","NOM_COLL":"R DE L'ARBALETE","TYPE_VOIE":"rue","MOT_DIR":"Arbalète","LD_BAN":null,"ID_SUPP":"TRONROUT0000000000200281/TRONROUT0000000000200303/TRONROUT0000000000200305/TRONROUT0000000000200306/TRONROUT0000000000201136","INSEEDBAN":null,"COMDEL_BAN":null,"DATE_CREAT":"2023-12-08T13:42:59","DATE_MAJ":"2024-03-12T16:10:18","NOM_NORMA":"R DE L'ARBALETE","ID_BAN_ODO":null,"Nom_a_verifier":false,"other_tags":"\"wikipedia\"=>\"fr:Rue_de_l%27Arbal%C3%A8te_(Paris)\""},"geometry":{"type":"MultiLineString","coordinates":[[[2.345817408899646,48.839205318866185],[2.345950245414878,48.83926000720087],[2.346129166436452,48.839333833980326],[2.347238992415804,48.839816559035455]],[[2.348119107169456,48.840147827969751],[2.347491104087753,48.839921361504075],[2.347238992415804,48.839816559035455]],[[2.35058102252878,48.840485889400746],[2.350503275054219,48.840492662208717],[2.350431055687892,48.840493169434318],[2.350237738068308,48.84048042780158],[2.350175100489837,48.840477389460553],[2.35011518775379,48.840474365890138],[2.349731277736744,48.840448896102991]],[[2.348885778682083,48.840399328767468],[2.348499165244497,48.840263218449614],[2.348119107169456,48.840147827969751]],[[2.349731277736744,48.840448896102991],[2.349540629169086,48.840440664672627],[2.349107380710626,48.840438308065053],[2.349001247017647,48.840426938148831],[2.348995786120339,48.840427807794555],[2.348885778682083,48.840399328767468]]]}},
{"type":"Feature","properties":{"ID":"VOIE_NOM0000002338740012","ID_BAN":"75105_7174","name":"Place Paul Painlevé","INSEE_COM":"75105","NOM_COM":"Paris 5e Arrondissement","SRC_BAN":"commune","NOM_COLL":"PL PAUL PAINLEVE","TYPE_VOIE":"place","MOT_DIR":"Painlevé","LD_BAN":null,"ID_SUPP":"TRONROUT0000000000196161/TRONROUT0000000000196174/TRONROUT0000000000196189","INSEEDBAN":null,"COMDEL_BAN":null,"DATE_CREAT":"2023-12-08T13:42:59","DATE_MAJ":"2024-03-12T16:10:18","NOM_NORMA":"PL PAUL PAINLEVE","ID_BAN_ODO":null,"Nom_a_verifier":false,"other_tags":"nan"},"geometry":{"type":"MultiLineString","coordinates":[[[2.343904357889717,48.850256089020846],[2.343653661173407,48.849927347998943]],[[2.34454880017965,48.850267715373178],[2.344245890061878,48.84975612002016]],[[2.343904357889717,48.850256089020846],[2.34454880017965,48.850267715373178]]]}},
{"type":"Feature","properties":{"ID":"VOIE_NOM0000002338740035","ID_BAN":"75105_0243","name":"Place Alphonse Laveran","INSEE_COM":"75105","NOM_COM":"Paris 5e Arrondissement","SRC_BAN":"commune","NOM_COLL":"PL ALPHONSE LAVERAN","TYPE_VOIE":"place","MOT_DIR":"Laveran","LD_BAN":null,"ID_SUPP":"TRONROUT0000000000200334/TRONROUT0000000000200335/TRONROUT0000000000200336/TRONROUT0000000000200338/TRONROUT0000000289442805","INSEEDBAN":null,"COMDEL_BAN":null,"DATE_CREAT":"2023-12-08T13:42:59","DATE_MAJ":"2024-03-12T16:10:18","NOM_NORMA":"PL ALPHONSE LAVERAN","ID_BAN_ODO":null,"Nom_a_verifier":false,"other_tags":"nan"},"geometry":{"type":"MultiLineString","coordinates":[[[2.340815807363389,48.840601557283492],[2.340974853726771,48.840846161530891]],[[2.340797090023587,48.840896445874854],[2.340689088267092,48.840709682111466],[2.340693494061393,48.840684524171429],[2.340718427171466,48.840652284443813],[2.340815807363389,48.840601557283492]],[[2.341132482308175,48.84109525451985],[2.340974853726771,48.840846161530891]],[[2.341132482308175,48.84109525451985],[2.34102595105659,48.84111535310862],[2.340963370109519,48.841107813435471],[2.340917377187902,48.841081478463984],[2.340797090023587,48.840896445874854]],[[2.341156198960198,48.841159240038166],[2.341132482308175,48.84109525451985]]]}},
{"type":"Feature","properties":{"ID":"VOIE_NOM0000002338740087","ID_BAN":"75105_2549","name":"Rue Dante","INSEE_COM":"75105","NOM_COM":"Paris 5e Arrondissement","SRC_BAN":"commune","NOM_COLL":"R DANTE","TYPE_VOIE":"rue","MOT_DIR":"Dante","LD_BAN":null,"ID_SUPP":"TRONROUT0000000000195306/TRONROUT0000000000195309","INSEEDBAN":null,"COMDEL_BAN":null,"DATE_CREAT":"2023-12-08T13:42:59","DATE_MAJ":"2024-03-12T16:10:18","NOM_NORMA":"R DANTE","ID_BAN_ODO":null,"Nom_a_verifier":false,"other_tags":"\"wikipedia\"=>\"fr:Rue_Dante_(Paris)\""},"geometry":{"type":"MultiLineString","coordinates":[[[2.346176916589254,48.851059063673382],[2.345582914115993,48.850828279090884]],[[2.347257722886205,48.851484964118484],[2.346176916589254,48.851059063673382]]]}},
{"type":"Feature","properties":{"ID":"VOIE_NOM0000002338740154","ID_BAN":"75105_7413","name":"Rue Pierre Brossolette","INSEE_COM":"75105","NOM_COM":"Paris 5e Arrondissement","SRC_BAN":"commune","NOM_COLL":"R PIERRE BROSSOLETTE","TYPE_VOIE":"rue","MOT_DIR":"Brossolette","LD_BAN":null,"ID_SUPP":"TRONROUT0000000000199441","INSEEDBAN":null,"COMDEL_BAN":null,"DATE_CREAT":"2023-12-08T13:42:59","DATE_MAJ":"2024-03-12T16:10:18","NOM_NORMA":"R PIERRE BROSSOLETTE","ID_BAN_ODO":null,"Nom_a_verifier":false,"other_tags":"\"wikipedia\"=>\"fr:Rue_Pierre-Brossolette_(Paris)\""},"geometry":{"type":"MultiLineString","coordinates":[[[2.346299076222081,48.84219024495269],[2.346899124057183,48.842039731265537],[2.347858664157528,48.841797641069576]]]}},
{"type":"Feature","properties":{"ID":"VOIE_NOM0000002338740162","ID_BAN":"75105_9517","name":"Rue d'Ulm","INSEE_COM":"75105","NOM_COM":"Paris 5e Arrondissement","SRC_BAN":"commune","NOM_COLL":"R D'ULM","TYPE_VOIE":"rue","MOT_DIR":"Ulm","LD_BAN":null,"ID_SUPP":"TRONROUT0000000000197872/TRONROUT0000000000198705/TRONROUT0000000000198708/TRONROUT0000000000198711/TRONROUT0000000000199440/TRONROUT0000000000199443/TRONROUT0000000000199452","INSEEDBAN":null,"COMDEL_BAN":null,"DATE_CREAT":"2023-12-08T13:42:59","DATE_MAJ":"2024-03-12T16:10:18","NOM_NORMA":"R D'ULM","ID_BAN_ODO":null,"Nom_a_verifier":false,"other_tags":"\"wikipedia\"=>\"fr:Rue_d%27Ulm\""},"geometry":{"type":"MultiLineString","coordinates":[[[2.343601021437416,48.841232038192373],[2.343711861509671,48.841410720469632],[2.343759912947325,48.841490128129315],[2.343877113502634,48.841704819657991],[2.344277819713702,48.84245348859821]],[[2.344381648708554,48.842648320139361],[2.344277819713702,48.84245348859821]],[[2.344381648708554,48.842648320139361],[2.344621183102341,48.84310381095834],[2.344806102907073,48.843460072118717],[2.344957358242906,48.843784670863052]],[[2.345584560386708,48.845054404658896],[2.345909073345572,48.845689329378573]],[[2.345329471683235,48.844534077512499],[2.34539550813464,48.844700820743711],[2.345584560386708,48.845054404658896]],[[2.344957358242906,48.843784670863052],[2.345233855689364,48.844335694667677]],[[2.345233855689364,48.844335694667677],[2.345329471683235,48.844534077512499]]]}},
{"type":"Feature","properties":{"ID":"VOIE_NOM0000002338740191","ID_BAN":"75105_2137","name":"Passage du Clos Bruneau","INSEE_COM":"75105","NOM_COM":"Paris 5e Arrondissement","SRC_BAN":"commune","NOM_COLL":"PAS DU CLOS BRUNEAU","TYPE_VOIE":"passage","MOT_DIR":"Bruneau","LD_BAN":null,"ID_SUPP":"TRONROUT0000000000196156/TRONROUT0000000000196159","INSEEDBAN":null,"COMDEL_BAN":null,"DATE_CREAT":"2023-12-08T13:42:59","DATE_MAJ":"2024-03-12T16:10:18","NOM_NORMA":"PAS DU CLOS BRUNEAU","ID_BAN_ODO":null,"Nom_a_verifier":false,"other_tags":"\"wikipedia\"=>\"fr:Passage_du_Clos-Bruneau\""},"geometry":{"type":"MultiLineString","coordinates":[[[2.347923641614564,48.848583672436767],[2.347372992892108,48.848701184000184]],[[2.347923641614564,48.848583672436767],[2.347934193813654,48.848611610047186],[2.347959521167983,48.848656715981882],[2.348012743755362,48.848759532833235]]]}},
{"type":"Feature","properties":{"ID":"VOIE_NOM0000002338740200","ID_BAN":"75105_8421","name":"Rue Royer-Collard","INSEE_COM":"75105","NOM_COM":"Paris 5e Arrondissement","SRC_BAN":"commune","NOM_COLL":"R ROYER-COLLARD","TYPE_VOIE":"rue","MOT_DIR":"Collard","LD_BAN":null,"ID_SUPP":"TRONROUT0000000000197875/TRONROUT0000000000197889","INSEEDBAN":null,"COMDEL_BAN":null,"DATE_CREAT":"2023-12-08T13:42:59","DATE_MAJ":"2024-03-12T16:10:18","NOM_NORMA":"R ROYER-COLLARD","ID_BAN_ODO":null,"Nom_a_verifier":false,"other_tags":"\"wikipedia\"=>\"fr:Rue_Royer-Collard\""},"geometry":{"type":"MultiLineString","coordinates":[[[2.342676744998589,48.845591570272958],[2.342245123558042,48.84567283856682],[2.341431245706757,48.845918383439411],[2.34135337528212,48.845934143250169],[2.341213973641515,48.845966652054784]],[[2.341153825990499,48.846089533255331],[2.341080600069675,48.846061249790353],[2.340953745303709,48.84607134337611],[2.340251950107481,48.846288718045393]]]}},
{"type":"Feature","properties":{"ID":"VOIE_NOM0000002338740220","ID_BAN":"75105_7887","name":"Rue du Puits de l'Ermite","INSEE_COM":"75105","NOM_COM":"Paris 5e Arrondissement","SRC_BAN":"commune","NOM_COLL":"R DU PUITS DE L'ERMITE","TYPE_VOIE":"rue","MOT_DIR":"Ermite","LD_BAN":null,"ID_SUPP":"TRONROUT0000000000199398/TRONROUT0000000000199421","INSEEDBAN":null,"COMDEL_BAN":null,"DATE_CREAT":"2023-12-08T13:42:59","DATE_MAJ":"2024-03-12T16:10:18","NOM_NORMA":"R DU PUITS DE L'ERMITE","ID_BAN_ODO":null,"Nom_a_verifier":false,"other_tags":"\"wikipedia\"=>\"fr:Rue_du_Puits-de-l%27Ermite\""},"geometry":{"type":"MultiLineString","coordinates":[[[2.35266870140089,48.8422158884607],[2.352068212819877,48.842183857957941]],[[2.353637078419256,48.842248105536463],[2.35266870140089,48.8422158884607]]]}},
{"type":"Feature","properties":{"ID":"VOIE_NOM0000002338740232","ID_BAN":"75105_6472","name":"Quai de Montebello","INSEE_COM":"75105","NOM_COM":"Paris 5e Arrondissement","SRC_BAN":"commune","NOM_COLL":"QU DE MONTEBELLO","TYPE_VOIE":"quai","MOT_DIR":"Montebello","LD_BAN":null,"ID_SUPP":"TRONROUT0000000000194455/TRONROUT0000000000194477/TRONROUT0000000000195249/TRONROUT0000000000195275/TRONROUT0000000000195291","INSEEDBAN":null,"COMDEL_BAN":null,"DATE_CREAT":"2023-12-08T13:42:59","DATE_MAJ":"2024-03-12T16:10:18","NOM_NORMA":"QU DE MONTEBELLO","ID_BAN_ODO":null,"Nom_a_verifier":false,"other_tags":"nan"},"geometry":{"type":"MultiLineString","coordinates":[[[2.350410624761143,48.851424778511884],[2.349556043190412,48.851760991566323]],[[2.349556043190412,48.851760991566323],[2.349188859443379,48.851917281446617]],[[2.347642550947446,48.852640935717417],[2.347275039840126,48.852822399812837],[2.347133787491855,48.852892678193989],[2.346812831680258,48.853056407768719]],[[2.349188859443379,48.851917281446617],[2.348251418583501,48.852339372483712]],[[2.348251418583501,48.852339372483712],[2.347642550947446,48.852640935717417]]]}},
{"type":"Feature","properties":{"ID":"VOIE_NOM0000002338740239","ID_BAN":"75105_9687","name":"Square Vermenouze","INSEE_COM":"75105","NOM_COM":"Paris 5e Arrondissement","SRC_BAN":"commune","NOM_COLL":"SQ VERMENOUZE","TYPE_VOIE":"square","MOT_DIR":"Vermenouze","LD_BAN":null,"ID_SUPP":"TRONROUT0000000000200308","INSEEDBAN":null,"COMDEL_BAN":null,"DATE_CREAT":"2023-12-08T13:42:59","DATE_MAJ":"2024-03-12T16:10:18","NOM_NORMA":"SQ VERMENOUZE","ID_BAN_ODO":null,"Nom_a_verifier":false,"other_tags":"nan"},"geometry":{"type":"MultiLineString","coordinates":[[[2.348733567133492,48.840695290445247],[2.34885597175001,48.840713044711975],[2.348926705439618,48.84072242335688],[2.349293976065833,48.84077118867053],[2.349446118692239,48.840807990737424],[2.349535780682513,48.840829163691012],[2.349641713322218,48.840856720585059]]]}},
{"type":"Feature","properties":{"ID":"VOIE_NOM0000002338740299","ID_BAN":"75105_5258","name":"Rue Lagarde","INSEE_COM":"75105","NOM_COM":"Paris 5e Arrondissement","SRC_BAN":"commune","NOM_COLL":"R LAGARDE","TYPE_VOIE":"rue","MOT_DIR":"Lagarde","LD_BAN":null,"ID_SUPP":"TRONROUT0000000000200307/TRONROUT0000000000200309","INSEEDBAN":null,"COMDEL_BAN":null,"DATE_CREAT":"2023-12-08T13:42:59","DATE_MAJ":"2024-03-12T16:10:18","NOM_NORMA":"R LAGARDE","ID_BAN_ODO":null,"Nom_a_verifier":false,"other_tags":"\"wikipedia\"=>\"fr:Rue_Lagarde\""},"geometry":{"type":"MultiLineString","coordinates":[[[2.347702065487476,48.840483715718818],[2.348119107169456,48.840147827969751]],[[2.34714326918218,48.840932148296226],[2.347702065487476,48.840483715718818]]]}},
{"type":"Feature","properties":{"ID":"VOIE_NOM0000002338740304","ID_BAN":"75105_3315","name":"Rue Erasme","INSEE_COM":"75105","NOM_COM":"Paris 5e Arrondissement","SRC_BAN":"commune","NOM_COLL":"R ERASME","TYPE_VOIE":"rue","MOT_DIR":"Erasme","LD_BAN":null,"ID_SUPP":"TRONROUT0000000000199439/TRONROUT0000000000199446","INSEEDBAN":null,"COMDEL_BAN":null,"DATE_CREAT":"2023-12-08T13:42:59","DATE_MAJ":"2024-03-12T16:10:18","NOM_NORMA":"R ERASME","ID_BAN_ODO":null,"Nom_a_verifier":false,"other_tags":"\"wikipedia\"=>\"fr:Rue_%C3%89rasme_(Paris)\""},"geometry":{"type":"MultiLineString","coordinates":[[[2.345886405078927,48.842284221084839],[2.346299076222081,48.84219024495269]],[[2.344381648708554,48.842648320139361],[2.345868614034335,48.842290419346675],[2.345886405078927,48.842284221084839]]]}},
{"type":"Feature","properties":{"ID":"VOIE_NOM0000002338740330","ID_BAN":"75105_1484","name":"Rue de Candolle","INSEE_COM":"75105","NOM_COM":"Paris 5e Arrondissement","SRC_BAN":"commune","NOM_COLL":"R DE CANDOLLE","TYPE_VOIE":"rue","MOT_DIR":"Candolle","LD_BAN":null,"ID_SUPP":"TRONROUT0000000000200278/TRONROUT0000000355984078","INSEEDBAN":null,"COMDEL_BAN":null,"DATE_CREAT":"2023-12-08T13:42:59","DATE_MAJ":"2024-03-12T16:10:18","NOM_NORMA":"R DE CANDOLLE","ID_BAN_ODO":null,"Nom_a_verifier":false,"other_tags":"\"wikipedia\"=>\"fr:Rue_de_Candolle\""},"geometry":{"type":"MultiLineString","coordinates":[[[2.35111754163509,48.839963572030101],[2.351178461383491,48.839885657739181],[2.351196542034683,48.839856076768868]],[[2.350892665797046,48.840296915619199],[2.351108762619276,48.84001209010146],[2.35111754163509,48.839963572030101]]]}},
{"type":"Feature","properties":{"ID":"VOIE_NOM0000002338740373","ID_BAN":"75105_8665","name":"Rue Saint-Julien Le Pauvre","INSEE_COM":"75105","NOM_COM":"Paris 5e Arrondissement","SRC_BAN":"commune","NOM_COLL":"R SAINT-JULIEN LE PAUVRE","TYPE_VOIE":"rue","MOT_DIR":"Pauvre","LD_BAN":null,"ID_SUPP":"TRONROUT0000000000194472/TRONROUT0000000000194475/TRONROUT0000000000195286","INSEEDBAN":null,"COMDEL_BAN":null,"DATE_CREAT":"2023-12-08T13:42:59","DATE_MAJ":"2024-03-12T16:10:18","NOM_NORMA":"R SAINT-JULIEN LE PAUVRE","ID_BAN_ODO":null,"Nom_a_verifier":false,"other_tags":"\"wikipedia\"=>\"fr:Rue_Saint-Julien-le-Pauvre\""},"geometry":{"type":"MultiLineString","coordinates":[[[2.347642550947446,48.852640935717417],[2.34745433576622,48.852543678429612]],[[2.346632862747855,48.852084121834899],[2.346837168147756,48.852202153478821],[2.346891305136707,48.852232127716491]],[[2.346891305136707,48.852232127716491],[2.347412361353918,48.852521864988809],[2.34745433576622,48.852543678429612]]]}},
{"type":"Feature","properties":{"ID":"VOIE_NOM0000002338740392","ID_BAN":"75105_2298","name":"Place de la Contrescarpe","INSEE_COM":"75105","NOM_COM":"Paris 5e Arrondissement","SRC_BAN":"commune","NOM_COLL":"PL DE LA CONTRESCARPE","TYPE_VOIE":"place","MOT_DIR":"Contrescarpe","LD_BAN":null,"ID_SUPP":"TRONROUT0000000000198669/TRONROUT0000000000198695/TRONROUT0000000000198696","INSEEDBAN":null,"COMDEL_BAN":null,"DATE_CREAT":"2023-12-08T13:42:59","DATE_MAJ":"2024-03-12T16:10:18","NOM_NORMA":"PL DE LA CONTRESCARPE","ID_BAN_ODO":null,"Nom_a_verifier":false,"other_tags":"nan"},"geometry":{"type":"MultiLineString","coordinates":[[[2.349560118710939,48.844556254853963],[2.349514874798075,48.844578492884338],[2.349457536502498,48.844587174713972],[2.349392135303844,48.844586819056076],[2.349328186453616,48.844579276372407],[2.34927663508738,48.844561008755122],[2.349256455491632,48.844540213682613],[2.349245824803476,48.844518571187649]],[[2.349260932259023,48.844399937679526],[2.349296537433942,48.844385741567173],[2.34933759266677,48.844371575086292],[2.349396259584436,48.844365598623106],[2.349453474164716,48.844366809124097],[2.349502435058715,48.844374270247947],[2.349541734864339,48.844391571797487],[2.349570067191699,48.844414209872703]],[[2.349570067191699,48.844414209872703],[2.349590213193983,48.844437702795318],[2.349597995510791,48.844469222748408],[2.349594877655085,48.844500683439726],[2.349582244577549,48.844530293675959],[2.349560118710939,48.844556254853963]]]}},
{"type":"Feature","properties":{"ID":"VOIE_NOM0000002338740426","ID_BAN":"75105_4475","name":"Rue de la Harpe","INSEE_COM":"75105","NOM_COM":"Paris 5e Arrondissement","SRC_BAN":"commune","NOM_COLL":"R DE LA HARPE","TYPE_VOIE":"rue","MOT_DIR":"Harpe","LD_BAN":null,"ID_SUPP":"TRONROUT0000000000194482/TRONROUT0000000000194490/TRONROUT0000000000195296/TRONROUT0000000000195314","INSEEDBAN":null,"COMDEL_BAN":null,"DATE_CREAT":"2023-12-08T13:42:59","DATE_MAJ":"2024-03-12T16:10:18","NOM_NORMA":"R DE LA HARPE","ID_BAN_ODO":null,"Nom_a_verifier":false,"other_tags":"\"wikipedia\"=>\"fr:Rue_de_la_Harpe\""},"geometry":{"type":"MultiLineString","coordinates":[[[2.343517662385984,48.85131161137425],[2.344166447780193,48.851953712045592]],[[2.344679722237788,48.852535709201263],[2.344627095568921,48.852710795203535],[2.344591827045433,48.85323942265407]],[[2.344166447780193,48.851953712045592],[2.344717432043352,48.852463067957267]],[[2.344679722237788,48.852535709201263],[2.344717432043352,48.852463067957267]]]}},
{"type":"Feature","properties":{"ID":"VOIE_NOM0000002338740477","ID_BAN":"75105_6383","name":"Rue de Mirbel","INSEE_COM":"75105","NOM_COM":"Paris 5e Arrondissement","SRC_BAN":"commune","NOM_COLL":"R DE MIRBEL","TYPE_VOIE":"rue","MOT_DIR":"Mirbel","LD_BAN":null,"ID_SUPP":"TRONROUT0000000000200270/TRONROUT0000000000200283/TRONROUT0000000000200291/TRONROUT0000000000200293/TRONROUT0000000353682370","INSEEDBAN":null,"COMDEL_BAN":null,"DATE_CREAT":"2023-12-08T13:42:59","DATE_MAJ":"2024-03-12T16:10:18","NOM_NORMA":"R DE MIRBEL","ID_BAN_ODO":null,"Nom_a_verifier":false,"other_tags":"\"wikipedia\"=>\"fr:Rue_de_Mirbel\""},"geometry":{"type":"MultiLineString","coordinates":[[[2.352821943794795,48.840628441883069],[2.35313079988579,48.840553666494259],[2.353244226693132,48.840526399516762]],[[2.352821943794795,48.840628441883069],[2.352669017456602,48.840654595354735],[2.352055333246899,48.840808661587666]],[[2.350714551344258,48.841032528246693],[2.351040642955024,48.840996524447654],[2.351189394262041,48.840977545322666]],[[2.352055333246899,48.840808661587666],[2.351880439414871,48.840848185521594]],[[2.351189394262041,48.840977545322666],[2.351488628243117,48.84090991689618],[2.351734570181827,48.840854590028336],[2.351880439414871,48.840848185521594]]]}},
{"type":"Feature","properties":{"ID":"VOIE_NOM0000002338740478","ID_BAN":"75105_1543","name":"Cité du Cardinal Lemoine","INSEE_COM":"75105","NOM_COM":"Paris 5e Arrondissement","SRC_BAN":"commune","NOM_COLL":"CITE DU CARDINAL LEMOINE","TYPE_VOIE":"cité","MOT_DIR":"Lemoine","LD_BAN":null,"ID_SUPP":"TRONROUT0000000000196889","INSEEDBAN":null,"COMDEL_BAN":null,"DATE_CREAT":"2023-12-08T13:42:59","DATE_MAJ":"2024-03-12T16:10:18","NOM_NORMA":"CITE DU CARDINAL LEMOINE","ID_BAN_ODO":null,"Nom_a_verifier":false,"other_tags":"nan"},"geometry":{"type":"MultiLineString","coordinates":[[[2.353089182762232,48.848736724868445],[2.353647702922524,48.848532891271333]]]}},
{"type":"Feature","properties":{"ID":"VOIE_NOM0000002338740527","ID_BAN":"75105_8690","name":"Boulevard Saint-Marcel","INSEE_COM":"75105","NOM_COM":"Paris 5e Arrondissement","SRC_BAN":"commune","NOM_COLL":"BD SAINT-MARCEL","TYPE_VOIE":"boulevard","MOT_DIR":"Marcel","LD_BAN":null,"ID_SUPP":"TRONROUT0000000000201086/TRONROUT0000000000201088/TRONROUT0000000000201093/TRONROUT0000000000201095/TRONROUT0000000000201098/TRONROUT0000000000201107/TRONROUT0000000000201937/TRONROUT0000000000201943/TRONROUT0000000000201949/TRONROUT0000000247510429/TRON","INSEEDBAN":null,"COMDEL_BAN":null,"DATE_CREAT":"2023-12-08T13:42:59","DATE_MAJ":"2024-03-12T16:10:18","NOM_NORMA":"BD SAINT-MARCEL","ID_BAN_ODO":null,"Nom_a_verifier":false,"other_tags":"nan"},"geometry":{"type":"MultiLineString","coordinates":[[[2.351870772035156,48.836804585637026],[2.352021117751822,48.83687555082642],[2.352240897782435,48.836950489321907],[2.352687338397699,48.837095006110196]],[[2.352687338397699,48.837095006110196],[2.353144657835185,48.837241378764574]],[[2.353144657835185,48.837241378764574],[2.354385029894994,48.837635706943914]],[[2.354385029894994,48.837635706943914],[2.355332297820282,48.837935808029926]],[[2.355932090465015,48.838130603984844],[2.355332297820282,48.837935808029926]],[[2.357787297173181,48.838719770029755],[2.357027308312343,48.838477355577268]],[[2.358554060729463,48.83896581335128],[2.357787297173181,48.838719770029755]],[[2.360817852687986,48.839683932239581],[2.359786395638995,48.839355544553207],[2.359147142744903,48.83915426134039],[2.358554060729463,48.83896581335128]],[[2.361773281213604,48.839991219886059],[2.360817852687986,48.839683932239581]],[[2.356846812690266,48.838419725220916],[2.355932090465015,48.838130603984844]],[[2.357027308312343,48.838477355577268],[2.356846812690266,48.838419725220916]]]}},
{"type":"Feature","properties":{"ID":"VOIE_NOM0000002338740589","ID_BAN":"75105_9544","name":"Rue du Val de Grâce","INSEE_COM":"75105","NOM_COM":"Paris 5e Arrondissement","SRC_BAN":"commune","NOM_COLL":"R DU VAL DE GRACE","TYPE_VOIE":"rue","MOT_DIR":"Grâce","LD_BAN":null,"ID_SUPP":"TRONROUT0000000000199465/TRONROUT0000000000200331/TRONROUT0000000000200332/TRONROUT0000000000200339","INSEEDBAN":null,"COMDEL_BAN":null,"DATE_CREAT":"2023-12-08T13:42:59","DATE_MAJ":"2024-03-12T16:10:18","NOM_NORMA":"R DU VAL DE GRACE","ID_BAN_ODO":null,"Nom_a_verifier":false,"other_tags":"\"wikipedia\"=>\"fr:Rue_du_Val-de-Gr%C3%A2ce\""},"geometry":{"type":"MultiLineString","coordinates":[[[2.340974853726771,48.840846161530891],[2.340797090023587,48.840896445874854]],[[2.338968772912391,48.841418780748761],[2.337755934595522,48.841754730571793]],[[2.340797090023587,48.840896445874854],[2.33982344235034,48.84117527581607]],[[2.33982344235034,48.84117527581607],[2.338968772912391,48.841418780748761]]]}},
{"type":"Feature","properties":{"ID":"VOIE_NOM0000002338740650","ID_BAN":"75105_3751","name":"Rue des Fossés Saint-Marcel","INSEE_COM":"75105","NOM_COM":"Paris 5e Arrondissement","SRC_BAN":"commune","NOM_COLL":"R DES FOSSES SAINT-MARCEL","TYPE_VOIE":"rue","MOT_DIR":"Marcel","LD_BAN":null,"ID_SUPP":"TRONROUT0000000000201092","INSEEDBAN":null,"COMDEL_BAN":null,"DATE_CREAT":"2023-12-08T13:42:59","DATE_MAJ":"2024-03-12T16:10:18","NOM_NORMA":"R DES FOSSES SAINT-MARCEL","ID_BAN_ODO":null,"Nom_a_verifier":false,"other_tags":"\"wikipedia\"=>\"fr:Rue_des_Foss%C3%A9s-Saint-Marcel\""},"geometry":{"type":"MultiLineString","coordinates":[[[2.355932090465015,48.838130603984844],[2.355916699965026,48.838273520257481],[2.356218398350217,48.839328300981428],[2.356295358473943,48.839605719449523]]]}},
{"type":"Feature","properties":{"ID":"VOIE_NOM0000002338740664","ID_BAN":"75105_2143","name":"Rue Clotaire","INSEE_COM":"75105","NOM_COM":"Paris 5e Arrondissement","SRC_BAN":"commune","NOM_COLL":"R CLOTAIRE","TYPE_VOIE":"rue","MOT_DIR":"Clotaire","LD_BAN":null,"ID_SUPP":"TRONROUT0000000000197866","INSEEDBAN":null,"COMDEL_BAN":null,"DATE_CREAT":"2023-12-08T13:42:59","DATE_MAJ":"2024-03-12T16:10:18","NOM_NORMA":"R CLOTAIRE","ID_BAN_ODO":null,"Nom_a_verifier":false,"other_tags":"\"wikipedia\"=>\"fr:Rue_Clotaire\""},"geometry":{"type":"MultiLineString","coordinates":[[[2.344543535754267,48.845485795042222],[2.3446501534333,48.845676144257126],[2.344798264968226,48.845926078387926]]]}},
{"type":"Feature","properties":{"ID":"VOIE_NOM0000002338740709","ID_BAN":"75105_0302","name":"Rue Amyot","INSEE_COM":"75105","NOM_COM":"Paris 5e Arrondissement","SRC_BAN":"commune","NOM_COLL":"R AMYOT","TYPE_VOIE":"rue","MOT_DIR":"Amyot","LD_BAN":null,"ID_SUPP":"TRONROUT0000000000198688/TRONROUT0000000000198709","INSEEDBAN":null,"COMDEL_BAN":null,"DATE_CREAT":"2023-12-08T13:42:59","DATE_MAJ":"2024-03-12T16:10:18","NOM_NORMA":"R AMYOT","ID_BAN_ODO":null,"Nom_a_verifier":false,"other_tags":"\"wikipedia\"=>\"fr:Rue_Amyot\""},"geometry":{"type":"MultiLineString","coordinates":[[[2.34656698959911,48.84331771099081],[2.346954341835345,48.843396271929947],[2.347081864175183,48.84344103674335]],[[2.347081864175183,48.84344103674335],[2.347230049447937,48.84346792692341],[2.347610793942686,48.843530261140486],[2.34765975378701,48.843537723024042],[2.347746964869219,48.843537299189038],[2.347828624679593,48.843544939286701],[2.348114107996377,48.843597758911599]]]}},
{"type":"Feature","properties":{"ID":"VOIE_NOM0000002338740729","ID_BAN":"75105_7257","name":"Rue du Père Teilhard de Chardin","INSEE_COM":"75105","NOM_COM":"Paris 5e Arrondissement","SRC_BAN":"commune","NOM_COLL":"R DU PERE TEILHARD DE CHARDIN","TYPE_VOIE":"rue","MOT_DIR":"Chardin","LD_BAN":null,"ID_SUPP":"TRONROUT0000000000200280","INSEEDBAN":null,"COMDEL_BAN":null,"DATE_CREAT":"2023-12-08T13:42:59","DATE_MAJ":"2024-03-12T16:10:18","NOM_NORMA":"R DU PERE TEILHARD DE CHARDIN","ID_BAN_ODO":null,"Nom_a_verifier":false,"other_tags":"\"wikipedia\"=>\"fr:Rue_du_P%C3%A8re-Teilhard-de-Chardin\""},"geometry":{"type":"MultiLineString","coordinates":[[[2.350016760939393,48.841483816879084],[2.350021622119326,48.841421787203259],[2.350031652675692,48.841382269702926],[2.350071600830936,48.841347411566183],[2.350202843590105,48.841312149994003],[2.350484369081597,48.841244427889421],[2.350746920560862,48.841168507869973]]]}},
{"type":"Feature","properties":{"ID":"VOIE_NOM0000002338740754","ID_BAN":"75105_7576","name":"Rue Poliveau","INSEE_COM":"75105","NOM_COM":"Paris 5e Arrondissement","SRC_BAN":"commune","NOM_COLL":"R POLIVEAU","TYPE_VOIE":"rue","MOT_DIR":"Poliveau","LD_BAN":null,"ID_SUPP":"TRONROUT0000000000200253/TRONROUT0000000000200259/TRONROUT0000000000200260/TRONROUT0000000229738745","INSEEDBAN":null,"COMDEL_BAN":null,"DATE_CREAT":"2023-12-08T13:42:59","DATE_MAJ":"2024-03-12T16:10:18","NOM_NORMA":"R POLIVEAU","ID_BAN_ODO":null,"Nom_a_verifier":false,"other_tags":"\"wikipedia\"=>\"fr:Rue_Poliveau\""},"geometry":{"type":"MultiLineString","coordinates":[[[2.356600687483709,48.839705392820328],[2.356398278683536,48.839656637650315],[2.356295358473943,48.839605719449523]],[[2.362036152046526,48.840332581522908],[2.361901151801069,48.840341754470444],[2.361538738208157,48.840340720077755]],[[2.358136786857442,48.839990649232462],[2.356600687483709,48.839705392820328]],[[2.361538738208157,48.840340720077755],[2.360691403978797,48.840328999702848],[2.360435269918501,48.840327630553077],[2.359423448707601,48.840285342648414],[2.359329519527566,48.840278544077236],[2.359035912791772,48.840222110041104],[2.358845894157325,48.840162633080944],[2.358536271728111,48.840079131046686],[2.358339298223169,48.840031307704983],[2.358136786857442,48.839990649232462]]]}},
{"type":"Feature","properties":{"ID":"VOIE_NOM0000002338740763","ID_BAN":"75105_5129","name":"Place Jussieu","INSEE_COM":"75105","NOM_COM":"Paris 5e Arrondissement","SRC_BAN":"commune","NOM_COLL":"PL JUSSIEU","TYPE_VOIE":"place","MOT_DIR":"Jussieu","LD_BAN":null,"ID_SUPP":"TRONROUT0000000000197828/TRONROUT0000000000197830","INSEEDBAN":null,"COMDEL_BAN":null,"DATE_CREAT":"2023-12-08T13:42:59","DATE_MAJ":"2024-03-12T16:10:18","NOM_NORMA":"PL JUSSIEU","ID_BAN_ODO":null,"Nom_a_verifier":false,"other_tags":"nan"},"geometry":{"type":"MultiLineString","coordinates":[[[2.355251330835264,48.846023340340167],[2.3552173001312,48.846020458857573],[2.355182040393134,48.846006778427643],[2.355127971871127,48.845971411976677],[2.354753459459178,48.845733760447111],[2.354600092070072,48.845684367746578]],[[2.354445906390378,48.846581096561223],[2.354540002228952,48.846575308743141],[2.354761025146831,48.846443395839358],[2.354961541597278,48.846316768111585],[2.355209085356635,48.846133733867276],[2.35522842831611,48.846112253491512],[2.355236848486389,48.846092512964852],[2.355251330835264,48.846023340340167]]]}},
{"type":"Feature","properties":{"ID":"VOIE_NOM0000002338740779","ID_BAN":"75105_7740","name":"Boulevard de Port-Royal","INSEE_COM":"75105","NOM_COM":"Paris 5e Arrondissement","SRC_BAN":"commune","NOM_COLL":"BD DE PORT-ROYAL","TYPE_VOIE":"boulevard","MOT_DIR":"Royal","LD_BAN":null,"ID_SUPP":"TRONROUT0000000000200352/TRONROUT0000000000200373/TRONROUT0000000000201148/TRONROUT0000000000201151/TRONROUT0000000000201158/TRONROUT0000000000201180/TRONROUT0000000000201186/TRONROUT0000000000201195/TRONROUT0000000000201196/TRONROUT0000000000201948/TRON","INSEEDBAN":null,"COMDEL_BAN":null,"DATE_CREAT":"2023-12-08T13:42:59","DATE_MAJ":"2025-09-09T00:21:25","NOM_NORMA":"BD DE PORT-ROYAL","ID_BAN_ODO":null,"Nom_a_verifier":false,"other_tags":"nan"},"geometry":{"type":"MultiLineString","coordinates":[[[2.350563875068811,48.83694139584113],[2.350688474022634,48.836891707711636]],[[2.351870772035156,48.836804585637026],[2.351517494331785,48.836837746202406],[2.351219970702027,48.836879302449582],[2.350947013237225,48.836917393792689],[2.350731418677367,48.836944104120491],[2.350563875068811,48.83694139584113]],[[2.34900177774623,48.837111878464881],[2.349140881341539,48.837100943674628],[2.349888492183259,48.837020468790186],[2.350370133469607,48.836963727329405],[2.350563875068811,48.83694139584113]],[[2.346364818374405,48.837491420757452],[2.346963145381793,48.83736517992336],[2.347140677077226,48.837331973066668],[2.347256644483821,48.837319115450825],[2.348858508462984,48.83712908598752],[2.34900177774623,48.837111878464881]],[[2.344281572455273,48.837931501131763],[2.344517915000758,48.837880633200996],[2.344782911605289,48.837826324295477],[2.345245831952127,48.837742519878468],[2.345516253888171,48.837690037780739]],[[2.346364818374405,48.837491420757452],[2.345680254493097,48.837649564116973],[2.345516253888171,48.837690037780739]],[[2.343778868929114,48.83803666838309],[2.344281572455273,48.837931501131763]],[[2.343778868929114,48.83803666838309],[2.342874599102257,48.838221470557443],[2.342720255775339,48.838252100405725],[2.342371821861874,48.838332027695422],[2.342093105745415,48.838393450740035]],[[2.341445709992541,48.838519397091666],[2.342093105745415,48.838393450740035]],[[2.339709370667751,48.83888665982127],[2.340083731607741,48.838804185221086],[2.340391118981164,48.838738428126348]],[[2.340391118981164,48.838738428126348],[2.340494943636856,48.838716516429656],[2.341445709992541,48.838519397091666]],[[2.338208299650072,48.839286677030138],[2.33772968241064,48.839424329316394],[2.337579248224693,48.839468464673217]],[[2.338347730964168,48.839250574319792],[2.338208299650072,48.839286677030138]],[[2.339709370667751,48.83888665982127],[2.338347730964168,48.839250574319792]],[[2.337579248224693,48.839468464673217],[2.337263427084164,48.839553953877193]],[[2.336656991547952,48.839671107587428],[2.336779618509795,48.839670888170417],[2.33697634101713,48.839629708490691],[2.337263427084164,48.839553953877193]]]}},
{"type":"Feature","properties":{"ID":"VOIE_NOM0000002338740793","ID_BAN":"75105_2487","name":"Rue Cujas","INSEE_COM":"75105","NOM_COM":"Paris 5e Arrondissement","SRC_BAN":"commune","NOM_COLL":"R CUJAS","TYPE_VOIE":"rue","MOT_DIR":"Cujas","LD_BAN":null,"ID_SUPP":"TRONROUT0000000000196932/TRONROUT0000000000196936/TRONROUT0000000000196941/TRONROUT0000000000196942","INSEEDBAN":null,"COMDEL_BAN":null,"DATE_CREAT":"2023-12-08T13:42:59","DATE_MAJ":"2024-03-12T16:10:18","NOM_NORMA":"R CUJAS","ID_BAN_ODO":null,"Nom_a_verifier":false,"other_tags":"\"wikipedia\"=>\"fr:Rue_Cujas_(Paris)\""},"geometry":{"type":"MultiLineString","coordinates":[[[2.345342763690089,48.846947134713517],[2.345261794887562,48.84699255896809],[2.34499484703414,48.84709002731649],[2.344890804099697,48.847128130111422],[2.344592865826093,48.847197547716505],[2.343658734620845,48.847360606940789]],[[2.341462831956477,48.848379205780837],[2.341475163748274,48.848373877504272],[2.342438862676042,48.847813481158234]],[[2.343193456943759,48.847516340786179],[2.343508441151609,48.847392159277959],[2.343658734620845,48.847360606940789]],[[2.342438862676042,48.847813481158234],[2.343193456943759,48.847516340786179]]]}},
{"type":"Feature","properties":{"ID":"VOIE_NOM0000002338740804","ID_BAN":"75105_6448","name":"Rue de la Montagne Sainte-Geneviève","INSEE_COM":"75105","NOM_COM":"Paris 5e Arrondissement","SRC_BAN":"commune","NOM_COLL":"R DE LA MONTAGNE SAINTE-GENEVIEVE","TYPE_VOIE":"rue","MOT_DIR":"Geneviève","LD_BAN":null,"ID_SUPP":"TRONROUT0000000000196118/TRONROUT0000000000196119/TRONROUT0000000000196120/TRONROUT0000000000196125/TRONROUT0000000000196138/TRONROUT0000000000196908/TRONROUT0000000000196911/TRONROUT0000000000196912/TRONROUT0000000000196919/TRONROUT0000000000197855","INSEEDBAN":null,"COMDEL_BAN":null,"DATE_CREAT":"2023-12-08T13:42:59","DATE_MAJ":"2024-03-12T16:10:18","NOM_NORMA":"R DE LA MONTAGNE SAINTE-GENEVIEVE","ID_BAN_ODO":null,"Nom_a_verifier":false,"other_tags":"\"wikipedia\"=>\"fr:Rue_de_la_Montagne-Sainte-Genevi%C3%A8ve\""},"geometry":{"type":"MultiLineString","coordinates":[[[2.347569139248756,48.846748846511368],[2.347685927253846,48.846780960926566],[2.347833829728815,48.846831232029402]],[[2.347833829728815,48.846831232029402],[2.34790558528355,48.846868496895659],[2.347950044224775,48.846909210386649],[2.347994278208449,48.846967909820421],[2.348088951938938,48.847133907841538],[2.348134751344328,48.847176427274661]],[[2.348134751344328,48.847176427274661],[2.34819973961362,48.847210057640282],[2.348341451224998,48.847319652056434],[2.348381958036613,48.84734955153175]],[[2.348381958036613,48.84734955153175],[2.348462971799281,48.847409350438852],[2.348513806178596,48.847485173412025],[2.348514865232174,48.847509461868576]],[[2.348912927142267,48.849569359895192],[2.348709180766973,48.849516088250887],[2.348574001091093,48.84921047017329]],[[2.348912927142267,48.849569359895192],[2.348772273067831,48.849265510987287],[2.348757800927653,48.849224061771764]],[[2.348991200437206,48.849739764308815],[2.348912927142267,48.849569359895192]],[[2.349111264017123,48.849837548085681],[2.348991200437206,48.849739764308815]],[[2.348514865232174,48.847509461868576],[2.348529082710947,48.847789239858429],[2.348516284119028,48.848049984140879],[2.348520001074306,48.848624694267308]],[[2.348757800927653,48.849224061771764],[2.348654504490907,48.848984270355992],[2.348597799529481,48.848832869539713],[2.348520001074306,48.848624694267308]]]}},
{"type":"Feature","properties":{"ID":"VOIE_NOM0000002338740867","ID_BAN":"75105_8619","name":"Boulevard Saint-Germain","INSEE_COM":"75105","NOM_COM":"Paris 5e Arrondissement","SRC_BAN":"commune","NOM_COLL":"BD SAINT-GERMAIN","TYPE_VOIE":"boulevard","MOT_DIR":"Germain","LD_BAN":null,"ID_SUPP":"TRONROUT0000000000195299/TRONROUT0000000000195302/TRONROUT0000000000195311/TRONROUT0000000000195323/TRONROUT0000000000195326/TRONROUT0000000000196088/TRONROUT0000000000196089/TRONROUT0000000000196090/TRONROUT0000000000196105/TRONROUT0000000000196106/TRON","INSEEDBAN":null,"COMDEL_BAN":null,"DATE_CREAT":"2023-12-08T13:42:59","DATE_MAJ":"2024-03-12T16:10:18","NOM_NORMA":"BD SAINT-GERMAIN","ID_BAN_ODO":null,"Nom_a_verifier":false,"other_tags":"nan"},"geometry":{"type":"MultiLineString","coordinates":[[[2.356039827496007,48.849370500848472],[2.356364138439385,48.849372245941474],[2.356577996935604,48.849379691713303],[2.356790270839716,48.849405115715065]],[[2.354414556248322,48.849441784895504],[2.356039827496007,48.849370500848472]],[[2.352858909937404,48.849502631213731],[2.354414556248322,48.849441784895504]],[[2.34803541608427,48.849997172164286],[2.348501490698324,48.849887291339137],[2.348527932199442,48.849843366825311],[2.348991200437206,48.849739764308815]],[[2.348416739804925,48.850126058744458],[2.348992277508322,48.849980797823946]],[[2.350364822689208,48.849633012186203],[2.349440702699722,48.849865421174975]],[[2.349440702699722,48.849865421174975],[2.348992277508322,48.849980797823946]],[[2.351762720981796,48.849546161696665],[2.352858909937404,48.849502631213731]],[[2.351762720981796,48.849546161696665],[2.350913372555953,48.849574833110125],[2.35053568160155,48.849591669996705],[2.350364822689208,48.849633012186203]],[[2.346453720783204,48.850611797130377],[2.345582914115993,48.850828279090884]],[[2.344965114118378,48.85097329223931],[2.345582914115993,48.850828279090884]],[[2.343188254207418,48.851388946897181],[2.343517662385984,48.85131161137425]],[[2.344965114118378,48.85097329223931],[2.344469020438052,48.851084793523519]],[[2.343517662385984,48.85131161137425],[2.343978284850183,48.851203516979773],[2.344469020438052,48.851084793523519]],[[2.34755418175922,48.850338103194957],[2.347297176571514,48.85040235448016]],[[2.347297176571514,48.85040235448016],[2.346453720783204,48.850611797130377]],[[2.348126965116895,48.850195529488985],[2.348416739804925,48.850126058744458]],[[2.348126965116895,48.850195529488985],[2.34755418175922,48.850338103194957]]]}},
{"type":"Feature","properties":{"ID":"VOIE_NOM0000002338740900","ID_BAN":"75105_8790","name":"Impasse Salembrière","INSEE_COM":"75105","NOM_COM":"Paris 5e Arrondissement","SRC_BAN":"commune","NOM_COLL":"IMP SALEMBRIERE","TYPE_VOIE":"impasse","MOT_DIR":"Salembrière","LD_BAN":null,"ID_SUPP":"TRONROUT0000000000195297","INSEEDBAN":null,"COMDEL_BAN":null,"DATE_CREAT":"2023-12-08T13:42:59","DATE_MAJ":"2024-03-12T16:10:18","NOM_NORMA":"IMP SALEMBRIERE","ID_BAN_ODO":null,"Nom_a_verifier":false,"other_tags":"nan"},"geometry":{"type":"MultiLineString","coordinates":[[[2.346160651203726,48.852572590274548],[2.346142058172221,48.852533816405909],[2.346127722633632,48.85248157547327],[2.346105199461315,48.852430189146411],[2.345999993094212,48.852234454069887]]]}},
{"type":"Feature","properties":{"ID":"VOIE_NOM0000002338740927","ID_BAN":"75105_8701","name":"Rue Saint-Médard","INSEE_COM":"75105","NOM_COM":"Paris 5e Arrondissement","SRC_BAN":"commune","NOM_COLL":"R SAINT-MEDARD","TYPE_VOIE":"rue","MOT_DIR":"Médard","LD_BAN":null,"ID_SUPP":"TRONROUT0000000000198671/TRONROUT0000000000198675","INSEEDBAN":null,"COMDEL_BAN":null,"DATE_CREAT":"2023-12-08T13:42:59","DATE_MAJ":"2024-03-12T16:10:18","NOM_NORMA":"R SAINT-MEDARD","ID_BAN_ODO":null,"Nom_a_verifier":false,"other_tags":"\"wikipedia\"=>\"fr:Rue_Saint-M%C3%A9dard\""},"geometry":{"type":"MultiLineString","coordinates":[[[2.351477853191624,48.843527903747407],[2.351318317852119,48.843536931772171],[2.350851772364219,48.843580268528498]],[[2.350851772364219,48.843580268528498],[2.350413872225566,48.843621060928186],[2.350180380174188,48.843660264136574],[2.349789661517983,48.843741781810664],[2.349636769412319,48.843764334129894],[2.349556314364522,48.843769292886712],[2.349405199955327,48.843758578189558]]]}},
{"type":"Feature","properties":{"ID":"VOIE_NOM0000002338741034","ID_BAN":"75105_2187","name":"Rue de la Collégiale","INSEE_COM":"75105","NOM_COM":"Paris 5e Arrondissement","SRC_BAN":"commune","NOM_COLL":"R DE LA COLLEGIALE","TYPE_VOIE":"rue","MOT_DIR":"Collégiale","LD_BAN":null,"ID_SUPP":"TRONROUT0000000000201116/TRONROUT0000000000201122/TRONROUT0000000000201942","INSEEDBAN":null,"COMDEL_BAN":null,"DATE_CREAT":"2023-12-08T13:42:59","DATE_MAJ":"2024-03-12T16:10:18","NOM_NORMA":"R DE LA COLLEGIALE","ID_BAN_ODO":null,"Nom_a_verifier":false,"other_tags":"\"wikipedia\"=>\"fr:Rue_de_la_Coll%C3%A9giale_(Paris)\""},"geometry":{"type":"MultiLineString","coordinates":[[[2.351570103068359,48.838632267483938],[2.351869518954204,48.83822018188544]],[[2.352687338397699,48.837095006110196],[2.352286562453687,48.83766123632428],[2.35215216835517,48.837841281158681]],[[2.351869518954204,48.83822018188544],[2.35215216835517,48.837841281158681]]]}},
{"type":"Feature","properties":{"ID":"VOIE_NOM0000002338741040","ID_BAN":"75105_6003","name":"Place Marcelin Berthelot","INSEE_COM":"75105","NOM_COM":"Paris 5e Arrondissement","SRC_BAN":"commune","NOM_COLL":"PL MARCELLIN BERTHELOT","TYPE_VOIE":"place","MOT_DIR":"Berthelot","LD_BAN":null,"ID_SUPP":"TRONROUT0000000000196177/TRONROUT0000002202525587/TRONROUT0000002322396276","INSEEDBAN":null,"COMDEL_BAN":null,"DATE_CREAT":"2023-12-08T13:42:59","DATE_MAJ":"2024-03-12T16:10:18","NOM_NORMA":"PL MARCELIN BERTHELOT","ID_BAN_ODO":null,"Nom_a_verifier":false,"other_tags":"nan"},"geometry":{"type":"MultiLineString","coordinates":[[[2.345567297934602,48.849141899035772],[2.344749881617914,48.84934067997402]],[[2.346343023507577,48.848681171563797],[2.34616481548181,48.848982382101994],[2.346145569274473,48.848995767290923]],[[2.346145569274473,48.848995767290923],[2.346126368193367,48.849005555291768],[2.345567297934602,48.849141899035772]]]}},
{"type":"Feature","properties":{"ID":"VOIE_NOM0000002338741048","ID_BAN":"75105_5696","name":"Rue Linné","INSEE_COM":"75105","NOM_COM":"Paris 5e Arrondissement","SRC_BAN":"commune","NOM_COLL":"R LINNE","TYPE_VOIE":"rue","MOT_DIR":"Linné","LD_BAN":null,"ID_SUPP":"TRONROUT0000000000197831/TRONROUT0000000000197832/TRONROUT0000000000197833/TRONROUT0000000000198650/TRONROUT0000000000198659/TRONROUT0000000000198662","INSEEDBAN":null,"COMDEL_BAN":null,"DATE_CREAT":"2023-12-08T13:42:59","DATE_MAJ":"2024-03-12T16:10:18","NOM_NORMA":"R LINNE","ID_BAN_ODO":null,"Nom_a_verifier":false,"other_tags":"\"wikipedia\"=>\"fr:Rue_Linn%C3%A9_(Paris)\""},"geometry":{"type":"MultiLineString","coordinates":[[[2.354921400212138,48.843835216806987],[2.354959378839824,48.843739189935121],[2.355006649983132,48.843662999095095]],[[2.354921400212138,48.843835216806987],[2.354876925007924,48.844015748571543],[2.354735119068353,48.844793830229477]],[[2.354533764917444,48.846088721737011],[2.354483594689932,48.846398730014727],[2.354471468764723,48.846497594095318],[2.354465517180827,48.846538033142046],[2.354445906390378,48.846581096561223]],[[2.354600092070072,48.845684367746578],[2.354533764917444,48.846088721737011]],[[2.354735119068353,48.844793830229477],[2.354679478856993,48.845105608153425]],[[2.354679478856993,48.845105608153425],[2.354600092070072,48.845684367746578]]]}},
{"type":"Feature","properties":{"ID":"VOIE_NOM0000002338741284","ID_BAN":"75105_8329","name":"Rue Rollin","INSEE_COM":"75105","NOM_COM":"Paris 5e Arrondissement","SRC_BAN":"commune","NOM_COLL":"R ROLLIN","TYPE_VOIE":"rue","MOT_DIR":"Rollin","LD_BAN":null,"ID_SUPP":"TRONROUT0000000000198674/TRONROUT0000000000198677/TRONROUT0000002009790375","INSEEDBAN":null,"COMDEL_BAN":null,"DATE_CREAT":"2023-12-08T13:42:59","DATE_MAJ":"2024-03-12T16:10:18","NOM_NORMA":"R ROLLIN","ID_BAN_ODO":null,"Nom_a_verifier":false,"other_tags":"\"wikipedia\"=>\"fr:Rue_Rollin\""},"geometry":{"type":"MultiLineString","coordinates":[[[2.34970633823272,48.844850241446565],[2.34993704360596,48.844816420197532],[2.350016485398948,48.844783575487369],[2.350082077501342,48.844768642703961],[2.350492546433873,48.844742991717446],[2.350835022955557,48.844706178066012],[2.351058813539601,48.844680411383138],[2.351300451079116,48.844643948726159],[2.35156938355338,48.844604036084228],[2.352022513626492,48.8445444353639]],[[2.352111234219204,48.844532324822893],[2.352403373085163,48.844488938540394]],[[2.352022513626492,48.8445444353639],[2.352111234219204,48.844532324822893]]]}},
{"type":"Feature","properties":{"ID":"VOIE_NOM0000002338741313","ID_BAN":"75105_8708","name":"Place Saint-Michel","INSEE_COM":"75105","NOM_COM":"Paris 5e Arrondissement","SRC_BAN":"commune","NOM_COLL":"PL SAINT-MICHEL","TYPE_VOIE":"place","MOT_DIR":"Michel","LD_BAN":null,"ID_SUPP":"TRONROUT0000000000194486/TRONROUT0000000000194494","INSEEDBAN":null,"COMDEL_BAN":null,"DATE_CREAT":"2023-12-08T13:42:59","DATE_MAJ":"2024-03-12T16:10:18","NOM_NORMA":"PL SAINT-MICHEL","ID_BAN_ODO":null,"Nom_a_verifier":false,"other_tags":"\"wikipedia\"=>\"fr:Place_Saint-Michel_(ancienne_voie_de_Paris)\""},"geometry":{"type":"MultiLineString","coordinates":[[[2.343978902255196,48.85310295926395],[2.344132804064962,48.853435664814867]],[[2.344281403902505,48.853756649397681],[2.344132804064962,48.853435664814867]]]}},
{"type":"Feature","properties":{"ID":"VOIE_NOM0000002338741320","ID_BAN":"75105_8710","name":"Quai Saint-Michel","INSEE_COM":"75105","NOM_COM":"Paris 5e Arrondissement","SRC_BAN":"commune","NOM_COLL":"QU SAINT-MICHEL","TYPE_VOIE":"quai","MOT_DIR":"Michel","LD_BAN":null,"ID_SUPP":"TRONROUT0000000000194484/TRONROUT0000000000194497/TRONROUT0000000000194498","INSEEDBAN":null,"COMDEL_BAN":null,"DATE_CREAT":"2023-12-08T13:42:59","DATE_MAJ":"2024-03-12T16:10:18","NOM_NORMA":"QU SAINT-MICHEL","ID_BAN_ODO":null,"Nom_a_verifier":false,"other_tags":"nan"},"geometry":{"type":"MultiLineString","coordinates":[[[2.345915472498982,48.853322211429933],[2.344765462124716,48.853628894734811],[2.344281403902505,48.853756649397681]],[[2.346812831680258,48.853056407768719],[2.34670724629196,48.853107993894227],[2.346242298744689,48.853234062128273]],[[2.346242298744689,48.853234062128273],[2.345915472498982,48.853322211429933]]]}},
{"type":"Feature","properties":{"ID":"VOIE_NOM0000002338741334","ID_BAN":"75105_7911","name":"Rue de Quatrefages","INSEE_COM":"75105","NOM_COM":"Paris 5e Arrondissement","SRC_BAN":"commune","NOM_COLL":"R DE QUATREFAGES","TYPE_VOIE":"rue","MOT_DIR":"Quatrefages","LD_BAN":null,"ID_SUPP":"TRONROUT0000000000199394","INSEEDBAN":null,"COMDEL_BAN":null,"DATE_CREAT":"2023-12-08T13:42:59","DATE_MAJ":"2024-03-12T16:10:18","NOM_NORMA":"R DE QUATREFAGES","ID_BAN_ODO":null,"Nom_a_verifier":false,"other_tags":"\"wikipedia\"=>\"fr:Rue_de_Quatrefages\""},"geometry":{"type":"MultiLineString","coordinates":[[[2.354198575162478,48.843667633216477],[2.354342936043543,48.843013677127061],[2.354488032023899,48.842410088762875]]]}},
{"type":"Feature","properties":{"ID":"VOIE_NOM0000002338741340","ID_BAN":"75105_3747","name":"Rue des Fossés Saint-Bernard","INSEE_COM":"75105","NOM_COM":"Paris 5e Arrondissement","SRC_BAN":"commune","NOM_COLL":"R DES FOSSES SAINT-BERNARD","TYPE_VOIE":"rue","MOT_DIR":"Bernard","LD_BAN":null,"ID_SUPP":"TRONROUT0000000000196083/TRONROUT0000000000196084/TRONROUT0000000000196888","INSEEDBAN":null,"COMDEL_BAN":null,"DATE_CREAT":"2023-12-08T13:42:59","DATE_MAJ":"2024-03-12T16:10:18","NOM_NORMA":"R DES FOSSES SAINT-BERNARD","ID_BAN_ODO":null,"Nom_a_verifier":false,"other_tags":"\"wikipedia\"=>\"fr:Rue_des_Foss%C3%A9s-Saint-Bernard\""},"geometry":{"type":"MultiLineString","coordinates":[[[2.355631403419474,48.849007659804045],[2.35597041449557,48.84925321085553],[2.356013385761174,48.84930470549056],[2.356039827496007,48.849370500848472]],[[2.355339542637769,48.848806430287766],[2.354577130767597,48.848308572593012],[2.353500872755091,48.847626444508343],[2.353105939214732,48.847386879129829]],[[2.355631403419474,48.849007659804045],[2.355339542637769,48.848806430287766]]]}},
{"type":"Feature","properties":{"ID":"VOIE_NOM0000002338741348","ID_BAN":"75105_2069","name":"Rue Claude Bernard","INSEE_COM":"75105","NOM_COM":"Paris 5e Arrondissement","SRC_BAN":"commune","NOM_COLL":"R CLAUDE BERNARD","TYPE_VOIE":"rue","MOT_DIR":"Bernard","LD_BAN":null,"ID_SUPP":"TRONROUT0000000000200316/TRONROUT0000000000200319/TRONROUT0000000000200320/TRONROUT0000000000201114/TRONROUT0000000000201130/TRONROUT0000000000201131/TRONROUT0000000330645502/TRONROUT0000000330645503/TRONROUT0000000330645504","INSEEDBAN":null,"COMDEL_BAN":null,"DATE_CREAT":"2023-12-08T13:42:59","DATE_MAJ":"2024-03-12T16:10:18","NOM_NORMA":"R CLAUDE BERNARD","ID_BAN_ODO":null,"Nom_a_verifier":false,"other_tags":"\"wikipedia\"=>\"fr:Rue_Claude-Bernard\""},"geometry":{"type":"MultiLineString","coordinates":[[[2.350156855068902,48.838662371551621],[2.35023516040328,48.838610633709699],[2.350451378503921,48.838534462538959],[2.350596394448239,48.838486684152997],[2.350696015187118,48.838473734460081]],[[2.350696015187118,48.838473734460081],[2.350424748870871,48.838703398712482]],[[2.350424748870871,48.838703398712482],[2.350156855068902,48.838662371551621]],[[2.345185292261782,48.840609366957651],[2.343601021437416,48.841232038192373]],[[2.345999825576988,48.840303542065143],[2.347238992415804,48.839816559035455]],[[2.345999825576988,48.840303542065143],[2.345185292261782,48.840609366957651]],[[2.347238992415804,48.839816559035455],[2.348449469754534,48.839333903647635],[2.349235466294861,48.839018907491919]],[[2.349814478843176,48.838803510225986],[2.350156855068902,48.838662371551621]],[[2.349235466294861,48.839018907491919],[2.349814478843176,48.838803510225986]]]}},
{"type":"Feature","properties":{"ID":"VOIE_NOM0000002338741349","ID_BAN":"75105_5949","name":"Rue Malebranche","INSEE_COM":"75105","NOM_COM":"Paris 5e Arrondissement","SRC_BAN":"commune","NOM_COLL":"R MALEBRANCHE","TYPE_VOIE":"rue","MOT_DIR":"Malebranche","LD_BAN":null,"ID_SUPP":"TRONROUT0000000000197877/TRONROUT0000000000197882/TRONROUT0000002003958489/TRONROUT0000002003958490","INSEEDBAN":null,"COMDEL_BAN":null,"DATE_CREAT":"2023-12-08T13:42:59","DATE_MAJ":"2024-03-12T16:10:18","NOM_NORMA":"R MALEBRANCHE","ID_BAN_ODO":null,"Nom_a_verifier":false,"other_tags":"\"wikipedia\"=>\"fr:Rue_Malebranche\""},"geometry":{"type":"MultiLineString","coordinates":[[[2.342952432262412,48.846097626060022],[2.34275569163901,48.846246738593678],[2.342659132221949,48.846339741571462],[2.34262602216744,48.846371936617714]],[[2.34262602216744,48.846371936617714],[2.342597067852735,48.84639875832795],[2.34254362124708,48.846422747357025]],[[2.34262602216744,48.846371936617714],[2.342559392345371,48.846360778162044],[2.342511577578672,48.846370408360414],[2.342071297149261,48.846489401552979]],[[2.34254362124708,48.846422747357025],[2.341609860287623,48.846664936391342]]]}},
{"type":"Feature","properties":{"ID":"VOIE_NOM0000002338741364","ID_BAN":"75105_9041","name":"Rue Soufflot","INSEE_COM":"75105","NOM_COM":"Paris 5e Arrondissement","SRC_BAN":"commune","NOM_COLL":"R SOUFFLOT","TYPE_VOIE":"rue","MOT_DIR":"Soufflot","LD_BAN":null,"ID_SUPP":"TRONROUT0000000000196944/TRONROUT0000000000196946/TRONROUT0000000000196952/TRONROUT0000000000197881","INSEEDBAN":null,"COMDEL_BAN":null,"DATE_CREAT":"2023-12-08T13:42:59","DATE_MAJ":"2024-03-12T16:10:18","NOM_NORMA":"R SOUFFLOT","ID_BAN_ODO":null,"Nom_a_verifier":false,"other_tags":"\"wikipedia\"=>\"fr:Rue_Soufflot_(Paris)\""},"geometry":{"type":"MultiLineString","coordinates":[[[2.344477059865922,48.846545776786407],[2.343345606701597,48.846796788902026]],[[2.341950515834955,48.847097604034687],[2.341689522827913,48.847154626599064],[2.341200373778054,48.847258058526251],[2.340950291280324,48.847314240197719],[2.340839602584555,48.847338812475641]],[[2.343345606701597,48.846796788902026],[2.342812736844831,48.846909880400226]],[[2.341950515834955,48.847097604034687],[2.342432882997393,48.846991433687641],[2.342812736844831,48.846909880400226]]]}},
{"type":"Feature","properties":{"ID":"VOIE_NOM0000002338741376","ID_BAN":"75105_9380","name":"Quai de la Tournelle","INSEE_COM":"75105","NOM_COM":"Paris 5e Arrondissement","SRC_BAN":"commune","NOM_COLL":"QU DE LA TOURNELLE","TYPE_VOIE":"quai","MOT_DIR":"Tournelle","LD_BAN":null,"ID_SUPP":"TRONROUT0000000000195253/TRONROUT0000000000195257/TRONROUT0000000000195259/TRONROUT0000000000195262/TRONROUT0000000000196085/TRONROUT0000000000196091/TRONROUT0000000000196093/TRONROUT0000000000196098/TRONROUT0000000353682371/TRONROUT0000002322200384","INSEEDBAN":null,"COMDEL_BAN":null,"DATE_CREAT":"2023-12-08T13:42:59","DATE_MAJ":"2024-03-12T16:10:18","NOM_NORMA":"QU DE LA TOURNELLE","ID_BAN_ODO":null,"Nom_a_verifier":false,"other_tags":"nan"},"geometry":{"type":"MultiLineString","coordinates":[[[2.356790270839716,48.849405115715065],[2.356442924472051,48.849503076452571]],[[2.356442924472051,48.849503076452571],[2.356120171294963,48.84959577239416]],[[2.356120171294963,48.84959577239416],[2.354879432163083,48.849977610795605]],[[2.354879432163083,48.849977610795605],[2.353520893365606,48.850406465729264]],[[2.352590563249266,48.850700021531289],[2.351289499910983,48.851106678143537]],[[2.350249331762567,48.851244930959389],[2.350410624761143,48.851424778511884]],[[2.351289499910983,48.851106678143537],[2.350858402317528,48.851252733730213]],[[2.350858402317528,48.851252733730213],[2.350410624761143,48.851424778511884]],[[2.353520893365606,48.850406465729264],[2.353054366936155,48.85055323717603]],[[2.353054366936155,48.85055323717603],[2.352590563249266,48.850700021531289]]]}},
{"type":"Feature","properties":{"ID":"VOIE_NOM0000002338741418","ID_BAN":"75105_7467","name":"Rue Pierre Nicole","INSEE_COM":"75105","NOM_COM":"Paris 5e Arrondissement","SRC_BAN":"commune","NOM_COLL":"R PIERRE NICOLE","TYPE_VOIE":"rue","MOT_DIR":"Nicole","LD_BAN":null,"ID_SUPP":"TRONROUT0000000000200333/TRONROUT0000000000200337/TRONROUT0000000000201190","INSEEDBAN":null,"COMDEL_BAN":null,"DATE_CREAT":"2023-12-08T13:42:59","DATE_MAJ":"2024-03-12T16:10:18","NOM_NORMA":"R PIERRE NICOLE","ID_BAN_ODO":null,"Nom_a_verifier":false,"other_tags":"\"wikipedia\"=>\"fr:Rue_Pierre-Nicole\""},"geometry":{"type":"MultiLineString","coordinates":[[[2.340723507485584,48.842297250053491],[2.3406963378422,48.842290804769519],[2.340666636683733,48.842269056341671],[2.340545778727749,48.842128988759669],[2.340283096512247,48.841783083953317],[2.33982344235034,48.84117527581607]],[[2.338616891425346,48.839620803006795],[2.33841478856681,48.83933458629496],[2.338347730964168,48.839250574319792]],[[2.33982344235034,48.84117527581607],[2.338616891425346,48.839620803006795]]]}},
{"type":"Feature","properties":{"ID":"VOIE_NOM0000002338741442","ID_BAN":"75105_0346","name":"Rue des Anglais","INSEE_COM":"75105","NOM_COM":"Paris 5e Arrondissement","SRC_BAN":"commune","NOM_COLL":"R DES ANGLAIS","TYPE_VOIE":"rue","MOT_DIR":"Anglais","LD_BAN":null,"ID_SUPP":"TRONROUT0000000000195263/TRONROUT0000000000196142/TRONROUT0000002341438955","INSEEDBAN":null,"COMDEL_BAN":null,"DATE_CREAT":"2023-12-08T13:42:59","DATE_MAJ":"2024-03-12T16:10:18","NOM_NORMA":"R DES ANGLAIS","ID_BAN_ODO":null,"Nom_a_verifier":false,"other_tags":"\"wikipedia\"=>\"fr:Rue_des_Anglais\""},"geometry":{"type":"MultiLineString","coordinates":[[[2.348033479644113,48.851023327361894],[2.348042950987225,48.851028775107473],[2.348093291882495,48.851035344893859],[2.348146414425634,48.851037433033383],[2.348209042082031,48.851042270997397]],[[2.347535318892494,48.850647378984213],[2.3475301046232,48.850628464064499],[2.347297176571514,48.85040235448016]],[[2.347535318892494,48.850647378984213],[2.347590738537908,48.850683655443255],[2.348003714186094,48.851006077400065],[2.348033479644113,48.851023327361894]]]}},
{"type":"Feature","properties":{"ID":"VOIE_NOM0000002338741468","ID_BAN":"75105_4787","name":"Rue Jacques-Henri Lartigue","INSEE_COM":"75105","NOM_COM":"Paris 5e Arrondissement","SRC_BAN":"commune","NOM_COLL":"R JACQUES-HENRI LARTIGUE","TYPE_VOIE":"rue","MOT_DIR":"Lartigue","LD_BAN":null,"ID_SUPP":"TRONROUT0000000000197835/TRONROUT0000000000197839/TRONROUT0000000353682367","INSEEDBAN":null,"COMDEL_BAN":null,"DATE_CREAT":"2023-12-08T13:42:59","DATE_MAJ":"2024-03-12T16:10:18","NOM_NORMA":"R JACQUES-HENRI LARTIGUE","ID_BAN_ODO":null,"Nom_a_verifier":false,"other_tags":"\"wikipedia\"=>\"fr:Rue_Jacques-Henri-Lartigue\""},"geometry":{"type":"MultiLineString","coordinates":[[[2.351234026568302,48.847133916136549],[2.3510179045496,48.846980752307744],[2.350904432877506,48.846900993124216]],[[2.351203471536972,48.846304541213904],[2.350924696883887,48.846477504834127],[2.350600619081151,48.846677202669703]],[[2.350904432877506,48.846900993124216],[2.350786929817667,48.846816715153309],[2.350708325748148,48.84678211293442],[2.350640801726269,48.84673318105331],[2.350600619081151,48.846677202669703]]]}},
{"type":"Feature","properties":{"ID":"VOIE_NOM0000002338741483","ID_BAN":"75105_1001","name":"Rue Blainville","INSEE_COM":"75105","NOM_COM":"Paris 5e Arrondissement","SRC_BAN":"commune","NOM_COLL":"R BLAINVILLE","TYPE_VOIE":"rue","MOT_DIR":"Blainville","LD_BAN":null,"ID_SUPP":"TRONROUT0000000000198684","INSEEDBAN":null,"COMDEL_BAN":null,"DATE_CREAT":"2023-12-08T13:42:59","DATE_MAJ":"2024-03-12T16:10:18","NOM_NORMA":"R BLAINVILLE","ID_BAN_ODO":null,"Nom_a_verifier":false,"other_tags":"\"wikipedia\"=>\"fr:Rue_Blainville\""},"geometry":{"type":"MultiLineString","coordinates":[[[2.349245824803476,48.844518571187649],[2.348750169819902,48.844491591242409],[2.348072533679408,48.844415951534998]]]}},
{"type":"Feature","properties":{"ID":"VOIE_NOM0000002338741529","ID_BAN":"75105_3098","name":"Rue des Ecoles","INSEE_COM":"75105","NOM_COM":"Paris 5e Arrondissement","SRC_BAN":"commune","NOM_COLL":"R DES ECOLES","TYPE_VOIE":"rue","MOT_DIR":"Ecoles","LD_BAN":null,"ID_SUPP":"TRONROUT0000000000196112/TRONROUT0000000000196155/TRONROUT0000000000196158/TRONROUT0000000000196160/TRONROUT0000000000196162/TRONROUT0000000000196167/TRONROUT0000000000196188/TRONROUT0000000000196190/TRONROUT0000000000196191/TRONROUT0000000000196890/TRON","INSEEDBAN":null,"COMDEL_BAN":null,"DATE_CREAT":"2023-12-08T13:42:59","DATE_MAJ":"2024-03-12T16:10:18","NOM_NORMA":"R DES ECOLES","ID_BAN_ODO":null,"Nom_a_verifier":false,"other_tags":"\"wikipedia\"=>\"fr:Rue_des_%C3%89coles_(Paris)\""},"geometry":{"type":"MultiLineString","coordinates":[[[2.352704229367925,48.84747374289757],[2.352834413540318,48.847415089509205]],[[2.351997170434525,48.847678566527847],[2.352574145454497,48.847524302459128],[2.352704229367925,48.84747374289757]],[[2.351574704052824,48.847790496112339],[2.351997170434525,48.847678566527847]],[[2.348520001074306,48.848624694267308],[2.348012743755362,48.848759532833235]],[[2.348012743755362,48.848759532833235],[2.34747130527066,48.848903176407326]],[[2.34965634247919,48.848310705054573],[2.349406095638092,48.848380393803197]],[[2.349406095638092,48.848380393803197],[2.348520001074306,48.848624694267308]],[[2.350519228279287,48.848068968250367],[2.351127641657348,48.847907686959545],[2.351574704052824,48.847790496112339]],[[2.350519228279287,48.848068968250367],[2.34965634247919,48.848310705054573]],[[2.344245890061878,48.84975612002016],[2.34488577406675,48.849587848122091]],[[2.343653661173407,48.849927347998943],[2.3438124549205,48.84987066012409],[2.344245890061878,48.84975612002016]],[[2.343122238336254,48.850139377969413],[2.343653661173407,48.849927347998943]],[[2.342631736794723,48.850348032972988],[2.342833331519579,48.850247513056118],[2.343122238336254,48.850139377969413]],[[2.346283145968342,48.849217761086386],[2.345703419570289,48.84937108038217]],[[2.345703419570289,48.84937108038217],[2.34488577406675,48.849587848122091]],[[2.34747130527066,48.848903176407326],[2.346648201339913,48.84912172514764]],[[2.346648201339913,48.84912172514764],[2.346283145968342,48.849217761086386]]]}},
{"type":"Feature","properties":{"ID":"VOIE_NOM0000002338741580","ID_BAN":"75105_2145","name":"Rue Clotilde","INSEE_COM":"75105","NOM_COM":"Paris 5e Arrondissement","SRC_BAN":"commune","NOM_COLL":"R CLOTILDE","TYPE_VOIE":"rue","MOT_DIR":"Clotilde","LD_BAN":null,"ID_SUPP":"TRONROUT0000000000197858/TRONROUT0000000000198685","INSEEDBAN":null,"COMDEL_BAN":null,"DATE_CREAT":"2023-12-08T13:42:59","DATE_MAJ":"2024-03-12T16:10:18","NOM_NORMA":"R CLOTILDE","ID_BAN_ODO":null,"Nom_a_verifier":false,"other_tags":"\"wikipedia\"=>\"fr:Rue_Clotilde\""},"geometry":{"type":"MultiLineString","coordinates":[[[2.346874934457875,48.845492250065398],[2.346819691180187,48.845333660976507],[2.346652702299132,48.84484979228381],[2.346634303320764,48.844795730128638]],[[2.347223461292693,48.846496039545187],[2.347178834821478,48.846359992702766],[2.347085922302627,48.846162525831936],[2.347042625235591,48.846029184230275],[2.346874934457875,48.845492250065398]]]}},
{"type":"Feature","properties":{"ID":"VOIE_NOM0000002338741634","ID_BAN":"75105_5648","name":"Rue Lhomond","INSEE_COM":"75105","NOM_COM":"Paris 5e Arrondissement","SRC_BAN":"commune","NOM_COLL":"R LHOMOND","TYPE_VOIE":"rue","MOT_DIR":"Lhomond","LD_BAN":null,"ID_SUPP":"TRONROUT0000000000198704/TRONROUT0000000000198706/TRONROUT0000000000198710/TRONROUT0000000000199437/TRONROUT0000000000199438/TRONROUT0000000000200310/TRONROUT0000000000200312/TRONROUT0000000000200314","INSEEDBAN":null,"COMDEL_BAN":null,"DATE_CREAT":"2023-12-08T13:42:59","DATE_MAJ":"2024-03-12T16:10:18","NOM_NORMA":"R LHOMOND","ID_BAN_ODO":null,"Nom_a_verifier":false,"other_tags":"\"wikipedia\"=>\"fr:Rue_Lhomond\""},"geometry":{"type":"MultiLineString","coordinates":[[[2.348885778682083,48.840399328767468],[2.348733567133492,48.840695290445247]],[[2.348733567133492,48.840695290445247],[2.348564543836842,48.841028034238256]],[[2.348244562476955,48.841664839636422],[2.3482865154656,48.841578729291889],[2.348564543836842,48.841028034238256]],[[2.344907684936156,48.845026417384453],[2.345166354948903,48.844719352603612],[2.345329471683235,48.844534077512499]],[[2.345743828274405,48.844090260887775],[2.345941037511447,48.843902473239247],[2.346139540133116,48.843720088483877],[2.346382216472843,48.843492077257878],[2.34656698959911,48.84331771099081]],[[2.345329471683235,48.844534077512499],[2.345743828274405,48.844090260887775]],[[2.347858664157528,48.841797641069576],[2.347892883942507,48.841894059507027],[2.347893852577138,48.841925542507596],[2.347882491595736,48.841962354476152],[2.347465501495487,48.84240166798255],[2.347425438187301,48.842445518232367],[2.34729127399838,48.842604872899692]],[[2.34656698959911,48.84331771099081],[2.346786443585763,48.843094068849815],[2.34729127399838,48.842604872899692]]]}},
{"type":"Feature","properties":{"ID":"VOIE_NOM0000002338741682","ID_BAN":"75105_9558","name":"Place Valhubert","INSEE_COM":"75105","NOM_COM":"Paris 5e Arrondissement","SRC_BAN":"commune","NOM_COLL":"PL VALHUBERT","TYPE_VOIE":"place","MOT_DIR":"Valhubert","LD_BAN":null,"ID_SUPP":"TRONROUT0000000000198551/TRONROUT0000000000198556/TRONROUT0000000000198557/TRONROUT0000000000198558/TRONROUT0000000000198559/TRONROUT0000000000198562/TRONROUT0000000000198563/TRONROUT0000000227749103/TRONROUT0000000227749104/TRONROUT0000000227749105/TRON","INSEEDBAN":null,"COMDEL_BAN":null,"DATE_CREAT":"2023-12-08T13:42:59","DATE_MAJ":"2024-03-12T16:10:18","NOM_NORMA":"PL VALHUBERT","ID_BAN_ODO":null,"Nom_a_verifier":false,"other_tags":"nan"},"geometry":{"type":"MultiLineString","coordinates":[[[2.364494961403806,48.843950311110298],[2.364490169325874,48.843896324037317],[2.364494859981421,48.843846884137719],[2.364502209846024,48.843802854524156],[2.364575573974609,48.843708811380218]],[[2.364575573974609,48.843708811380218],[2.364287934321703,48.843831394962628],[2.364220568076105,48.843880501783559],[2.364166771943937,48.843934177491548],[2.364108712604378,48.844002220276757],[2.364043588148342,48.84409091075721]],[[2.364494961403806,48.843950311110298],[2.36473145401136,48.843887712591425]],[[2.364550243609042,48.844445252793051],[2.364731919627351,48.844408444545046],[2.364860161136399,48.844395635061133],[2.364960856279178,48.844406961936173],[2.365088473245797,48.84444541240228]],[[2.364550243609042,48.844445252793051],[2.364244645637394,48.844587526737456]],[[2.363944750111392,48.844820665533675],[2.364244645637394,48.844587526737456]],[[2.364909774564517,48.844126090463753],[2.364769482672768,48.844233268818861]],[[2.364432137573482,48.84418560972459],[2.36445878208792,48.84412369542936],[2.364467527435306,48.844076975161478],[2.364477547549156,48.844037456544569],[2.364490457162226,48.843984462871909],[2.364494961403806,48.843950311110298]],[[2.364769482672768,48.844233268818861],[2.364623460017739,48.844139859284368],[2.364566870327785,48.844087395831252],[2.364525465769546,48.844018824528156],[2.364494961403806,48.843950311110298]],[[2.364043588148342,48.84409091075721],[2.364014448586703,48.844133925137278]],[[2.364043588148342,48.84409091075721],[2.364432137573482,48.84418560972459]],[[2.363944750111392,48.844820665533675],[2.363946253773075,48.844697461256075],[2.363923384105397,48.844450015717335],[2.36392442681887,48.844364582067421],[2.363941731951726,48.844286429756018],[2.363989363601605,48.84417965914497],[2.364014448586703,48.844133925137278]],[[2.364769482672768,48.844233268818861],[2.364432137573482,48.84418560972459]],[[2.365088473245797,48.84444541240228],[2.364769482672768,48.844233268818861]],[[2.364769482672768,48.844233268818861],[2.364740529981459,48.844260995240262],[2.364550243609042,48.844445252793051]],[[2.364244645637394,48.844587526737456],[2.364307758328582,48.844440367105399],[2.364351038562861,48.844355157884827],[2.364388934387743,48.844264523875331],[2.364432137573482,48.84418560972459]]]}},
{"type":"Feature","properties":{"ID":"VOIE_NOM0000002338741691","ID_BAN":"75105_9302","name":"Rue Thouin","INSEE_COM":"75105","NOM_COM":"Paris 5e Arrondissement","SRC_BAN":"commune","NOM_COLL":"R THOUIN","TYPE_VOIE":"rue","MOT_DIR":"Thouin","LD_BAN":null,"ID_SUPP":"TRONROUT0000000000197860/TRONROUT0000000000198693/TRONROUT0000000000198699/TRONROUT0000000000198702","INSEEDBAN":null,"COMDEL_BAN":null,"DATE_CREAT":"2023-12-08T13:42:59","DATE_MAJ":"2024-03-12T16:10:18","NOM_NORMA":"R THOUIN","ID_BAN_ODO":null,"Nom_a_verifier":false,"other_tags":"\"wikipedia\"=>\"fr:Rue_Thouin\""},"geometry":{"type":"MultiLineString","coordinates":[[[2.349863751407206,48.845120905227859],[2.349749096161026,48.84513647058624],[2.349716361552207,48.845138990740558],[2.349682320509876,48.845137006980977],[2.349168942790943,48.845001109824139]],[[2.348054013527348,48.844698250054449],[2.348072533679408,48.844415951534998]],[[2.348054013527348,48.844698250054449],[2.347562410986507,48.844565162650674]],[[2.349168942790943,48.845001109824139],[2.348054013527348,48.844698250054449]]]}},
{"type":"Feature","properties":{"ID":"VOIE_NOM0000002338741704","ID_BAN":"75105_8705","name":"Boulevard Saint-Michel","INSEE_COM":"75105","NOM_COM":"Paris 5e Arrondissement","SRC_BAN":"commune","NOM_COLL":"BD SAINT-MICHEL","TYPE_VOIE":"boulevard","MOT_DIR":"Michel","LD_BAN":null,"ID_SUPP":"TRONROUT0000000000195312/TRONROUT0000000000195319/TRONROUT0000000000195320/TRONROUT0000000000196180/TRONROUT0000000000196186/TRONROUT0000000000196187/TRONROUT0000000000196193/TRONROUT0000000000196933/TRONROUT0000000000196934/TRONROUT0000000000196940/TRON","INSEEDBAN":null,"COMDEL_BAN":null,"DATE_CREAT":"2023-12-08T13:42:59","DATE_MAJ":"2024-03-12T16:10:18","NOM_NORMA":"BD SAINT-MICHEL","ID_BAN_ODO":null,"Nom_a_verifier":false,"other_tags":"nan"},"geometry":{"type":"MultiLineString","coordinates":[[[2.337256165772474,48.840875082026251],[2.337466719261995,48.841246786781106]],[[2.337755934595522,48.841754730571793],[2.337466719261995,48.841246786781106]],[[2.338200140846679,48.842504560484798],[2.337755934595522,48.841754730571793]],[[2.340251950107481,48.846288718045393],[2.340169372384025,48.846138069398229],[2.339191001852218,48.844309663449259],[2.338983319797129,48.843924488312119]],[[2.341015905828192,48.847621283251932],[2.340839602584555,48.847338812475641]],[[2.341049288625368,48.847675428688866],[2.341015905828192,48.847621283251932]],[[2.341462831956477,48.848379205780837],[2.341298787266425,48.848096803374538],[2.34115603445565,48.847854989083523],[2.341049288625368,48.847675428688866]],[[2.338667503884313,48.843363339136076],[2.338200140846679,48.842504560484798]],[[2.338983319797129,48.843924488312119],[2.338667503884313,48.843363339136076]],[[2.342631736794723,48.850348032972988],[2.342776638851354,48.850636623251127]],[[2.343188254207418,48.851388946897181],[2.343132222365594,48.85129330753324],[2.343004396560866,48.851055175610988],[2.342776638851354,48.850636623251127]],[[2.343821016117944,48.852762137359065],[2.343978902255196,48.85310295926395]],[[2.343188254207418,48.851388946897181],[2.343291711593182,48.851614353812245],[2.343392546432881,48.851831651992832]],[[2.343392546432881,48.851831651992832],[2.343821016117944,48.852762137359065]],[[2.341731130191556,48.848823166697962],[2.341787156806109,48.848918806930307]],[[2.341787156806109,48.848918806930307],[2.342631736794723,48.850348032972988]],[[2.341462831956477,48.848379205780837],[2.341661727403766,48.8487076669402]],[[2.341661727403766,48.8487076669402],[2.341731130191556,48.848823166697962]]]}},
{"type":"Feature","properties":{"ID":"VOIE_NOM0000002338741725","ID_BAN":"75105_0052","name":"Square Adanson","INSEE_COM":"75105","NOM_COM":"Paris 5e Arrondissement","SRC_BAN":"commune","NOM_COLL":"SQ ADANSON","TYPE_VOIE":"square","MOT_DIR":"Adanson","LD_BAN":null,"ID_SUPP":"TRONROUT0000000000201112","INSEEDBAN":null,"COMDEL_BAN":null,"DATE_CREAT":"2023-12-08T13:42:59","DATE_MAJ":"2024-03-12T16:10:18","NOM_NORMA":"SQ ADANSON","ID_BAN_ODO":null,"Nom_a_verifier":false,"other_tags":"nan"},"geometry":{"type":"MultiLineString","coordinates":[[[2.35241745586911,48.839736781469703],[2.352402793522635,48.839710620514104],[2.352344769148673,48.839665338131127],[2.351651305212128,48.839333313318043],[2.351281555948301,48.839155932457984],[2.351230121199715,48.839128672547147],[2.351168981908944,48.839114850455921],[2.35109116937848,48.839127019482198],[2.350971022160694,48.839147053055846]]]}},
{"type":"Feature","properties":{"ID":"VOIE_NOM0000002338741792","ID_BAN":"75105_5386","name":"Rue de Latran","INSEE_COM":"75105","NOM_COM":"Paris 5e Arrondissement","SRC_BAN":"commune","NOM_COLL":"R DE LATRAN","TYPE_VOIE":"rue","MOT_DIR":"Latran","LD_BAN":null,"ID_SUPP":"TRONROUT0000000000196164","INSEEDBAN":null,"COMDEL_BAN":null,"DATE_CREAT":"2023-12-08T13:42:59","DATE_MAJ":"2024-03-12T16:10:18","NOM_NORMA":"R DE LATRAN","ID_BAN_ODO":null,"Nom_a_verifier":false,"other_tags":"\"wikipedia\"=>\"fr:Rue_de_Latran\""},"geometry":{"type":"MultiLineString","coordinates":[[[2.34595972082996,48.849796978442711],[2.346502287315752,48.849673133772889],[2.346886253579007,48.849590690781376],[2.346940793607108,48.849588290418247],[2.347018363545671,48.849596808009849]]]}},
{"type":"Feature","properties":{"ID":"VOIE_NOM0000002338741845","ID_BAN":"75105_0896","name":"Rue des Bernardins","INSEE_COM":"75105","NOM_COM":"Paris 5e Arrondissement","SRC_BAN":"commune","NOM_COLL":"R DES BERNARDINS","TYPE_VOIE":"rue","MOT_DIR":"Bernardins","LD_BAN":null,"ID_SUPP":"TRONROUT0000000000196102/TRONROUT0000000000196108/TRONROUT0000000000196898/TRONROUT0000000000196915","INSEEDBAN":null,"COMDEL_BAN":null,"DATE_CREAT":"2023-12-08T13:42:59","DATE_MAJ":"2024-03-12T16:10:18","NOM_NORMA":"R DES BERNARDINS","ID_BAN_ODO":null,"Nom_a_verifier":false,"other_tags":"\"wikipedia\"=>\"fr:Rue_des_Bernardins\""},"geometry":{"type":"MultiLineString","coordinates":[[[2.349406095638092,48.848380393803197],[2.349181423822076,48.848148036808105]],[[2.350364822689208,48.849633012186203],[2.350519741362481,48.849886572522813],[2.350685316382907,48.850159976268429],[2.35100315839052,48.850681528687772],[2.351210937129824,48.850958757820827],[2.351262906551495,48.851053471969209],[2.351289499910983,48.851106678143537]],[[2.349825797662918,48.848927686174363],[2.349406095638092,48.848380393803197]],[[2.349825797662918,48.848927686174363],[2.350296493249581,48.849539108029205],[2.350364822689208,48.849633012186203]]]}},
{"type":"Feature","properties":{"ID":"VOIE_NOM0000002338741876","ID_BAN":"75105_3368","name":"Rue de l'Essai","INSEE_COM":"75105","NOM_COM":"Paris 5e Arrondissement","SRC_BAN":"commune","NOM_COLL":"R DE L'ESSAI","TYPE_VOIE":"rue","MOT_DIR":"Essai","LD_BAN":null,"ID_SUPP":"TRONROUT0000000000201085","INSEEDBAN":null,"COMDEL_BAN":null,"DATE_CREAT":"2023-12-08T13:42:59","DATE_MAJ":"2024-03-12T16:10:18","NOM_NORMA":"R DE L'ESSAI","ID_BAN_ODO":null,"Nom_a_verifier":false,"other_tags":"\"wikipedia\"=>\"fr:Rue_de_l%27Essai\""},"geometry":{"type":"MultiLineString","coordinates":[[[2.358554060729463,48.83896581335128],[2.358414668684411,48.839332006585821],[2.358382437032158,48.839404682231674],[2.358136786857442,48.839990649232462]]]}},
{"type":"Feature","properties":{"ID":"VOIE_NOM0000002338741942","ID_BAN":"75105_6181","name":"Place Maubert","INSEE_COM":"75105","NOM_COM":"Paris 5e Arrondissement","SRC_BAN":"commune","NOM_COLL":"PL MAUBERT","TYPE_VOIE":"place","MOT_DIR":"Maubert","LD_BAN":null,"ID_SUPP":"TRONROUT0000000000196115/TRONROUT0000000000196141","INSEEDBAN":null,"COMDEL_BAN":null,"DATE_CREAT":"2023-12-08T13:42:59","DATE_MAJ":"2024-03-12T16:10:18","NOM_NORMA":"PL MAUBERT","ID_BAN_ODO":null,"Nom_a_verifier":false,"other_tags":"nan"},"geometry":{"type":"MultiLineString","coordinates":[[[2.348992277508322,48.849980797823946],[2.348828774667775,48.850196653050567],[2.348664053922537,48.850400809754582]],[[2.348416739804925,48.850126058744458],[2.348455076596206,48.850220699972617],[2.348494020673209,48.850266779229052],[2.348545262617807,48.850310227361057],[2.348664053922537,48.850400809754582]]]}},
{"type":"Feature","properties":{"ID":"VOIE_NOM0000002338741948","ID_BAN":"75105_9533","name":"Rue des Ursulines","INSEE_COM":"75105","NOM_COM":"Paris 5e Arrondissement","SRC_BAN":"commune","NOM_COLL":"R DES URSULINES","TYPE_VOIE":"rue","MOT_DIR":"Ursulines","LD_BAN":null,"ID_SUPP":"TRONROUT0000000000199450","INSEEDBAN":null,"COMDEL_BAN":null,"DATE_CREAT":"2023-12-08T13:42:59","DATE_MAJ":"2024-03-12T16:10:18","NOM_NORMA":"R DES URSULINES","ID_BAN_ODO":null,"Nom_a_verifier":false,"other_tags":"\"wikipedia\"=>\"fr:Rue_des_Ursulines_(Paris)\""},"geometry":{"type":"MultiLineString","coordinates":[[[2.342920338380799,48.842590837568586],[2.341347453792086,48.842736878377103]]]}},
{"type":"Feature","properties":{"ID":"VOIE_NOM0000002338741951","ID_BAN":"75105_9719","name":"Rue Vésale","INSEE_COM":"75105","NOM_COM":"Paris 5e Arrondissement","SRC_BAN":"commune","NOM_COLL":"R VESALE","TYPE_VOIE":"rue","MOT_DIR":"Vésale","LD_BAN":null,"ID_SUPP":"TRONROUT0000000000201103","INSEEDBAN":null,"COMDEL_BAN":null,"DATE_CREAT":"2023-12-08T13:42:59","DATE_MAJ":"2024-03-12T16:10:18","NOM_NORMA":"R VESALE","ID_BAN_ODO":null,"Nom_a_verifier":false,"other_tags":"\"wikipedia\"=>\"fr:Rue_V%C3%A9sale\""},"geometry":{"type":"MultiLineString","coordinates":[[[2.35215216835517,48.837841281158681],[2.353194122567703,48.838195873911388],[2.353702877174867,48.838370402678464]]]}},
{"type":"Feature","properties":{"ID":"VOIE_NOM0000002338741976","ID_BAN":"75105_3753","name":"Rue du Fouarre","INSEE_COM":"75105","NOM_COM":"Paris 5e Arrondissement","SRC_BAN":"commune","NOM_COLL":"R DU FOUARRE","TYPE_VOIE":"rue","MOT_DIR":"Fouarre","LD_BAN":null,"ID_SUPP":"TRONROUT0000000000195280","INSEEDBAN":null,"COMDEL_BAN":null,"DATE_CREAT":"2023-12-08T13:42:59","DATE_MAJ":"2024-03-12T16:10:18","NOM_NORMA":"R DU FOUARRE","ID_BAN_ODO":null,"Nom_a_verifier":false,"other_tags":"\"wikipedia\"=>\"fr:Rue_du_Fouarre\""},"geometry":{"type":"MultiLineString","coordinates":[[[2.347741923497622,48.851670173869586],[2.347257722886205,48.851484964118484]]]}},
{"type":"Feature","properties":{"ID":"VOIE_NOM0000002338742014","ID_BAN":"75105_5840","name":"Place Lucien Herr","INSEE_COM":"75105","NOM_COM":"Paris 5e Arrondissement","SRC_BAN":"commune","NOM_COLL":"PL LUCIEN HERR","TYPE_VOIE":"place","MOT_DIR":"Herr","LD_BAN":null,"ID_SUPP":"TRONROUT0000000000199433","INSEEDBAN":null,"COMDEL_BAN":null,"DATE_CREAT":"2023-12-08T13:42:59","DATE_MAJ":"2024-03-12T16:10:18","NOM_NORMA":"PL LUCIEN HERR","ID_BAN_ODO":null,"Nom_a_verifier":false,"other_tags":"nan"},"geometry":{"type":"MultiLineString","coordinates":[[[2.348244562476955,48.841664839636422],[2.347858664157528,48.841797641069576]]]}},
{"type":"Feature","properties":{"ID":"VOIE_NOM0000002338742065","ID_BAN":"75105_7336","name":"Rue du Petit Moine","INSEE_COM":"75105","NOM_COM":"Paris 5e Arrondissement","SRC_BAN":"commune","NOM_COLL":"R DU PETIT MOINE","TYPE_VOIE":"rue","MOT_DIR":"Moine","LD_BAN":null,"ID_SUPP":"TRONROUT0000000000201111","INSEEDBAN":null,"COMDEL_BAN":null,"DATE_CREAT":"2023-12-08T13:42:59","DATE_MAJ":"2024-03-12T16:10:18","NOM_NORMA":"R DU PETIT MOINE","ID_BAN_ODO":null,"Nom_a_verifier":false,"other_tags":"\"wikipedia\"=>\"fr:Rue_du_Petit-Moine\""},"geometry":{"type":"MultiLineString","coordinates":[[[2.351869518954204,48.83822018188544],[2.350993003503535,48.838038254264575]]]}},
{"type":"Feature","properties":{"ID":"VOIE_NOM0000002338742125","ID_BAN":"75105_7076","name":"Rue Pascal","INSEE_COM":"75105","NOM_COM":"Paris 5e Arrondissement","SRC_BAN":"commune","NOM_COLL":"R PASCAL","TYPE_VOIE":"rue","MOT_DIR":"Pascal","LD_BAN":null,"ID_SUPP":"TRONROUT0000000000201119/TRONROUT0000000000201133/TRONROUT0000000000201962/TRONROUT0000000000201963","INSEEDBAN":null,"COMDEL_BAN":null,"DATE_CREAT":"2023-12-08T13:42:59","DATE_MAJ":"2024-03-12T16:10:18","NOM_NORMA":"R PASCAL","ID_BAN_ODO":null,"Nom_a_verifier":false,"other_tags":"\"wikipedia\"=>\"fr:Rue_Pascal\""},"geometry":{"type":"MultiLineString","coordinates":[[[2.34900177774623,48.837111878464881],[2.349072105695578,48.837262455511102]],[[2.349814478843176,48.838803510225986],[2.349848554451293,48.838911619323611],[2.349904394622844,48.839022544782694],[2.350010715856558,48.839237171542585]],[[2.349251372501718,48.837635768816114],[2.349168984599891,48.837468937709453],[2.349072105695578,48.837262455511102]],[[2.349814478843176,48.838803510225986],[2.34969735011764,48.838581629517471],[2.349251372501718,48.837635768816114]]]}},
{"type":"Feature","properties":{"ID":"VOIE_NOM0000002338742128","ID_BAN":"75105_4289","name":"Rue des Grands Degrés","INSEE_COM":"75105","NOM_COM":"Paris 5e Arrondissement","SRC_BAN":"commune","NOM_COLL":"R DES GRANDS DEGRES","TYPE_VOIE":"rue","MOT_DIR":"Degrés","LD_BAN":null,"ID_SUPP":"TRONROUT0000000000195273","INSEEDBAN":null,"COMDEL_BAN":null,"DATE_CREAT":"2023-12-08T13:42:59","DATE_MAJ":"2024-03-12T16:10:18","NOM_NORMA":"R DES GRANDS DEGRES","ID_BAN_ODO":null,"Nom_a_verifier":false,"other_tags":"\"wikipedia\"=>\"fr:Rue_des_Grands-Degr%C3%A9s\""},"geometry":{"type":"MultiLineString","coordinates":[[[2.350249331762567,48.851244930959389],[2.349991254388387,48.851285798915505],[2.349343784932876,48.851406390787183]]]}},
{"type":"Feature","properties":{"ID":"VOIE_NOM0000002338742193","ID_BAN":"75105_5340","name":"Rue Laplace","INSEE_COM":"75105","NOM_COM":"Paris 5e Arrondissement","SRC_BAN":"commune","NOM_COLL":"R LAPLACE","TYPE_VOIE":"rue","MOT_DIR":"Laplace","LD_BAN":null,"ID_SUPP":"TRONROUT0000000000196910","INSEEDBAN":null,"COMDEL_BAN":null,"DATE_CREAT":"2023-12-08T13:42:59","DATE_MAJ":"2024-03-12T16:10:18","NOM_NORMA":"R LAPLACE","ID_BAN_ODO":null,"Nom_a_verifier":false,"other_tags":"\"wikipedia\"=>\"fr:Rue_Laplace\""},"geometry":{"type":"MultiLineString","coordinates":[[[2.348134751344328,48.847176427274661],[2.348052939543778,48.84718047828315],[2.347879518927333,48.847209211993018],[2.347160169969087,48.84741483953907],[2.346785724558226,48.847500033540626]]]}},
{"type":"Feature","properties":{"ID":"VOIE_NOM0000002338742204","ID_BAN":"75105_3053","name":"Rue du Sommerard","INSEE_COM":"75105","NOM_COM":"Paris 5e Arrondissement","SRC_BAN":"commune","NOM_COLL":"R DU SOMMERARD","TYPE_VOIE":"rue","MOT_DIR":"Sommerard","LD_BAN":null,"ID_SUPP":"TRONROUT0000000000196140/TRONROUT0000000000196168/TRONROUT0000000000196169/TRONROUT0000000000196170/TRONROUT0000000000196183","INSEEDBAN":null,"COMDEL_BAN":null,"DATE_CREAT":"2023-12-08T13:42:59","DATE_MAJ":"2024-03-12T16:10:18","NOM_NORMA":"R DU SOMMERARD","ID_BAN_ODO":null,"Nom_a_verifier":false,"other_tags":"\"wikipedia\"=>\"fr:Rue_Du_Sommerard\""},"geometry":{"type":"MultiLineString","coordinates":[[[2.347821452544137,48.849671338164896],[2.347184752955685,48.849803668794458]],[[2.347184752955685,48.849803668794458],[2.346101274000113,48.850027987588092]],[[2.342776638851354,48.850636623251127],[2.342988863725815,48.850557746051138],[2.343366844576653,48.85041052778314],[2.343748911309561,48.850263330724104],[2.343904357889717,48.850256089020846]],[[2.346101274000113,48.850027987588092],[2.345235026928287,48.850207618368081]],[[2.345235026928287,48.850207618368081],[2.34454880017965,48.850267715373178]]]}},
{"type":"Feature","properties":{"ID":"VOIE_NOM0000002338742214","ID_BAN":"75105_6192","name":"Passage Maurel","INSEE_COM":"75105","NOM_COM":"Paris 5e Arrondissement","SRC_BAN":"commune","NOM_COLL":"PAS MAUREL","TYPE_VOIE":"passage","MOT_DIR":"Maurel","LD_BAN":null,"ID_SUPP":"TRONROUT0000000000199359","INSEEDBAN":null,"COMDEL_BAN":null,"DATE_CREAT":"2023-12-08T13:42:59","DATE_MAJ":"2024-03-12T16:10:18","NOM_NORMA":"PAS MAUREL","ID_BAN_ODO":null,"Nom_a_verifier":false,"other_tags":"nan"},"geometry":{"type":"MultiLineString","coordinates":[[[2.362971064184451,48.842988883745925],[2.363018059145065,48.842934272953947],[2.363091292849377,48.842851022280072],[2.36327802947769,48.842622679185197],[2.363352405094344,48.84255742164035],[2.363382709066034,48.842530602066191],[2.363399223513011,48.842517199526405],[2.36348136727745,48.842485259611784],[2.363623558499849,48.842445544831918]]]}},
{"type":"Feature","properties":{"ID":"VOIE_NOM0000002338742270","ID_BAN":"75105_8760","name":"Rue Saint-Séverin","INSEE_COM":"75105","NOM_COM":"Paris 5e Arrondissement","SRC_BAN":"commune","NOM_COLL":"R SAINT-SEVERIN","TYPE_VOIE":"rue","MOT_DIR":"Séverin","LD_BAN":null,"ID_SUPP":"TRONROUT0000000000194492/TRONROUT0000000000194504/TRONROUT0000000000194505/TRONROUT0000000000195295/TRONROUT0000000000195308","INSEEDBAN":null,"COMDEL_BAN":null,"DATE_CREAT":"2023-12-08T13:42:59","DATE_MAJ":"2024-03-12T16:10:18","NOM_NORMA":"R SAINT-SEVERIN","ID_BAN_ODO":null,"Nom_a_verifier":false,"other_tags":"\"wikipedia\"=>\"fr:Rue_Saint-S%C3%A9verin\""},"geometry":{"type":"MultiLineString","coordinates":[[[2.346316991283815,48.852168734679395],[2.345999993094212,48.852234454069887]],[[2.345999993094212,48.852234454069887],[2.345445258459049,48.852348336856259]],[[2.343821016117944,48.852762137359065],[2.344679722237788,48.852535709201263]],[[2.345445258459049,48.852348336856259],[2.345089604348137,48.85245341399186]],[[2.345089604348137,48.85245341399186],[2.344717432043352,48.852463067957267]]]}},
{"type":"Feature","properties":{"ID":"VOIE_NOM0000002338742276","ID_BAN":"75105_3573","name":"Rue du Fer à Moulin","INSEE_COM":"75105","NOM_COM":"Paris 5e Arrondissement","SRC_BAN":"commune","NOM_COLL":"R DU FER A MOULIN","TYPE_VOIE":"rue","MOT_DIR":"Moulin","LD_BAN":null,"ID_SUPP":"TRONROUT0000000000201102/TRONROUT0000000000201104/TRONROUT0000000000201105/TRONROUT0000000000201110/TRONROUT0000000000201117","INSEEDBAN":null,"COMDEL_BAN":null,"DATE_CREAT":"2023-12-08T13:42:59","DATE_MAJ":"2024-03-12T16:10:18","NOM_NORMA":"R DU FER A MOULIN","ID_BAN_ODO":null,"Nom_a_verifier":false,"other_tags":"\"wikipedia\"=>\"fr:Rue_du_Fer-%C3%A0-Moulin\""},"geometry":{"type":"MultiLineString","coordinates":[[[2.350696015187118,48.838473734460081],[2.351265592677504,48.838577553822063],[2.351570103068359,48.838632267483938]],[[2.353215133467756,48.838918178130257],[2.353000235079423,48.838888236283807],[2.352800401237451,48.838852079998766],[2.351570103068359,48.838632267483938]],[[2.354862160894271,48.839264334205069],[2.35512699179217,48.839333214567738],[2.355812897305095,48.8395068902446],[2.355962371616611,48.839539172868129],[2.356076668275188,48.839551479925262],[2.356295358473943,48.839605719449523]],[[2.353963192630677,48.839022949472692],[2.35388707770941,48.839008148526666],[2.353215133467756,48.838918178130257]],[[2.353963192630677,48.839022949472692],[2.354862160894271,48.839264334205069]]]}},
{"type":"Feature","properties":{"ID":"VOIE_NOM0000002338742301","ID_BAN":"75105_1642","name":"Rue Censier","INSEE_COM":"75105","NOM_COM":"Paris 5e Arrondissement","SRC_BAN":"commune","NOM_COLL":"R CENSIER","TYPE_VOIE":"rue","MOT_DIR":"Censier","LD_BAN":null,"ID_SUPP":"TRONROUT0000000000200261/TRONROUT0000000000200264/TRONROUT0000000000200266/TRONROUT0000000000200268/TRONROUT0000000000200279/TRONROUT0000000000200285/TRONROUT0000000000200294/TRONROUT0000000000200299/TRONROUT0000000000200302/TRONROUT0000000355984074/TRON","INSEEDBAN":null,"COMDEL_BAN":null,"DATE_CREAT":"2023-12-08T13:42:59","DATE_MAJ":"2024-03-12T16:10:18","NOM_NORMA":"R CENSIER","ID_BAN_ODO":null,"Nom_a_verifier":false,"other_tags":"\"wikipedia\"=>\"fr:Rue_Censier\""},"geometry":{"type":"MultiLineString","coordinates":[[[2.351265269746527,48.839698161302643],[2.351212013109944,48.839707765481087],[2.351149141300802,48.839723613035801]],[[2.350993570366886,48.839743454477862],[2.350555700737922,48.839565701834609],[2.350410664328193,48.839505556219031],[2.350153166514095,48.839395334433533]],[[2.351149141300802,48.839723613035801],[2.350993570366886,48.839743454477862]],[[2.351149141300802,48.839723613035801],[2.35113788385849,48.839752331648796],[2.351136152005256,48.839782001295085],[2.351145352939452,48.839809032148558],[2.351196542034683,48.839856076768868]],[[2.351196542034683,48.839856076768868],[2.351027238420214,48.839775114910125],[2.350993570366886,48.839743454477862]],[[2.351353139872673,48.839863221575015],[2.35129984950526,48.839875523703348],[2.351264359891023,48.839880727428813],[2.351226279793766,48.839875124717047],[2.351196542034683,48.839856076768868]],[[2.353066899491215,48.840432806143646],[2.353155289176572,48.840446774593254],[2.353206658376902,48.84036970703707]],[[2.355959769422451,48.841183196125655],[2.355662429702428,48.841097954138064],[2.354842068459646,48.840887578340023]],[[2.354842068459646,48.840887578340023],[2.354679100309743,48.840844429216062],[2.353985106753382,48.840662609367534]],[[2.353206658376902,48.84036970703707],[2.35324741924202,48.84037892106339],[2.353244226693132,48.840526399516762]],[[2.353244226693132,48.840526399516762],[2.35336704526814,48.840510874932782],[2.353429604979607,48.84052020672857],[2.353985106753382,48.840662609367534]],[[2.351409286420659,48.839949865029276],[2.35166441159939,48.840032190865379],[2.351873372259581,48.840101674928036]],[[2.351873372259581,48.840101674928036],[2.352104521875121,48.840249523503566],[2.352226200095009,48.840325729075602],[2.352664059467016,48.840505274090518],[2.352775152425772,48.840556239603245],[2.352821943794795,48.840628441883069]],[[2.351873372259581,48.840101674928036],[2.351986340320591,48.840111280593668],[2.352555379715812,48.840260058853808],[2.352590612535622,48.840275538736051],[2.352687980271876,48.84033452433863],[2.352947230095917,48.840414171616374],[2.353027400564609,48.840431693158791],[2.353066899491215,48.840432806143646]]]}},
{"type":"Feature","properties":{"ID":"VOIE_NOM0000002338742314","ID_BAN":"75105_6581","name":"Rue Mouffetard","INSEE_COM":"75105","NOM_COM":"Paris 5e Arrondissement","SRC_BAN":"commune","NOM_COLL":"R MOUFFETARD","TYPE_VOIE":"rue","MOT_DIR":"Mouffetard","LD_BAN":null,"ID_SUPP":"TRONROUT0000000000198681/TRONROUT0000000000198689/TRONROUT0000000000198690/TRONROUT0000000000198701/TRONROUT0000000000199411/TRONROUT0000000000200272/TRONROUT0000000000200274/TRONROUT0000000000200275/TRONROUT0000000000200284/TRONROUT0000000000200301/TRON","INSEEDBAN":null,"COMDEL_BAN":null,"DATE_CREAT":"2023-12-08T13:42:59","DATE_MAJ":"2024-04-09T23:12:41","NOM_NORMA":"R MOUFFETARD","ID_BAN_ODO":null,"Nom_a_verifier":false,"other_tags":"\"wikipedia\"=>\"fr:Rue_Mouffetard\""},"geometry":{"type":"MultiLineString","coordinates":[[[2.349942545756922,48.839350121136299],[2.349933356743763,48.839322190874817],[2.349940538812957,48.839292550848675],[2.349958563881955,48.839267466571904],[2.34998333356809,48.839247815134797],[2.350010715856558,48.839237171542585]],[[2.349593909903452,48.84315883047519],[2.349536454112775,48.843286227519762],[2.349405199955327,48.843758578189558]],[[2.349245824803476,48.844518571187649],[2.349260932259023,48.844399937679526]],[[2.349168942790943,48.845001109824139],[2.349245824803476,48.844518571187649]],[[2.349405199955327,48.843758578189558],[2.349279655595678,48.844319097003343],[2.349260932259023,48.844399937679526]],[[2.349629123992715,48.841101279155069],[2.349641713322218,48.840856720585059]],[[2.349632899644473,48.841453850285902],[2.349629496854122,48.84139897060237],[2.349624776518741,48.841340486297831],[2.349623409504152,48.841231655848453],[2.349629123992715,48.841101279155069]],[[2.349593909903452,48.84315883047519],[2.349624602865743,48.843101438157184],[2.349731800109277,48.842591182990013],[2.349760519377494,48.842473522575474],[2.349785027701893,48.842365732246421],[2.349787590646594,48.842269514343101],[2.349769402501676,48.842198365806304],[2.349755425207701,48.842117347156517],[2.349671937333627,48.841710381123285],[2.349641460454481,48.841532141462238],[2.349632899644473,48.841453850285902]],[[2.3497686093256,48.84007766145595],[2.349770313190517,48.840159512905835],[2.349763831372898,48.840242219219363],[2.349746214612346,48.840343751654089],[2.349731277736744,48.840448896102991]],[[2.349731277736744,48.840448896102991],[2.349641713322218,48.840856720585059]],[[2.3497686093256,48.84007766145595],[2.349777003255592,48.839950896647487],[2.349789618972343,48.839813362392768],[2.34980492576018,48.839678540842577],[2.349844306833066,48.839579824729917],[2.349878013845784,48.839499065062817],[2.349913071927359,48.839419212088671],[2.349942545756922,48.839350121136299]]]}},
{"type":"Feature","properties":{"ID":"VOIE_NOM0000002338742322","ID_BAN":"75105_3377","name":"Rue de l'Estrapade","INSEE_COM":"75105","NOM_COM":"Paris 5e Arrondissement","SRC_BAN":"commune","NOM_COLL":"R DE L'ESTRAPADE","TYPE_VOIE":"rue","MOT_DIR":"Estrapade","LD_BAN":null,"ID_SUPP":"TRONROUT0000000000197873/TRONROUT0000000000198687/TRONROUT0000000000198691/TRONROUT0000000000198700/TRONROUT0000000000198707","INSEEDBAN":null,"COMDEL_BAN":null,"DATE_CREAT":"2023-12-08T13:42:59","DATE_MAJ":"2024-03-12T16:10:18","NOM_NORMA":"R DE L'ESTRAPADE","ID_BAN_ODO":null,"Nom_a_verifier":false,"other_tags":"\"wikipedia\"=>\"fr:Rue_de_l%27Estrapade\""},"geometry":{"type":"MultiLineString","coordinates":[[[2.347562410986507,48.844565162650674],[2.347733334294833,48.844517529175199],[2.347958938181597,48.844455803714602],[2.348072533679408,48.844415951534998]],[[2.34722756755491,48.844645177938887],[2.347562410986507,48.844565162650674]],[[2.345584560386708,48.845054404658896],[2.345239856646828,48.845159542555038],[2.345126246061793,48.845200291317532]],[[2.346634303320764,48.844795730128638],[2.34722756755491,48.844645177938887]],[[2.345584560386708,48.845054404658896],[2.346634303320764,48.844795730128638]]]}},
{"type":"Feature","properties":{"ID":"VOIE_NOM0000002338742364","ID_BAN":"75105_3665","name":"Rue Flatters","INSEE_COM":"75105","NOM_COM":"Paris 5e Arrondissement","SRC_BAN":"commune","NOM_COLL":"R FLATTERS","TYPE_VOIE":"rue","MOT_DIR":"Flatters","LD_BAN":null,"ID_SUPP":"TRONROUT0000000000201971","INSEEDBAN":null,"COMDEL_BAN":null,"DATE_CREAT":"2023-12-08T13:42:59","DATE_MAJ":"2024-03-12T16:10:18","NOM_NORMA":"R FLATTERS","ID_BAN_ODO":null,"Nom_a_verifier":false,"other_tags":"\"wikipedia\"=>\"fr:Rue_Flatters\""},"geometry":{"type":"MultiLineString","coordinates":[[[2.345616653236584,48.838266181840162],[2.346537658848704,48.837941149215418],[2.346364818374405,48.837491420757452]]]}},
{"type":"Feature","properties":{"ID":"VOIE_NOM0000002338742376","ID_BAN":"75105_3749","name":"Rue des Fossés Saint-Jacques","INSEE_COM":"75105","NOM_COM":"Paris 5e Arrondissement","SRC_BAN":"commune","NOM_COLL":"R DES FOSSES SAINT-JACQUES","TYPE_VOIE":"rue","MOT_DIR":"Jacques","LD_BAN":null,"ID_SUPP":"TRONROUT0000000000197865/TRONROUT0000000000197871/TRONROUT0000000000197876","INSEEDBAN":null,"COMDEL_BAN":null,"DATE_CREAT":"2023-12-08T13:42:59","DATE_MAJ":"2024-03-12T16:10:18","NOM_NORMA":"R DES FOSSES SAINT-JACQUES","ID_BAN_ODO":null,"Nom_a_verifier":false,"other_tags":"\"wikipedia\"=>\"fr:Rue_des_Foss%C3%A9s-Saint-Jacques\""},"geometry":{"type":"MultiLineString","coordinates":[[[2.344543535754267,48.845485795042222],[2.344534586078023,48.845438979242068],[2.34453917138603,48.845399432483603],[2.344576740504233,48.845337582406685],[2.344627867101726,48.845281202751444],[2.344771210975195,48.845151580565435],[2.344907684936156,48.845026417384453]],[[2.345126246061793,48.845200291317532],[2.345035911523967,48.845232173793278],[2.344789059925373,48.84535763199856],[2.344609277331198,48.845459174382817],[2.344543535754267,48.845485795042222]],[[2.342952432262412,48.846097626060022],[2.34357419977717,48.84595804088827],[2.343716483589962,48.84591295410376],[2.343858857736384,48.845860672759983],[2.344124970801906,48.845720932331993],[2.344543535754267,48.845485795042222]]]}},
{"type":"Feature","properties":{"ID":"VOIE_NOM0000002338742393","ID_BAN":"75105_6860","name":"Avenue de l'Observatoire","INSEE_COM":"75105","NOM_COM":"Paris 5e Arrondissement","SRC_BAN":"commune","NOM_COLL":"AV DE L'OBSERVATOIRE","TYPE_VOIE":"avenue","MOT_DIR":"Observatoire","LD_BAN":null,"ID_SUPP":"TRONROUT0000000000200344/TRONROUT0000000000200345/TRONROUT0000000000200346/TRONROUT0000000000200351/TRONROUT0000000000200353","INSEEDBAN":null,"COMDEL_BAN":null,"DATE_CREAT":"2023-12-08T13:42:59","DATE_MAJ":"2024-03-12T16:10:18","NOM_NORMA":"AV DE L'OBSERVATOIRE","ID_BAN_ODO":null,"Nom_a_verifier":false,"other_tags":"nan"},"geometry":{"type":"MultiLineString","coordinates":[[[2.336834369057033,48.840079503935321],[2.336786305925839,48.839894867432747],[2.336764735774988,48.839769735942816],[2.336656991547952,48.839671107587428]],[[2.336960914626101,48.840306845613483],[2.336900818898415,48.840211179726161],[2.336854324569944,48.840117387933581],[2.336834369057033,48.840079503935321]],[[2.337256165772474,48.840875082026251],[2.337180966352117,48.840681301826841],[2.336960914626101,48.840306845613483]],[[2.336725012012606,48.840428750935629],[2.336832792262172,48.840524681256355],[2.337256165772474,48.840875082026251]],[[2.336777610255803,48.840792386244573],[2.336859378578375,48.840791040828975],[2.336864828274124,48.84079107103954],[2.336936956657747,48.840797766419854],[2.337256165772474,48.840875082026251]]]}},
{"type":"Feature","properties":{"ID":"VOIE_NOM0000002338742479","ID_BAN":"75105_3298","name":"Rue de l'Epee de Bois","INSEE_COM":"75105","NOM_COM":"Paris 5e Arrondissement","SRC_BAN":"commune","NOM_COLL":"R DE L'EPEE DE BOIS","TYPE_VOIE":"rue","MOT_DIR":"Bois","LD_BAN":null,"ID_SUPP":"TRONROUT0000000000199412/TRONROUT0000000000199416/TRONROUT0000000000199417/TRONROUT0000000000199418/TRONROUT0000000000199420","INSEEDBAN":null,"COMDEL_BAN":null,"DATE_CREAT":"2023-12-08T13:42:59","DATE_MAJ":"2024-03-12T16:10:18","NOM_NORMA":"R DE L'EPEE DE BOIS","ID_BAN_ODO":null,"Nom_a_verifier":false,"other_tags":"\"wikipedia\"=>\"fr:Rue_de_l%27%C3%89p%C3%A9e-de-Bois\""},"geometry":{"type":"MultiLineString","coordinates":[[[2.350016760939393,48.841483816879084],[2.349925566931529,48.841476126434287],[2.349632899644473,48.841453850285902]],[[2.350016760939393,48.841483816879084],[2.350268588855041,48.841503172188261],[2.350838713851529,48.841565625382387]],[[2.351602184752755,48.841639016977666],[2.351849993762795,48.841652950984866],[2.351935816844064,48.84165431531892],[2.351983580817097,48.841648278524232]],[[2.350838713851529,48.841565625382387],[2.35108638794644,48.841590352603959]],[[2.35108638794644,48.841590352603959],[2.351602184752755,48.841639016977666]]]}},
{"type":"Feature","properties":{"ID":"VOIE_NOM0000002338742485","ID_BAN":"75105_0916","name":"Rue Berthollet","INSEE_COM":"75105","NOM_COM":"Paris 5e Arrondissement","SRC_BAN":"commune","NOM_COLL":"R BERTHOLLET","TYPE_VOIE":"rue","MOT_DIR":"Berthollet","LD_BAN":null,"ID_SUPP":"TRONROUT0000000000201137/TRONROUT0000000000201139/TRONROUT0000000000201141/TRONROUT0000000000201143","INSEEDBAN":null,"COMDEL_BAN":null,"DATE_CREAT":"2023-12-08T13:42:59","DATE_MAJ":"2024-03-12T16:10:18","NOM_NORMA":"R BERTHOLLET","ID_BAN_ODO":null,"Nom_a_verifier":false,"other_tags":"\"wikipedia\"=>\"fr:Rue_Berthollet\""},"geometry":{"type":"MultiLineString","coordinates":[[[2.345516253888171,48.837690037780739],[2.345563901646885,48.838018567404227],[2.345616653236584,48.838266181840162]],[[2.345817408899646,48.839205318866185],[2.345838955402071,48.839334046002108],[2.345999825576988,48.840303542065143]],[[2.345616653236584,48.838266181840162],[2.345733741953926,48.838815435807483]],[[2.345733741953926,48.838815435807483],[2.345817408899646,48.839205318866185]]]}},
{"type":"Feature","properties":{"ID":"VOIE_NOM0000002338742491","ID_BAN":"75105_5130","name":"Rue Jussieu","INSEE_COM":"75105","NOM_COM":"Paris 5e Arrondissement","SRC_BAN":"commune","NOM_COLL":"R JUSSIEU","TYPE_VOIE":"rue","MOT_DIR":"Jussieu","LD_BAN":null,"ID_SUPP":"TRONROUT0000000000196891/TRONROUT0000000000197820/TRONROUT0000000000197829/TRONROUT0000000000198619","INSEEDBAN":null,"COMDEL_BAN":null,"DATE_CREAT":"2023-12-08T13:42:59","DATE_MAJ":"2024-03-12T16:10:18","NOM_NORMA":"R JUSSIEU","ID_BAN_ODO":null,"Nom_a_verifier":false,"other_tags":"\"wikipedia\"=>\"fr:Rue_Jussieu_(Paris)\""},"geometry":{"type":"MultiLineString","coordinates":[[[2.356980360073035,48.844823007119061],[2.356414165898082,48.845211184196366],[2.355967550011144,48.845515462473202]],[[2.355251330835264,48.846023340340167],[2.355967550011144,48.845515462473202]],[[2.353105939214732,48.847386879129829],[2.353166072152942,48.847372814518145],[2.353256427748253,48.847339127368528],[2.353400158815481,48.847286842103436],[2.354319357025354,48.846676645062217],[2.354405946008574,48.846616855294002],[2.354445906390378,48.846581096561223]],[[2.352834413540318,48.847415089509205],[2.353105939214732,48.847386879129829]]]}},
{"type":"Feature","properties":{"ID":"VOIE_NOM0000002338742501","ID_BAN":"75105_3848","name":"Rue Frédéric Sauton","INSEE_COM":"75105","NOM_COM":"Paris 5e Arrondissement","SRC_BAN":"commune","NOM_COLL":"R FREDERIC SAUTON","TYPE_VOIE":"rue","MOT_DIR":"Sauton","LD_BAN":null,"ID_SUPP":"TRONROUT0000000000195265/TRONROUT0000000000195270/TRONROUT0000000000196113/TRONROUT0000000000196135","INSEEDBAN":null,"COMDEL_BAN":null,"DATE_CREAT":"2023-12-08T13:42:59","DATE_MAJ":"2024-03-12T16:10:18","NOM_NORMA":"R FREDERIC SAUTON","ID_BAN_ODO":null,"Nom_a_verifier":false,"other_tags":"\"wikipedia\"=>\"fr:Rue_Fr%C3%A9d%C3%A9ric-Sauton\""},"geometry":{"type":"MultiLineString","coordinates":[[[2.348664053922537,48.850400809754582],[2.348764588564641,48.850425639630046]],[[2.349343784932876,48.851406390787183],[2.349259810116778,48.851255741697386],[2.3492250874902,48.85119889342981]],[[2.348764588564641,48.850425639630046],[2.34883470611569,48.850485378783553],[2.348928059938417,48.850648670314619],[2.349023892564401,48.850831761067397]],[[2.349023892564401,48.850831761067397],[2.3492250874902,48.85119889342981]]]}},
{"type":"Feature","properties":{"ID":"VOIE_NOM0000002338742510","ID_BAN":"75105_8777","name":"Rue Saint-Victor","INSEE_COM":"75105","NOM_COM":"Paris 5e Arrondissement","SRC_BAN":"commune","NOM_COLL":"R SAINT-VICTOR","TYPE_VOIE":"rue","MOT_DIR":"Victor","LD_BAN":null,"ID_SUPP":"TRONROUT0000000000196110/TRONROUT0000000000196895/TRONROUT0000000000196900","INSEEDBAN":null,"COMDEL_BAN":null,"DATE_CREAT":"2023-12-08T13:42:59","DATE_MAJ":"2024-03-12T16:10:18","NOM_NORMA":"R SAINT-VICTOR","ID_BAN_ODO":null,"Nom_a_verifier":false,"other_tags":"\"wikipedia\"=>\"fr:Rue_Saint-Victor\""},"geometry":{"type":"MultiLineString","coordinates":[[[2.35035418043573,48.84862837220598],[2.350259160989707,48.848707899064621],[2.350185107832441,48.848745269907816],[2.349825797662918,48.848927686174363]],[[2.350882321900928,48.848347941064837],[2.351273591528603,48.848115330815311],[2.351645501389406,48.847905098300714]],[[2.350882321900928,48.848347941064837],[2.35035418043573,48.84862837220598]]]}},
{"type":"Feature","properties":{"ID":"VOIE_NOM0000002338742515","ID_BAN":"75105_6432","name":"Rue Monge","INSEE_COM":"75105","NOM_COM":"Paris 5e Arrondissement","SRC_BAN":"commune","NOM_COLL":"R MONGE","TYPE_VOIE":"rue","MOT_DIR":"Monge","LD_BAN":null,"ID_SUPP":"TRONROUT0000000000196109/TRONROUT0000000000196117/TRONROUT0000000000196151/TRONROUT0000000000196896/TRONROUT0000000000196903/TRONROUT0000000000197843/TRONROUT0000000000197845/TRONROUT0000000000198663/TRONROUT0000000000198664/TRONROUT0000000000198666/TRON","INSEEDBAN":null,"COMDEL_BAN":null,"DATE_CREAT":"2023-12-08T13:42:59","DATE_MAJ":"2024-03-12T16:10:18","NOM_NORMA":"R MONGE","ID_BAN_ODO":null,"Nom_a_verifier":false,"other_tags":"\"wikipedia\"=>\"fr:Rue_Monge\""},"geometry":{"type":"MultiLineString","coordinates":[[[2.350648643841012,48.838776563595736],[2.350563273742276,48.838739226139097],[2.350492699340085,48.838717258176452],[2.350424748870871,48.838703398712482]],[[2.350748000551115,48.838675474584178],[2.350812482921405,48.838858395792556]],[[2.350812482921405,48.838858395792556],[2.350648643841012,48.838776563595736]],[[2.351353139872673,48.839863221575015],[2.351265269746527,48.839698161302643]],[[2.351409286420659,48.839949865029276],[2.351389141333092,48.839926372318516],[2.351353139872673,48.839863221575015]],[[2.350971022160694,48.839147053055846],[2.350846015888146,48.838900847958527],[2.350812482921405,48.838858395792556]],[[2.351265269746527,48.839698161302643],[2.351209403566425,48.839589035154461],[2.351076220779138,48.839342786059348],[2.350971022160694,48.839147053055846]],[[2.352068212819877,48.842183857957941],[2.351983580817097,48.841648278524232]],[[2.352151584693829,48.842711335979608],[2.352068212819877,48.842183857957941]],[[2.351983580817097,48.841648278524232],[2.351880439414871,48.840848185521594]],[[2.351707999562244,48.84047131693368],[2.351657536539002,48.84036581781929],[2.351573695892749,48.840205276519235],[2.351409286420659,48.839949865029276]],[[2.351880439414871,48.840848185521594],[2.351844727495652,48.840761653090006],[2.351707999562244,48.84047131693368]],[[2.352304484939423,48.843784203354112],[2.352228000497262,48.843250467724538]],[[2.352403373085163,48.844488938540394],[2.352304484939423,48.843784203354112]],[[2.352191561033024,48.845085866646762],[2.352211296083466,48.845032911239521],[2.352360832254916,48.844622713022666],[2.35239475095267,48.844524866303608],[2.352403373085163,48.844488938540394]],[[2.351634394502601,48.846607263396528],[2.351537369086093,48.846738943347823],[2.351234026568302,48.847133916136549]],[[2.351234026568302,48.847133916136549],[2.350987576522607,48.847446455684079]],[[2.349111264017123,48.849837548085681],[2.348992277508322,48.849980797823946]],[[2.350128970642577,48.848548005640609],[2.34995314598976,48.848769191848092],[2.349825797662918,48.848927686174363]],[[2.349825797662918,48.848927686174363],[2.349205194159999,48.849736431705729],[2.349111264017123,48.849837548085681]],[[2.350987576522607,48.847446455684079],[2.350519228279287,48.848068968250367]],[[2.350519228279287,48.848068968250367],[2.350128970642577,48.848548005640609]],[[2.351717303693694,48.846405356827276],[2.351857052513101,48.846015791941433],[2.35203635955944,48.845513121654854],[2.352191561033024,48.845085866646762]],[[2.351634394502601,48.846607263396528],[2.351717303693694,48.846405356827276]],[[2.352151584693829,48.842711335979608],[2.352194264872115,48.843004759207112]],[[2.352194264872115,48.843004759207112],[2.352228000497262,48.843250467724538]]]}},
{"type":"Feature","properties":{"ID":"VOIE_NOM0000002338742532","ID_BAN":"75105_0467","name":"Rue d'Arras","INSEE_COM":"75105","NOM_COM":"Paris 5e Arrondissement","SRC_BAN":"commune","NOM_COLL":"R D'ARRAS","TYPE_VOIE":"rue","MOT_DIR":"Arras","LD_BAN":null,"ID_SUPP":"TRONROUT0000000000196904","INSEEDBAN":null,"COMDEL_BAN":null,"DATE_CREAT":"2023-12-08T13:42:59","DATE_MAJ":"2024-03-12T16:10:18","NOM_NORMA":"R D'ARRAS","ID_BAN_ODO":null,"Nom_a_verifier":false,"other_tags":"\"wikipedia\"=>\"fr:Rue_d%27Arras_(Paris)\""},"geometry":{"type":"MultiLineString","coordinates":[[[2.351234026568302,48.847133916136549],[2.351997170434525,48.847678566527847]]]}},
{"type":"Feature","properties":{"ID":"VOIE_NOM0000002338742547","ID_BAN":"75105_9546","name":"Rue de Valence","INSEE_COM":"75105","NOM_COM":"Paris 5e Arrondissement","SRC_BAN":"commune","NOM_COLL":"R DE VALENCE","TYPE_VOIE":"rue","MOT_DIR":"Valence","LD_BAN":null,"ID_SUPP":"TRONROUT0000000000201109/TRONROUT0000000000201132","INSEEDBAN":null,"COMDEL_BAN":null,"DATE_CREAT":"2023-12-08T13:42:59","DATE_MAJ":"2024-03-12T16:10:18","NOM_NORMA":"R DE VALENCE","ID_BAN_ODO":null,"Nom_a_verifier":false,"other_tags":"\"wikipedia\"=>\"fr:Rue_de_Valence\""},"geometry":{"type":"MultiLineString","coordinates":[[[2.349251372501718,48.837635768816114],[2.349395253304665,48.837678821720772],[2.349810318351136,48.837935599316125]],[[2.349810318351136,48.837935599316125],[2.350545946801792,48.838380285077072],[2.350696015187118,48.838473734460081]]]}},
{"type":"Feature","properties":{"ID":"VOIE_NOM0000002338742597","ID_BAN":"75105_0964","name":"Rue de Bièvre","INSEE_COM":"75105","NOM_COM":"Paris 5e Arrondissement","SRC_BAN":"commune","NOM_COLL":"R DE BIEVRE","TYPE_VOIE":"rue","MOT_DIR":"Bièvre","LD_BAN":null,"ID_SUPP":"TRONROUT0000000000196104","INSEEDBAN":null,"COMDEL_BAN":null,"DATE_CREAT":"2023-12-08T13:42:59","DATE_MAJ":"2024-03-12T16:10:18","NOM_NORMA":"R DE BIEVRE","ID_BAN_ODO":null,"Nom_a_verifier":false,"other_tags":"\"wikipedia\"=>\"fr:Rue_de_Bi%C3%A8vre\""},"geometry":{"type":"MultiLineString","coordinates":[[[2.350858402317528,48.851252733730213],[2.350643586690648,48.850993452981072],[2.350373598170838,48.85067811214747],[2.350170378550143,48.850472854729361],[2.349938521948299,48.850269240046082],[2.349836058342419,48.850180546357365],[2.349698221805942,48.850087163534582],[2.349440702699722,48.849865421174975]]]}},
{"type":"Feature","properties":{"ID":"VOIE_NOM0000002338742624","ID_BAN":"75105_5360","name":"Rue Laromiguière","INSEE_COM":"75105","NOM_COM":"Paris 5e Arrondissement","SRC_BAN":"commune","NOM_COLL":"R LAROMIGUIERE","TYPE_VOIE":"rue","MOT_DIR":"Laromiguière","LD_BAN":null,"ID_SUPP":"TRONROUT0000000000198686/TRONROUT0000000000198698","INSEEDBAN":null,"COMDEL_BAN":null,"DATE_CREAT":"2023-12-08T13:42:59","DATE_MAJ":"2024-03-12T16:10:18","NOM_NORMA":"R LAROMIGUIERE","ID_BAN_ODO":null,"Nom_a_verifier":false,"other_tags":"\"wikipedia\"=>\"fr:Rue_Laromigui%C3%A8re\""},"geometry":{"type":"MultiLineString","coordinates":[[[2.347081864175183,48.84344103674335],[2.347125776239353,48.843960208311678]],[[2.347125776239353,48.843960208311678],[2.347187976463561,48.844433611979731],[2.34722756755491,48.844645177938887]]]}},
{"type":"Feature","properties":{"ID":"VOIE_NOM0000002338742642","ID_BAN":"75105_6019","name":"Impasse du Marché aux Chevaux","INSEE_COM":"75105","NOM_COM":"Paris 5e Arrondissement","SRC_BAN":"commune","NOM_COLL":"IMP DU MARCHE AUX CHEVAUX","TYPE_VOIE":"impasse","MOT_DIR":"Chevaux","LD_BAN":null,"ID_SUPP":"TRONROUT0000000000201097","INSEEDBAN":null,"COMDEL_BAN":null,"DATE_CREAT":"2023-12-08T13:42:59","DATE_MAJ":"2024-03-12T16:10:18","NOM_NORMA":"IMP DU MARCHE AUX CHEVAUX","ID_BAN_ODO":null,"Nom_a_verifier":false,"other_tags":"nan"},"geometry":{"type":"MultiLineString","coordinates":[[[2.356925445491011,48.838782592180912],[2.356636192214101,48.838705490124845]]]}},
{"type":"Feature","properties":{"ID":"VOIE_NOM0000002338742685","ID_BAN":"75105_0753","name":"Rue de Bazeilles","INSEE_COM":"75105","NOM_COM":"Paris 5e Arrondissement","SRC_BAN":"commune","NOM_COLL":"R DE BAZEILLES","TYPE_VOIE":"rue","MOT_DIR":"Bazeilles","LD_BAN":null,"ID_SUPP":"TRONROUT0000000000201115/TRONROUT0000000330645498","INSEEDBAN":null,"COMDEL_BAN":null,"DATE_CREAT":"2023-12-08T13:42:59","DATE_MAJ":"2024-03-12T16:10:18","NOM_NORMA":"R DE BAZEILLES","ID_BAN_ODO":null,"Nom_a_verifier":false,"other_tags":"\"wikipedia\"=>\"fr:Rue_de_Bazeilles\""},"geometry":{"type":"MultiLineString","coordinates":[[[2.350424748870871,48.838703398712482],[2.350402614689339,48.838730259486695],[2.350384865183882,48.838842583810646],[2.350136907463784,48.839169505402602],[2.350134524720591,48.839251334709367]],[[2.350648643841012,48.838776563595736],[2.350592618466415,48.838789749934548],[2.350478510440439,48.838871872033828],[2.350227727499616,48.839206872751014],[2.350134524720591,48.839251334709367]]]}},
{"type":"Feature","properties":{"ID":"VOIE_NOM0000002338742702","ID_BAN":"75105_5259","name":"Square Lagarde","INSEE_COM":"75105","NOM_COM":"Paris 5e Arrondissement","SRC_BAN":"commune","NOM_COLL":"SQ LAGARDE","TYPE_VOIE":"square","MOT_DIR":"Lagarde","LD_BAN":null,"ID_SUPP":"TRONROUT0000000000200313","INSEEDBAN":null,"COMDEL_BAN":null,"DATE_CREAT":"2023-12-08T13:42:59","DATE_MAJ":"2024-03-12T16:10:18","NOM_NORMA":"SQ LAGARDE","ID_BAN_ODO":null,"Nom_a_verifier":false,"other_tags":"nan"},"geometry":{"type":"MultiLineString","coordinates":[[[2.347954834946361,48.840645180673562],[2.347702065487476,48.840483715718818]]]}},
{"type":"Feature","properties":{"ID":"VOIE_NOM0000002338742705","ID_BAN":"75105_9975","name":"Rue Xavier Privas","INSEE_COM":"75105","NOM_COM":"Paris 5e Arrondissement","SRC_BAN":"commune","NOM_COLL":"R XAVIER PRIVAS","TYPE_VOIE":"rue","MOT_DIR":"Privas","LD_BAN":null,"ID_SUPP":"TRONROUT0000000000194487/TRONROUT0000000000194503","INSEEDBAN":null,"COMDEL_BAN":null,"DATE_CREAT":"2023-12-08T13:42:59","DATE_MAJ":"2024-03-12T16:10:18","NOM_NORMA":"R XAVIER PRIVAS","ID_BAN_ODO":null,"Nom_a_verifier":false,"other_tags":"\"wikipedia\"=>\"fr:Rue_Xavier-Privas\""},"geometry":{"type":"MultiLineString","coordinates":[[[2.345682520481776,48.852989075942041],[2.34547809443686,48.852772112718469],[2.345089604348137,48.85245341399186]],[[2.345915472498982,48.853322211429933],[2.345809711814649,48.853170541692414],[2.345707983520144,48.853023390660873],[2.345682520481776,48.852989075942041]]]}},
{"type":"Feature","properties":{"ID":"VOIE_NOM0000002338742718","ID_BAN":"75105_6471","name":"Port de Montebello","INSEE_COM":"75105","NOM_COM":"Paris 5e Arrondissement","SRC_BAN":"commune","NOM_COLL":"PORT DE MONTEBELLO","TYPE_VOIE":"port","MOT_DIR":"Montebello","LD_BAN":null,"ID_SUPP":"TRONROUT0000000229738764/TRONROUT0000000353682363/TRONROUT0000002322200383","INSEEDBAN":null,"COMDEL_BAN":null,"DATE_CREAT":"2023-12-08T13:42:59","DATE_MAJ":"2024-03-12T16:10:18","NOM_NORMA":"PORT DE MONTEBELLO","ID_BAN_ODO":null,"Nom_a_verifier":false,"other_tags":"nan"},"geometry":{"type":"MultiLineString","coordinates":[[[2.348813637798402,48.852280378109867],[2.348715409123443,48.85228883702333],[2.348470322968476,48.852380136285447],[2.348326482931939,48.852439609737935]],[[2.35153725909332,48.851347249770434],[2.351341709840295,48.851401050476369]],[[2.351341709840295,48.851401050476369],[2.351191521341905,48.851423619402816],[2.350335116362581,48.85168787968388],[2.34986982000248,48.851843638886933],[2.348813637798402,48.852280378109867]]]}},
{"type":"Feature","properties":{"ID":"VOIE_NOM0000002338742725","ID_BAN":"75105_1371","name":"Rue Buffon","INSEE_COM":"75105","NOM_COM":"Paris 5e Arrondissement","SRC_BAN":"commune","NOM_COLL":"R BUFFON","TYPE_VOIE":"rue","MOT_DIR":"Buffon","LD_BAN":null,"ID_SUPP":"TRONROUT0000000000199360/TRONROUT0000000000199361/TRONROUT0000000000199363/TRONROUT0000000000199378/TRONROUT0000000000200255","INSEEDBAN":null,"COMDEL_BAN":null,"DATE_CREAT":"2023-12-08T13:42:59","DATE_MAJ":"2024-03-12T16:10:18","NOM_NORMA":"R BUFFON","ID_BAN_ODO":null,"Nom_a_verifier":false,"other_tags":"\"wikipedia\"=>\"fr:Rue_Buffon_(Paris)\""},"geometry":{"type":"MultiLineString","coordinates":[[[2.355959769422451,48.841183196125655],[2.356759891872952,48.841378166157504],[2.357952238789325,48.841699348592108],[2.359112155723339,48.841999659902328]],[[2.359112155723339,48.841999659902328],[2.359340352356149,48.842057542047286]],[[2.362971064184451,48.842988883745925],[2.363159823254281,48.843041152328809],[2.36331334478308,48.843077943936919],[2.363813148452767,48.843211010266586],[2.363936992456507,48.843223360492289],[2.364159550333177,48.84318587109172]],[[2.359340352356149,48.842057542047286],[2.360972957722844,48.84247998077808],[2.361342392882198,48.842576386628629],[2.361379080507621,48.842584676741573]],[[2.361379080507621,48.842584676741573],[2.362002595785796,48.842739995774856],[2.362971064184451,48.842988883745925]]]}},
{"type":"Feature","properties":{"ID":"VOIE_NOM0000002338742752","ID_BAN":"75105_3630","name":"Rue des Feuillantines","INSEE_COM":"75105","NOM_COM":"Paris 5e Arrondissement","SRC_BAN":"commune","NOM_COLL":"R DES FEUILLANTINES","TYPE_VOIE":"rue","MOT_DIR":"Feuillantines","LD_BAN":null,"ID_SUPP":"TRONROUT0000000000199454/TRONROUT0000000000199456","INSEEDBAN":null,"COMDEL_BAN":null,"DATE_CREAT":"2023-12-08T13:42:59","DATE_MAJ":"2024-03-12T16:10:18","NOM_NORMA":"R DES FEUILLANTINES","ID_BAN_ODO":null,"Nom_a_verifier":false,"other_tags":"\"wikipedia\"=>\"fr:Rue_des_Feuillantines\""},"geometry":{"type":"MultiLineString","coordinates":[[[2.343601021437416,48.841232038192373],[2.343257678751424,48.841338976817696],[2.342496430121784,48.841630685988122],[2.3413008881962,48.842108866159535]],[[2.3413008881962,48.842108866159535],[2.341110653714448,48.842175270816107],[2.340860015463524,48.842277316915272],[2.340793015892535,48.842295834372422],[2.34073709799758,48.842300023042576],[2.340723507485584,48.842297250053491]]]}},
{"type":"Feature","properties":{"ID":"VOIE_NOM0000002338742766","ID_BAN":"75105_4154","name":"Place Georges Moustaki","INSEE_COM":"75105","NOM_COM":"Paris 5e Arrondissement","SRC_BAN":"commune","NOM_COLL":"PL GEORGES MOUSTAKI","TYPE_VOIE":"place","MOT_DIR":"Moustaki","LD_BAN":null,"ID_SUPP":"TRONROUT0000000000201123/TRONROUT0000000000201124/TRONROUT0000000000201126","INSEEDBAN":null,"COMDEL_BAN":null,"DATE_CREAT":"2023-12-08T13:42:59","DATE_MAJ":"2024-03-12T16:10:18","NOM_NORMA":"PL GEORGES MOUSTAKI","ID_BAN_ODO":null,"Nom_a_verifier":false,"other_tags":"nan"},"geometry":{"type":"MultiLineString","coordinates":[[[2.350153166514095,48.839395334433533],[2.350113556304394,48.839403213528904],[2.350061785501341,48.83940293225195],[2.350014214016146,48.839393680118008],[2.349968150740485,48.839372744412103],[2.349942545756922,48.839350121136299]],[[2.350010715856558,48.839237171542585],[2.350050258670356,48.839234688306874],[2.350095150099806,48.839240328406106],[2.350134524720591,48.839251334709367]],[[2.350134524720591,48.839251334709367],[2.350171051252754,48.839272218546306],[2.350193785771012,48.839306517930638],[2.350197435676302,48.839341613004635],[2.350179332212523,48.839372992446279],[2.350153166514095,48.839395334433533]]]}},
{"type":"Feature","properties":{"ID":"VOIE_NOM0000002338742875","ID_BAN":"75105_2724","name":"Rue Descartes","INSEE_COM":"75105","NOM_COM":"Paris 5e Arrondissement","SRC_BAN":"commune","NOM_COLL":"R DESCARTES","TYPE_VOIE":"rue","MOT_DIR":"Descartes","LD_BAN":null,"ID_SUPP":"TRONROUT0000000000197848/TRONROUT0000000000197852/TRONROUT0000000000197856/TRONROUT0000000000197859","INSEEDBAN":null,"COMDEL_BAN":null,"DATE_CREAT":"2023-12-08T13:42:59","DATE_MAJ":"2024-03-12T16:10:18","NOM_NORMA":"R DESCARTES","ID_BAN_ODO":null,"Nom_a_verifier":false,"other_tags":"\"wikipedia\"=>\"fr:Rue_Descartes_(Paris)\""},"geometry":{"type":"MultiLineString","coordinates":[[[2.349168942790943,48.845001109824139],[2.34911547397739,48.845245445051205],[2.349106186776724,48.845334431222163],[2.349130685974961,48.845554907827569],[2.349129158495525,48.845677212522837],[2.34908902927981,48.846162648645418]],[[2.348514865232174,48.847509461868576],[2.348541609050025,48.847441256220343],[2.348602305330778,48.847382229016574],[2.348616234809366,48.847358022165004],[2.348623744711647,48.847302302794908],[2.348613439704213,48.847254580659744],[2.348615251926847,48.847218616163538],[2.348641714458518,48.847172892923481],[2.348787509025358,48.847064864134943],[2.348853688651342,48.847003168556469],[2.348884530760771,48.846934085750462],[2.348981152341465,48.846617137687844]],[[2.349038789539315,48.846366529973047],[2.34908902927981,48.846162648645418]],[[2.348981152341465,48.846617137687844],[2.349038789539315,48.846366529973047]]]}},
{"type":"Feature","properties":{"ID":"VOIE_NOM0000002338742884","ID_BAN":"75105_4108","name":"Rue Geoffroy-Saint-Hilaire","INSEE_COM":"75105","NOM_COM":"Paris 5e Arrondissement","SRC_BAN":"commune","NOM_COLL":"R GEOFFROY-SAINT-HILAIRE","TYPE_VOIE":"rue","MOT_DIR":"Hilaire","LD_BAN":null,"ID_SUPP":"TRONROUT0000000000199381/TRONROUT0000000000199390/TRONROUT0000000000200254/TRONROUT0000000000200256/TRONROUT0000000000200257/TRONROUT0000000000200258/TRONROUT0000000000201091/TRONROUT0000000000201094","INSEEDBAN":null,"COMDEL_BAN":null,"DATE_CREAT":"2023-12-08T13:42:59","DATE_MAJ":"2024-03-12T16:10:18","NOM_NORMA":"R GEOFFROY-SAINT-HILAIRE","ID_BAN_ODO":null,"Nom_a_verifier":false,"other_tags":"nan"},"geometry":{"type":"MultiLineString","coordinates":[[[2.357027308312343,48.838477355577268],[2.356925445491011,48.838782592180912]],[[2.356925445491011,48.838782592180912],[2.356909760340516,48.838839167856968],[2.356737546075617,48.839324798289418],[2.356600687483709,48.839705392820328]],[[2.355829501320546,48.841580912575843],[2.355513948882466,48.842417418941316],[2.355421000675983,48.842661544679231],[2.35529561319128,48.842994532307706],[2.355072973725997,48.843588709668616],[2.355006649983132,48.843662999095095]],[[2.355959769422451,48.841183196125655],[2.355850671595876,48.841521668616473]],[[2.355850671595876,48.841521668616473],[2.355829501320546,48.841580912575843]],[[2.356295358473943,48.839605719449523],[2.356354712068096,48.840095293011068]],[[2.356600687483709,48.839705392820328],[2.356528954566111,48.839776956123785],[2.356354712068096,48.840095293011068]],[[2.356354712068096,48.840095293011068],[2.356110994103154,48.840743322116786],[2.356077273722498,48.840825882057473],[2.355959769422451,48.841183196125655]]]}},
{"type":"Feature","properties":{"ID":"VOIE_NOM0000002338743036","ID_BAN":"75105_6180","name":"Impasse Maubert","INSEE_COM":"75105","NOM_COM":"Paris 5e Arrondissement","SRC_BAN":"commune","NOM_COLL":"IMP MAUBERT","TYPE_VOIE":"impasse","MOT_DIR":"Maubert","LD_BAN":null,"ID_SUPP":"TRONROUT0000000000195285","INSEEDBAN":null,"COMDEL_BAN":null,"DATE_CREAT":"2023-12-08T13:42:59","DATE_MAJ":"2024-03-12T16:10:18","NOM_NORMA":"IMP MAUBERT","ID_BAN_ODO":null,"Nom_a_verifier":false,"other_tags":"nan"},"geometry":{"type":"MultiLineString","coordinates":[[[2.3492250874902,48.85119889342981],[2.349752435510432,48.851093837838569]]]}},
{"type":"Feature","properties":{"ID":"VOIE_NOM0000002338743054","ID_BAN":"75105_7749","name":"Passage des Postes","INSEE_COM":"75105","NOM_COM":"Paris 5e Arrondissement","SRC_BAN":"commune","NOM_COLL":"PAS DES POSTES","TYPE_VOIE":"passage","MOT_DIR":"Postes","LD_BAN":null,"ID_SUPP":"TRONROUT0000000000200311","INSEEDBAN":null,"COMDEL_BAN":null,"DATE_CREAT":"2023-12-08T13:42:59","DATE_MAJ":"2024-03-12T16:10:18","NOM_NORMA":"PAS DES POSTES","ID_BAN_ODO":null,"Nom_a_verifier":false,"other_tags":"nan"},"geometry":{"type":"MultiLineString","coordinates":[[[2.349629123992715,48.841101279155069],[2.349400291235753,48.841095538005916],[2.348885864296265,48.841046871530445],[2.348879052134517,48.841046834451745],[2.348861351749135,48.841045838742417],[2.348801449672027,48.841041915212699],[2.348653045711935,48.841033012978365],[2.348564543836842,48.841028034238256]]]}},
{"type":"Feature","properties":{"ID":"VOIE_NOM0000002338743065","ID_BAN":"75105_4649","name":"Boulevard de l'Hôpital","INSEE_COM":"75105","NOM_COM":"Paris 5e Arrondissement","SRC_BAN":"commune","NOM_COLL":"BD DE L'HOPITAL","TYPE_VOIE":"boulevard","MOT_DIR":"Hôpital","LD_BAN":null,"ID_SUPP":"TRONROUT0000000000198547/TRONROUT0000000000199347/TRONROUT0000000000199348/TRONROUT0000000000199350/TRONROUT0000000000199352/TRONROUT0000000000199358/TRONROUT0000000000200242/TRONROUT0000000000200244/TRONROUT0000000000200250/TRONROUT0000002009746792/TRON","INSEEDBAN":null,"COMDEL_BAN":null,"DATE_CREAT":"2023-12-08T13:42:59","DATE_MAJ":"2024-04-24T20:41:02","NOM_NORMA":"BD DE L'HOPITAL","ID_BAN_ODO":null,"Nom_a_verifier":false,"other_tags":"nan"},"geometry":{"type":"MultiLineString","coordinates":[[[2.362104545599138,48.840421983226726],[2.362207867099958,48.840552042457325],[2.362301773177973,48.840672158394753]],[[2.362301773177973,48.840672158394753],[2.362335316669153,48.840714607270648],[2.362516263274441,48.840959299042794]],[[2.363181228359492,48.841846914088386],[2.363364951730969,48.842088021620867],[2.363506934517533,48.842288435456574],[2.363564576168041,48.842366087233785]],[[2.363623558499849,48.842445544831918],[2.363852863834643,48.842748050501825]],[[2.363564576168041,48.842366087233785],[2.363623558499849,48.842445544831918]],[[2.362516263274441,48.840959299042794],[2.362578000279581,48.841036073864977],[2.362660031045232,48.841124648487614],[2.36286651521755,48.841398255279849],[2.363181228359492,48.841846914088386]],[[2.362036152046526,48.840332581522908],[2.362104545599138,48.840421983226726]],[[2.361967747719733,48.840244079077593],[2.362036152046526,48.840332581522908]],[[2.361967747719733,48.840244079077593],[2.361851023546484,48.840095960826936],[2.361773281213604,48.839991219886059]],[[2.364575573974609,48.843708811380218],[2.364521819460978,48.843647369337013],[2.364422540645462,48.84352003208901],[2.364159550333177,48.84318587109172]],[[2.364159550333177,48.84318587109172],[2.364065745176539,48.84305676385641],[2.36396269942285,48.842903324649932]],[[2.363852863834643,48.842748050501825],[2.36396269942285,48.842903324649932]]]}},
{"type":"Feature","properties":{"ID":"VOIE_NOM0000002338743086","ID_BAN":"75105_7034","name":"Place du Panthéon","INSEE_COM":"75105","NOM_COM":"Paris 5e Arrondissement","SRC_BAN":"commune","NOM_COLL":"PL DU PANTHEON","TYPE_VOIE":"place","MOT_DIR":"Panthéon","LD_BAN":null,"ID_SUPP":"TRONROUT0000000000197854/TRONROUT0000000000197857/TRONROUT0000000000197861/TRONROUT0000000000197862/TRONROUT0000000000197863/TRONROUT0000000000197864/TRONROUT0000000000197868/TRONROUT0000000000197870","INSEEDBAN":null,"COMDEL_BAN":null,"DATE_CREAT":"2023-12-08T13:42:59","DATE_MAJ":"2024-03-12T16:10:18","NOM_NORMA":"PL DU PANTHEON","ID_BAN_ODO":null,"Nom_a_verifier":false,"other_tags":"nan"},"geometry":{"type":"MultiLineString","coordinates":[[[2.345909073345572,48.845689329378573],[2.346874934457875,48.845492250065398]],[[2.345909073345572,48.845689329378573],[2.3450469967023,48.84586808254663],[2.344798264968226,48.845926078387926]],[[2.346406036399659,48.846699328761062],[2.345342763690089,48.846947134713517]],[[2.347223461292693,48.846496039545187],[2.347194599395679,48.846515667978466],[2.347150749145487,48.846535214615692],[2.346975776032205,48.846579227667426]],[[2.344798264968226,48.845926078387926],[2.344841850151693,48.846036039053665],[2.344846916014737,48.846066645048609],[2.344841103984466,48.846095392752247],[2.344708036291298,48.846274536025291],[2.344606940207266,48.846403490110646],[2.344477059865922,48.846545776786407]],[[2.346975776032205,48.846579227667426],[2.347569139248756,48.846748846511368]],[[2.345342763690089,48.846947134713517],[2.345254697281733,48.84679825843731],[2.344688841372244,48.846608992838782],[2.344477059865922,48.846545776786407]],[[2.346975776032205,48.846579227667426],[2.346406036399659,48.846699328761062]]]}},
{"type":"Feature","properties":{"ID":"VOIE_NOM0000002338743111","ID_BAN":"75105_4499","name":"Rue du Haut Pavé","INSEE_COM":"75105","NOM_COM":"Paris 5e Arrondissement","SRC_BAN":"commune","NOM_COLL":"R DU HAUT PAVE","TYPE_VOIE":"rue","MOT_DIR":"Pavé","LD_BAN":null,"ID_SUPP":"TRONROUT0000000000195277","INSEEDBAN":null,"COMDEL_BAN":null,"DATE_CREAT":"2023-12-08T13:42:59","DATE_MAJ":"2024-03-12T16:10:18","NOM_NORMA":"R DU HAUT PAVE","ID_BAN_ODO":null,"Nom_a_verifier":false,"other_tags":"\"wikipedia\"=>\"fr:Rue_du_Haut-Pav%C3%A9\""},"geometry":{"type":"MultiLineString","coordinates":[[[2.349343784932876,48.851406390787183],[2.349383767764363,48.851478556656602],[2.349556043190412,48.851760991566323]]]}},
{"type":"Feature","properties":{"ID":"VOIE_NOM0000002338743129","ID_BAN":"75105_0006","name":"Rue de l'Abbé de l'Epée","INSEE_COM":"75105","NOM_COM":"Paris 5e Arrondissement","SRC_BAN":"commune","NOM_COLL":"R DE L'ABBE DE L'EPEE","TYPE_VOIE":"rue","MOT_DIR":"Epée","LD_BAN":null,"ID_SUPP":"TRONROUT0000000000198718/TRONROUT0000000000198720/TRONROUT0000000000198721/TRONROUT0000000000198734","INSEEDBAN":null,"COMDEL_BAN":null,"DATE_CREAT":"2023-12-08T13:42:59","DATE_MAJ":"2024-03-12T16:10:18","NOM_NORMA":"R DE L'ABBE DE L'EPEE","ID_BAN_ODO":null,"Nom_a_verifier":false,"other_tags":"\"wikipedia\"=>\"fr:Rue_de_l%27Abb%C3%A9-de-L%27%C3%89p%C3%A9e_(Paris)\""},"geometry":{"type":"MultiLineString","coordinates":[[[2.341548163883287,48.843351348932856],[2.342335512425195,48.843153323318681],[2.342500838450067,48.843117358205319],[2.342664518200126,48.843103867892161]],[[2.341548163883287,48.843351348932856],[2.341458954223486,48.843402121566264],[2.340544408362365,48.843637213542394]],[[2.3392768400867,48.843880242289181],[2.339319146145435,48.843875079762213],[2.339462448519399,48.843856984469355],[2.340127650655828,48.843729348555307],[2.340373549664305,48.843679440984658],[2.340544408362365,48.843637213542394]],[[2.340544408362365,48.843637213542394],[2.340569726903655,48.84368232124254],[2.340728246838067,48.84396919223159],[2.340754985086662,48.844009810889041],[2.341020755163894,48.844543697565499]]]}},
{"type":"Feature","properties":{"ID":"VOIE_NOM0000002338743138","ID_BAN":"75105_7059","name":"Rue de la Parcheminerie","INSEE_COM":"75105","NOM_COM":"Paris 5e Arrondissement","SRC_BAN":"commune","NOM_COLL":"R DE LA PARCHEMINERIE","TYPE_VOIE":"rue","MOT_DIR":"Parcheminerie","LD_BAN":null,"ID_SUPP":"TRONROUT0000000000195298/TRONROUT0000000000195301","INSEEDBAN":null,"COMDEL_BAN":null,"DATE_CREAT":"2023-12-08T13:42:59","DATE_MAJ":"2024-03-12T16:10:18","NOM_NORMA":"R DE LA PARCHEMINERIE","ID_BAN_ODO":null,"Nom_a_verifier":false,"other_tags":"\"wikipedia\"=>\"fr:Rue_de_la_Parcheminerie_(Paris)\""},"geometry":{"type":"MultiLineString","coordinates":[[[2.345890718677869,48.851385764373561],[2.344925796836122,48.851715945125257],[2.344850655533734,48.851730822757766]],[[2.344850655533734,48.851730822757766],[2.344772822689405,48.851742987536362],[2.344529343776608,48.851814501769674],[2.344166447780193,48.851953712045592]]]}},
{"type":"Feature","properties":{"ID":"VOIE_NOM0000002338743149","ID_BAN":"75105_9033","name":"Rue de la Sorbonne","INSEE_COM":"75105","NOM_COM":"Paris 5e Arrondissement","SRC_BAN":"commune","NOM_COLL":"R DE LA SORBONNE","TYPE_VOIE":"rue","MOT_DIR":"Sorbonne","LD_BAN":null,"ID_SUPP":"TRONROUT0000000000196192","INSEEDBAN":null,"COMDEL_BAN":null,"DATE_CREAT":"2023-12-08T13:42:59","DATE_MAJ":"2024-03-12T16:10:18","NOM_NORMA":"R DE LA SORBONNE","ID_BAN_ODO":null,"Nom_a_verifier":false,"other_tags":"\"wikipedia\"=>\"fr:Rue_de_la_Sorbonne\""},"geometry":{"type":"MultiLineString","coordinates":[[[2.342897315044643,48.848631718443578],[2.342902663507606,48.848639842044719],[2.343653661173407,48.849927347998943]]]}},
{"type":"Feature","properties":{"ID":"VOIE_NOM0000002338743188","ID_BAN":"75105_9751","name":"Rue Victor Cousin","INSEE_COM":"75105","NOM_COM":"Paris 5e Arrondissement","SRC_BAN":"commune","NOM_COLL":"R VICTOR COUSIN","TYPE_VOIE":"rue","MOT_DIR":"Cousin","LD_BAN":null,"ID_SUPP":"TRONROUT0000000000196931/TRONROUT0000000000196939","INSEEDBAN":null,"COMDEL_BAN":null,"DATE_CREAT":"2023-12-08T13:42:59","DATE_MAJ":"2024-03-12T16:10:18","NOM_NORMA":"R VICTOR COUSIN","ID_BAN_ODO":null,"Nom_a_verifier":false,"other_tags":"\"wikipedia\"=>\"fr:Rue_Victor-Cousin\""},"geometry":{"type":"MultiLineString","coordinates":[[[2.341950515834955,48.847097604034687],[2.342438862676042,48.847813481158234]],[[2.342438862676042,48.847813481158234],[2.342776060441908,48.848413407647698],[2.342781386180313,48.848423329848586]]]}},
{"type":"Feature","properties":{"ID":"VOIE_NOM0000002338743221","ID_BAN":"75105_1894","name":"Impasse Chartière","INSEE_COM":"75105","NOM_COM":"Paris 5e Arrondissement","SRC_BAN":"commune","NOM_COLL":"IMP CHARTIERE","TYPE_VOIE":"impasse","MOT_DIR":"Chartière","LD_BAN":null,"ID_SUPP":"TRONROUT0000000000196920/TRONROUT0000000000196921/TRONROUT0000000000196923","INSEEDBAN":null,"COMDEL_BAN":null,"DATE_CREAT":"2023-12-08T13:42:59","DATE_MAJ":"2024-03-12T16:10:18","NOM_NORMA":"IMP CHARTIERE","ID_BAN_ODO":null,"Nom_a_verifier":false,"other_tags":"nan"},"geometry":{"type":"MultiLineString","coordinates":[[[2.346270738771676,48.848577350431363],[2.346343023507577,48.848681171563797]],[[2.345751620087356,48.847594211889522],[2.346020263866502,48.848121805566024],[2.346100034846148,48.848280528682601]],[[2.346100034846148,48.848280528682601],[2.346270738771676,48.848577350431363]]]}},
{"type":"Feature","properties":{"ID":"VOIE_NOM0000002338743242","ID_BAN":"75105_4334","name":"Rue du Gril","INSEE_COM":"75105","NOM_COM":"Paris 5e Arrondissement","SRC_BAN":"commune","NOM_COLL":"R DU GRIL","TYPE_VOIE":"rue","MOT_DIR":"Gril","LD_BAN":null,"ID_SUPP":"TRONROUT0000000000200267","INSEEDBAN":null,"COMDEL_BAN":null,"DATE_CREAT":"2023-12-08T13:42:59","DATE_MAJ":"2024-03-12T16:10:18","NOM_NORMA":"R DU GRIL","ID_BAN_ODO":null,"Nom_a_verifier":false,"other_tags":"\"wikipedia\"=>\"fr:Rue_du_Gril\""},"geometry":{"type":"MultiLineString","coordinates":[[[2.354699311962403,48.841412935936106],[2.354842068459646,48.840887578340023]]]}},
{"type":"Feature","properties":{"ID":"VOIE_NOM0000002338743244","ID_BAN":"75105_7424","name":"Rue Pierre et Marie Curie","INSEE_COM":"75105","NOM_COM":"Paris 5e Arrondissement","SRC_BAN":"commune","NOM_COLL":"R PIERRE ET MARIE CURIE","TYPE_VOIE":"rue","MOT_DIR":"Curie","LD_BAN":null,"ID_SUPP":"TRONROUT0000000000198715","INSEEDBAN":null,"COMDEL_BAN":null,"DATE_CREAT":"2023-12-08T13:42:59","DATE_MAJ":"2024-03-12T16:10:18","NOM_NORMA":"R PIERRE ET MARIE CURIE","ID_BAN_ODO":null,"Nom_a_verifier":false,"other_tags":"\"wikipedia\"=>\"fr:Rue_Pierre-et-Marie-Curie\""},"geometry":{"type":"MultiLineString","coordinates":[[[2.342340451815439,48.844921496652887],[2.342886995699153,48.8448030861015],[2.344030613902886,48.844556641611682],[2.345233855689364,48.844335694667677]]]}},
{"type":"Feature","properties":{"ID":"VOIE_NOM0000002338743251","ID_BAN":"75105_5325","name":"Rue de Lanneau","INSEE_COM":"75105","NOM_COM":"Paris 5e Arrondissement","SRC_BAN":"commune","NOM_COLL":"R DE LANNEAU","TYPE_VOIE":"rue","MOT_DIR":"Lanneau","LD_BAN":null,"ID_SUPP":"TRONROUT0000000000196914/TRONROUT0000000000196922/TRONROUT0000000000196925","INSEEDBAN":null,"COMDEL_BAN":null,"DATE_CREAT":"2023-12-08T13:42:59","DATE_MAJ":"2024-03-12T16:10:18","NOM_NORMA":"R DE LANNEAU","ID_BAN_ODO":null,"Nom_a_verifier":false,"other_tags":"\"wikipedia\"=>\"fr:Rue_de_Lanneau\""},"geometry":{"type":"MultiLineString","coordinates":[[[2.346566432858769,48.848361321043413],[2.346270738771676,48.848577350431363]],[[2.347071213444796,48.848097866783903],[2.346621343701436,48.84832924402928]],[[2.346621343701436,48.84832924402928],[2.346566432858769,48.848361321043413]]]}},
{"type":"Feature","properties":{"ID":"VOIE_NOM0000002338743254","ID_BAN":"75105_8050","name":"Rue Rataud","INSEE_COM":"75105","NOM_COM":"Paris 5e Arrondissement","SRC_BAN":"commune","NOM_COLL":"R RATAUD","TYPE_VOIE":"rue","MOT_DIR":"Rataud","LD_BAN":null,"ID_SUPP":"TRONROUT0000000000199442/TRONROUT0000000000199444/TRONROUT0000000000199445/TRONROUT0000000000200315","INSEEDBAN":null,"COMDEL_BAN":null,"DATE_CREAT":"2023-12-08T13:42:59","DATE_MAJ":"2024-03-12T16:10:18","NOM_NORMA":"R RATAUD","ID_BAN_ODO":null,"Nom_a_verifier":false,"other_tags":"\"wikipedia\"=>\"fr:Rue_Rataud\""},"geometry":{"type":"MultiLineString","coordinates":[[[2.345185292261782,48.840609366957651],[2.345353959576185,48.84095744484862],[2.345600924109205,48.841472333078961],[2.345826579588104,48.841948431375293]],[[2.346299076222081,48.84219024495269],[2.346041596407725,48.842078215978283],[2.345894115464221,48.841995567579666],[2.345826579588104,48.841948431375293]],[[2.345826579588104,48.841948431375293],[2.345873381899338,48.842127660644422],[2.345881621142855,48.842231132489012],[2.345886405078927,48.842284221084839]],[[2.34729127399838,48.842604872899692],[2.347020199105754,48.842490073829147],[2.346444329622245,48.842233308676349],[2.346299076222081,48.84219024495269]]]}},
{"type":"Feature","properties":{"ID":"VOIE_NOM0000002338743277","ID_BAN":"75105_6702","name":"Rue de Navarre","INSEE_COM":"75105","NOM_COM":"Paris 5e Arrondissement","SRC_BAN":"commune","NOM_COLL":"R DE NAVARRE","TYPE_VOIE":"rue","MOT_DIR":"Navarre","LD_BAN":null,"ID_SUPP":"TRONROUT0000000000198654/TRONROUT0000000000198657/TRONROUT0000002101004706","INSEEDBAN":null,"COMDEL_BAN":null,"DATE_CREAT":"2023-12-08T13:42:59","DATE_MAJ":"2024-03-12T16:10:18","NOM_NORMA":"R DE NAVARRE","ID_BAN_ODO":null,"Nom_a_verifier":false,"other_tags":"\"wikipedia\"=>\"fr:Rue_de_Navarre\""},"geometry":{"type":"MultiLineString","coordinates":[[[2.352403373085163,48.844488938540394],[2.352869366896852,48.844380838758518],[2.353075364183697,48.844361267584766],[2.353133952526345,48.844361584392928],[2.35326047713257,48.844377557595138]],[[2.353570529364643,48.844427798840904],[2.353617433328182,48.844271563472432],[2.353703797516131,48.843680250385361]],[[2.35326047713257,48.844377557595138],[2.353309460899784,48.844383218559649],[2.353570529364643,48.844427798840904]]]}},
{"type":"Feature","properties":{"ID":"VOIE_NOM0000002338743290","ID_BAN":"75105_eo6qbs","name":"Voie H/5","INSEE_COM":"75105","NOM_COM":"Paris 5e Arrondissement","SRC_BAN":"commune","NOM_COLL":"VOI H/5","TYPE_VOIE":"voie","MOT_DIR":"H/5","LD_BAN":null,"ID_SUPP":"TRONROUT0000000000197844","INSEEDBAN":null,"COMDEL_BAN":null,"DATE_CREAT":"2023-12-08T13:42:59","DATE_MAJ":"2024-03-12T16:10:18","NOM_NORMA":"VOI H/5","ID_BAN_ODO":null,"Nom_a_verifier":false,"other_tags":"nan"},"geometry":{"type":"MultiLineString","coordinates":[[[2.350215657317354,48.845530227387279],[2.350296384092528,48.845503685008779],[2.350572762078505,48.845413450864775],[2.351046095796894,48.845264027473405]]]}},
{"type":"Feature","properties":{"ID":"VOIE_NOM0000002338743291","ID_BAN":"75105_1313","name":"Rue Broca","INSEE_COM":"75105","NOM_COM":"Paris 5e Arrondissement","SRC_BAN":"commune","NOM_COLL":"R BROCA","TYPE_VOIE":"rue","MOT_DIR":"Broca","LD_BAN":null,"ID_SUPP":"TRONROUT0000000000201129/TRONROUT0000000000201961/TRONROUT0000000000201964","INSEEDBAN":null,"COMDEL_BAN":null,"DATE_CREAT":"2023-12-08T13:42:59","DATE_MAJ":"2024-03-12T16:10:18","NOM_NORMA":"R BROCA","ID_BAN_ODO":null,"Nom_a_verifier":false,"other_tags":"\"wikipedia\"=>\"fr:Rue_Broca\""},"geometry":{"type":"MultiLineString","coordinates":[[[2.349235466294861,48.839018907491919],[2.34898666432358,48.838867359603107],[2.348830156765382,48.838744193971017],[2.3485473631924,48.83847824057802],[2.348295040934046,48.838281703665295],[2.348197738233668,48.838218217853338],[2.348094907609736,48.838160997395818],[2.347804927390275,48.838034404730827],[2.347656182783158,48.837944556334996],[2.347530564844909,48.837857531994906]],[[2.347140677077226,48.837331973066668],[2.347204323407687,48.837471722335955]],[[2.347204323407687,48.837471722335955],[2.347221549516967,48.837510489128668],[2.347225557697976,48.837516806571678],[2.347351421865972,48.837692869934479],[2.347530564844909,48.837857531994906]]]}},
{"type":"Feature","properties":{"ID":"VOIE_NOM0000002338743301","ID_BAN":"75105_7343","name":"Place du Petit Pont","INSEE_COM":"75105","NOM_COM":"Paris 5e Arrondissement","SRC_BAN":"commune","NOM_COLL":"PL DU PETIT PONT","TYPE_VOIE":"place","MOT_DIR":"Pont","LD_BAN":null,"ID_SUPP":"TRONROUT0000000000194461/TRONROUT0000000355959924","INSEEDBAN":null,"COMDEL_BAN":null,"DATE_CREAT":"2023-12-08T13:42:59","DATE_MAJ":"2024-03-12T16:10:18","NOM_NORMA":"PL DU PETIT PONT","ID_BAN_ODO":null,"Nom_a_verifier":false,"other_tags":"nan"},"geometry":{"type":"MultiLineString","coordinates":[[[2.346652944245485,48.852765043276449],[2.34667826123419,48.852811048607158]],[[2.34667826123419,48.852811048607158],[2.346812831680258,48.853056407768719]]]}},
{"type":"Feature","properties":{"ID":"VOIE_NOM0000002338743327","ID_BAN":"75105_2498","name":"Rue Cuvier","INSEE_COM":"75105","NOM_COM":"Paris 5e Arrondissement","SRC_BAN":"commune","NOM_COLL":"R CUVIER","TYPE_VOIE":"rue","MOT_DIR":"Cuvier","LD_BAN":null,"ID_SUPP":"TRONROUT0000000000197806/TRONROUT0000000000197813/TRONROUT0000000000198639/TRONROUT0000000000198641/TRONROUT0000000000198642/TRONROUT0000002335031099","INSEEDBAN":null,"COMDEL_BAN":null,"DATE_CREAT":"2023-12-08T13:42:59","DATE_MAJ":"2024-03-12T16:10:18","NOM_NORMA":"R CUVIER","ID_BAN_ODO":null,"Nom_a_verifier":false,"other_tags":"\"wikipedia\"=>\"fr:Rue_Cuvier_(Paris)\""},"geometry":{"type":"MultiLineString","coordinates":[[[2.354921400212138,48.843835216806987],[2.355247144501433,48.843938600661865],[2.355630343947867,48.844134027914428],[2.355658778846272,48.844148570843721],[2.355911990838625,48.844277643621439],[2.356159776220138,48.844404887915339]],[[2.356159776220138,48.844404887915339],[2.356869309395784,48.844767549203347]],[[2.358308843619981,48.845492968428061],[2.35954665504061,48.84611476301351],[2.360317175667934,48.846508307705022],[2.360803351551544,48.846754632353807],[2.360987538112927,48.846847350818003]],[[2.358308843619981,48.845492968428061],[2.358065068994546,48.845371146444521],[2.357986506587686,48.845332951761506]],[[2.356869309395784,48.844767549203347],[2.356912644052056,48.844789366802672],[2.356980360073035,48.844823007119061]],[[2.357986506587686,48.845332951761506],[2.357883595777471,48.845280236585516],[2.357767137322877,48.845221153071577],[2.356980360073035,48.844823007119061]]]}},
{"type":"Feature","properties":{"ID":"VOIE_NOM0000002338743371","ID_BAN":"75105_5268","name":"Rue Lagrange","INSEE_COM":"75105","NOM_COM":"Paris 5e Arrondissement","SRC_BAN":"commune","NOM_COLL":"R LAGRANGE","TYPE_VOIE":"rue","MOT_DIR":"Lagrange","LD_BAN":null,"ID_SUPP":"TRONROUT0000000000195267/TRONROUT0000000000195269/TRONROUT0000000000195279/TRONROUT0000000000195281/TRONROUT0000000000195282/TRONROUT0000000000196146","INSEEDBAN":null,"COMDEL_BAN":null,"DATE_CREAT":"2023-12-08T13:42:59","DATE_MAJ":"2024-03-12T16:10:18","NOM_NORMA":"R LAGRANGE","ID_BAN_ODO":null,"Nom_a_verifier":false,"other_tags":"\"wikipedia\"=>\"fr:Rue_Lagrange\""},"geometry":{"type":"MultiLineString","coordinates":[[[2.348664053922537,48.850400809754582],[2.348551799603757,48.850550391139372],[2.348504636452075,48.850616686711206],[2.348209042082031,48.851042270997397]],[[2.348001149893035,48.851319938656736],[2.348056614279532,48.851243795635639],[2.348153634380258,48.851113917629441],[2.348209042082031,48.851042270997397]],[[2.348120155108791,48.852156088332556],[2.348251418583501,48.852339372483712]],[[2.347741923497622,48.851670173869586],[2.347905867064182,48.851855435351325],[2.347912579353834,48.851863566131748],[2.348120155108791,48.852156088332556]],[[2.348001149893035,48.851319938656736],[2.347977578886265,48.851352187019522]],[[2.347977578886265,48.851352187019522],[2.347741923497622,48.851670173869586]]]}},
{"type":"Feature","properties":{"ID":"VOIE_NOM0000002338743386","ID_BAN":"75105_2169","name":"Rue Cochin","INSEE_COM":"75105","NOM_COM":"Paris 5e Arrondissement","SRC_BAN":"commune","NOM_COLL":"R COCHIN","TYPE_VOIE":"rue","MOT_DIR":"Cochin","LD_BAN":null,"ID_SUPP":"TRONROUT0000000000196099","INSEEDBAN":null,"COMDEL_BAN":null,"DATE_CREAT":"2023-12-08T13:42:59","DATE_MAJ":"2024-03-12T16:10:18","NOM_NORMA":"R COCHIN","ID_BAN_ODO":null,"Nom_a_verifier":false,"other_tags":"\"wikipedia\"=>\"fr:Rue_Cochin\""},"geometry":{"type":"MultiLineString","coordinates":[[[2.352273095409009,48.850256719450037],[2.35320872495771,48.849974886314556]]]}},
{"type":"Feature","properties":{"ID":"VOIE_NOM0000002338743394","ID_BAN":"75105_5868","name":"Rue des Lyonnais","INSEE_COM":"75105","NOM_COM":"Paris 5e Arrondissement","SRC_BAN":"commune","NOM_COLL":"R DES LYONNAIS","TYPE_VOIE":"rue","MOT_DIR":"Lyonnais","LD_BAN":null,"ID_SUPP":"TRONROUT0000000000201135","INSEEDBAN":null,"COMDEL_BAN":null,"DATE_CREAT":"2023-12-08T13:42:59","DATE_MAJ":"2024-03-12T16:10:18","NOM_NORMA":"R DES LYONNAIS","ID_BAN_ODO":null,"Nom_a_verifier":false,"other_tags":"\"wikipedia\"=>\"fr:Rue_des_Lyonnais\""},"geometry":{"type":"MultiLineString","coordinates":[[[2.345733741953926,48.838815435807483],[2.346648059080208,48.838372548867014],[2.347530564844909,48.837857531994906]]]}},
{"type":"Feature","properties":{"ID":"VOIE_NOM0000002338743417","ID_BAN":"75105_8420","name":"Impasse Royer-Collard","INSEE_COM":"75105","NOM_COM":"Paris 5e Arrondissement","SRC_BAN":"commune","NOM_COLL":"IMP ROYER-COLLARD","TYPE_VOIE":"impasse","MOT_DIR":"Collard","LD_BAN":null,"ID_SUPP":"TRONROUT0000000000197888","INSEEDBAN":null,"COMDEL_BAN":null,"DATE_CREAT":"2023-12-08T13:42:59","DATE_MAJ":"2024-03-12T16:10:18","NOM_NORMA":"IMP ROYER-COLLARD","ID_BAN_ODO":null,"Nom_a_verifier":false,"other_tags":"nan"},"geometry":{"type":"MultiLineString","coordinates":[[[2.340514857054299,48.845111105203188],[2.34075498327424,48.845518040639263],[2.34107400520553,48.845936202318413],[2.341121501487192,48.845951753040801],[2.341213973641515,48.845966652054784]]]}},
{"type":"Feature","properties":{"ID":"VOIE_NOM0000002338743423","ID_BAN":"75105_8884","name":"Rue Scipion","INSEE_COM":"75105","NOM_COM":"Paris 5e Arrondissement","SRC_BAN":"commune","NOM_COLL":"R SCIPION","TYPE_VOIE":"rue","MOT_DIR":"Scipion","LD_BAN":null,"ID_SUPP":"TRONROUT0000000000201106/TRONROUT0000000000201108","INSEEDBAN":null,"COMDEL_BAN":null,"DATE_CREAT":"2023-12-08T13:42:59","DATE_MAJ":"2024-03-12T16:10:18","NOM_NORMA":"R SCIPION","ID_BAN_ODO":null,"Nom_a_verifier":false,"other_tags":"\"wikipedia\"=>\"fr:Rue_Scipion\""},"geometry":{"type":"MultiLineString","coordinates":[[[2.353702877174867,48.838370402678464],[2.354385029894994,48.837635706943914]],[[2.353215133467756,48.838918178130257],[2.353592349028082,48.83849391791032],[2.353702877174867,48.838370402678464]]]}},
{"type":"Feature","properties":{"ID":"VOIE_NOM0000002338743453","ID_BAN":"75105_2046","name":"Rue du Cimetière Saint-Benoist","INSEE_COM":"75105","NOM_COM":"Paris 5e Arrondissement","SRC_BAN":"commune","NOM_COLL":"R DU CIMETIERE SAINT-BENOIST","TYPE_VOIE":"rue","MOT_DIR":"Benoist","LD_BAN":null,"ID_SUPP":"TRONROUT0000000000196926/TRONROUT0000000000196927","INSEEDBAN":null,"COMDEL_BAN":null,"DATE_CREAT":"2023-12-08T13:42:59","DATE_MAJ":"2024-03-12T16:10:18","NOM_NORMA":"R DU CIMETIERE SAINT-BENOIST","ID_BAN_ODO":null,"Nom_a_verifier":false,"other_tags":"\"wikipedia\"=>\"fr:Rue_du_Cimeti%C3%A8re-Saint-Benoist\""},"geometry":{"type":"MultiLineString","coordinates":[[[2.346100034846148,48.848280528682601],[2.345934638489624,48.848320995086958]],[[2.345934638489624,48.848320995086958],[2.345349594808629,48.848464390731742],[2.344505071414911,48.848652229439793],[2.344384809193175,48.848679450597849]]]}},
{"type":"Feature","properties":{"ID":"VOIE_NOM0000002338743480","ID_BAN":"75105_0584","name":"Cité d'Austerlitz","INSEE_COM":"75105","NOM_COM":"Paris 5e Arrondissement","SRC_BAN":"commune","NOM_COLL":"VLA AUSTERLITZ","TYPE_VOIE":"cité","MOT_DIR":"Austerlitz","LD_BAN":null,"ID_SUPP":"TRONROUT0000000000199354","INSEEDBAN":null,"COMDEL_BAN":null,"DATE_CREAT":"2023-12-08T13:42:59","DATE_MAJ":"2024-03-12T16:10:18","NOM_NORMA":"CITE D'AUSTERLITZ","ID_BAN_ODO":null,"Nom_a_verifier":false,"other_tags":"nan"},"geometry":{"type":"MultiLineString","coordinates":[[[2.362579295389002,48.842044265983425],[2.362328531390776,48.841714662374315]]]}},
{"type":"Feature","properties":{"ID":"VOIE_NOM0000002338743503","ID_BAN":"75105_3890","name":"Rue Fustel de Coulanges","INSEE_COM":"75105","NOM_COM":"Paris 5e Arrondissement","SRC_BAN":"commune","NOM_COLL":"R FUSTEL DE COULANGES","TYPE_VOIE":"rue","MOT_DIR":"Coulanges","LD_BAN":null,"ID_SUPP":"TRONROUT0000000000201177","INSEEDBAN":null,"COMDEL_BAN":null,"DATE_CREAT":"2023-12-08T13:42:59","DATE_MAJ":"2024-03-12T16:10:18","NOM_NORMA":"R FUSTEL DE COULANGES","ID_BAN_ODO":null,"Nom_a_verifier":false,"other_tags":"\"wikipedia\"=>\"fr:Rue_Fustel-de-Coulanges\""},"geometry":{"type":"MultiLineString","coordinates":[[[2.338616891425346,48.839620803006795],[2.339827685670704,48.839334297983328],[2.339965719440468,48.839300883780041]]]}},
{"type":"Feature","properties":{"ID":"VOIE_NOM0000002338743514","ID_BAN":"75105_3095","name":"Rue de l'Ecole Polytechnique","INSEE_COM":"75105","NOM_COM":"Paris 5e Arrondissement","SRC_BAN":"commune","NOM_COLL":"R DE L'ECOLE POLYTECHNIQUE","TYPE_VOIE":"rue","MOT_DIR":"Polytechnique","LD_BAN":null,"ID_SUPP":"TRONROUT0000000000196909","INSEEDBAN":null,"COMDEL_BAN":null,"DATE_CREAT":"2023-12-08T13:42:59","DATE_MAJ":"2024-03-12T16:10:18","NOM_NORMA":"R DE L'ECOLE POLYTECHNIQUE","ID_BAN_ODO":null,"Nom_a_verifier":false,"other_tags":"\"wikipedia\"=>\"fr:Rue_de_l%27%C3%89cole-Polytechnique\""},"geometry":{"type":"MultiLineString","coordinates":[[[2.347071213444796,48.848097866783903],[2.347219085714921,48.84804201410077],[2.348195340077163,48.847452860611455],[2.348381958036613,48.84734955153175]]]}},
{"type":"Feature","properties":{"ID":"VOIE_NOM0000002338743648","ID_BAN":"75105_5362","name":"Rue Larrey","INSEE_COM":"75105","NOM_COM":"Paris 5e Arrondissement","SRC_BAN":"commune","NOM_COLL":"R LARREY","TYPE_VOIE":"rue","MOT_DIR":"Larrey","LD_BAN":null,"ID_SUPP":"TRONROUT0000000000199399/TRONROUT0000000000199402/TRONROUT0000000000199405/TRONROUT0000000000199407/TRONROUT0000000000199408","INSEEDBAN":null,"COMDEL_BAN":null,"DATE_CREAT":"2023-12-08T13:42:59","DATE_MAJ":"2024-03-12T16:10:18","NOM_NORMA":"R LARREY","ID_BAN_ODO":null,"Nom_a_verifier":false,"other_tags":"\"wikipedia\"=>\"fr:Rue_Larrey_(Paris)\""},"geometry":{"type":"MultiLineString","coordinates":[[[2.353877422291158,48.841325758128711],[2.353751405752022,48.84181882779437],[2.353672690207644,48.842123286534722]],[[2.353637078419256,48.842248105536463],[2.353672690207644,48.842123286534722]],[[2.352194264872115,48.843004759207112],[2.352717760319807,48.842983310073294]],[[2.353583653995173,48.842380922526857],[2.353637078419256,48.842248105536463]],[[2.352717760319807,48.842983310073294],[2.353264428707673,48.84296108456774],[2.353346255795994,48.842955231376727],[2.353395483696199,48.842941107674221],[2.353450697002279,48.842883846918866],[2.353543920940178,48.842508417291882],[2.353583653995173,48.842380922526857]]]}},
{"type":"Feature","properties":{"ID":"VOIE_NOM0000002338743692","ID_BAN":"75105_4434","name":"Rue Guy de la Brosse","INSEE_COM":"75105","NOM_COM":"Paris 5e Arrondissement","SRC_BAN":"commune","NOM_COLL":"R GUY DE LA BROSSE","TYPE_VOIE":"rue","MOT_DIR":"Brosse","LD_BAN":null,"ID_SUPP":"TRONROUT0000000000198661","INSEEDBAN":null,"COMDEL_BAN":null,"DATE_CREAT":"2023-12-08T13:42:59","DATE_MAJ":"2024-03-12T16:10:18","NOM_NORMA":"R GUY DE LA BROSSE","ID_BAN_ODO":null,"Nom_a_verifier":false,"other_tags":"\"wikipedia\"=>\"fr:Rue_Guy-de-La-Brosse\""},"geometry":{"type":"MultiLineString","coordinates":[[[2.355967550011144,48.845515462473202],[2.354890091399157,48.844823445534885],[2.354735119068353,48.844793830229477]]]}},
{"type":"Feature","properties":{"ID":"VOIE_NOM0000002338743732","ID_BAN":"75105_3900","name":"Avenue Georges Bernanos","INSEE_COM":"75105","NOM_COM":"Paris 5e Arrondissement","SRC_BAN":"commune","NOM_COLL":"AV GEORGES BERNANOS","TYPE_VOIE":"avenue","MOT_DIR":"Bernanos","LD_BAN":null,"ID_SUPP":"TRONROUT0000000000200369","INSEEDBAN":null,"COMDEL_BAN":null,"DATE_CREAT":"2023-12-08T13:42:59","DATE_MAJ":"2024-03-12T16:10:18","NOM_NORMA":"AV GEORGES BERNANOS","ID_BAN_ODO":null,"Nom_a_verifier":false,"other_tags":"nan"},"geometry":{"type":"MultiLineString","coordinates":[[[2.337263427084164,48.839553953877193],[2.337460653411671,48.840759297269841],[2.337457448428946,48.840797052863159],[2.337442141664472,48.840822150313677],[2.337403776546888,48.840839025756154],[2.337256165772474,48.840875082026251]]]}},
{"type":"Feature","properties":{"ID":"VOIE_NOM0000002338743733","ID_BAN":"75105_2094","name":"Rue de la Clef","INSEE_COM":"75105","NOM_COM":"Paris 5e Arrondissement","SRC_BAN":"commune","NOM_COLL":"R DE LA CLEF","TYPE_VOIE":"rue","MOT_DIR":"Clef","LD_BAN":null,"ID_SUPP":"TRONROUT0000000000198658/TRONROUT0000000000199396/TRONROUT0000000000199397/TRONROUT0000000000199403/TRONROUT0000000000199404/TRONROUT0000000000200262/TRONROUT0000000000201100","INSEEDBAN":null,"COMDEL_BAN":null,"DATE_CREAT":"2023-12-08T13:42:59","DATE_MAJ":"2024-03-12T16:10:18","NOM_NORMA":"R DE LA CLEF","ID_BAN_ODO":null,"Nom_a_verifier":false,"other_tags":"\"wikipedia\"=>\"fr:Rue_de_la_Clef_(Paris)\""},"geometry":{"type":"MultiLineString","coordinates":[[[2.353066899491215,48.840432806143646],[2.353108419377021,48.840380867558842],[2.353169537528267,48.840286764813037],[2.353424046775973,48.839869936295763],[2.353778383522632,48.839313345511243],[2.353963192630677,48.839022949472692]],[[2.35262242566741,48.841114817495253],[2.352875201273422,48.840728559400922],[2.352863508917751,48.840682628587452],[2.352821943794795,48.840628441883069]],[[2.35266870140089,48.8422158884607],[2.352645038301444,48.841707620344145],[2.35262242566741,48.841114817495253]],[[2.352756467910742,48.843706606412063],[2.352721155043878,48.843258533216321]],[[2.352721155043878,48.843258533216321],[2.352717760319807,48.842983310073294]],[[2.352700651514597,48.842715207555855],[2.35266870140089,48.8422158884607]],[[2.352717760319807,48.842983310073294],[2.352700651514597,48.842715207555855]]]}},
{"type":"Feature","properties":{"ID":"VOIE_NOM0000002338743743","ID_BAN":"75105_9032","name":"Place de la Sorbonne","INSEE_COM":"75105","NOM_COM":"Paris 5e Arrondissement","SRC_BAN":"commune","NOM_COLL":"PL DE LA SORBONNE","TYPE_VOIE":"place","MOT_DIR":"Sorbonne","LD_BAN":null,"ID_SUPP":"TRONROUT0000000000196184/TRONROUT0000000000196194/TRONROUT0000000000196929/TRONROUT0000000000196930/TRONROUT0000000000196935/TRONROUT0000000000196938","INSEEDBAN":null,"COMDEL_BAN":null,"DATE_CREAT":"2023-12-08T13:42:59","DATE_MAJ":"2024-03-12T16:10:18","NOM_NORMA":"PL DE LA SORBONNE","ID_BAN_ODO":null,"Nom_a_verifier":false,"other_tags":"nan"},"geometry":{"type":"MultiLineString","coordinates":[[[2.341787156806109,48.848918806930307],[2.341981343971578,48.848865014225709],[2.342354478457394,48.848777129986836]],[[2.342257730389248,48.848560752104738],[2.342509304895372,48.848494682992495],[2.342781386180313,48.848423329848586]],[[2.342781386180313,48.848423329848586],[2.342897315044643,48.848631718443578]],[[2.341661727403766,48.8487076669402],[2.34190234555127,48.848646035609399],[2.342257730389248,48.848560752104738]],[[2.342257730389248,48.848560752104738],[2.342295850542638,48.848671582769349],[2.342354478457394,48.848777129986836]],[[2.342354478457394,48.848777129986836],[2.342591030900466,48.848713676212512],[2.342897315044643,48.848631718443578]]]}},
{"type":"Feature","properties":{"ID":"VOIE_NOM0000002338743772","ID_BAN":"75105_6023","name":"Rue du Marché des Patriarches","INSEE_COM":"75105","NOM_COM":"Paris 5e Arrondissement","SRC_BAN":"commune","NOM_COLL":"R DU MARCHE DES PATRIARCHES","TYPE_VOIE":"rue","MOT_DIR":"Patriarches","LD_BAN":null,"ID_SUPP":"TRONROUT0000000000200276","INSEEDBAN":null,"COMDEL_BAN":null,"DATE_CREAT":"2023-12-08T13:42:59","DATE_MAJ":"2024-03-12T16:10:18","NOM_NORMA":"R DU MARCHE DES PATRIARCHES","ID_BAN_ODO":null,"Nom_a_verifier":false,"other_tags":"\"wikipedia\"=>\"fr:Rue_du_March%C3%A9-des-Patriarches\""},"geometry":{"type":"MultiLineString","coordinates":[[[2.351189394262041,48.840977545322666],[2.351098980607288,48.840688359062781],[2.351070418107239,48.840574884235927],[2.351060179372116,48.840521766202592],[2.351074318615192,48.84048047214862],[2.351163804983829,48.84040631031867]]]}},
{"type":"Feature","properties":{"ID":"VOIE_NOM0000002338743807","ID_BAN":"75105_7102","name":"Passage des Patriarches","INSEE_COM":"75105","NOM_COM":"Paris 5e Arrondissement","SRC_BAN":"commune","NOM_COLL":"PAS DES PATRIARCHES","TYPE_VOIE":"passage","MOT_DIR":"Patriarches","LD_BAN":null,"ID_SUPP":"TRONROUT0000000000200271/TRONROUT0000000353682369","INSEEDBAN":null,"COMDEL_BAN":null,"DATE_CREAT":"2023-12-08T13:42:59","DATE_MAJ":"2024-03-12T16:10:18","NOM_NORMA":"PAS DES PATRIARCHES","ID_BAN_ODO":null,"Nom_a_verifier":false,"other_tags":"nan"},"geometry":{"type":"MultiLineString","coordinates":[[[2.349629123992715,48.841101279155069],[2.349913670776278,48.841119014381377]],[[2.349913670776278,48.841119014381377],[2.350746920560862,48.841168507869973]]]}},
{"type":"Feature","properties":{"ID":"VOIE_NOM0000002338743819","ID_BAN":"75105_9379","name":"Port de la Tournelle","INSEE_COM":"75105","NOM_COM":"Paris 5e Arrondissement","SRC_BAN":"commune","NOM_COLL":"PORT DE LA TOURNELLE","TYPE_VOIE":"port","MOT_DIR":"Tournelle","LD_BAN":null,"ID_SUPP":"TRONROUT0000000000196081/TRONROUT0000000353682360/TRONROUT0000000353682362/TRONROUT0000002009790378/TRONROUT0000002203970926/TRONROUT0000002322200386/TRONROUT0000002322200387/TRONROUT0000002322200388/TRONROUT0000002322200389/TRONROUT0000002322200390/TRON","INSEEDBAN":null,"COMDEL_BAN":null,"DATE_CREAT":"2023-12-08T13:42:59","DATE_MAJ":"2024-04-22T21:16:23","NOM_NORMA":"PORT DE LA TOURNELLE","ID_BAN_ODO":null,"Nom_a_verifier":false,"other_tags":"nan"},"geometry":{"type":"MultiLineString","coordinates":[[[2.357757365928426,48.849441788389647],[2.35734686208529,48.849578085024085]],[[2.358963438990631,48.848994980730929],[2.358686326098372,48.849144587589322],[2.358037873067906,48.849348861372476],[2.357757365928426,48.849441788389647]],[[2.356471062675055,48.849541900131044],[2.356442924472051,48.849503076452571]],[[2.35734686208529,48.849578085024085],[2.356997919924081,48.849694925269183],[2.355452019289312,48.850179454472794],[2.355356721246878,48.850171746205561]],[[2.355356721246878,48.850171746205561],[2.355362388997236,48.850044068172984],[2.355607440968931,48.849953653898915],[2.356087625912826,48.849803348569509],[2.356446131668258,48.849684763704488],[2.356517278676209,48.849661763106901],[2.356531060727464,48.849649246240197],[2.356531360551903,48.849624965229985],[2.35652332896736,48.849613230401332],[2.356471062675055,48.849541900131044]],[[2.355356721246878,48.850171746205561],[2.35485039501933,48.850341693459249],[2.354837485162192,48.850393786492994],[2.354660819932678,48.850463882863366],[2.354612357639795,48.850525677018879],[2.353869567336034,48.850751903131382]],[[2.353869567336034,48.850751903131382],[2.353436636032328,48.850826908996481]],[[2.353146516539298,48.850704827196111],[2.354005627610995,48.850439661978264],[2.354124866237979,48.850604887838806],[2.353436636032328,48.850826908996481]],[[2.353146516539298,48.850704827196111],[2.352315879130646,48.85098093263592],[2.352368732677558,48.85111432336813]],[[2.353869567336034,48.850751903131382],[2.352649392214236,48.851120338963952],[2.35204558207404,48.851237584214289],[2.351683471003763,48.851315665308597]],[[2.353054366936155,48.85055323717603],[2.353082380374016,48.850601953866096]],[[2.352368732677558,48.85111432336813],[2.352539248468937,48.851100856521121],[2.352733320960182,48.851056039423511],[2.352967246219774,48.850984456864076],[2.353436636032328,48.850826908996481]],[[2.353082380374016,48.850601953866096],[2.353146516539298,48.850704827196111]],[[2.351683471003763,48.851315665308597],[2.35153725909332,48.851347249770434]],[[2.351683471003763,48.851315665308597],[2.351805411419297,48.851263264003791],[2.352016195382943,48.851189759224333],[2.352159748249095,48.851152763645857],[2.352368732677558,48.85111432336813]]]}},
{"type":"Feature","properties":{"ID":"VOIE_NOM0000002338743888","ID_BAN":"75105_3921","name":"Rue Galande","INSEE_COM":"75105","NOM_COM":"Paris 5e Arrondissement","SRC_BAN":"commune","NOM_COLL":"R GALANDE","TYPE_VOIE":"rue","MOT_DIR":"Galande","LD_BAN":null,"ID_SUPP":"TRONROUT0000000000195264/TRONROUT0000000000195290/TRONROUT0000000000195303/TRONROUT0000002341438953/TRONROUT0000002341438954","INSEEDBAN":null,"COMDEL_BAN":null,"DATE_CREAT":"2023-12-08T13:42:59","DATE_MAJ":"2024-03-12T16:10:18","NOM_NORMA":"R GALANDE","ID_BAN_ODO":null,"Nom_a_verifier":false,"other_tags":"\"wikipedia\"=>\"fr:Rue_Galande\""},"geometry":{"type":"MultiLineString","coordinates":[[[2.347764816638596,48.85125659502642],[2.348027365023969,48.851076356049973],[2.348033479644113,48.851023327361894]],[[2.347764816638596,48.85125659502642],[2.347837095967736,48.851252492237109],[2.348001149893035,48.851319938656736]],[[2.346316991283815,48.852168734679395],[2.346632862747855,48.852084121834899]],[[2.347257722886205,48.851484964118484],[2.347404117976844,48.851438996180349],[2.347681207912308,48.851294811529577],[2.347764816638596,48.85125659502642]],[[2.346632862747855,48.852084121834899],[2.346715360326886,48.851917292188503],[2.346841396525047,48.851756096277718],[2.347014867525833,48.851615844279593],[2.347257722886205,48.851484964118484]]]}},
{"type":"Feature","properties":{"ID":"VOIE_NOM0000002338743895","ID_BAN":"75105_7886","name":"Place du Puits de l'Ermite","INSEE_COM":"75105","NOM_COM":"Paris 5e Arrondissement","SRC_BAN":"commune","NOM_COLL":"PL DU PUITS DE L'ERMITE","TYPE_VOIE":"place","MOT_DIR":"Ermite","LD_BAN":null,"ID_SUPP":"TRONROUT0000000000199393/TRONROUT0000000000199400","INSEEDBAN":null,"COMDEL_BAN":null,"DATE_CREAT":"2023-12-08T13:42:59","DATE_MAJ":"2024-03-12T16:10:18","NOM_NORMA":"PL DU PUITS DE L'ERMITE","ID_BAN_ODO":null,"Nom_a_verifier":false,"other_tags":"nan"},"geometry":{"type":"MultiLineString","coordinates":[[[2.353672690207644,48.842123286534722],[2.354521095157628,48.842270865984119]],[[2.354488032023899,48.842410088762875],[2.354226605167846,48.84239518737958],[2.353583653995173,48.842380922526857]]]}},
{"type":"Feature","properties":{"ID":"VOIE_NOM0000002338743954","ID_BAN":"75105_4811","name":"Passage Jaillot","INSEE_COM":"75105","NOM_COM":"Paris 5e Arrondissement","SRC_BAN":"commune","NOM_COLL":"PAS JAILLOT","TYPE_VOIE":"passage","MOT_DIR":"Jaillot","LD_BAN":null,"ID_SUPP":"TRONROUT0000000000198676/TRONROUT0000000000198683","INSEEDBAN":null,"COMDEL_BAN":null,"DATE_CREAT":"2023-12-08T13:42:59","DATE_MAJ":"2024-03-12T16:10:18","NOM_NORMA":"PAS JAILLOT","ID_BAN_ODO":null,"Nom_a_verifier":false,"other_tags":"nan"},"geometry":{"type":"MultiLineString","coordinates":[[[2.350852258081316,48.843431876454865],[2.350837334828718,48.843207854331588]],[[2.350851772364219,48.843580268528498],[2.350852258081316,48.843431876454865]]]}},
{"type":"Feature","properties":{"ID":"VOIE_NOM0000002338743989","ID_BAN":"75105_8813","name":"Rue Santeuil","INSEE_COM":"75105","NOM_COM":"Paris 5e Arrondissement","SRC_BAN":"commune","NOM_COLL":"R SANTEUIL","TYPE_VOIE":"rue","MOT_DIR":"Santeuil","LD_BAN":null,"ID_SUPP":"TRONROUT0000000000201101","INSEEDBAN":null,"COMDEL_BAN":null,"DATE_CREAT":"2023-12-08T13:42:59","DATE_MAJ":"2024-03-12T16:10:18","NOM_NORMA":"R SANTEUIL","ID_BAN_ODO":null,"Nom_a_verifier":false,"other_tags":"\"wikipedia\"=>\"fr:Rue_Santeuil_(Paris)\""},"geometry":{"type":"MultiLineString","coordinates":[[[2.354862160894271,48.839264334205069],[2.354817707362014,48.839333345545988],[2.354664827159493,48.8395762487323],[2.354074073897711,48.84052009092899],[2.353985106753382,48.840662609367534]]]}},
{"type":"Feature","properties":{"ID":"VOIE_NOM0000002338743996","ID_BAN":"75105_2151","name":"Rue Clovis","INSEE_COM":"75105","NOM_COM":"Paris 5e Arrondissement","SRC_BAN":"commune","NOM_COLL":"R CLOVIS","TYPE_VOIE":"rue","MOT_DIR":"Clovis","LD_BAN":null,"ID_SUPP":"TRONROUT0000000000197846/TRONROUT0000000000197847","INSEEDBAN":null,"COMDEL_BAN":null,"DATE_CREAT":"2023-12-08T13:42:59","DATE_MAJ":"2024-03-12T16:10:18","NOM_NORMA":"R CLOVIS","ID_BAN_ODO":null,"Nom_a_verifier":false,"other_tags":"\"wikipedia\"=>\"fr:Rue_Clovis_(Paris)\""},"geometry":{"type":"MultiLineString","coordinates":[[[2.34908902927981,48.846162648645418],[2.34988361342755,48.846041058742131],[2.35058947058043,48.845931573011569]],[[2.34908902927981,48.846162648645418],[2.348648066211467,48.846228600025228],[2.348104616838111,48.846317374740423],[2.347550219999617,48.846409684727242],[2.347457396172683,48.846422668868101],[2.347371272544652,48.846444683085558],[2.347223461292693,48.846496039545187]]]}},
{"type":"Feature","properties":{"ID":"VOIE_NOM0000002338744019","ID_BAN":"75105_7103","name":"Rue des Patriarches","INSEE_COM":"75105","NOM_COM":"Paris 5e Arrondissement","SRC_BAN":"commune","NOM_COLL":"R DES PATRIARCHES","TYPE_VOIE":"rue","MOT_DIR":"Patriarches","LD_BAN":null,"ID_SUPP":"TRONROUT0000000000200282/TRONROUT0000000000200286/TRONROUT0000000000200289/TRONROUT0000000000200297","INSEEDBAN":null,"COMDEL_BAN":null,"DATE_CREAT":"2023-12-08T13:42:59","DATE_MAJ":"2024-03-12T16:10:18","NOM_NORMA":"R DES PATRIARCHES","ID_BAN_ODO":null,"Nom_a_verifier":false,"other_tags":"\"wikipedia\"=>\"fr:Rue_des_Patriarches\""},"geometry":{"type":"MultiLineString","coordinates":[[[2.35058102252878,48.840485889400746],[2.350550083818253,48.840344521224544],[2.350550088514924,48.840234798781736]],[[2.350838713851529,48.841565625382387],[2.350746920560862,48.841168507869973]],[[2.350714551344258,48.841032528246693],[2.350611983816777,48.84062545894426],[2.35058102252878,48.840485889400746]],[[2.350746920560862,48.841168507869973],[2.350714551344258,48.841032528246693]]]}},
{"type":"Feature","properties":{"ID":"VOIE_NOM0000002338744112","ID_BAN":"75105_2884","name":"Rue Dolomieu","INSEE_COM":"75105","NOM_COM":"Paris 5e Arrondissement","SRC_BAN":"commune","NOM_COLL":"R DOLOMIEU","TYPE_VOIE":"rue","MOT_DIR":"Dolomieu","LD_BAN":null,"ID_SUPP":"TRONROUT0000000000199428","INSEEDBAN":null,"COMDEL_BAN":null,"DATE_CREAT":"2023-12-08T13:42:59","DATE_MAJ":"2024-03-12T16:10:18","NOM_NORMA":"R DOLOMIEU","ID_BAN_ODO":null,"Nom_a_verifier":false,"other_tags":"\"wikipedia\"=>\"fr:Rue_Dolomieu\""},"geometry":{"type":"MultiLineString","coordinates":[[[2.352151584693829,48.842711335979608],[2.352700651514597,48.842715207555855]]]}},
{"type":"Feature","properties":{"ID":"VOIE_NOM0000002338744131","ID_BAN":"75105_1053","name":"Impasse des Boeufs","INSEE_COM":"75105","NOM_COM":"Paris 5e Arrondissement","SRC_BAN":"commune","NOM_COLL":"IMP DES BOEUFS","TYPE_VOIE":"impasse","MOT_DIR":"Boeufs","LD_BAN":null,"ID_SUPP":"TRONROUT0000000000196913","INSEEDBAN":null,"COMDEL_BAN":null,"DATE_CREAT":"2023-12-08T13:42:59","DATE_MAJ":"2024-03-12T16:10:18","NOM_NORMA":"IMP DES BOEUFS","ID_BAN_ODO":null,"Nom_a_verifier":false,"other_tags":"nan"},"geometry":{"type":"MultiLineString","coordinates":[[[2.347071213444796,48.848097866783903],[2.347191990629046,48.848138097624307],[2.347458466840984,48.848187217317502],[2.347581417781234,48.84816270581009],[2.34786574268121,48.848092307253893]]]}},
{"type":"Feature","properties":{"ID":"VOIE_NOM0000002338744134","ID_BAN":"75105_0893","name":"Place Bernard Halpern","INSEE_COM":"75105","NOM_COM":"Paris 5e Arrondissement","SRC_BAN":"commune","NOM_COLL":"PL BERNARD HALPERN","TYPE_VOIE":"place","MOT_DIR":"Halpern","LD_BAN":null,"ID_SUPP":"TRONROUT0000000000200300","INSEEDBAN":null,"COMDEL_BAN":null,"DATE_CREAT":"2023-12-08T13:42:59","DATE_MAJ":"2024-03-12T16:10:18","NOM_NORMA":"PL BERNARD HALPERN","ID_BAN_ODO":null,"Nom_a_verifier":false,"other_tags":"nan"},"geometry":{"type":"MultiLineString","coordinates":[[[2.350892665797046,48.840296915619199],[2.350782511975228,48.840280129281133],[2.350550088514924,48.840234798781736]]]}},
{"type":"Feature","properties":{"ID":"VOIE_NOM0000002338744136","ID_BAN":"75105_7566","name":"Rue de Poissy","INSEE_COM":"75105","NOM_COM":"Paris 5e Arrondissement","SRC_BAN":"commune","NOM_COLL":"R DE POISSY","TYPE_VOIE":"rue","MOT_DIR":"Poissy","LD_BAN":null,"ID_SUPP":"TRONROUT0000000000196092/TRONROUT0000000000196094/TRONROUT0000000000196893","INSEEDBAN":null,"COMDEL_BAN":null,"DATE_CREAT":"2023-12-08T13:42:59","DATE_MAJ":"2024-03-12T16:10:18","NOM_NORMA":"R DE POISSY","ID_BAN_ODO":null,"Nom_a_verifier":false,"other_tags":"\"wikipedia\"=>\"fr:Rue_de_Poissy_(Paris)\""},"geometry":{"type":"MultiLineString","coordinates":[[[2.353520893365606,48.850406465729264],[2.35320872495771,48.849974886314556]],[[2.352858909937404,48.849502631213731],[2.352566678112386,48.849112527979344],[2.351903152551206,48.848225766403125],[2.351645501389406,48.847905098300714]],[[2.35320872495771,48.849974886314556],[2.352858909937404,48.849502631213731]]]}},
{"type":"Feature","properties":{"ID":"VOIE_NOM0000002338744141","ID_BAN":"75105_8499","name":"Quai Saint-Bernard","INSEE_COM":"75105","NOM_COM":"Paris 5e Arrondissement","SRC_BAN":"commune","NOM_COLL":"QU SAINT-BERNARD","TYPE_VOIE":"quai","MOT_DIR":"Bernard","LD_BAN":null,"ID_SUPP":"TRONROUT0000000000196884/TRONROUT0000000000198569/TRONROUT0000000229738765/TRONROUT0000000353735135/TRONROUT0000002008441487/TRONROUT0000002009790381","INSEEDBAN":null,"COMDEL_BAN":null,"DATE_CREAT":"2023-12-08T13:42:59","DATE_MAJ":"2024-03-12T16:10:18","NOM_NORMA":"QU SAINT-BERNARD","ID_BAN_ODO":null,"Nom_a_verifier":false,"other_tags":"nan"},"geometry":{"type":"MultiLineString","coordinates":[[[2.361303611097193,48.846630494542602],[2.361669141696035,48.846380625031685],[2.363561319684973,48.845087534836175],[2.363664377653163,48.845017033651118],[2.363778423462088,48.844939395932784],[2.363944750111392,48.844820665533675]],[[2.360987538112927,48.846847350818003],[2.361303611097193,48.846630494542602]],[[2.357584023665685,48.84913237846942],[2.357504502399181,48.849171523156279],[2.357427772841473,48.849205286643048],[2.357314151876813,48.849246946128076],[2.35719098109436,48.849289453553638],[2.356790270839716,48.849405115715065]],[[2.358979942698544,48.848207232416847],[2.358112906731141,48.848788964718572],[2.357964501112927,48.848888896401839],[2.357939774174652,48.848904952132017],[2.35771717562445,48.849053949949507],[2.357584023665685,48.84913237846942]],[[2.360987538112927,48.846847350818003],[2.359533676818492,48.847836065261596]],[[2.359533676818492,48.847836065261596],[2.358979942698544,48.848207232416847]]]}},
{"type":"Feature","properties":{"ID":"VOIE_NOM0000002338744162","ID_BAN":"75105_4209","name":"Avenue des Gobelins","INSEE_COM":"75105","NOM_COM":"Paris 5e Arrondissement","SRC_BAN":"commune","NOM_COLL":"AV DES GOBELINS","TYPE_VOIE":"avenue","MOT_DIR":"Gobelins","LD_BAN":null,"ID_SUPP":"TRONROUT0000000000201113/TRONROUT0000000000201945/TRONROUT0000002009799079","INSEEDBAN":null,"COMDEL_BAN":null,"DATE_CREAT":"2023-12-08T13:42:59","DATE_MAJ":"2024-03-12T16:10:18","NOM_NORMA":"AV DES GOBELINS","ID_BAN_ODO":null,"Nom_a_verifier":false,"other_tags":"nan"},"geometry":{"type":"MultiLineString","coordinates":[[[2.350696015187118,48.838473734460081],[2.350719271880309,48.838575489044921],[2.350748000551115,48.838675474584178]],[[2.351870772035156,48.836804585637026],[2.351730918218125,48.836985499915478],[2.350993003503535,48.838038254264575]],[[2.350993003503535,48.838038254264575],[2.350696015187118,48.838473734460081]]]}},
{"type":"Feature","properties":{"ID":"VOIE_NOM0000002338744200","ID_BAN":"75105_8648","name":"Rue Saint-Jacques","INSEE_COM":"75105","NOM_COM":"Paris 5e Arrondissement","SRC_BAN":"commune","NOM_COLL":"R SAINT-JACQUES","TYPE_VOIE":"rue","MOT_DIR":"Jacques","LD_BAN":null,"ID_SUPP":"TRONROUT0000000000195300/TRONROUT0000000000195307/TRONROUT0000000000196166/TRONROUT0000000000196173/TRONROUT0000000000196176/TRONROUT0000000000196179/TRONROUT0000000000196937/TRONROUT0000000000196945/TRONROUT0000000000197879/TRONROUT0000000000197884/TRON","INSEEDBAN":null,"COMDEL_BAN":null,"DATE_CREAT":"2023-12-08T13:42:59","DATE_MAJ":"2024-03-12T16:10:18","NOM_NORMA":"R SAINT-JACQUES","ID_BAN_ODO":null,"Nom_a_verifier":false,"other_tags":"\"wikipedia\"=>\"fr:Rue_Saint-Jacques_(Paris)\""},"geometry":{"type":"MultiLineString","coordinates":[[[2.339709370667751,48.83888665982127],[2.339965719440468,48.839300883780041]],[[2.339965719440468,48.839300883780041],[2.339987096256935,48.839334278282266],[2.340248796576051,48.839756625264357],[2.340814479065417,48.840598851868407],[2.340815807363389,48.840601557283492]],[[2.3413008881962,48.842108866159535],[2.341253242371438,48.841674210947595],[2.341222625397032,48.84140153494058],[2.341187465069759,48.841272732178695],[2.34116369148787,48.841213243183191],[2.341156198960198,48.841159240038166]],[[2.342340451815439,48.844921496652887],[2.342676744998589,48.845591570272958]],[[2.342676744998589,48.845591570272958],[2.342952432262412,48.846097626060022]],[[2.341548163883287,48.843351348932856],[2.341885935531097,48.844010641620812],[2.342041114233648,48.844346957272371]],[[2.342041114233648,48.844346957272371],[2.342340451815439,48.844921496652887]],[[2.3413008881962,48.842108866159535],[2.341347453792086,48.842736878377103]],[[2.341347453792086,48.842736878377103],[2.341363653141145,48.84296450648101],[2.341387018627723,48.843056370164149],[2.341548163883287,48.843351348932856]],[[2.344749881617914,48.84934067997402],[2.34488577406675,48.849587848122091]],[[2.34488577406675,48.849587848122091],[2.345235026928287,48.850207618368081]],[[2.345890718677869,48.851385764373561],[2.346011959385813,48.851606769311978],[2.346316991283815,48.852168734679395]],[[2.345235026928287,48.850207618368081],[2.345582914115993,48.850828279090884]],[[2.345582914115993,48.850828279090884],[2.345890718677869,48.851385764373561]],[[2.344384809193175,48.848679450597849],[2.343658734620845,48.847360606940789]],[[2.344749881617914,48.84934067997402],[2.344384809193175,48.848679450597849]],[[2.342952432262412,48.846097626060022],[2.343345606701597,48.846796788902026]],[[2.343345606701597,48.846796788902026],[2.343658734620845,48.847360606940789]]]}},
{"type":"Feature","properties":{"ID":"VOIE_NOM0000002338744231","ID_BAN":"75105_5220","name":"Rue Lacépède","INSEE_COM":"75105","NOM_COM":"Paris 5e Arrondissement","SRC_BAN":"commune","NOM_COLL":"R LACEPEDE","TYPE_VOIE":"rue","MOT_DIR":"Lacépède","LD_BAN":null,"ID_SUPP":"TRONROUT0000000000198652/TRONROUT0000000000198655/TRONROUT0000000000198656/TRONROUT0000000000198660/TRONROUT0000000000198667/TRONROUT0000000000198670","INSEEDBAN":null,"COMDEL_BAN":null,"DATE_CREAT":"2023-12-08T13:42:59","DATE_MAJ":"2024-03-12T16:10:18","NOM_NORMA":"R LACEPEDE","ID_BAN_ODO":null,"Nom_a_verifier":false,"other_tags":"\"wikipedia\"=>\"fr:Rue_Lac%C3%A9p%C3%A8de\""},"geometry":{"type":"MultiLineString","coordinates":[[[2.354198575162478,48.843667633216477],[2.354507952144569,48.843662108031609],[2.355006649983132,48.843662999095095]],[[2.353703797516131,48.843680250385361],[2.353992837423271,48.843666522407716],[2.354198575162478,48.843667633216477]],[[2.349570067191699,48.844414209872703],[2.349709459466878,48.844381691286578],[2.350347673125561,48.844231367968128],[2.35051712941387,48.844191816806628],[2.350881973765359,48.844109257025742],[2.351229014764167,48.844033794476097],[2.351550099953973,48.843963586400783]],[[2.352304484939423,48.843784203354112],[2.351550099953973,48.843963586400783]],[[2.352756467910742,48.843706606412063],[2.35301558898725,48.843688222111204],[2.353703797516131,48.843680250385361]],[[2.352304484939423,48.843784203354112],[2.352756467910742,48.843706606412063]]]}},
{"type":"Feature","properties":{"ID":"VOIE_NOM0000002338744267","ID_BAN":"75105_9235","name":"Rue Thénard","INSEE_COM":"75105","NOM_COM":"Paris 5e Arrondissement","SRC_BAN":"commune","NOM_COLL":"R THENARD","TYPE_VOIE":"rue","MOT_DIR":"Thénard","LD_BAN":null,"ID_SUPP":"TRONROUT0000000000196165/TRONROUT0000000000196171/TRONROUT0000000000196175","INSEEDBAN":null,"COMDEL_BAN":null,"DATE_CREAT":"2023-12-08T13:42:59","DATE_MAJ":"2024-03-12T16:10:18","NOM_NORMA":"R THENARD","ID_BAN_ODO":null,"Nom_a_verifier":false,"other_tags":"\"wikipedia\"=>\"fr:Rue_Th%C3%A9nard\""},"geometry":{"type":"MultiLineString","coordinates":[[[2.346453720783204,48.850611797130377],[2.346101274000113,48.850027987588092]],[[2.34595972082996,48.849796978442711],[2.345703419570289,48.84937108038217]],[[2.346101274000113,48.850027987588092],[2.34595972082996,48.849796978442711]]]}},
{"type":"Feature","properties":{"ID":"VOIE_NOM0000002338744290","ID_BAN":"75105_7817","name":"Rue des Prêtres Saint-Séverin","INSEE_COM":"75105","NOM_COM":"Paris 5e Arrondissement","SRC_BAN":"commune","NOM_COLL":"R DES PRETRES SAINT-SEVERIN","TYPE_VOIE":"rue","MOT_DIR":"Séverin","LD_BAN":null,"ID_SUPP":"TRONROUT0000000000195294","INSEEDBAN":null,"COMDEL_BAN":null,"DATE_CREAT":"2023-12-08T13:42:59","DATE_MAJ":"2024-03-12T16:10:18","NOM_NORMA":"R DES PRETRES SAINT-SEVERIN","ID_BAN_ODO":null,"Nom_a_verifier":false,"other_tags":"\"wikipedia\"=>\"fr:Rue_des_Pr%C3%AAtres-Saint-S%C3%A9verin\""},"geometry":{"type":"MultiLineString","coordinates":[[[2.344850655533734,48.851730822757766],[2.344895421495055,48.851747256271651],[2.344935771498653,48.851789746908672],[2.344959972488583,48.851815960718646],[2.345306908747939,48.852187494685836],[2.345445258459049,48.852348336856259]]]}},
{"type":"Feature","properties":{"ID":"VOIE_NOM0000002338744294","ID_BAN":"75105_4877","name":"Rue Jean de Beauvais","INSEE_COM":"75105","NOM_COM":"Paris 5e Arrondissement","SRC_BAN":"commune","NOM_COLL":"R JEAN DE BEAUVAIS","TYPE_VOIE":"rue","MOT_DIR":"Beauvais","LD_BAN":null,"ID_SUPP":"TRONROUT0000000000196114/TRONROUT0000000000196121/TRONROUT0000000000196123/TRONROUT0000000000196147/TRONROUT0000000000196150/TRONROUT0000000000196178","INSEEDBAN":null,"COMDEL_BAN":null,"DATE_CREAT":"2023-12-08T13:42:59","DATE_MAJ":"2024-03-12T16:10:18","NOM_NORMA":"R JEAN DE BEAUVAIS","ID_BAN_ODO":null,"Nom_a_verifier":false,"other_tags":"\"wikipedia\"=>\"fr:Rue_Jean-de-Beauvais\""},"geometry":{"type":"MultiLineString","coordinates":[[[2.346648201339913,48.84912172514764],[2.346343023507577,48.848681171563797]],[[2.346648201339913,48.84912172514764],[2.346774283225434,48.849282499253704]],[[2.347184752955685,48.849803668794458],[2.347370851603901,48.850069095011328],[2.34755418175922,48.850338103194957]],[[2.347018363545671,48.849596808009849],[2.347184752955685,48.849803668794458]],[[2.346774283225434,48.849282499253704],[2.346815871506835,48.849334889046631]],[[2.346815871506835,48.849334889046631],[2.347018363545671,48.849596808009849]]]}},
{"type":"Feature","properties":{"ID":"VOIE_NOM0000002338744299","ID_BAN":"75105_1357","name":"Rue de la Bûcherie","INSEE_COM":"75105","NOM_COM":"Paris 5e Arrondissement","SRC_BAN":"commune","NOM_COLL":"R DE LA BUCHERIE","TYPE_VOIE":"rue","MOT_DIR":"Bûcherie","LD_BAN":null,"ID_SUPP":"TRONROUT0000000000194452/TRONROUT0000000000195268/TRONROUT0000000000195289","INSEEDBAN":null,"COMDEL_BAN":null,"DATE_CREAT":"2023-12-08T13:42:59","DATE_MAJ":"2024-03-12T16:10:18","NOM_NORMA":"R DE LA BUCHERIE","ID_BAN_ODO":null,"Nom_a_verifier":false,"other_tags":"\"wikipedia\"=>\"fr:Rue_de_la_B%C3%BBcherie\""},"geometry":{"type":"MultiLineString","coordinates":[[[2.34667826123419,48.852811048607158],[2.346775263768636,48.852791792411892],[2.346944829501509,48.852745951561715],[2.347028317134304,48.852717627849266],[2.347098109703036,48.852694625478726],[2.34714603083014,48.852676899862026],[2.347236422045479,48.85264141883269],[2.34745433576622,48.852543678429612]],[[2.349343784932876,48.851406390787183],[2.34901605084451,48.851459468805892],[2.348718728105353,48.851696179997539]],[[2.348718728105353,48.851696179997539],[2.348484728548854,48.851881971982841],[2.348120155108791,48.852156088332556]]]}},
{"type":"Feature","properties":{"ID":"VOIE_NOM0000002338744304","ID_BAN":"75105_7301","name":"Rue Pestalozzi","INSEE_COM":"75105","NOM_COM":"Paris 5e Arrondissement","SRC_BAN":"commune","NOM_COLL":"R PESTALOZZI","TYPE_VOIE":"rue","MOT_DIR":"Pestalozzi","LD_BAN":null,"ID_SUPP":"TRONROUT0000000000199419/TRONROUT0000000000199423","INSEEDBAN":null,"COMDEL_BAN":null,"DATE_CREAT":"2023-12-08T13:42:59","DATE_MAJ":"2024-03-12T16:10:18","NOM_NORMA":"R PESTALOZZI","ID_BAN_ODO":null,"Nom_a_verifier":false,"other_tags":"\"wikipedia\"=>\"fr:Rue_Pestalozzi\""},"geometry":{"type":"MultiLineString","coordinates":[[[2.351536015895564,48.842138704201354],[2.351053984568921,48.842113606202268],[2.351021554269732,48.842091845559999],[2.351023958146149,48.842008217839073],[2.35108638794644,48.841590352603959]],[[2.352068212819877,48.842183857957941],[2.351536015895564,48.842138704201354]]]}},
{"type":"Feature","properties":{"ID":"VOIE_NOM0000002338744334","ID_BAN":"75105_3104","name":"Rue d'Ecosse","INSEE_COM":"75105","NOM_COM":"Paris 5e Arrondissement","SRC_BAN":"commune","NOM_COLL":"R D'ECOSSE","TYPE_VOIE":"rue","MOT_DIR":"Ecosse","LD_BAN":null,"ID_SUPP":"TRONROUT0000000000196928","INSEEDBAN":null,"COMDEL_BAN":null,"DATE_CREAT":"2023-12-08T13:42:59","DATE_MAJ":"2024-03-12T16:10:18","NOM_NORMA":"R D'ECOSSE","ID_BAN_ODO":null,"Nom_a_verifier":false,"other_tags":"\"wikipedia\"=>\"fr:Rue_d%27%C3%89cosse_(Paris)\""},"geometry":{"type":"MultiLineString","coordinates":[[[2.346621343701436,48.84832924402928],[2.346475323544223,48.848019966534629]]]}},
{"type":"Feature","properties":{"ID":"VOIE_NOM0000002338836680","ID_BAN":null,"name":"Pont De La Tournelle","INSEE_COM":"75105","NOM_COM":"Paris 5e Arrondissement","SRC_BAN":null,"NOM_COLL":"PONT DE LA TOURNELLE","TYPE_VOIE":"pont","MOT_DIR":"TOURNELLE","LD_BAN":null,"ID_SUPP":"TRONROUT0000000000196101/TRONROUT0000000353682361/TRONROUT0000002203970927","INSEEDBAN":null,"COMDEL_BAN":null,"DATE_CREAT":"2023-12-08T13:42:59","DATE_MAJ":"2024-12-16T22:01:03","NOM_NORMA":"PONT DE LA TOURNELLE","ID_BAN_ODO":null,"Nom_a_verifier":true,"other_tags":"nan"},"geometry":{"type":"MultiLineString","coordinates":[[[2.355019223876854,48.85013395308124],[2.355501549022241,48.850692354117164]],[[2.354919733274386,48.850024594614077],[2.355019223876854,48.85013395308124]],[[2.354879432163083,48.849977610795605],[2.354919733274386,48.850024594614077]]]}},
{"type":"Feature","properties":{"ID":"VOIE_NOM0000002338860673","ID_BAN":null,"name":"Allée Amandine Giraud","INSEE_COM":"75105","NOM_COM":"Paris 5e Arrondissement","SRC_BAN":null,"NOM_COLL":"ALL AMANDINE GIRAUD","TYPE_VOIE":"allée","MOT_DIR":"GIRAUD","LD_BAN":null,"ID_SUPP":"TRONROUT0000000000195284/TRONROUT0000002009790377","INSEEDBAN":null,"COMDEL_BAN":null,"DATE_CREAT":"2023-12-08T13:42:59","DATE_MAJ":"2024-03-12T16:10:18","NOM_NORMA":"ALL AMANDINE GIRAUD","ID_BAN_ODO":null,"Nom_a_verifier":true,"other_tags":"nan"},"geometry":{"type":"MultiLineString","coordinates":[[[2.347741923497622,48.851670173869586],[2.347631274201911,48.85179997717858],[2.34736859690505,48.851990107401754],[2.347346275286476,48.852031355992537],[2.347319302266092,48.852117546968636]],[[2.347319302266092,48.852117546968636],[2.347264894788847,48.852109155973181],[2.347021395046802,48.85218247384141],[2.346891305136707,48.852232127716491]]]}},
{"type":"Feature","properties":{"ID":"VOIE_NOM0000002338860674","ID_BAN":null,"name":"Allée Pierre Hadot","INSEE_COM":"75105","NOM_COM":"Paris 5e Arrondissement","SRC_BAN":null,"NOM_COLL":"ALL PIERRE HADOT","TYPE_VOIE":"allée","MOT_DIR":"HADOT","LD_BAN":null,"ID_SUPP":"TRONROUT0000002100940948","INSEEDBAN":null,"COMDEL_BAN":null,"DATE_CREAT":"2023-12-08T13:42:59","DATE_MAJ":"2024-03-12T16:10:18","NOM_NORMA":"ALL PIERRE HADOT","ID_BAN_ODO":null,"Nom_a_verifier":true,"other_tags":"nan"},"geometry":{"type":"MultiLineString","coordinates":[[[2.34965634247919,48.848310705054573],[2.34959061782491,48.848226707465606],[2.349551685527564,48.848179729184444],[2.350069654692282,48.848059331999259],[2.350209336739575,48.84800433050254],[2.350276710305485,48.847956131051262],[2.350294951234581,48.847913960266574],[2.350464525295232,48.847756593929773],[2.350779154751129,48.847440828079314],[2.350987576522607,48.847446455684079]]]}},
{"type":"Feature","properties":{"ID":"VOIE_NOM0000002338860675","ID_BAN":null,"name":"Allée Theodore Vacquer","INSEE_COM":"75105","NOM_COM":"Paris 5e Arrondissement","SRC_BAN":null,"NOM_COLL":"ALL THEODORE VACQUER","TYPE_VOIE":"allée","MOT_DIR":"VACQUER","LD_BAN":null,"ID_SUPP":"TRONROUT0000002101004708/TRONROUT0000002275259675/TRONROUT0000002275259676/TRONROUT0000002275259678/TRONROUT0000002275259686/TRONROUT0000002275259689/TRONROUT0000002275259690/TRONROUT0000002275259691/TRONROUT0000002275259697","INSEEDBAN":null,"COMDEL_BAN":null,"DATE_CREAT":"2023-12-08T13:42:59","DATE_MAJ":"2024-03-12T16:10:18","NOM_NORMA":"ALL THEODORE VACQUER","ID_BAN_ODO":null,"Nom_a_verifier":true,"other_tags":"nan"},"geometry":{"type":"MultiLineString","coordinates":[[[2.353200370880265,48.844499545725206],[2.35326047713257,48.844377557595138]],[[2.353571428385326,48.844794742876196],[2.353551815889603,48.844728084215113],[2.353504975205664,48.844659479687692],[2.353451076569808,48.844610622929459],[2.353344095357771,48.844556982422951],[2.353200370880265,48.844499545725206]],[[2.353042353330076,48.844825159239853],[2.353200370880265,48.844499545725206]],[[2.353886188856557,48.845014987834155],[2.353904539690046,48.845073545363768],[2.353859174534694,48.845105677327751]],[[2.353859174534694,48.845105677327751],[2.353971384608985,48.845177332779272],[2.353700700072096,48.845358440887985],[2.353645226069196,48.845326663585077]],[[2.353645226069196,48.845326663585077],[2.353555846333667,48.845391833945953],[2.353425578768762,48.845457682623902],[2.353183792996231,48.845396118507381]],[[2.353501741534068,48.845029998758449],[2.353540617663945,48.844971750410281],[2.353558866062356,48.84492867971489],[2.353571998936909,48.844858600558553],[2.353571428385326,48.844794742876196]],[[2.353501741534068,48.845029998758449],[2.353432497596998,48.845009838617401]],[[2.353183792996231,48.845396118507381],[2.353432497596998,48.845009838617401]]]}},
{"type":"Feature","properties":{"ID":"VOIE_NOM0000002338860676","ID_BAN":null,"name":"Petit Pont Cardinal Lustiger","INSEE_COM":"75105","NOM_COM":"Paris 5e Arrondissement","SRC_BAN":null,"NOM_COLL":"PETIT PONT CARDINAL LUSTIGER","TYPE_VOIE":null,"MOT_DIR":"LUSTIGER","LD_BAN":null,"ID_SUPP":"TRONROUT0000000000194457/TRONROUT0000000000194473/TRONROUT0000002203970930","INSEEDBAN":null,"COMDEL_BAN":null,"DATE_CREAT":"2023-12-08T13:42:59","DATE_MAJ":"2024-03-12T16:10:18","NOM_NORMA":"PETIT PONT CARDINAL LUSTIGER","ID_BAN_ODO":null,"Nom_a_verifier":true,"other_tags":"nan"},"geometry":{"type":"MultiLineString","coordinates":[[[2.346951548004688,48.853297292573679],[2.346867543241093,48.853149339939961]],[[2.346840829355869,48.853106025103259],[2.346812831680258,48.853056407768719]],[[2.346867543241093,48.853149339939961],[2.346840829355869,48.853106025103259]]]}},
{"type":"Feature","properties":{"ID":"VOIE_NOM0000002338860677","ID_BAN":null,"name":"Pont Au Double","INSEE_COM":"75105","NOM_COM":"Paris 5e Arrondissement","SRC_BAN":null,"NOM_COLL":"PONT AU DOUBLE","TYPE_VOIE":"pont","MOT_DIR":"DOUBLE","LD_BAN":null,"ID_SUPP":"TRONROUT0000000000194474/TRONROUT0000000000194480/TRONROUT0000002203970929","INSEEDBAN":null,"COMDEL_BAN":null,"DATE_CREAT":"2023-12-08T13:42:59","DATE_MAJ":"2024-03-12T16:10:18","NOM_NORMA":"PONT AU DOUBLE","ID_BAN_ODO":null,"Nom_a_verifier":true,"other_tags":"nan"},"geometry":{"type":"MultiLineString","coordinates":[[[2.348326482931939,48.852439609737935],[2.348459178048839,48.85261750527544]],[[2.348251418583501,48.852339372483712],[2.348284913148937,48.852385422028924]],[[2.348284913148937,48.852385422028924],[2.348326482931939,48.852439609737935]]]}},
{"type":"Feature","properties":{"ID":"VOIE_NOM0000002338860678","ID_BAN":null,"name":"Pont De L'Archeveche","INSEE_COM":"75105","NOM_COM":"Paris 5e Arrondissement","SRC_BAN":null,"NOM_COLL":"PONT DE L'ARCHEVECHE","TYPE_VOIE":"pont","MOT_DIR":"ARCHEVECHE","LD_BAN":null,"ID_SUPP":"TRONROUT0000000000195256/TRONROUT0000000000195261/TRONROUT0000002203970928","INSEEDBAN":null,"COMDEL_BAN":null,"DATE_CREAT":"2023-12-08T13:42:59","DATE_MAJ":"2024-03-12T16:10:18","NOM_NORMA":"PONT DE L'ARCHEVECHE","ID_BAN_ODO":null,"Nom_a_verifier":true,"other_tags":"nan"},"geometry":{"type":"MultiLineString","coordinates":[[[2.35137489902397,48.85125283674185],[2.351597982626872,48.851614687402076]],[[2.351289499910983,48.851106678143537],[2.351330881488703,48.851176152885159]],[[2.351330881488703,48.851176152885159],[2.35137489902397,48.85125283674185]]]}},
{"type":"Feature","properties":{"ID":"VOIE_NOM0000002338860679","ID_BAN":null,"name":"Pont De Sully","INSEE_COM":"75105","NOM_COM":"Paris 5e Arrondissement","SRC_BAN":null,"NOM_COLL":"PONT DE SULLY","TYPE_VOIE":"pont","MOT_DIR":"SULLY","LD_BAN":null,"ID_SUPP":"TRONROUT0000000000196086/TRONROUT0000000211455072/TRONROUT0000002345459586","INSEEDBAN":null,"COMDEL_BAN":null,"DATE_CREAT":"2023-12-08T13:42:59","DATE_MAJ":"2024-06-17T16:42:27","NOM_NORMA":"PONT DE SULLY","ID_BAN_ODO":null,"Nom_a_verifier":true,"other_tags":"nan"},"geometry":{"type":"MultiLineString","coordinates":[[[2.35734686208529,48.849578085024085],[2.358179036092606,48.849837069814463]],[[2.356974892408687,48.849462767559736],[2.35734686208529,48.849578085024085]],[[2.356790270839716,48.849405115715065],[2.356974892408687,48.849462767559736]]]}},
{"type":"Feature","properties":{"ID":"VOIE_NOM0000002338860680","ID_BAN":null,"name":"Pont Saint-Michel","INSEE_COM":"75105","NOM_COM":"Paris 5e Arrondissement","SRC_BAN":null,"NOM_COLL":"PONT SAINT-MICHEL","TYPE_VOIE":"pont","MOT_DIR":"MICHEL","LD_BAN":null,"ID_SUPP":"TRONROUT0000000000194485/TRONROUT0000000000194499/TRONROUT0000002203970911","INSEEDBAN":null,"COMDEL_BAN":null,"DATE_CREAT":"2023-12-08T13:42:59","DATE_MAJ":"2024-03-12T16:10:18","NOM_NORMA":"PONT SAINT-MICHEL","ID_BAN_ODO":null,"Nom_a_verifier":true,"other_tags":"nan"},"geometry":{"type":"MultiLineString","coordinates":[[[2.344634297019093,48.854088645694546],[2.344385080755093,48.853857045822352]],[[2.344356847386595,48.853826313081974],[2.344281403902505,48.853756649397681]],[[2.344385080755093,48.853857045822352],[2.344356847386595,48.853826313081974]]]}},
{"type":"Feature","properties":{"ID":"VOIE_NOM0000002338860681","ID_BAN":null,"name":"Port Saint-Bernard","INSEE_COM":"75105","NOM_COM":"Paris 5e Arrondissement","SRC_BAN":null,"NOM_COLL":"PORT SAINT-BERNARD","TYPE_VOIE":"port","MOT_DIR":"BERNARD","LD_BAN":null,"ID_SUPP":"TRONROUT0000000229738747/TRONROUT0000000229738752/TRONROUT0000000229738753/TRONROUT0000000229738767/TRONROUT0000000353682359/TRONROUT0000000353735136/TRONROUT0000000353735138/TRONROUT0000000353735139/TRONROUT0000002009790379/TRONROUT0000002009790382/TRON","INSEEDBAN":null,"COMDEL_BAN":null,"DATE_CREAT":"2023-12-08T13:42:59","DATE_MAJ":"2024-03-12T16:10:18","NOM_NORMA":"PORT SAINT-BERNARD","ID_BAN_ODO":null,"Nom_a_verifier":true,"other_tags":"nan"},"geometry":{"type":"MultiLineString","coordinates":[[[2.364252057296368,48.844873562491543],[2.364256860187792,48.844926650225531],[2.364224940406511,48.844974146649164],[2.364168385157293,48.845030505726562],[2.363899110340264,48.845210744872595],[2.363528126473163,48.84546239106465],[2.363507062174837,48.845513542467316],[2.363525577756415,48.845559508286087]],[[2.363525577756415,48.845559508286087],[2.363700566405685,48.845512773089077],[2.363812921354469,48.84546210714695],[2.364139775783498,48.845253394782276],[2.364314365614755,48.845127512946036],[2.364397006488656,48.845055103929077],[2.364436133672982,48.844975268814551],[2.364441792197091,48.844958211046411]],[[2.363525577756415,48.845559508286087],[2.36337714777097,48.845663044174628],[2.363289054288296,48.845735423441198],[2.363194092822705,48.845812262876748],[2.363228508438464,48.845895187074042],[2.36321143246154,48.845954453864096],[2.363071176119254,48.846058032851147],[2.362950445889092,48.846124841938945],[2.362887470960982,48.846148789272505],[2.362865460981173,48.846165759872569],[2.362850955714497,48.846237631309805],[2.362814539302824,48.846318379629494],[2.36275637657319,48.846394515311786],[2.362584382894508,48.846530301547823],[2.36205003581797,48.846879102494007]],[[2.36205003581797,48.846879102494007],[2.361968225567104,48.84688316301888],[2.361894480709952,48.846896260086986],[2.361817845448856,48.846922832063164],[2.361727297851256,48.846972713078507],[2.3616752330694,48.846995818611262],[2.361615124895616,48.847008088905845],[2.3615428415214,48.84701309933309],[2.361481370706093,48.847025362288761],[2.361423822339648,48.847051136519696],[2.361349614229634,48.847102003815927],[2.36117939168822,48.847315142209624],[2.361111665207571,48.84739302469211]],[[2.359533676818492,48.847836065261596],[2.359641845885801,48.847904995440643]],[[2.357750564987497,48.849219610819347],[2.357584023665685,48.84913237846942]],[[2.359493682177745,48.84854004791427],[2.359418107432499,48.848590906649619],[2.359274989559939,48.848704358624317],[2.359197509865592,48.848799275499026],[2.359089753204036,48.848918312764219],[2.359021057089519,48.848963811943761],[2.358963438990631,48.848994980730929]],[[2.358963438990631,48.848994980730929],[2.358888493704952,48.848994579159267],[2.358556364493564,48.849074640439596],[2.358384173140666,48.849114188199763],[2.35821343277584,48.849146548642345],[2.357750564987497,48.849219610819347]],[[2.359737840095805,48.847966665503151],[2.359779893335177,48.84798217962107],[2.35980314617599,48.8479751091892],[2.36005873499224,48.847802001214141],[2.360232989929303,48.847704903176364],[2.360289055566496,48.847689014532179],[2.360343592986268,48.84768660805544],[2.360417140683166,48.847689699327617],[2.360459227010503,48.847702515314815],[2.360494412030457,48.847722489258764],[2.360565857861611,48.847785826159509]],[[2.361111665207571,48.84739302469211],[2.36108953284378,48.847419887234331],[2.36106604888168,48.847445843195992],[2.360919694196194,48.847601549742258],[2.360764274709863,48.84771853528563],[2.360712241852086,48.847738942488043],[2.36065211052826,48.847753010887793],[2.360597363406471,48.847772504177712],[2.360565857861611,48.847785826159509]],[[2.359641845885801,48.847904995440643],[2.359737840095805,48.847966665503151]],[[2.360565857861611,48.847785826159509],[2.36054937412102,48.847796530349228],[2.360509074892347,48.847860169334616],[2.360430545121139,48.847929899440949],[2.360377005814692,48.847961990088614],[2.360293544096144,48.847989423937236],[2.360218324230555,48.848011505656828],[2.360141509803341,48.84805246530545],[2.360095914002484,48.848103484811681],[2.360069151837517,48.848174390895949],[2.360045335717368,48.84822732558424],[2.360008902523787,48.848308972203753],[2.359828340200541,48.848364665699926],[2.359545893150126,48.848505252490682],[2.359493682177745,48.84854004791427]]]}},
{"type":"Feature","properties":{"ID":"VOIE_NOM0000002338860682","ID_BAN":null,"name":"Square Valence","INSEE_COM":"75105","NOM_COM":"Paris 5e Arrondissement","SRC_BAN":null,"NOM_COLL":"SQ VALENCE","TYPE_VOIE":"square","MOT_DIR":"VALENCE","LD_BAN":null,"ID_SUPP":"TRONROUT0000000000201127","INSEEDBAN":null,"COMDEL_BAN":null,"DATE_CREAT":"2023-12-08T13:42:59","DATE_MAJ":"2024-03-12T16:10:18","NOM_NORMA":"SQ VALENCE","ID_BAN_ODO":null,"Nom_a_verifier":true,"other_tags":"nan"},"geometry":{"type":"MultiLineString","coordinates":[[[2.349810318351136,48.837935599316125],[2.349866735603928,48.837890937640793],[2.350002954024504,48.837783753945942]]]}},
{"type":"Feature","properties":{"ID":"VOIE_NOM0000002338860683","ID_BAN":null,"name":"Villa Laromiguiere","INSEE_COM":"75105","NOM_COM":"Paris 5e Arrondissement","SRC_BAN":null,"NOM_COLL":"VLA LAROMIGUIERE","TYPE_VOIE":"villa","MOT_DIR":"LAROMIGUIERE","LD_BAN":null,"ID_SUPP":"TRONROUT0000000000198697","INSEEDBAN":null,"COMDEL_BAN":null,"DATE_CREAT":"2023-12-08T13:42:59","DATE_MAJ":"2024-03-12T16:10:18","NOM_NORMA":"VLA LAROMIGUIERE","ID_BAN_ODO":null,"Nom_a_verifier":true,"other_tags":"nan"},"geometry":{"type":"MultiLineString","coordinates":[[[2.347125776239353,48.843960208311678],[2.347193946710814,48.843956982877138],[2.347613891938811,48.843935890294894]]]}},
{"type":"Feature","properties":{"ID":"VOIE_NOM0000002341447346","ID_BAN":null,"name":"Allée Buffon","INSEE_COM":"75105","NOM_COM":"Paris 5e Arrondissement","SRC_BAN":null,"NOM_COLL":"ALLEE(S) BUFFON","TYPE_VOIE":null,"MOT_DIR":"BUFFON","LD_BAN":null,"ID_SUPP":"TRONROUT0000000000198544/TRONROUT0000000000198582/TRONROUT0000000000198593/TRONROUT0000000000198595/TRONROUT0000000000198597/TRONROUT0000000000199355/TRONROUT0000000000199364/TRONROUT0000000000199374/TRONROUT0000000000199375","INSEEDBAN":null,"COMDEL_BAN":null,"DATE_CREAT":"2024-02-16T12:11:22","DATE_MAJ":"2024-03-17T19:26:33","NOM_NORMA":"ALLEE(S) BUFFON","ID_BAN_ODO":null,"Nom_a_verifier":true,"other_tags":"nan"},"geometry":{"type":"MultiLineString","coordinates":[[[2.358817262732942,48.842490030777121],[2.359338848885508,48.842623232708881]],[[2.359338848885508,48.842623232708881],[2.359681131924598,48.842711404018623]],[[2.359681131924598,48.842711404018623],[2.359725950054421,48.842723335603907],[2.360561358254206,48.842932858371782]],[[2.363313334798534,48.843636446964673],[2.363689627947084,48.843730183817165],[2.363756193055573,48.84374672634349],[2.363633712127453,48.84395742457658],[2.36359196926873,48.844028251986671]],[[2.362130216845148,48.843334254724731],[2.362635491938227,48.843465556398783]],[[2.362635491938227,48.843465556398783],[2.362809352869761,48.843510551243952],[2.363313334798534,48.843636446964673]],[[2.361596398092418,48.843197402401088],[2.361740370525045,48.843235044428035],[2.362130216845148,48.843334254724731]],[[2.360561358254206,48.842932858371782],[2.3606768052915,48.842963154327734],[2.361095171579576,48.843069715346395]],[[2.361095171579576,48.843069715346395],[2.361596398092418,48.843197402401088]]]}},
{"type":"Feature","properties":{"ID":"VOIE_NOM0000002341447351","ID_BAN":null,"name":"Allée Centrale","INSEE_COM":"75105","NOM_COM":"Paris 5e Arrondissement","SRC_BAN":null,"NOM_COLL":"ALLEE(S) CENTRALE","TYPE_VOIE":null,"MOT_DIR":"CENTRALE","LD_BAN":null,"ID_SUPP":"TRONROUT0000000000198572/TRONROUT0000000000198577/TRONROUT0000000000198578/TRONROUT0000000000198580/TRONROUT0000000000198581/TRONROUT0000000000198589","INSEEDBAN":null,"COMDEL_BAN":null,"DATE_CREAT":"2024-02-16T12:11:22","DATE_MAJ":"2024-03-17T19:26:33","NOM_NORMA":"ALLEE(S) CENTRALE","ID_BAN_ODO":null,"Nom_a_verifier":true,"other_tags":"nan"},"geometry":{"type":"MultiLineString","coordinates":[[[2.360781927927991,48.843613054812906],[2.361289938357648,48.84374347739567]],[[2.361289938357648,48.84374347739567],[2.361385016150755,48.843768267717117],[2.361526276012353,48.84380499613394],[2.361808818357465,48.84387665385993]],[[2.363301545750336,48.844266835834432],[2.363327367685754,48.844272369419947],[2.363434688118398,48.844299021964112]],[[2.362995957365645,48.84418516600811],[2.363294755131088,48.844265000973465],[2.363301545750336,48.844266835834432]],[[2.361808818357465,48.84387665385993],[2.362134785694268,48.843962932223661],[2.362322228955284,48.84401159761078]],[[2.362322228955284,48.84401159761078],[2.362794920686595,48.844133731207137],[2.362995957365645,48.84418516600811]]]}},
{"type":"Feature","properties":{"ID":"VOIE_NOM0000002341447361","ID_BAN":null,"name":"Allée Alfred Lacroix","INSEE_COM":"75105","NOM_COM":"Paris 5e Arrondissement","SRC_BAN":null,"NOM_COLL":"ALLEE(S) ALFRED LACROIX","TYPE_VOIE":null,"MOT_DIR":"LACROIX","LD_BAN":null,"ID_SUPP":"TRONROUT0000000000198603/TRONROUT0000000000198605/TRONROUT0000000000199372","INSEEDBAN":null,"COMDEL_BAN":null,"DATE_CREAT":"2024-02-16T12:11:22","DATE_MAJ":"2024-03-17T19:26:33","NOM_NORMA":"ALLEE(S) ALFRED LACROIX","ID_BAN_ODO":null,"Nom_a_verifier":true,"other_tags":"nan"},"geometry":{"type":"MultiLineString","coordinates":[[[2.360252153196124,48.843479815573929],[2.360623011773086,48.843571734336287],[2.360781927927991,48.843613054812906]],[[2.358495857112354,48.843030622817494],[2.359207577139334,48.843215208894868],[2.359371941051318,48.843256560450058]],[[2.359371941051318,48.843256560450058],[2.360055187349361,48.84343019659925],[2.360252153196124,48.843479815573929]]]}},
{"type":"Feature","properties":{"ID":"VOIE_NOM0000002341447362","ID_BAN":null,"name":"Allée Cuvier","INSEE_COM":"75105","NOM_COM":"Paris 5e Arrondissement","SRC_BAN":null,"NOM_COLL":"ALLEE(S) CUVIER","TYPE_VOIE":null,"MOT_DIR":"CUVIER","LD_BAN":null,"ID_SUPP":"TRONROUT0000000000198606/TRONROUT0000000000198617","INSEEDBAN":null,"COMDEL_BAN":null,"DATE_CREAT":"2024-02-16T12:11:22","DATE_MAJ":"2024-03-17T19:26:33","NOM_NORMA":"ALLEE(S) CUVIER","ID_BAN_ODO":null,"Nom_a_verifier":true,"other_tags":"nan"},"geometry":{"type":"MultiLineString","coordinates":[[[2.358125527922183,48.843670780362757],[2.35818804797951,48.84368370685015],[2.358382365498713,48.843727019161335],[2.358496494801696,48.84375371268581],[2.359061637739476,48.843891645974196],[2.36041603028889,48.844227161213183]],[[2.36041603028889,48.844227161213183],[2.361163033675924,48.844425414366029],[2.361819061736108,48.8445979954381],[2.36294237595378,48.84488997886978]]]}},
{"type":"Feature","properties":{"ID":"VOIE_NOM0000002341447363","ID_BAN":null,"name":"Allée Chevreuil","INSEE_COM":"75105","NOM_COM":"Paris 5e Arrondissement","SRC_BAN":null,"NOM_COLL":"ALLEE(S) CHEVREUIL","TYPE_VOIE":null,"MOT_DIR":"CHEVREUIL","LD_BAN":null,"ID_SUPP":"TRONROUT0000000000198620/TRONROUT0000000000198621/TRONROUT0000000000198632/TRONROUT0000000000198635/TRONROUT0000000000198646/TRONROUT0000002335031075","INSEEDBAN":null,"COMDEL_BAN":null,"DATE_CREAT":"2024-02-16T12:11:22","DATE_MAJ":"2024-03-17T19:26:33","NOM_NORMA":"ALLEE(S) CHEVREUIL","ID_BAN_ODO":null,"Nom_a_verifier":true,"other_tags":"nan"},"geometry":{"type":"MultiLineString","coordinates":[[[2.356777061550605,48.843630261252358],[2.356827906918016,48.843595459535777],[2.356878896482615,48.843548966875503],[2.356951930032106,48.843482806737967]],[[2.356951930032106,48.843482806737967],[2.356995230368857,48.843507322237492],[2.357056099001132,48.843543623837746],[2.357177991810381,48.843603636719443],[2.357279646998794,48.843647352245817],[2.35741270644813,48.843685840206035],[2.35752948256796,48.843718844401877],[2.357634173646173,48.843737393814422],[2.357733647515991,48.843737028543146],[2.357819640399696,48.843724899130244],[2.357908624159906,48.843691201043079],[2.357959280493383,48.843671686975156],[2.357997607805048,48.843657502888703],[2.35804260359916,48.843655046268388],[2.358125527922183,48.843670780362757]],[[2.355358481172641,48.843750334810451],[2.35551095928564,48.84376104932803],[2.355640241527975,48.843774336798518],[2.355754647449188,48.843778550404778],[2.355866383953351,48.843778252722593],[2.355969978766888,48.843775213022241]],[[2.355358481172641,48.843750334810451],[2.355129168797119,48.843782375288441],[2.354921400212138,48.843835216806987]],[[2.356434933726256,48.843860456410908],[2.35665607354906,48.843717748067725],[2.356777061550605,48.843630261252358]],[[2.355969978766888,48.843775213022241],[2.356084395827753,48.8437785270118],[2.356178330892201,48.843785328109711],[2.356255860378697,48.843796537660808],[2.356336014949084,48.843815855535453],[2.356399763975047,48.843839581902614],[2.356434933726256,48.843860456410908]]]}},
{"type":"Feature","properties":{"ID":"VOIE_NOM0000002341447364","ID_BAN":null,"name":"Allée Nangin","INSEE_COM":"75105","NOM_COM":"Paris 5e Arrondissement","SRC_BAN":null,"NOM_COLL":"ALLEE(S) NANGIN","TYPE_VOIE":null,"MOT_DIR":"NANGIN","LD_BAN":null,"ID_SUPP":"TRONROUT0000000000198645/TRONROUT0000000000199386","INSEEDBAN":null,"COMDEL_BAN":null,"DATE_CREAT":"2024-02-16T12:11:22","DATE_MAJ":"2024-03-17T19:26:33","NOM_NORMA":"ALLEE(S) NANGIN","ID_BAN_ODO":null,"Nom_a_verifier":true,"other_tags":"nan"},"geometry":{"type":"MultiLineString","coordinates":[[[2.357216422049652,48.842697286753406],[2.357099222864978,48.842919698705252],[2.357037931210177,48.84302819206966],[2.356979486326828,48.843126807717567],[2.356880785486694,48.843285464145026]],[[2.356880785486694,48.843285464145026],[2.356908343627705,48.84337105162998],[2.356951930032106,48.843482806737967]]]}},
{"type":"Feature","properties":{"ID":"VOIE_NOM0000002341447365","ID_BAN":null,"name":"Allée Des Becquerels","INSEE_COM":"75105","NOM_COM":"Paris 5e Arrondissement","SRC_BAN":null,"NOM_COLL":"ALLEE(S) DES BECQUERELS","TYPE_VOIE":null,"MOT_DIR":"BECQUERELS","LD_BAN":null,"ID_SUPP":"TRONROUT0000000000199366/TRONROUT0000000000199367/TRONROUT0000000000199370/TRONROUT0000000000199371","INSEEDBAN":null,"COMDEL_BAN":null,"DATE_CREAT":"2024-02-16T12:11:22","DATE_MAJ":"2024-03-17T19:26:33","NOM_NORMA":"ALLEE(S) DES BECQUERELS","ID_BAN_ODO":null,"Nom_a_verifier":true,"other_tags":"nan"},"geometry":{"type":"MultiLineString","coordinates":[[[2.359112155723339,48.841999659902328],[2.358925869542242,48.842300847453487],[2.358817262732942,48.842490030777121]],[[2.358495857112354,48.843030622817494],[2.358444371338301,48.843117584784352],[2.35828845083405,48.843386556919647],[2.358238360080937,48.843470828173253],[2.358181235172847,48.843573048885183],[2.358125527922183,48.843670780362757]],[[2.358817262732942,48.842490030777121],[2.358708688331858,48.842676516062632],[2.35865855467489,48.842764384755476]],[[2.35865855467489,48.842764384755476],[2.358605729089146,48.84284954090343],[2.358495857112354,48.843030622817494]]]}},
{"type":"Feature","properties":{"ID":"VOIE_NOM0000002341447366","ID_BAN":null,"name":"Esplanade Milne Edwards","INSEE_COM":"75105","NOM_COM":"Paris 5e Arrondissement","SRC_BAN":null,"NOM_COLL":"ESPLANADE MILNE EDWARDS","TYPE_VOIE":"esplanade","MOT_DIR":"EDWARDS","LD_BAN":null,"ID_SUPP":"TRONROUT0000000000199385","INSEEDBAN":null,"COMDEL_BAN":null,"DATE_CREAT":"2024-02-16T12:11:22","DATE_MAJ":"2024-03-17T19:26:33","NOM_NORMA":"ESP MILNE EDWARDS","ID_BAN_ODO":null,"Nom_a_verifier":true,"other_tags":"nan"},"geometry":{"type":"MultiLineString","coordinates":[[[2.35748481371019,48.842147419580016],[2.357377642076287,48.842330313821833],[2.357275997209371,48.842506942100883],[2.357171593424676,48.842686253530026],[2.357216422049652,48.842697286753406]]]}},
{"type":"Feature","properties":{"ID":"VOIE_NOM0000002341447367","ID_BAN":null,"name":"Allée Hauy","INSEE_COM":"75105","NOM_COM":"Paris 5e Arrondissement","SRC_BAN":null,"NOM_COLL":"ALLEE(S) HAUY","TYPE_VOIE":null,"MOT_DIR":"HAUY","LD_BAN":null,"ID_SUPP":"TRONROUT0000000000199387","INSEEDBAN":null,"COMDEL_BAN":null,"DATE_CREAT":"2024-02-16T12:11:22","DATE_MAJ":"2024-03-17T19:26:33","NOM_NORMA":"ALLEE(S) HAUY","ID_BAN_ODO":null,"Nom_a_verifier":true,"other_tags":"nan"},"geometry":{"type":"MultiLineString","coordinates":[[[2.35748481371019,48.842147419580016],[2.357695352566919,48.842200713209188],[2.358291636133398,48.84235320741886],[2.358817262732942,48.842490030777121]]]}},
{"type":"Feature","properties":{"ID":"VOIE_NOM0000002341447368","ID_BAN":null,"name":"Allée Edmond Perrier","INSEE_COM":"75105","NOM_COM":"Paris 5e Arrondissement","SRC_BAN":null,"NOM_COLL":"ALLEE(S) EDMOND PERRIER","TYPE_VOIE":null,"MOT_DIR":"PERRIER","LD_BAN":null,"ID_SUPP":"TRONROUT0000000000199391","INSEEDBAN":null,"COMDEL_BAN":null,"DATE_CREAT":"2024-02-16T12:11:22","DATE_MAJ":"2024-03-17T19:26:33","NOM_NORMA":"ALLEE(S) EDMOND PERRIER","ID_BAN_ODO":null,"Nom_a_verifier":true,"other_tags":"nan"},"geometry":{"type":"MultiLineString","coordinates":[[[2.358495857112354,48.843030622817494],[2.35783032241899,48.842857972083785],[2.357216422049652,48.842697286753406]]]}},
{"type":"Feature","properties":{"ID":"VOIE_NOM0000002492558334","ID_BAN":"75105_8x9zeb","name":"Voie B/5","INSEE_COM":"75105","NOM_COM":"Paris 5e Arrondissement","SRC_BAN":"commune","NOM_COLL":"Voie B/5","TYPE_VOIE":"voie","MOT_DIR":"B/5","LD_BAN":null,"ID_SUPP":"TRONROUT0000002492544193","INSEEDBAN":null,"COMDEL_BAN":null,"DATE_CREAT":"2025-09-09T00:21:25","DATE_MAJ":null,"NOM_NORMA":"VOI B/5","ID_BAN_ODO":null,"Nom_a_verifier":false,"other_tags":"nan"},"geometry":{"type":"MultiLineString","coordinates":[[[2.340391118981164,48.838738428126348],[2.341029267048813,48.839236596878692]]]}}
]
}
