{
"type": "FeatureCollection",
"name": "rues_paris_12",
"crs": { "type": "name", "properties": { "name": "urn:ogc:def:crs:OGC:1.3:CRS84" } },
"features": [
{"type":"Feature","properties":{"ID":"VOIE_NOM0000002338636706","ID_BAN":"75112_1520","name":"Rue de Capri","INSEE_COM":"75112","NOM_COM":"Paris 12e Arrondissement","SRC_BAN":"commune","NOM_COLL":"R DE CAPRI","TYPE_VOIE":"rue","MOT_DIR":"Capri","LD_BAN":null,"ID_SUPP":"TRONROUT0000000000202587","INSEEDBAN":null,"COMDEL_BAN":null,"DATE_CREAT":"2023-12-08T13:42:59","DATE_MAJ":"2024-03-12T16:10:18","NOM_NORMA":"R DE CAPRI","ID_BAN_ODO":null,"Nom_a_verifier":false,"other_tags":"\"wikipedia\"=>\"fr:Rue_de_Capri\""},"geometry":{"type":"MultiLineString","coordinates":[[[2.398986021950369,48.836299631070062],[2.398679567192973,48.836056162082265],[2.39822351939269,48.835671638962893],[2.397896762160799,48.83541727328123]]]}},
{"type":"Feature","properties":{"ID":"VOIE_NOM0000002338636730","ID_BAN":"75112_8579","name":"Avenue Sainte-Marie","INSEE_COM":"75112","NOM_COM":"Paris 12e Arrondissement","SRC_BAN":"commune","NOM_COLL":"AV SAINTE-MARIE","TYPE_VOIE":"avenue","MOT_DIR":"Marie","LD_BAN":null,"ID_SUPP":"TRONROUT0000000000202499","INSEEDBAN":null,"COMDEL_BAN":null,"DATE_CREAT":"2023-12-08T13:42:59","DATE_MAJ":"2024-03-12T16:10:18","NOM_NORMA":"AV SAINTE-MARIE","ID_BAN_ODO":null,"Nom_a_verifier":false,"other_tags":"nan"},"geometry":{"type":"MultiLineString","coordinates":[[[2.411356738933002,48.83435287201128],[2.411619392324137,48.834377547805055],[2.411902043689685,48.834440993989546]]]}},
{"type":"Feature","properties":{"ID":"VOIE_NOM0000002338636738","ID_BAN":"75112_2221","name":"Rue des Colonnes du Trône","INSEE_COM":"75112","NOM_COM":"Paris 12e Arrondissement","SRC_BAN":"commune","NOM_COLL":"R DES COLONNES DU TRONE","TYPE_VOIE":"rue","MOT_DIR":"Trône","LD_BAN":null,"ID_SUPP":"TRONROUT0000000000196736/TRONROUT0000000000197594/TRONROUT0000000000197595/TRONROUT0000000330310610","INSEEDBAN":null,"COMDEL_BAN":null,"DATE_CREAT":"2023-12-08T13:42:59","DATE_MAJ":"2024-03-12T16:10:18","NOM_NORMA":"R DES COLONNES DU TRONE","ID_BAN_ODO":null,"Nom_a_verifier":false,"other_tags":"\"wikipedia\"=>\"fr:Rue_des_Colonnes-du-Tr%C3%B4ne\""},"geometry":{"type":"MultiLineString","coordinates":[[[2.399051945323646,48.845352916902662],[2.399022232464811,48.845448099382537]],[[2.398421544084428,48.846844477457623],[2.398260069546853,48.847257368587108],[2.398213888675304,48.847362360787258]],[[2.399022232464811,48.845448099382537],[2.398710051031467,48.846168713388224]],[[2.398710051031467,48.846168713388224],[2.398421544084428,48.846844477457623]]]}},
{"type":"Feature","properties":{"ID":"VOIE_NOM0000002338636748","ID_BAN":"75112_2931","name":"Passage Driancourt","INSEE_COM":"75112","NOM_COM":"Paris 12e Arrondissement","SRC_BAN":"commune","NOM_COLL":"PAS DRIANCOURT","TYPE_VOIE":"passage","MOT_DIR":"Driancourt","LD_BAN":null,"ID_SUPP":"TRONROUT0000000000195992","INSEEDBAN":null,"COMDEL_BAN":null,"DATE_CREAT":"2023-12-08T13:42:59","DATE_MAJ":"2024-03-12T16:10:18","NOM_NORMA":"PAS DRIANCOURT","ID_BAN_ODO":null,"Nom_a_verifier":false,"other_tags":"nan"},"geometry":{"type":"MultiLineString","coordinates":[[[2.379642155465318,48.849398076651035],[2.381071499793189,48.849297556734378]]]}},
{"type":"Feature","properties":{"ID":"VOIE_NOM0000002338636751","ID_BAN":"75112_3156","name":"Place Edouard Renard","INSEE_COM":"75112","NOM_COM":"Paris 12e Arrondissement","SRC_BAN":"commune","NOM_COLL":"PL EDOUARD RENARD","TYPE_VOIE":"place","MOT_DIR":"Renard","LD_BAN":null,"ID_SUPP":"TRONROUT0000000000202521/TRONROUT0000000000202526/TRONROUT0000000000202541/TRONROUT0000000000202559/TRONROUT0000002005939204/TRONROUT0000002005939205","INSEEDBAN":null,"COMDEL_BAN":null,"DATE_CREAT":"2023-12-08T13:42:59","DATE_MAJ":"2024-03-12T16:10:18","NOM_NORMA":"PL EDOUARD RENARD","ID_BAN_ODO":null,"Nom_a_verifier":false,"other_tags":"nan"},"geometry":{"type":"MultiLineString","coordinates":[[[2.40797114671643,48.834847900307473],[2.408021479523805,48.834854444973253],[2.408066250892927,48.834870855095872],[2.408125772502685,48.834908023556395],[2.408170135527091,48.834960406163837]],[[2.406932690030943,48.835596422421666],[2.40714875135224,48.835525544458292]],[[2.408247442897414,48.835110982368469],[2.408218299615031,48.835037989737927],[2.408199646262303,48.835001023541089],[2.408170135527091,48.834960406163837]],[[2.406899990811869,48.835237414303023],[2.407090177474065,48.835165508761833],[2.407339177027423,48.835073208981143],[2.407556751227487,48.834988847302604],[2.40776468658887,48.834913431137231],[2.407867235577939,48.834880662395385],[2.40797114671643,48.834847900307473]],[[2.406592073342996,48.83535909987183],[2.406899990811869,48.835237414303023]],[[2.40714875135224,48.835525544458292],[2.40735662809645,48.835455524914195],[2.40758650537483,48.835367626707203],[2.407829994557642,48.835280694809335],[2.407992770919813,48.835223041950108],[2.408100881854062,48.835180407545195],[2.408180272291359,48.83514752393782],[2.408247442897414,48.835110982368469]]]}},
{"type":"Feature","properties":{"ID":"VOIE_NOM0000002338636761","ID_BAN":"75112_2055","name":"Rue de Citeaux","INSEE_COM":"75112","NOM_COM":"Paris 12e Arrondissement","SRC_BAN":"commune","NOM_COLL":"R DE CITEAUX","TYPE_VOIE":"rue","MOT_DIR":"Citeaux","LD_BAN":null,"ID_SUPP":"TRONROUT0000000000195976/TRONROUT0000000000195979/TRONROUT0000000000195981/TRONROUT0000000000196798/TRONROUT0000000000196801/TRONROUT0000000000197670","INSEEDBAN":null,"COMDEL_BAN":null,"DATE_CREAT":"2023-12-08T13:42:59","DATE_MAJ":"2024-03-12T16:10:18","NOM_NORMA":"R DE CITEAUX","ID_BAN_ODO":null,"Nom_a_verifier":false,"other_tags":"\"wikipedia\"=>\"fr:Rue_de_C%C3%AEteaux\""},"geometry":{"type":"MultiLineString","coordinates":[[[2.379661348608326,48.846526533603978],[2.379721112655077,48.846657250201474],[2.379991999942991,48.847024692445849],[2.380546813472975,48.847810006102485]],[[2.380546813472975,48.847810006102485],[2.380714276079729,48.848051900333466]],[[2.381215432935233,48.849800140878024],[2.381352608841361,48.850298192900418],[2.381404632384278,48.850392894006326]],[[2.381142188797094,48.849541647416011],[2.381177432094091,48.849672236060606],[2.381215432935233,48.849800140878024]],[[2.380625753723216,48.848162062812143],[2.380768091779013,48.848224855117785],[2.380781600479254,48.848234817942704],[2.380790903767388,48.848254651909279],[2.381071499793189,48.849297556734378]],[[2.381071499793189,48.849297556734378],[2.381142188797094,48.849541647416011]]]}},
{"type":"Feature","properties":{"ID":"VOIE_NOM0000002338636768","ID_BAN":"75112_6495","name":"Rue Montgallet","INSEE_COM":"75112","NOM_COM":"Paris 12e Arrondissement","SRC_BAN":"commune","NOM_COLL":"R MONTGALLET","TYPE_VOIE":"rue","MOT_DIR":"Montgallet","LD_BAN":null,"ID_SUPP":"TRONROUT0000000000198422/TRONROUT0000000000198437/TRONROUT0000000000198445/TRONROUT0000000000199272/TRONROUT0000000000199302/TRONROUT0000000289219298","INSEEDBAN":null,"COMDEL_BAN":null,"DATE_CREAT":"2023-12-08T13:42:59","DATE_MAJ":"2024-03-12T16:10:18","NOM_NORMA":"R MONTGALLET","ID_BAN_ODO":null,"Nom_a_verifier":false,"other_tags":"\"wikipedia\"=>\"fr:Rue_Montgallet\""},"geometry":{"type":"MultiLineString","coordinates":[[[2.385496477452722,48.842464568761798],[2.385421933726755,48.842430909519372]],[[2.385912574333361,48.842651973482248],[2.385858340083763,48.842629211085558],[2.385565613781957,48.842494602744807],[2.385496477452722,48.842464568761798]],[[2.389935024524506,48.844500050212915],[2.388666481226366,48.843915287476825]],[[2.388666481226366,48.843915287476825],[2.388179904567142,48.843694255963506]],[[2.387776032602501,48.843508720668765],[2.387340952938237,48.843312231841423],[2.386689232493901,48.842999512966173],[2.385999306852597,48.84269199048461],[2.385912574333361,48.842651973482248]],[[2.387776032602501,48.843508720668765],[2.388179904567142,48.843694255963506]]]}},
{"type":"Feature","properties":{"ID":"VOIE_NOM0000002338636775","ID_BAN":"75112_2320","name":"Avenue de Corbera","INSEE_COM":"75112","NOM_COM":"Paris 12e Arrondissement","SRC_BAN":"commune","NOM_COLL":"AV DE CORBERA","TYPE_VOIE":"avenue","MOT_DIR":"Corbera","LD_BAN":null,"ID_SUPP":"TRONROUT0000000000197658","INSEEDBAN":null,"COMDEL_BAN":null,"DATE_CREAT":"2023-12-08T13:42:59","DATE_MAJ":"2024-03-12T16:10:18","NOM_NORMA":"AV DE CORBERA","ID_BAN_ODO":null,"Nom_a_verifier":false,"other_tags":"nan"},"geometry":{"type":"MultiLineString","coordinates":[[[2.381019144239167,48.845330226377413],[2.382399302491578,48.845921042108294]]]}},
{"type":"Feature","properties":{"ID":"VOIE_NOM0000002338636779","ID_BAN":"75112_1865","name":"Rue Charles Nicolle","INSEE_COM":"75112","NOM_COM":"Paris 12e Arrondissement","SRC_BAN":"commune","NOM_COLL":"R CHARLES NICOLLE","TYPE_VOIE":"rue","MOT_DIR":"Nicolle","LD_BAN":null,"ID_SUPP":"TRONROUT0000000000198440/TRONROUT0000000000198447/TRONROUT0000000000198449/TRONROUT0000000351733158","INSEEDBAN":null,"COMDEL_BAN":null,"DATE_CREAT":"2023-12-08T13:42:59","DATE_MAJ":"2024-03-12T16:10:18","NOM_NORMA":"R CHARLES NICOLLE","ID_BAN_ODO":null,"Nom_a_verifier":false,"other_tags":"\"wikipedia\"=>\"fr:Rue_Charles-Nicolle\""},"geometry":{"type":"MultiLineString","coordinates":[[[2.384829670850938,48.843662685466505],[2.384940812597977,48.843712721655628],[2.384985605532261,48.843727341678502],[2.385037317145466,48.843733003664155],[2.385589122139533,48.843736738297515],[2.385818442731388,48.8438179587436],[2.385971001460534,48.843822339308993]],[[2.386235413140031,48.843816501288771],[2.386362373525146,48.843680450103648]],[[2.385971001460534,48.843822339308993],[2.386235413140031,48.843816501288771]],[[2.386217988288867,48.844717568645514],[2.38622525756469,48.843984629194033],[2.386226877987711,48.843847035684419],[2.386235413140031,48.843816501288771]]]}},
{"type":"Feature","properties":{"ID":"VOIE_NOM0000002338636814","ID_BAN":"75112_6615","name":"Impasse Mousset","INSEE_COM":"75112","NOM_COM":"Paris 12e Arrondissement","SRC_BAN":"commune","NOM_COLL":"IMP MOUSSET","TYPE_VOIE":"impasse","MOT_DIR":"Mousset","LD_BAN":null,"ID_SUPP":"TRONROUT0000000000198430","INSEEDBAN":null,"COMDEL_BAN":null,"DATE_CREAT":"2023-12-08T13:42:59","DATE_MAJ":"2024-03-12T16:10:18","NOM_NORMA":"IMP MOUSSET","ID_BAN_ODO":null,"Nom_a_verifier":false,"other_tags":"nan"},"geometry":{"type":"MultiLineString","coordinates":[[[2.38960347430214,48.844769964971654],[2.389699666684506,48.844817222306958],[2.391764470178806,48.845830520596742]]]}},
{"type":"Feature","properties":{"ID":"VOIE_NOM0000002338636839","ID_BAN":"75112_9156","name":"Rue de Tahiti","INSEE_COM":"75112","NOM_COM":"Paris 12e Arrondissement","SRC_BAN":"commune","NOM_COLL":"R DE TAHITI","TYPE_VOIE":"rue","MOT_DIR":"Tahiti","LD_BAN":null,"ID_SUPP":"TRONROUT0000000000200131","INSEEDBAN":null,"COMDEL_BAN":null,"DATE_CREAT":"2023-12-08T13:42:59","DATE_MAJ":"2024-03-12T16:10:18","NOM_NORMA":"R DE TAHITI","ID_BAN_ODO":null,"Nom_a_verifier":false,"other_tags":"nan"},"geometry":{"type":"MultiLineString","coordinates":[[[2.399487324130268,48.840443709165839],[2.400389979891281,48.840503098068247]]]}},
{"type":"Feature","properties":{"ID":"VOIE_NOM0000002338639484","ID_BAN":null,"name":"Voie Communale As/12","INSEE_COM":"75112","NOM_COM":"Paris 12e Arrondissement","SRC_BAN":null,"NOM_COLL":"VC AS/12","TYPE_VOIE":"voie communale","MOT_DIR":"AS/12","LD_BAN":null,"ID_SUPP":"TRONROUT0000000330310609","INSEEDBAN":null,"COMDEL_BAN":null,"DATE_CREAT":"2023-12-08T13:42:59","DATE_MAJ":"2024-03-12T16:10:18","NOM_NORMA":"VC AS/12","ID_BAN_ODO":null,"Nom_a_verifier":true,"other_tags":"nan"},"geometry":{"type":"MultiLineString","coordinates":[[[2.398710051031467,48.846168713388224],[2.399017339197488,48.846226916795601]]]}},
{"type":"Feature","properties":{"ID":"VOIE_NOM0000002338648369","ID_BAN":"75112_3074","name":"Rue Ebelmen","INSEE_COM":"75112","NOM_COM":"Paris 12e Arrondissement","SRC_BAN":"commune","NOM_COLL":"R EBELMEN","TYPE_VOIE":"rue","MOT_DIR":"Ebelmen","LD_BAN":null,"ID_SUPP":"TRONROUT0000000000198443","INSEEDBAN":null,"COMDEL_BAN":null,"DATE_CREAT":"2023-12-08T13:42:59","DATE_MAJ":"2024-03-12T16:10:18","NOM_NORMA":"R EBELMEN","ID_BAN_ODO":null,"Nom_a_verifier":false,"other_tags":"\"wikipedia\"=>\"fr:Rue_Ebelmen\""},"geometry":{"type":"MultiLineString","coordinates":[[[2.387111598761076,48.844044933518909],[2.387415558271708,48.843804562994762],[2.387776032602501,48.843508720668765]]]}},
{"type":"Feature","properties":{"ID":"VOIE_NOM0000002338648379","ID_BAN":"75112_5097","name":"Rue Jules Pichard","INSEE_COM":"75112","NOM_COM":"Paris 12e Arrondissement","SRC_BAN":"commune","NOM_COLL":"R JULES PICHARD","TYPE_VOIE":"rue","MOT_DIR":"Pichard","LD_BAN":null,"ID_SUPP":"TRONROUT0000000000202603","INSEEDBAN":null,"COMDEL_BAN":null,"DATE_CREAT":"2023-12-08T13:42:59","DATE_MAJ":"2024-03-12T16:10:18","NOM_NORMA":"R JULES PICHARD","ID_BAN_ODO":null,"Nom_a_verifier":false,"other_tags":"\"wikipedia\"=>\"fr:Rue_Jules-Pichard\""},"geometry":{"type":"MultiLineString","coordinates":[[[2.396211087744764,48.834865559832863],[2.395954360176135,48.834682591905931]]]}},
{"type":"Feature","properties":{"ID":"VOIE_NOM0000002338648398","ID_BAN":"75112_4113","name":"Rue George Gershwin","INSEE_COM":"75112","NOM_COM":"Paris 12e Arrondissement","SRC_BAN":"commune","NOM_COLL":"R GEORGE GERSHWIN","TYPE_VOIE":"rue","MOT_DIR":"Gershwin","LD_BAN":null,"ID_SUPP":"TRONROUT0000000000202628","INSEEDBAN":null,"COMDEL_BAN":null,"DATE_CREAT":"2023-12-08T13:42:59","DATE_MAJ":"2024-03-12T16:10:18","NOM_NORMA":"R GEORGE GERSHWIN","ID_BAN_ODO":null,"Nom_a_verifier":false,"other_tags":"\"wikipedia\"=>\"fr:Rue_George-Gershwin\""},"geometry":{"type":"MultiLineString","coordinates":[[[2.383743604066662,48.835603309068389],[2.384469132170012,48.836001866132449]]]}},
{"type":"Feature","properties":{"ID":"VOIE_NOM0000002338648412","ID_BAN":"75112_1253","name":"Rue Brahms","INSEE_COM":"75112","NOM_COM":"Paris 12e Arrondissement","SRC_BAN":"commune","NOM_COLL":"R BRAHMS","TYPE_VOIE":"rue","MOT_DIR":"Brahms","LD_BAN":null,"ID_SUPP":"TRONROUT0000000000200166","INSEEDBAN":null,"COMDEL_BAN":null,"DATE_CREAT":"2023-12-08T13:42:59","DATE_MAJ":"2024-03-12T16:10:18","NOM_NORMA":"R BRAHMS","ID_BAN_ODO":null,"Nom_a_verifier":false,"other_tags":"\"wikipedia\"=>\"fr:Rue_Brahms\""},"geometry":{"type":"MultiLineString","coordinates":[[[2.392783630557914,48.841043917601432],[2.392780077586925,48.840998032202492],[2.392770005449754,48.840810014799317],[2.392747482003146,48.840287372036968]]]}},
{"type":"Feature","properties":{"ID":"VOIE_NOM0000002338648428","ID_BAN":"75112_8226","name":"Rue Riesener","INSEE_COM":"75112","NOM_COM":"Paris 12e Arrondissement","SRC_BAN":"commune","NOM_COLL":"R RIESENER","TYPE_VOIE":"rue","MOT_DIR":"Riesener","LD_BAN":null,"ID_SUPP":"TRONROUT0000000000199263","INSEEDBAN":null,"COMDEL_BAN":null,"DATE_CREAT":"2023-12-08T13:42:59","DATE_MAJ":"2024-03-12T16:10:18","NOM_NORMA":"R RIESENER","ID_BAN_ODO":null,"Nom_a_verifier":false,"other_tags":"\"wikipedia\"=>\"fr:Rue_Riesener\""},"geometry":{"type":"MultiLineString","coordinates":[[[2.388990873667347,48.843326066312464],[2.389708748823385,48.842645318673959],[2.389788214879829,48.842607950967704]]]}},
{"type":"Feature","properties":{"ID":"VOIE_NOM0000002338648463","ID_BAN":"75112_5663","name":"Rue de Libourne","INSEE_COM":"75112","NOM_COM":"Paris 12e Arrondissement","SRC_BAN":"commune","NOM_COLL":"R DE LIBOURNE","TYPE_VOIE":"rue","MOT_DIR":"Libourne","LD_BAN":null,"ID_SUPP":"TRONROUT0000000000204173/TRONROUT0000000000204177","INSEEDBAN":null,"COMDEL_BAN":null,"DATE_CREAT":"2023-12-08T13:42:59","DATE_MAJ":"2024-03-12T16:10:18","NOM_NORMA":"R DE LIBOURNE","ID_BAN_ODO":null,"Nom_a_verifier":false,"other_tags":"\"wikipedia\"=>\"fr:Rue_de_Libourne\""},"geometry":{"type":"MultiLineString","coordinates":[[[2.386889017245664,48.831807958211925],[2.387263423189301,48.831594927953994],[2.387514415815326,48.831450515913247]],[[2.386889017245664,48.831807958211925],[2.386809438632508,48.831856116118203],[2.386570786571927,48.831993394998129],[2.386509297023469,48.832009268231765],[2.386163766698681,48.832199060720519]]]}},
{"type":"Feature","properties":{"ID":"VOIE_NOM0000002338648480","ID_BAN":"75112_6304","name":"Rue des Meuniers","INSEE_COM":"75112","NOM_COM":"Paris 12e Arrondissement","SRC_BAN":"commune","NOM_COLL":"R DES MEUNIERS","TYPE_VOIE":"rue","MOT_DIR":"Meuniers","LD_BAN":null,"ID_SUPP":"TRONROUT0000000000201770/TRONROUT0000000000202591/TRONROUT0000000000202596/TRONROUT0000000000202598/TRONROUT0000000000202602/TRONROUT0000000000202604/TRONROUT0000000000203419/TRONROUT0000000000203422/TRONROUT0000000000203423/TRONROUT0000000000203425/TRON","INSEEDBAN":null,"COMDEL_BAN":null,"DATE_CREAT":"2023-12-08T13:42:59","DATE_MAJ":"2024-03-12T16:10:18","NOM_NORMA":"R DES MEUNIERS","ID_BAN_ODO":null,"Nom_a_verifier":false,"other_tags":"\"wikipedia\"=>\"fr:Rue_des_Meuniers\""},"geometry":{"type":"MultiLineString","coordinates":[[[2.399909340040411,48.83266453783866],[2.399486771836458,48.832923233119963]],[[2.399399205936397,48.832956069979893],[2.399486771836458,48.832923233119963]],[[2.399270161605638,48.833041761044306],[2.399399205936397,48.832956069979893]],[[2.398514044951043,48.833635139854394],[2.398945813388753,48.833288356513833]],[[2.399270161605638,48.833041761044306],[2.399222110429939,48.833073896866487]],[[2.399222110429939,48.833073896866487],[2.398945813388753,48.833288356513833]],[[2.396799708049057,48.834623003145467],[2.396927075547611,48.834565186685218]],[[2.396211087744764,48.834865559832863],[2.396799708049057,48.834623003145467]],[[2.393034816026528,48.836439560119032],[2.394201918089932,48.835894166697273]],[[2.395251953578538,48.835338276911166],[2.395987890270697,48.834963363045937],[2.396211087744764,48.834865559832863]],[[2.394201918089932,48.835894166697273],[2.394966948092842,48.835478935172823],[2.395251953578538,48.835338276911166]],[[2.397716294054253,48.834175241473424],[2.397790302813555,48.834136941417178],[2.398182566725453,48.833908678264415],[2.398254026745361,48.833855075880393],[2.398380578605522,48.833749587379543],[2.398514044951043,48.833635139854394]],[[2.396927075547611,48.834565186685218],[2.397528531565301,48.834272326653576],[2.397716294054253,48.834175241473424]]]}},
{"type":"Feature","properties":{"ID":"VOIE_NOM0000002338648493","ID_BAN":"75112_5370","name":"Rue Lasson","INSEE_COM":"75112","NOM_COM":"Paris 12e Arrondissement","SRC_BAN":"commune","NOM_COLL":"R LASSON","TYPE_VOIE":"rue","MOT_DIR":"Lasson","LD_BAN":null,"ID_SUPP":"TRONROUT0000000000199217","INSEEDBAN":null,"COMDEL_BAN":null,"DATE_CREAT":"2023-12-08T13:42:59","DATE_MAJ":"2024-03-12T16:10:18","NOM_NORMA":"R LASSON","ID_BAN_ODO":null,"Nom_a_verifier":false,"other_tags":"\"wikipedia\"=>\"fr:Rue_Lasson\""},"geometry":{"type":"MultiLineString","coordinates":[[[2.407921269883996,48.842957186810871],[2.407861432703224,48.842946997716084],[2.407797344579114,48.842951177263394],[2.406538753074059,48.843153591109044],[2.406334020252811,48.843184052794506],[2.405814048050017,48.843257017296182],[2.405369135002836,48.843319560364968]]]}},
{"type":"Feature","properties":{"ID":"VOIE_NOM0000002338648521","ID_BAN":"75112_4394","name":"Rue Guillaumot","INSEE_COM":"75112","NOM_COM":"Paris 12e Arrondissement","SRC_BAN":"commune","NOM_COLL":"R GUILLAUMOT","TYPE_VOIE":"rue","MOT_DIR":"Guillaumot","LD_BAN":null,"ID_SUPP":"TRONROUT0000000000197697/TRONROUT0000000289219281","INSEEDBAN":null,"COMDEL_BAN":null,"DATE_CREAT":"2023-12-08T13:42:59","DATE_MAJ":"2024-04-09T23:12:41","NOM_NORMA":"R GUILLAUMOT","ID_BAN_ODO":null,"Nom_a_verifier":false,"other_tags":"\"wikipedia\"=>\"fr:Rue_Guillaumot\""},"geometry":{"type":"MultiLineString","coordinates":[[[2.377926541489219,48.845967119213419],[2.377991429401872,48.846010625747752]],[[2.377106161086723,48.845402550816956],[2.377149418757938,48.845431555488581],[2.377298138860739,48.845529460318517],[2.377853585660506,48.845914577111699],[2.377891404650332,48.845942653856973],[2.377926541489219,48.845967119213419]]]}},
{"type":"Feature","properties":{"ID":"VOIE_NOM0000002338648540","ID_BAN":"75112_8714","name":"Rue Saint-Nicolas","INSEE_COM":"75112","NOM_COM":"Paris 12e Arrondissement","SRC_BAN":"commune","NOM_COLL":"R SAINT-NICOLAS","TYPE_VOIE":"rue","MOT_DIR":"Nicolas","LD_BAN":null,"ID_SUPP":"TRONROUT0000000000196016","INSEEDBAN":null,"COMDEL_BAN":null,"DATE_CREAT":"2023-12-08T13:42:59","DATE_MAJ":"2024-03-12T16:10:18","NOM_NORMA":"R SAINT-NICOLAS","ID_BAN_ODO":null,"Nom_a_verifier":false,"other_tags":"\"wikipedia\"=>\"fr:Rue_Saint-Nicolas_(Paris)\""},"geometry":{"type":"MultiLineString","coordinates":[[[2.374866550594997,48.851603617821546],[2.373756555156386,48.850072509164995]]]}},
{"type":"Feature","properties":{"ID":"VOIE_NOM0000002338648544","ID_BAN":"75112_3611","name":"Rue Fernand Foureau","INSEE_COM":"75112","NOM_COM":"Paris 12e Arrondissement","SRC_BAN":"commune","NOM_COLL":"R FERNAND FOUREAU","TYPE_VOIE":"rue","MOT_DIR":"Foureau","LD_BAN":null,"ID_SUPP":"TRONROUT0000000000197542/TRONROUT0000000338524313","INSEEDBAN":null,"COMDEL_BAN":null,"DATE_CREAT":"2023-12-08T13:42:59","DATE_MAJ":"2024-03-12T16:10:18","NOM_NORMA":"R FERNAND FOUREAU","ID_BAN_ODO":null,"Nom_a_verifier":false,"other_tags":"\"wikipedia\"=>\"fr:Rue_Fernand-Foureau\""},"geometry":{"type":"MultiLineString","coordinates":[[[2.412426800391344,48.846021021624807],[2.412335224191064,48.846045753752925],[2.412074658510535,48.846072353537643],[2.41167233421783,48.846102752498545],[2.411274066699423,48.846135868134226],[2.411114472808738,48.846150371701704]],[[2.411114472808738,48.846150371701704],[2.411017648732194,48.84615708990394]]]}},
{"type":"Feature","properties":{"ID":"VOIE_NOM0000002338648546","ID_BAN":"75112_1671","name":"Rue de Chablis","INSEE_COM":"75112","NOM_COM":"Paris 12e Arrondissement","SRC_BAN":"commune","NOM_COLL":"R DE CHABLIS","TYPE_VOIE":"rue","MOT_DIR":"Chablis","LD_BAN":null,"ID_SUPP":"TRONROUT0000000000201793","INSEEDBAN":null,"COMDEL_BAN":null,"DATE_CREAT":"2023-12-08T13:42:59","DATE_MAJ":"2024-03-12T16:10:18","NOM_NORMA":"R DE CHABLIS","ID_BAN_ODO":null,"Nom_a_verifier":false,"other_tags":"\"wikipedia\"=>\"fr:Rue_de_Chablis\""},"geometry":{"type":"MultiLineString","coordinates":[[[2.384469132170012,48.836001866132449],[2.385062140488189,48.836316995845756]]]}},
{"type":"Feature","properties":{"ID":"VOIE_NOM0000002338648548","ID_BAN":"75112_0390","name":"Rue Antoine Vollon","INSEE_COM":"75112","NOM_COM":"Paris 12e Arrondissement","SRC_BAN":"commune","NOM_COLL":"R ANTOINE VOLLON","TYPE_VOIE":"rue","MOT_DIR":"Vollon","LD_BAN":null,"ID_SUPP":"TRONROUT0000000000196011","INSEEDBAN":null,"COMDEL_BAN":null,"DATE_CREAT":"2023-12-08T13:42:59","DATE_MAJ":"2024-03-12T16:10:18","NOM_NORMA":"R ANTOINE VOLLON","ID_BAN_ODO":null,"Nom_a_verifier":false,"other_tags":"nan"},"geometry":{"type":"MultiLineString","coordinates":[[[2.377228260566004,48.851034951570043],[2.376558779381049,48.850039477757853]]]}},
{"type":"Feature","properties":{"ID":"VOIE_NOM0000002338648580","ID_BAN":"75112_9dj8my","name":"Place du Cardinal Lavigerie","INSEE_COM":"75112","NOM_COM":"Paris 12e Arrondissement","SRC_BAN":"commune","NOM_COLL":"PL DU CARDINAL LAVIGERIE","TYPE_VOIE":"place","MOT_DIR":"Lavigerie","LD_BAN":null,"ID_SUPP":"TRONROUT0000000000203416/TRONROUT0000000338524287","INSEEDBAN":null,"COMDEL_BAN":null,"DATE_CREAT":"2023-12-08T13:42:59","DATE_MAJ":"2024-03-12T16:10:18","NOM_NORMA":"PL DU CARDINAL LAVIGERIE","ID_BAN_ODO":null,"Nom_a_verifier":false,"other_tags":"nan"},"geometry":{"type":"MultiLineString","coordinates":[[[2.402346049408614,48.833297301015712],[2.402579320023388,48.833150970464011],[2.402781021076573,48.83302516722452],[2.402999273865647,48.832881458938907],[2.403282023460115,48.832696701210637],[2.403472792440186,48.832573540326976],[2.403766570113427,48.832377144662438],[2.403894202061208,48.832295039166425]],[[2.402270579830035,48.833344590250682],[2.402346049408614,48.833297301015712]]]}},
{"type":"Feature","properties":{"ID":"VOIE_NOM0000002338648583","ID_BAN":"75112_3233","name":"Rue Emile Gilbert","INSEE_COM":"75112","NOM_COM":"Paris 12e Arrondissement","SRC_BAN":"commune","NOM_COLL":"R EMILE GILBERT","TYPE_VOIE":"rue","MOT_DIR":"Gilbert","LD_BAN":null,"ID_SUPP":"TRONROUT0000000000197716","INSEEDBAN":null,"COMDEL_BAN":null,"DATE_CREAT":"2023-12-08T13:42:59","DATE_MAJ":"2024-03-12T16:10:18","NOM_NORMA":"R EMILE GILBERT","ID_BAN_ODO":null,"Nom_a_verifier":false,"other_tags":"\"wikipedia\"=>\"fr:Rue_%C3%89mile-Gilbert\""},"geometry":{"type":"MultiLineString","coordinates":[[[2.373112846683433,48.84682785974563],[2.373390337394536,48.845849013740136]]]}},
{"type":"Feature","properties":{"ID":"VOIE_NOM0000002338648591","ID_BAN":"75112_7515","name":"Ruelle de la Planchette","INSEE_COM":"75112","NOM_COM":"Paris 12e Arrondissement","SRC_BAN":"commune","NOM_COLL":"RLE DE LA PLANCHETTE","TYPE_VOIE":"ruelle","MOT_DIR":"Planchette","LD_BAN":null,"ID_SUPP":"TRONROUT0000000000200974","INSEEDBAN":null,"COMDEL_BAN":null,"DATE_CREAT":"2023-12-08T13:42:59","DATE_MAJ":"2024-03-12T16:10:18","NOM_NORMA":"RLE DE LA PLANCHETTE","ID_BAN_ODO":null,"Nom_a_verifier":false,"other_tags":"nan"},"geometry":{"type":"MultiLineString","coordinates":[[[2.388813186253551,48.839538852644729],[2.388236584141419,48.839329951347516],[2.387868886004953,48.839199461546201]]]}},
{"type":"Feature","properties":{"ID":"VOIE_NOM0000002338648624","ID_BAN":"75112_0714","name":"Place de la Bastille","INSEE_COM":"75112","NOM_COM":"Paris 12e Arrondissement","SRC_BAN":"commune","NOM_COLL":"PL DE LA BASTILLE","TYPE_VOIE":"place","MOT_DIR":"Bastille","LD_BAN":null,"ID_SUPP":"TRONROUT0000002101653335","INSEEDBAN":null,"COMDEL_BAN":null,"DATE_CREAT":"2023-12-08T13:42:59","DATE_MAJ":"2024-03-12T16:10:18","NOM_NORMA":"PL DE LA BASTILLE","ID_BAN_ODO":null,"Nom_a_verifier":false,"other_tags":"nan"},"geometry":{"type":"MultiLineString","coordinates":[[[2.369601146082408,48.852129993573413],[2.369500418364944,48.852345307577991],[2.369462558200016,48.852433244661938],[2.369449869195656,48.852468252557685],[2.369444102671766,48.852494303403162],[2.369443852377223,48.852514987200657],[2.369443536788167,48.852541066770861],[2.369448585086104,48.852574369430229],[2.369459019047687,48.852613096586559],[2.369686292615242,48.853090051570661],[2.369752820302721,48.853223506154116]]]}},
{"type":"Feature","properties":{"ID":"VOIE_NOM0000002338648654","ID_BAN":"75112_x028","name":"Voie Ac/12","INSEE_COM":"75112","NOM_COM":"Paris 12e Arrondissement","SRC_BAN":"commune","NOM_COLL":"VOI AC/12","TYPE_VOIE":"voie","MOT_DIR":"Ac/12","LD_BAN":null,"ID_SUPP":"TRONROUT0000000330310605","INSEEDBAN":null,"COMDEL_BAN":null,"DATE_CREAT":"2023-12-08T13:42:59","DATE_MAJ":"2024-03-12T16:10:18","NOM_NORMA":"VOI AC/12","ID_BAN_ODO":null,"Nom_a_verifier":false,"other_tags":"nan"},"geometry":{"type":"MultiLineString","coordinates":[[[2.383931056935243,48.844410824215601],[2.383791376100525,48.844354344618267],[2.383442835320015,48.844214947016994]]]}},
{"type":"Feature","properties":{"ID":"VOIE_NOM0000002338648667","ID_BAN":"75112_7235","name":"Rue du Pensionnat","INSEE_COM":"75112","NOM_COM":"Paris 12e Arrondissement","SRC_BAN":"commune","NOM_COLL":"R DU PENSIONNAT","TYPE_VOIE":"rue","MOT_DIR":"Pensionnat","LD_BAN":null,"ID_SUPP":"TRONROUT0000000000196738/TRONROUT0000000000197604/TRONROUT0000000000197605","INSEEDBAN":null,"COMDEL_BAN":null,"DATE_CREAT":"2023-12-08T13:42:59","DATE_MAJ":"2024-03-12T16:10:18","NOM_NORMA":"R DU PENSIONNAT","ID_BAN_ODO":null,"Nom_a_verifier":false,"other_tags":"\"wikipedia\"=>\"fr:Rue_du_Pensionnat_(Paris)\""},"geometry":{"type":"MultiLineString","coordinates":[[[2.398421544084428,48.846844477457623],[2.398182538178556,48.846773125742168]],[[2.397427798388605,48.846522004133703],[2.397688478729048,48.846604258766504]],[[2.398182538178556,48.846773125742168],[2.397688478729048,48.846604258766504]]]}},
{"type":"Feature","properties":{"ID":"VOIE_NOM0000002338648688","ID_BAN":"75112_0490","name":"Impasse des Arts","INSEE_COM":"75112","NOM_COM":"Paris 12e Arrondissement","SRC_BAN":"commune","NOM_COLL":"IMP DES ARTS","TYPE_VOIE":"impasse","MOT_DIR":"Arts","LD_BAN":null,"ID_SUPP":"TRONROUT0000000000196737","INSEEDBAN":null,"COMDEL_BAN":null,"DATE_CREAT":"2023-12-08T13:42:59","DATE_MAJ":"2024-03-12T16:10:18","NOM_NORMA":"IMP DES ARTS","ID_BAN_ODO":null,"Nom_a_verifier":false,"other_tags":"nan"},"geometry":{"type":"MultiLineString","coordinates":[[[2.398182538178556,48.846773125742168],[2.397999881977816,48.847014133252671],[2.397856010776054,48.847200475018532]]]}},
{"type":"Feature","properties":{"ID":"VOIE_NOM0000002338648692","ID_BAN":"75112_3313","name":"Rue Erard","INSEE_COM":"75112","NOM_COM":"Paris 12e Arrondissement","SRC_BAN":"commune","NOM_COLL":"R ERARD","TYPE_VOIE":"rue","MOT_DIR":"Erard","LD_BAN":null,"ID_SUPP":"TRONROUT0000000000197643/TRONROUT0000000000197650/TRONROUT0000000000197653/TRONROUT0000000000197656","INSEEDBAN":null,"COMDEL_BAN":null,"DATE_CREAT":"2023-12-08T13:42:59","DATE_MAJ":"2024-04-11T21:06:03","NOM_NORMA":"R ERARD","ID_BAN_ODO":null,"Nom_a_verifier":false,"other_tags":"\"wikipedia\"=>\"fr:Rue_%C3%89rard\""},"geometry":{"type":"MultiLineString","coordinates":[[[2.385880911723988,48.846148514700587],[2.385261855466173,48.845836856006912]],[[2.387132395641445,48.846911290762407],[2.386979618249317,48.846808880825471],[2.386537439500525,48.846518820367436],[2.385880911723988,48.846148514700587]],[[2.385261855466173,48.845836856006912],[2.384530458041838,48.845461661089821]],[[2.384530458041838,48.845461661089821],[2.384305655478204,48.84534358792294],[2.38419465963171,48.845280960979153],[2.383619214397139,48.844970417271774],[2.383551310795857,48.844951180886447]]]}},
{"type":"Feature","properties":{"ID":"VOIE_NOM0000002338648707","ID_BAN":"75112_3416","name":"Square Eugène Hatton","INSEE_COM":"75112","NOM_COM":"Paris 12e Arrondissement","SRC_BAN":"commune","NOM_COLL":"SQ EUGENE HATTON","TYPE_VOIE":"square","MOT_DIR":"Hatton","LD_BAN":null,"ID_SUPP":"TRONROUT0000000000199274/TRONROUT0000000289219305/TRONROUT0000000351733145/TRONROUT0000000351733146","INSEEDBAN":null,"COMDEL_BAN":null,"DATE_CREAT":"2023-12-08T13:42:59","DATE_MAJ":"2024-03-12T16:10:18","NOM_NORMA":"SQ EUGENE HATTON","ID_BAN_ODO":null,"Nom_a_verifier":false,"other_tags":"nan"},"geometry":{"type":"MultiLineString","coordinates":[[[2.38658237380528,48.841890954205468],[2.386519005092038,48.841833969572008]],[[2.386309941912956,48.841653025237662],[2.386104243236608,48.841649271732734],[2.385861444988977,48.841556290755534],[2.385971765415988,48.841444437033964]],[[2.385971765415988,48.841444437033964],[2.386327074924405,48.841586560477793],[2.386309941912956,48.841653025237662]],[[2.386519005092038,48.841833969572008],[2.386450207864251,48.841775158339225],[2.386309941912956,48.841653025237662]]]}},
{"type":"Feature","properties":{"ID":"VOIE_NOM0000002338657287","ID_BAN":null,"name":"Place De L'Ile De La Reunion","INSEE_COM":"75112","NOM_COM":"Paris 12e Arrondissement","SRC_BAN":null,"NOM_COLL":"PL DE L'ILE DE LA REUNION","TYPE_VOIE":"place","MOT_DIR":"REUNION","LD_BAN":null,"ID_SUPP":"TRONROUT0000000000196718","INSEEDBAN":null,"COMDEL_BAN":null,"DATE_CREAT":"2023-12-08T13:42:59","DATE_MAJ":"2024-12-16T22:01:03","NOM_NORMA":"PL DE L'ILE DE LA REUNION","ID_BAN_ODO":null,"Nom_a_verifier":true,"other_tags":"nan"},"geometry":{"type":"MultiLineString","coordinates":[[[2.399089081009971,48.84780474529326],[2.399118502852804,48.847971273551885],[2.39912112864224,48.848098095635009]]]}},
{"type":"Feature","properties":{"ID":"VOIE_NOM0000002338657292","ID_BAN":null,"name":"Avenue De Joinville","INSEE_COM":"75112","NOM_COM":"Paris 12e Arrondissement","SRC_BAN":null,"NOM_COLL":"AV DE JOINVILLE","TYPE_VOIE":"avenue","MOT_DIR":"JOINVILLE","LD_BAN":null,"ID_SUPP":"TRONROUT0000000000205336/TRONROUT0000000000205337/TRONROUT0000000217444748/TRONROUT0000000217444751","INSEEDBAN":null,"COMDEL_BAN":null,"DATE_CREAT":"2023-12-08T13:42:59","DATE_MAJ":"2024-12-16T22:01:03","NOM_NORMA":"AV DE JOINVILLE","ID_BAN_ODO":null,"Nom_a_verifier":true,"other_tags":"nan"},"geometry":{"type":"MultiLineString","coordinates":[[[2.464598001665879,48.82721747998626],[2.464662615319994,48.827292416550684],[2.464732806787169,48.827354786927714],[2.464870539888169,48.8274723207684]],[[2.464492557559454,48.827271869156355],[2.464630336075707,48.827384906663575],[2.464777483654476,48.827514174498546]],[[2.464870539888169,48.8274723207684],[2.464971773905715,48.827562710205399]],[[2.464777483654476,48.827514174498546],[2.464857117912068,48.827585580697324]]]}},
{"type":"Feature","properties":{"ID":"VOIE_NOM0000002338658633","ID_BAN":null,"name":"Passerelle Andre Leo","INSEE_COM":"75112","NOM_COM":"Paris 12e Arrondissement","SRC_BAN":null,"NOM_COLL":"PLE ANDRE LEO","TYPE_VOIE":"passerelle","MOT_DIR":"LEO","LD_BAN":null,"ID_SUPP":"TRONROUT0000000000199285","INSEEDBAN":null,"COMDEL_BAN":null,"DATE_CREAT":"2023-12-08T13:42:59","DATE_MAJ":"2024-03-12T16:10:18","NOM_NORMA":"PLE ANDRE LEO","ID_BAN_ODO":null,"Nom_a_verifier":true,"other_tags":"nan"},"geometry":{"type":"MultiLineString","coordinates":[[[2.388445270417965,48.842097451959468],[2.387371508123233,48.842335684335538]]]}},
{"type":"Feature","properties":{"ID":"VOIE_NOM0000002338658634","ID_BAN":null,"name":"Rue Maurice Gredat","INSEE_COM":"75112","NOM_COM":"Paris 12e Arrondissement","SRC_BAN":null,"NOM_COLL":"R MAURICE GREDAT","TYPE_VOIE":"rue","MOT_DIR":"GREDAT","LD_BAN":null,"ID_SUPP":"TRONROUT0000000004410948","INSEEDBAN":null,"COMDEL_BAN":null,"DATE_CREAT":"2023-12-08T13:42:59","DATE_MAJ":"2024-03-12T16:10:18","NOM_NORMA":"R MAURICE GREDAT","ID_BAN_ODO":null,"Nom_a_verifier":true,"other_tags":"nan"},"geometry":{"type":"MultiLineString","coordinates":[[[2.434144075250625,48.819215861610871],[2.434353594907106,48.819361652154797]]]}},
{"type":"Feature","properties":{"ID":"VOIE_NOM0000002338658636","ID_BAN":null,"name":"Voie Communale Ai/12","INSEE_COM":"75112","NOM_COM":"Paris 12e Arrondissement","SRC_BAN":null,"NOM_COLL":"VC AI/12","TYPE_VOIE":"voie communale","MOT_DIR":"AI/12","LD_BAN":null,"ID_SUPP":"TRONROUT0000000247129252","INSEEDBAN":null,"COMDEL_BAN":null,"DATE_CREAT":"2023-12-08T13:42:59","DATE_MAJ":"2024-03-12T16:10:18","NOM_NORMA":"VC AI/12","ID_BAN_ODO":null,"Nom_a_verifier":true,"other_tags":"nan"},"geometry":{"type":"MultiLineString","coordinates":[[[2.400679206268545,48.829095210750644],[2.400829606499309,48.829165215750557],[2.400970461884859,48.829236072116359],[2.401107241586607,48.829306008531752],[2.401254805114543,48.829385891828444],[2.40136430155122,48.829459288818271]]]}},
{"type":"Feature","properties":{"ID":"VOIE_NOM0000002338725904","ID_BAN":"75112_4139","name":"Square Georges Lesage","INSEE_COM":"75112","NOM_COM":"Paris 12e Arrondissement","SRC_BAN":"commune","NOM_COLL":"SQ GEORGES LESAGE","TYPE_VOIE":"square","MOT_DIR":"Lesage","LD_BAN":null,"ID_SUPP":"TRONROUT0000000000197754","INSEEDBAN":null,"COMDEL_BAN":null,"DATE_CREAT":"2023-12-08T13:42:59","DATE_MAJ":"2024-03-12T16:10:18","NOM_NORMA":"SQ GEORGES LESAGE","ID_BAN_ODO":null,"Nom_a_verifier":false,"other_tags":"nan"},"geometry":{"type":"MultiLineString","coordinates":[[[2.368190641821359,48.846172416383347],[2.367588369165593,48.846619812587122]]]}},
{"type":"Feature","properties":{"ID":"VOIE_NOM0000002338733011","ID_BAN":"75112_1697","name":"Rue de Chambertin","INSEE_COM":"75112","NOM_COM":"Paris 12e Arrondissement","SRC_BAN":"commune","NOM_COLL":"R DE CHAMBERTIN","TYPE_VOIE":"rue","MOT_DIR":"Chambertin","LD_BAN":null,"ID_SUPP":"TRONROUT0000000000200204/TRONROUT0000002215638839","INSEEDBAN":null,"COMDEL_BAN":null,"DATE_CREAT":"2023-12-08T13:42:59","DATE_MAJ":"2024-03-12T16:10:18","NOM_NORMA":"R DE CHAMBERTIN","ID_BAN_ODO":null,"Nom_a_verifier":false,"other_tags":"\"wikipedia\"=>\"fr:Rue_de_Chambertin\""},"geometry":{"type":"MultiLineString","coordinates":[[[2.380545836588938,48.840211318965274],[2.379872914305535,48.839969501488355],[2.379593457083153,48.839867323882096]],[[2.380643513686846,48.840246899846377],[2.380545836588938,48.840211318965274]]]}},
{"type":"Feature","properties":{"ID":"VOIE_NOM0000002338733540","ID_BAN":"75112_8927","name":"Rue du Sergent Bauchat","INSEE_COM":"75112","NOM_COM":"Paris 12e Arrondissement","SRC_BAN":"commune","NOM_COLL":"R DU SERGENT BAUCHAT","TYPE_VOIE":"rue","MOT_DIR":"Bauchat","LD_BAN":null,"ID_SUPP":"TRONROUT0000000000197621/TRONROUT0000000000198425","INSEEDBAN":null,"COMDEL_BAN":null,"DATE_CREAT":"2023-12-08T13:42:59","DATE_MAJ":"2024-03-12T16:10:18","NOM_NORMA":"R DU SERGENT BAUCHAT","ID_BAN_ODO":null,"Nom_a_verifier":false,"other_tags":"\"wikipedia\"=>\"fr:Rue_du_Sergent-Bauchat\""},"geometry":{"type":"MultiLineString","coordinates":[[[2.393429500033326,48.845723856496491],[2.392611083211053,48.84532758479677],[2.391344051834051,48.844725771030603],[2.39064492724154,48.84438495304245],[2.390269527823669,48.844210363668694]],[[2.394509526348032,48.846240161663481],[2.394237143717168,48.846110174931759],[2.393429500033326,48.845723856496491]]]}},
{"type":"Feature","properties":{"ID":"VOIE_NOM0000002338733903","ID_BAN":"75112_5803","name":"Rue Louise Hervieu","INSEE_COM":"75112","NOM_COM":"Paris 12e Arrondissement","SRC_BAN":"commune","NOM_COLL":"R LOUISE HERVIEU","TYPE_VOIE":"rue","MOT_DIR":"Hervieu","LD_BAN":null,"ID_SUPP":"TRONROUT0000000330310604/TRONROUT0000000330310614","INSEEDBAN":null,"COMDEL_BAN":null,"DATE_CREAT":"2023-12-08T13:42:59","DATE_MAJ":"2024-03-12T16:10:18","NOM_NORMA":"R LOUISE HERVIEU","ID_BAN_ODO":null,"Nom_a_verifier":false,"other_tags":"nan"},"geometry":{"type":"MultiLineString","coordinates":[[[2.385106194386923,48.842514726181328],[2.385077291585181,48.842423742297726],[2.384794186964511,48.842166868552169]],[[2.385153350576497,48.842559936533114],[2.385106194386923,48.842514726181328]]]}},
{"type":"Feature","properties":{"ID":"VOIE_NOM0000002338734497","ID_BAN":"75112_9561","name":"Impasse de la Vallée de Fécamp","INSEE_COM":"75112","NOM_COM":"Paris 12e Arrondissement","SRC_BAN":"commune","NOM_COLL":"IMP DE LA VALLEE DE FECAMP","TYPE_VOIE":"impasse","MOT_DIR":"Fécamp","LD_BAN":null,"ID_SUPP":"TRONROUT0000000000202594","INSEEDBAN":null,"COMDEL_BAN":null,"DATE_CREAT":"2023-12-08T13:42:59","DATE_MAJ":"2024-03-12T16:10:18","NOM_NORMA":"IMP DE LA VALLEE DE FECAMP","ID_BAN_ODO":null,"Nom_a_verifier":false,"other_tags":"nan"},"geometry":{"type":"MultiLineString","coordinates":[[[2.398934664430147,48.834846000902019],[2.398779803957698,48.834925266034681],[2.398593444532919,48.835018762419928]]]}},
{"type":"Feature","properties":{"ID":"VOIE_NOM0000002338734517","ID_BAN":"75112_7164","name":"Rue Paul-Henri Grauwin","INSEE_COM":"75112","NOM_COM":"Paris 12e Arrondissement","SRC_BAN":"commune","NOM_COLL":"R PAUL-HENRI GRAUWIN","TYPE_VOIE":"rue","MOT_DIR":"Grauwin","LD_BAN":null,"ID_SUPP":"TRONROUT0000002341410408","INSEEDBAN":null,"COMDEL_BAN":null,"DATE_CREAT":"2023-12-08T13:42:59","DATE_MAJ":"2024-04-22T21:16:23","NOM_NORMA":"R PAUL-HENRI GRAUWIN","ID_BAN_ODO":null,"Nom_a_verifier":false,"other_tags":"\"wikipedia\"=>\"fr:Rue_Paul-Henri-Grauwin\""},"geometry":{"type":"MultiLineString","coordinates":[[[2.377106161086723,48.845402550816956],[2.377220048006424,48.845336591239487],[2.377312037184422,48.845278611799699],[2.377422523500205,48.845155075407632],[2.377729249673482,48.844801424718291],[2.377751350873391,48.844776357640484],[2.377871512356667,48.844641179451934]]]}},
{"type":"Feature","properties":{"ID":"VOIE_NOM0000002338734710","ID_BAN":"75112_2430","name":"Rue Crémieux","INSEE_COM":"75112","NOM_COM":"Paris 12e Arrondissement","SRC_BAN":"commune","NOM_COLL":"R CREMIEUX","TYPE_VOIE":"rue","MOT_DIR":"Crémieux","LD_BAN":null,"ID_SUPP":"TRONROUT0000000000197740","INSEEDBAN":null,"COMDEL_BAN":null,"DATE_CREAT":"2023-12-08T13:42:59","DATE_MAJ":"2024-03-12T16:10:18","NOM_NORMA":"R CREMIEUX","ID_BAN_ODO":null,"Nom_a_verifier":false,"other_tags":"\"wikipedia\"=>\"fr:Rue_Cr%C3%A9mieux\""},"geometry":{"type":"MultiLineString","coordinates":[[[2.370065686064221,48.846395451717981],[2.370100852143756,48.846417221461138],[2.370149557064144,48.846446257333284],[2.370171195259523,48.846459861614676],[2.371089710602478,48.847017798387505],[2.371698464014236,48.847387035181335]]]}},
{"type":"Feature","properties":{"ID":"VOIE_NOM0000002338734930","ID_BAN":"75112_7783","name":"Rue de Prague","INSEE_COM":"75112","NOM_COM":"Paris 12e Arrondissement","SRC_BAN":"commune","NOM_COLL":"R DE PRAGUE","TYPE_VOIE":"rue","MOT_DIR":"Prague","LD_BAN":null,"ID_SUPP":"TRONROUT0000000000196006/TRONROUT0000000000196009/TRONROUT0000000000196813/TRONROUT0000000351733109","INSEEDBAN":null,"COMDEL_BAN":null,"DATE_CREAT":"2023-12-08T13:42:59","DATE_MAJ":"2024-03-12T16:10:18","NOM_NORMA":"R DE PRAGUE","ID_BAN_ODO":null,"Nom_a_verifier":false,"other_tags":"\"wikipedia\"=>\"fr:Rue_de_Prague_(Paris)\""},"geometry":{"type":"MultiLineString","coordinates":[[[2.37604947255091,48.848529504016533],[2.376055536822467,48.848478272377221],[2.376037073758697,48.848426912822042],[2.376005242892854,48.848353899006867]],[[2.37577650359127,48.850385247766077],[2.375755777798218,48.850522740792329],[2.375733269043836,48.850695299294102]],[[2.375962702000403,48.84906146980417],[2.376037699308656,48.848602290410902],[2.37604947255091,48.848529504016533]],[[2.37577650359127,48.850385247766077],[2.375962702000403,48.84906146980417]]]}},
{"type":"Feature","properties":{"ID":"VOIE_NOM0000002338734966","ID_BAN":"75112_r175","name":"Terrasse des Négociants","INSEE_COM":"75112","NOM_COM":"Paris 12e Arrondissement","SRC_BAN":"commune","NOM_COLL":"TSSE DES NEGOCIANTS","TYPE_VOIE":"terrasse","MOT_DIR":"Négociants","LD_BAN":null,"ID_SUPP":"TRONROUT0000000238903523/TRONROUT0000000238903524/TRONROUT0000002335164814","INSEEDBAN":null,"COMDEL_BAN":null,"DATE_CREAT":"2023-12-08T13:42:59","DATE_MAJ":"2024-03-12T16:10:18","NOM_NORMA":"TSSE DES NEGOCIANTS","ID_BAN_ODO":null,"Nom_a_verifier":false,"other_tags":"nan"},"geometry":{"type":"MultiLineString","coordinates":[[[2.387630904333124,48.830347587042482],[2.388050006321156,48.830619542877002],[2.390582887347057,48.832327784496606]],[[2.387289808695075,48.830045450749296],[2.387306755640048,48.830110292162153],[2.387438967881715,48.83021979308397]],[[2.387438967881715,48.83021979308397],[2.387630904333124,48.830347587042482]]]}},
{"type":"Feature","properties":{"ID":"VOIE_NOM0000002338735174","ID_BAN":"75112_8347","name":"Rue Rondelet","INSEE_COM":"75112","NOM_COM":"Paris 12e Arrondissement","SRC_BAN":"commune","NOM_COLL":"R RONDELET","TYPE_VOIE":"rue","MOT_DIR":"Rondelet","LD_BAN":null,"ID_SUPP":"TRONROUT0000000000197649","INSEEDBAN":null,"COMDEL_BAN":null,"DATE_CREAT":"2023-12-08T13:42:59","DATE_MAJ":"2024-03-12T16:10:18","NOM_NORMA":"R RONDELET","ID_BAN_ODO":null,"Nom_a_verifier":false,"other_tags":"\"wikipedia\"=>\"fr:Rue_Rondelet\""},"geometry":{"type":"MultiLineString","coordinates":[[[2.38499972670281,48.847149468429002],[2.385880911723988,48.846148514700587]]]}},
{"type":"Feature","properties":{"ID":"VOIE_NOM0000002338735265","ID_BAN":"75112_2367","name":"Rue de Cotte","INSEE_COM":"75112","NOM_COM":"Paris 12e Arrondissement","SRC_BAN":"commune","NOM_COLL":"R DE COTTE","TYPE_VOIE":"rue","MOT_DIR":"Cotte","LD_BAN":null,"ID_SUPP":"TRONROUT0000000000195984/TRONROUT0000000000195990/TRONROUT0000000000196816","INSEEDBAN":null,"COMDEL_BAN":null,"DATE_CREAT":"2023-12-08T13:42:59","DATE_MAJ":"2024-03-12T16:10:18","NOM_NORMA":"R DE COTTE","ID_BAN_ODO":null,"Nom_a_verifier":false,"other_tags":"\"wikipedia\"=>\"fr:Rue_de_Cotte\""},"geometry":{"type":"MultiLineString","coordinates":[[[2.377628033694707,48.84939750937761],[2.378555472483217,48.850703695477897]],[[2.376626998933595,48.847982108818364],[2.37727704699665,48.848891144988627]],[[2.37727704699665,48.848891144988627],[2.377628033694707,48.84939750937761]]]}},
{"type":"Feature","properties":{"ID":"VOIE_NOM0000002338738109","ID_BAN":"75112_8811","name":"Rue Santerre","INSEE_COM":"75112","NOM_COM":"Paris 12e Arrondissement","SRC_BAN":"commune","NOM_COLL":"R SANTERRE","TYPE_VOIE":"rue","MOT_DIR":"Santerre","LD_BAN":null,"ID_SUPP":"TRONROUT0000000000199250","INSEEDBAN":null,"COMDEL_BAN":null,"DATE_CREAT":"2023-12-08T13:42:59","DATE_MAJ":"2024-03-12T16:10:18","NOM_NORMA":"R SANTERRE","ID_BAN_ODO":null,"Nom_a_verifier":false,"other_tags":"\"wikipedia\"=>\"fr:Rue_Santerre\""},"geometry":{"type":"MultiLineString","coordinates":[[[2.401341827910203,48.84304135892738],[2.401119865781772,48.843029455671719],[2.399782614112711,48.842960698060558],[2.399156625896304,48.842891902515113],[2.398255583384644,48.842807330720802],[2.39756157881585,48.842729191069431],[2.397455429907357,48.842717864167895]]]}},
{"type":"Feature","properties":{"ID":"VOIE_NOM0000002338738138","ID_BAN":"75112_2905","name":"Rue Dorian","INSEE_COM":"75112","NOM_COM":"Paris 12e Arrondissement","SRC_BAN":"commune","NOM_COLL":"R DORIAN","TYPE_VOIE":"rue","MOT_DIR":"Dorian","LD_BAN":null,"ID_SUPP":"TRONROUT0000000000196765/TRONROUT0000000000197624/TRONROUT0000000000197627","INSEEDBAN":null,"COMDEL_BAN":null,"DATE_CREAT":"2023-12-08T13:42:59","DATE_MAJ":"2024-03-12T16:10:18","NOM_NORMA":"R DORIAN","ID_BAN_ODO":null,"Nom_a_verifier":false,"other_tags":"\"wikipedia\"=>\"fr:Rue_Dorian\""},"geometry":{"type":"MultiLineString","coordinates":[[[2.393228809176501,48.846927076164349],[2.393398191094298,48.847008877067211],[2.393684108140836,48.847147028377776]],[[2.392103186817903,48.846464489436578],[2.392208210356241,48.846456029472797],[2.392287103650531,48.846468121870338],[2.392491647650639,48.846572586600395]],[[2.392491647650639,48.846572586600395],[2.393228809176501,48.846927076164349]]]}},
{"type":"Feature","properties":{"ID":"VOIE_NOM0000002338739090","ID_BAN":"75112_2216","name":"Rue du Colonel Rozanoff","INSEE_COM":"75112","NOM_COM":"Paris 12e Arrondissement","SRC_BAN":"commune","NOM_COLL":"R DU COLONEL ROZANOFF","TYPE_VOIE":"rue","MOT_DIR":"Rozanoff","LD_BAN":null,"ID_SUPP":"TRONROUT0000000000197633/TRONROUT0000000000197634/TRONROUT0000000000197635/TRONROUT0000000351733149","INSEEDBAN":null,"COMDEL_BAN":null,"DATE_CREAT":"2023-12-08T13:42:59","DATE_MAJ":"2024-03-12T16:10:18","NOM_NORMA":"R DU COLONEL ROZANOFF","ID_BAN_ODO":null,"Nom_a_verifier":false,"other_tags":"\"wikipedia\"=>\"fr:Rue_du_Colonel-Rozanoff\""},"geometry":{"type":"MultiLineString","coordinates":[[[2.38789116900167,48.845307126035088],[2.388825846134914,48.845314602702864],[2.388882419393413,48.84537065183293]],[[2.387213832573918,48.845432266605336],[2.387224970184107,48.845875706570993],[2.38722301094334,48.846274111461831],[2.387802031103086,48.846283371270651]],[[2.387211183023144,48.845309940473669],[2.38789116900167,48.845307126035088]],[[2.387211183023144,48.845309940473669],[2.387213832573918,48.845432266605336]]]}},
{"type":"Feature","properties":{"ID":"VOIE_NOM0000002338739158","ID_BAN":"75112_6694","name":"Rue de la Nativité","INSEE_COM":"75112","NOM_COM":"Paris 12e Arrondissement","SRC_BAN":"commune","NOM_COLL":"R DE LA NATIVITE","TYPE_VOIE":"rue","MOT_DIR":"Nativité","LD_BAN":null,"ID_SUPP":"TRONROUT0000000000202618","INSEEDBAN":null,"COMDEL_BAN":null,"DATE_CREAT":"2023-12-08T13:42:59","DATE_MAJ":"2024-03-12T16:10:18","NOM_NORMA":"R DE LA NATIVITE","ID_BAN_ODO":null,"Nom_a_verifier":false,"other_tags":"\"wikipedia\"=>\"fr:Rue_de_la_Nativit%C3%A9\""},"geometry":{"type":"MultiLineString","coordinates":[[[2.386098006298313,48.835700855788758],[2.386959287269016,48.834983982312728]]]}},
{"type":"Feature","properties":{"ID":"VOIE_NOM0000002338739563","ID_BAN":"75112_2471","name":"Impasse Crozatier","INSEE_COM":"75112","NOM_COM":"Paris 12e Arrondissement","SRC_BAN":"commune","NOM_COLL":"IMP CROZATIER","TYPE_VOIE":"impasse","MOT_DIR":"Crozatier","LD_BAN":null,"ID_SUPP":"TRONROUT0000000000196806","INSEEDBAN":null,"COMDEL_BAN":null,"DATE_CREAT":"2023-12-08T13:42:59","DATE_MAJ":"2024-03-12T16:10:18","NOM_NORMA":"IMP CROZATIER","ID_BAN_ODO":null,"Nom_a_verifier":false,"other_tags":"nan"},"geometry":{"type":"MultiLineString","coordinates":[[[2.380552422980601,48.848255216120997],[2.379416221122136,48.848344659700821]]]}},
{"type":"Feature","properties":{"ID":"VOIE_NOM0000002338739617","ID_BAN":"75112_2275","name":"Rue du Congo","INSEE_COM":"75112","NOM_COM":"Paris 12e Arrondissement","SRC_BAN":"commune","NOM_COLL":"R DU CONGO","TYPE_VOIE":"rue","MOT_DIR":"Congo","LD_BAN":null,"ID_SUPP":"TRONROUT0000000000200179","INSEEDBAN":null,"COMDEL_BAN":null,"DATE_CREAT":"2023-12-08T13:42:59","DATE_MAJ":"2024-03-12T16:10:18","NOM_NORMA":"R DU CONGO","ID_BAN_ODO":null,"Nom_a_verifier":false,"other_tags":"\"wikipedia\"=>\"fr:Rue_du_Congo\""},"geometry":{"type":"MultiLineString","coordinates":[[[2.385853538277794,48.841186613036882],[2.386160062481236,48.8413060025402],[2.386496466660212,48.841433638724915],[2.386838290551085,48.84156399980079],[2.386927916129647,48.841589641241285]]]}},
{"type":"Feature","properties":{"ID":"VOIE_NOM0000002338739618","ID_BAN":"75112_5788","name":"Square Louis Gentil","INSEE_COM":"75112","NOM_COM":"Paris 12e Arrondissement","SRC_BAN":"commune","NOM_COLL":"SQ LOUIS GENTIL","TYPE_VOIE":"square","MOT_DIR":"Gentil","LD_BAN":null,"ID_SUPP":"TRONROUT0000000000203397/TRONROUT0000000000203399/TRONROUT0000000338524290","INSEEDBAN":null,"COMDEL_BAN":null,"DATE_CREAT":"2023-12-08T13:42:59","DATE_MAJ":"2024-03-12T16:10:18","NOM_NORMA":"SQ LOUIS GENTIL","ID_BAN_ODO":null,"Nom_a_verifier":false,"other_tags":"nan"},"geometry":{"type":"MultiLineString","coordinates":[[[2.404198245365234,48.833464830091899],[2.404149420536529,48.833445700199981],[2.404008364377953,48.833391035496625]],[[2.405326136086252,48.833713271725173],[2.405091206095029,48.833647349174839],[2.404962203296248,48.833610732864813],[2.404354003349953,48.833425134441903],[2.40429955483036,48.833421265812682],[2.404258615668222,48.833427357464501],[2.404225726601803,48.833444281583276],[2.404198245365234,48.833464830091899]],[[2.404198245365234,48.833464830091899],[2.404195284467635,48.833485500741233],[2.404193654973751,48.833508876117754],[2.404202964541301,48.833528708524533],[2.404227258798971,48.833548615571267],[2.404314113551232,48.833577827853702],[2.404805541602236,48.833729568917668],[2.40496718724967,48.833770844614975],[2.405204903712954,48.833831385067796]]]}},
{"type":"Feature","properties":{"ID":"VOIE_NOM0000002338739619","ID_BAN":"75112_2816","name":"Avenue du Docteur Arnold Netter","INSEE_COM":"75112","NOM_COM":"Paris 12e Arrondissement","SRC_BAN":"commune","NOM_COLL":"AV DU DOCTEUR ARNOLD NETTER","TYPE_VOIE":"avenue","MOT_DIR":"Netter","LD_BAN":null,"ID_SUPP":"TRONROUT0000000000198381/TRONROUT0000000000198382/TRONROUT0000000000198393/TRONROUT0000000000199219/TRONROUT0000000000199220/TRONROUT0000000000199236/TRONROUT0000000000199237/TRONROUT0000000000200085/TRONROUT0000000230033586/TRONROUT0000000289391253/TRON","INSEEDBAN":null,"COMDEL_BAN":null,"DATE_CREAT":"2023-12-08T13:42:59","DATE_MAJ":"2024-03-12T16:10:18","NOM_NORMA":"AV DU DOCTEUR ARNOLD NETTER","ID_BAN_ODO":null,"Nom_a_verifier":false,"other_tags":"nan"},"geometry":{"type":"MultiLineString","coordinates":[[[2.404826065680997,48.841358058104184],[2.404696524648475,48.840889746867767]],[[2.404886263582991,48.841575103031218],[2.404826065680997,48.841358058104184]],[[2.405083874379501,48.842287478335649],[2.404886263582991,48.841575103031218]],[[2.405261781839026,48.842935900501274],[2.405250012036555,48.842892672828441]],[[2.40518467933986,48.842647722736693],[2.405098266204198,48.842339712668327],[2.405083874379501,48.842287478335649]],[[2.405250012036555,48.842892672828441],[2.40518467933986,48.842647722736693]],[[2.405558727509297,48.844019302858761],[2.405616360336612,48.844222843779022],[2.405702707871169,48.844537148089493],[2.405718166081028,48.84461546885953]],[[2.405718166081028,48.84461546885953],[2.405732507911499,48.844672199532276]],[[2.406238199654513,48.847169521096319],[2.406279528335497,48.847369382759268]],[[2.406238199654513,48.847169521096319],[2.406206040569117,48.84700208164044],[2.406060174490024,48.846289968263797]],[[2.405742823690529,48.844723514065876],[2.405732507911499,48.844672199532276]],[[2.406060174490024,48.846289968263797],[2.405742823690529,48.844723514065876]],[[2.405369135002836,48.843319560364968],[2.405261781839026,48.842935900501274]],[[2.405558727509297,48.844019302858761],[2.405526080168511,48.843895029420707],[2.405395246119165,48.843419518786419],[2.405369135002836,48.843319560364968]]]}},
{"type":"Feature","properties":{"ID":"VOIE_NOM0000002338739638","ID_BAN":"75112_0200","name":"Rue d'Aligre","INSEE_COM":"75112","NOM_COM":"Paris 12e Arrondissement","SRC_BAN":"commune","NOM_COLL":"R D'ALIGRE","TYPE_VOIE":"rue","MOT_DIR":"Aligre","LD_BAN":null,"ID_SUPP":"TRONROUT0000000000195983/TRONROUT0000000000195987/TRONROUT0000000000195995/TRONROUT0000000000196818","INSEEDBAN":null,"COMDEL_BAN":null,"DATE_CREAT":"2023-12-08T13:42:59","DATE_MAJ":"2024-04-09T23:12:41","NOM_NORMA":"R D'ALIGRE","ID_BAN_ODO":null,"Nom_a_verifier":false,"other_tags":"\"wikipedia\"=>\"fr:Rue_d%27Aligre\""},"geometry":{"type":"MultiLineString","coordinates":[[[2.378287547753774,48.849173401504871],[2.378262022227859,48.849142690799482],[2.377910086364747,48.848715466501829],[2.377885902449858,48.848686561387439]],[[2.379056933321476,48.850135209382024],[2.378962939420283,48.850017805514739],[2.378287547753774,48.849173401504871]],[[2.37938717089219,48.850555122286963],[2.379056933321476,48.850135209382024]],[[2.377092366117563,48.847696738728509],[2.377885902449858,48.848686561387439]]]}},
{"type":"Feature","properties":{"ID":"VOIE_NOM0000002338739673","ID_BAN":"75112_3158","name":"Rue Edouard Robert","INSEE_COM":"75112","NOM_COM":"Paris 12e Arrondissement","SRC_BAN":"commune","NOM_COLL":"R EDOUARD ROBERT","TYPE_VOIE":"rue","MOT_DIR":"Robert","LD_BAN":null,"ID_SUPP":"TRONROUT0000000000201742","INSEEDBAN":null,"COMDEL_BAN":null,"DATE_CREAT":"2023-12-08T13:42:59","DATE_MAJ":"2024-03-12T16:10:18","NOM_NORMA":"R EDOUARD ROBERT","ID_BAN_ODO":null,"Nom_a_verifier":false,"other_tags":"\"wikipedia\"=>\"fr:Rue_%C3%89douard-Robert\""},"geometry":{"type":"MultiLineString","coordinates":[[[2.39837713679859,48.837588954541019],[2.398662819001126,48.837389833249453],[2.399378475734251,48.836883490268512],[2.400363326019559,48.836187827642348]]]}},
{"type":"Feature","properties":{"ID":"VOIE_NOM0000002338739675","ID_BAN":"75112_5016","name":"Rue Joseph Kessel","INSEE_COM":"75112","NOM_COM":"Paris 12e Arrondissement","SRC_BAN":"commune","NOM_COLL":"R JOSEPH KESSEL","TYPE_VOIE":"rue","MOT_DIR":"Kessel","LD_BAN":null,"ID_SUPP":"TRONROUT0000000000202635/TRONROUT0000000000202642/TRONROUT0000000000202652/TRONROUT0000000000203524/TRONROUT0000000000203537/TRONROUT0000000230033222/TRONROUT0000002000696332","INSEEDBAN":null,"COMDEL_BAN":null,"DATE_CREAT":"2023-12-08T13:42:59","DATE_MAJ":"2024-03-12T16:10:18","NOM_NORMA":"R JOSEPH KESSEL","ID_BAN_ODO":null,"Nom_a_verifier":false,"other_tags":"\"wikipedia\"=>\"fr:Rue_Joseph-Kessel\""},"geometry":{"type":"MultiLineString","coordinates":[[[2.382492050218665,48.833723474737823],[2.382711360217315,48.833840625107101]],[[2.382711360217315,48.833840625107101],[2.383055146872943,48.83403036650828]],[[2.383055146872943,48.83403036650828],[2.383622230603037,48.834346269718722],[2.383710203482976,48.834395288812416]],[[2.384621103866538,48.83490002625571],[2.385348012386388,48.835296786626557]],[[2.384621103866538,48.83490002625571],[2.384523646443447,48.83484646222977]],[[2.383710203482976,48.834395288812416],[2.38372644432099,48.83440436615507],[2.383849613051741,48.834472453169838],[2.383864502302299,48.834480624164208]],[[2.384523646443447,48.83484646222977],[2.384125719513966,48.83462586804125],[2.383980891940207,48.83454597801817],[2.383864502302299,48.834480624164208]]]}},
{"type":"Feature","properties":{"ID":"VOIE_NOM0000002338739737","ID_BAN":"75112_4865","name":"Rue Jean Bouton","INSEE_COM":"75112","NOM_COM":"Paris 12e Arrondissement","SRC_BAN":"commune","NOM_COLL":"R JEAN BOUTON","TYPE_VOIE":"rue","MOT_DIR":"Bouton","LD_BAN":null,"ID_SUPP":"TRONROUT0000000000197684","INSEEDBAN":null,"COMDEL_BAN":null,"DATE_CREAT":"2023-12-08T13:42:59","DATE_MAJ":"2024-03-12T16:10:18","NOM_NORMA":"R JEAN BOUTON","ID_BAN_ODO":null,"Nom_a_verifier":false,"other_tags":"\"wikipedia\"=>\"fr:Rue_Jean-Bouton\""},"geometry":{"type":"MultiLineString","coordinates":[[[2.377106161086723,48.845402550816956],[2.376606847341798,48.845679650338631],[2.376113096970341,48.845946883814101],[2.376017017581721,48.846004840977315],[2.37598978282507,48.846117118615311]]]}},
{"type":"Feature","properties":{"ID":"VOIE_NOM0000002338739739","ID_BAN":"75112_9609","name":"Impasse Vassou","INSEE_COM":"75112","NOM_COM":"Paris 12e Arrondissement","SRC_BAN":"commune","NOM_COLL":"IMP VASSOU","TYPE_VOIE":"impasse","MOT_DIR":"Vassou","LD_BAN":null,"ID_SUPP":"TRONROUT0000000000197560","INSEEDBAN":null,"COMDEL_BAN":null,"DATE_CREAT":"2023-12-08T13:42:59","DATE_MAJ":"2024-03-12T16:10:18","NOM_NORMA":"IMP VASSOU","ID_BAN_ODO":null,"Nom_a_verifier":false,"other_tags":"nan"},"geometry":{"type":"MultiLineString","coordinates":[[[2.408158962525381,48.846263495744395],[2.407365334150894,48.846552756625719]]]}},
{"type":"Feature","properties":{"ID":"VOIE_NOM0000002338739746","ID_BAN":"75112_jq4c2d","name":"Avenue du Tremblay","INSEE_COM":"75112","NOM_COM":"Paris 12e Arrondissement","SRC_BAN":"commune","NOM_COLL":"AV DU TREMBLAY","TYPE_VOIE":"avenue","MOT_DIR":"Tremblay","LD_BAN":null,"ID_SUPP":"TRONROUT0000000000199083/TRONROUT0000000000199834/TRONROUT0000000000200778/TRONROUT0000000000201614/TRONROUT0000000000202378/TRONROUT0000000000203190/TRONROUT0000000000204657/TRONROUT0000000000205345/TRONROUT0000000000205346/TRONROUT0000000000205353/TRON","INSEEDBAN":null,"COMDEL_BAN":null,"DATE_CREAT":"2023-12-08T13:42:59","DATE_MAJ":"2024-03-12T16:10:18","NOM_NORMA":"AV DU TREMBLAY","ID_BAN_ODO":null,"Nom_a_verifier":false,"other_tags":"nan"},"geometry":{"type":"MultiLineString","coordinates":[[[2.464901757025183,48.825359850020781],[2.46493036376268,48.82522687173752],[2.46494891007148,48.825145112334368],[2.464970318815184,48.825049875224849],[2.464994580733037,48.824942059729779],[2.465013385227486,48.824835119172555],[2.465032291150389,48.824718286016918],[2.465052854283154,48.824572680505426],[2.465065822927828,48.824503487230992],[2.465087240421293,48.824407350719952],[2.465104230426264,48.82434447099191],[2.465122665434857,48.824273503413245]],[[2.465034867583037,48.825396420221324],[2.465070487174639,48.825243687212222],[2.465089042496563,48.825161028462965],[2.465137528940341,48.824948994733759],[2.465156167082123,48.824858242019907],[2.465187330885421,48.82474146366576],[2.465222608277411,48.824622005585816],[2.465240895636577,48.824565427223767]],[[2.464279064642414,48.827368943797872],[2.464382367076342,48.827257885218557]],[[2.461074140613974,48.829851179827841],[2.461525382709371,48.829553724288139],[2.461643400307388,48.829469715408294],[2.461744941823513,48.829398223349088],[2.462422820237065,48.828918313867845],[2.463155930263538,48.828364900452485],[2.463496492946465,48.828098418077033],[2.463773960708556,48.827873921945567],[2.46396376178625,48.827696698573149]],[[2.457308936483147,48.832340677937879],[2.45870785027517,48.831436862866738],[2.459053475242967,48.831211787265701],[2.459958948838338,48.830595318976364],[2.461074140613974,48.829851179827841]],[[2.464153737198733,48.82750238772249],[2.464279064642414,48.827368943797872]],[[2.46396376178625,48.827696698573149],[2.464153737198733,48.82750238772249]],[[2.464708029842279,48.826318606918548],[2.464901757025183,48.825359850020781]],[[2.465034867583037,48.825396420221324],[2.464836973438787,48.826363252939416]],[[2.464547692543365,48.827076054392762],[2.464577016682527,48.82700603518245],[2.464595453349886,48.826935067853285],[2.464665621198484,48.826601717330895],[2.464694635511878,48.826429168972048],[2.464703491201864,48.82636265553456],[2.464708029842279,48.826318606918548]],[[2.464836973438787,48.826363252939416],[2.46483551906048,48.826372240090222],[2.464816778269448,48.82647288520144],[2.464790820840311,48.82661307009667],[2.464724573810912,48.826962626812907],[2.46470342238112,48.827032682642738],[2.464670058320115,48.827098186971135],[2.464629966868918,48.827155566883199]],[[2.454935540221642,48.834062954416154],[2.454982289716357,48.834021796863794]],[[2.454807655160917,48.83417659034648],[2.454935540221642,48.834062954416154]],[[2.45315947447118,48.835841875764785],[2.453122267517303,48.835882176822068],[2.45293600536127,48.836105265493934],[2.452750943424241,48.836343648430251],[2.452580893750163,48.836579401666164],[2.452399707658722,48.836837587597635],[2.452049468333024,48.837365705718177],[2.451952534214791,48.837514555066477]],[[2.451819516188132,48.837726194007757],[2.451952534214791,48.837514555066477]],[[2.449137686848923,48.84177716588885],[2.449140053835217,48.841939959988323],[2.449149841515775,48.842045229544908]],[[2.449137686848923,48.84177716588885],[2.448964592919578,48.842039879612855],[2.44890927896213,48.842245576986834]],[[2.450544496357883,48.839644968348551],[2.450789537467111,48.839276458118164],[2.451009663732922,48.838944706570594],[2.451247810610924,48.838583358416905],[2.451300423680483,48.838503556976981],[2.451636865360864,48.837993365418022],[2.451819516188132,48.837726194007757]],[[2.449137686848923,48.84177716588885],[2.450044752876991,48.840392734840115],[2.450281493731422,48.840036778689829],[2.450544496357883,48.839644968348551]],[[2.453446286196035,48.835514021140717],[2.453753556979027,48.835183561105474],[2.45405496971408,48.834891745939927],[2.454482997997905,48.834477295147934],[2.454807655160917,48.83417659034648]],[[2.45315947447118,48.835841875764785],[2.453225638891773,48.835768430776255],[2.453446286196035,48.835514021140717]],[[2.457196485385666,48.832412116585957],[2.457251348753055,48.832376391094151],[2.457308936483147,48.832340677937879]],[[2.454982289716357,48.834021796863794],[2.455165087386516,48.833867939654802],[2.455512556914363,48.83359971371484],[2.456393903102155,48.832953484590185],[2.456805506747497,48.832673854505082],[2.457089473504429,48.832484479176607],[2.457196485385666,48.832412116585957]]]}},
{"type":"Feature","properties":{"ID":"VOIE_NOM0000002338739748","ID_BAN":"75112_5467","name":"Avenue Ledru-Rollin","INSEE_COM":"75112","NOM_COM":"Paris 12e Arrondissement","SRC_BAN":"commune","NOM_COLL":"AV LEDRU-ROLLIN","TYPE_VOIE":"avenue","MOT_DIR":"Rollin","LD_BAN":null,"ID_SUPP":"TRONROUT0000000000195146/TRONROUT0000000000195158/TRONROUT0000000000196020/TRONROUT0000000000196027/TRONROUT0000000000196850/TRONROUT0000000000196854/TRONROUT0000000000197753/TRONROUT0000000000197762/TRONROUT0000000289219260/TRONROUT0000002000654095","INSEEDBAN":null,"COMDEL_BAN":null,"DATE_CREAT":"2023-12-08T13:42:59","DATE_MAJ":"2024-03-12T16:10:18","NOM_NORMA":"AV LEDRU-ROLLIN","ID_BAN_ODO":null,"Nom_a_verifier":false,"other_tags":"nan"},"geometry":{"type":"MultiLineString","coordinates":[[[2.367708906025589,48.845894667705259],[2.36763586239049,48.845850213076666]],[[2.368190641821359,48.846172416383347],[2.367838730170513,48.845976296021313],[2.367708906025589,48.845894667705259]],[[2.369407462934894,48.846850656525554],[2.368190641821359,48.846172416383347]],[[2.371423942186141,48.848003451169063],[2.36989199617622,48.847123915979132],[2.369695736131768,48.847014059939653],[2.369407462934894,48.846850656525554]],[[2.374273085950821,48.849614742077826],[2.373909058755948,48.849402388666114],[2.373216063407916,48.849009339461368],[2.37284386891941,48.848796939861728],[2.372738275915971,48.848738827549404],[2.372559523129856,48.84864525661915]],[[2.374273085950821,48.849614742077826],[2.374394721283774,48.849699018142303],[2.37475868011246,48.850030983784407],[2.375398931617889,48.850619807394082],[2.375451462021644,48.850671344778533]],[[2.375451462021644,48.850671344778533],[2.375551212475292,48.850762700155919],[2.375654932832901,48.850863969046799]],[[2.376142995151505,48.851303600613562],[2.375994400737647,48.851194003991836],[2.375820508138389,48.851034810757902],[2.375654932832901,48.850863969046799]],[[2.372481020969245,48.848600776474257],[2.371423942186141,48.848003451169063]],[[2.372559523129856,48.84864525661915],[2.372481020969245,48.848600776474257]]]}},
{"type":"Feature","properties":{"ID":"VOIE_NOM0000002338739756","ID_BAN":"75112_4235","name":"Rue Gossec","INSEE_COM":"75112","NOM_COM":"Paris 12e Arrondissement","SRC_BAN":"commune","NOM_COLL":"R GOSSEC","TYPE_VOIE":"rue","MOT_DIR":"Gossec","LD_BAN":null,"ID_SUPP":"TRONROUT0000000000200922/TRONROUT0000000289219337","INSEEDBAN":null,"COMDEL_BAN":null,"DATE_CREAT":"2023-12-08T13:42:59","DATE_MAJ":"2024-03-12T16:10:18","NOM_NORMA":"R GOSSEC","ID_BAN_ODO":null,"Nom_a_verifier":false,"other_tags":"\"wikipedia\"=>\"fr:Rue_Gossec\""},"geometry":{"type":"MultiLineString","coordinates":[[[2.39971822357597,48.838140705528126],[2.399643770075981,48.838098961229193]],[[2.40105095606338,48.838829102133531],[2.400100101900107,48.838343178963882],[2.39971822357597,48.838140705528126]]]}},
{"type":"Feature","properties":{"ID":"VOIE_NOM0000002338739772","ID_BAN":"75112_0831","name":"Avenue de la Belle Gabrielle","INSEE_COM":"75112","NOM_COM":"Paris 12e Arrondissement","SRC_BAN":"commune","NOM_COLL":"AV DE LA BELLE GABRIELLE","TYPE_VOIE":"avenue","MOT_DIR":"Gabrielle","LD_BAN":null,"ID_SUPP":"TRONROUT0000000000201559/TRONROUT0000000000202347/TRONROUT0000000000203960/TRONROUT0000000000204650/TRONROUT0000000000205340/TRONROUT0000000004406700/TRONROUT0000000004406956/TRONROUT0000000100998996/TRONROUT0000000101030664/TRONROUT0000000217444753/TRON","INSEEDBAN":null,"COMDEL_BAN":null,"DATE_CREAT":"2023-12-08T13:42:59","DATE_MAJ":"2024-03-12T16:10:18","NOM_NORMA":"AV DE LA BELLE GABRIELLE","ID_BAN_ODO":null,"Nom_a_verifier":false,"other_tags":"nan"},"geometry":{"type":"MultiLineString","coordinates":[[[2.464870539888169,48.8274723207684],[2.464777483654476,48.827514174498546]],[[2.464777483654476,48.827514174498546],[2.464739169597176,48.827531090957585],[2.464706137683073,48.827564219616498],[2.464678581813685,48.827594674682636],[2.464661941154306,48.827623379872477]],[[2.464632015731461,48.828813105074708],[2.464607627050192,48.828535092395491],[2.464610827079943,48.828356133232241],[2.464637118493171,48.82791826041128],[2.464646704073336,48.827780700515582],[2.464651159771186,48.827744745868792],[2.464661941154306,48.827623379872477]],[[2.465037516514103,48.83044816331936],[2.465077154299844,48.830567955832514],[2.465144936633404,48.83073284230548],[2.465208909624013,48.830870730812684],[2.465272790705598,48.831017612477815],[2.465348867285402,48.831170844139933],[2.465426352616533,48.831319585217798],[2.465481400294531,48.83139807572848],[2.465505790718533,48.83141077579571],[2.46553293320731,48.831420790070567],[2.4655614010233,48.831434407708485],[2.465581612699126,48.831456082704804]],[[2.464670118369935,48.829082185427659],[2.464649617136646,48.828956182727367],[2.464632015731461,48.828813105074708]],[[2.464670118369935,48.829082185427659],[2.464679062295358,48.829139784739979],[2.464702177139617,48.829276591475256],[2.464738811968145,48.829423351696882],[2.464771526757094,48.829553905803643],[2.464805613092892,48.829683566659867],[2.464899058013574,48.83000235932937],[2.464947851837452,48.830159066778918],[2.465004468244835,48.830349984961167],[2.465028230500576,48.830423838992054],[2.465037516514103,48.83044816331936]],[[2.469841147530554,48.836168797192784],[2.469834017515896,48.835798230172315],[2.469787974771501,48.835503036634691],[2.469724350790882,48.835195174038844],[2.469623817709189,48.83489973868658],[2.469609262628322,48.834857404285998],[2.469537639367605,48.834666422595326],[2.469510961185397,48.834610544023526],[2.469496296446822,48.834579001418795],[2.469482994004041,48.834547464853614],[2.469488708542684,48.834521408788675],[2.469499917944531,48.834490880299008],[2.469496032469829,48.834471077166853]],[[2.469851066867315,48.836399076694931],[2.469835303782603,48.836475452212312],[2.469803238423912,48.83654725867639]],[[2.46318597737142,48.842247538763154],[2.463519810699625,48.84211413332973],[2.463741475493356,48.842023393152104],[2.464181057444528,48.84180861868591],[2.464478376103009,48.841648066381538],[2.46490324180869,48.841406242722762],[2.465258517101661,48.841173999356464],[2.465410865260515,48.841065858438846],[2.465504258746295,48.840993428084303],[2.465699348660685,48.840836013271918],[2.465876734920338,48.840677619724602]],[[2.469803238423912,48.83654725867639],[2.469661828529987,48.836787659536604],[2.469573293706516,48.836919472464807],[2.469472533957363,48.837047633665804],[2.469235747548336,48.837288510228184],[2.468992403699485,48.837504175183824],[2.468911255037571,48.83757936087482],[2.468835619729405,48.837648275493272],[2.468673394608693,48.837791452057239],[2.468546929395536,48.837901511085683],[2.468075517268972,48.838303226659505],[2.468023306407836,48.838346163566321],[2.467913269660948,48.838448200739016],[2.467786608412481,48.838577144514829],[2.467621248579605,48.838759877265112],[2.467319402317011,48.839099389275745]],[[2.467319402317011,48.839099389275745],[2.467189700650502,48.839258896902017],[2.466928748572963,48.83959589187598],[2.466639265157901,48.839924664791035],[2.466436743355435,48.84014320421101],[2.466164109594404,48.840422586498953],[2.466073332363315,48.840505821327937],[2.465876734920338,48.840677619724602]],[[2.466569253346512,48.832520838634885],[2.466519228374958,48.832483741720516],[2.466273218864985,48.832295577093056],[2.466051795461354,48.832101226153952],[2.465822578289197,48.831869966137461],[2.465627464284061,48.831634361191036],[2.465575149755092,48.83155498361721],[2.465568633789725,48.831526174926807],[2.465577074349572,48.831500131152133],[2.465584180362069,48.831471383327909],[2.465581612699126,48.831456082704804]],[[2.469496032469829,48.834471077166853],[2.469471685406374,48.834453881355707],[2.469443242380142,48.834437566729811],[2.469409341118772,48.834422127243151],[2.469397245421389,48.834405885121775],[2.469324827037553,48.834293143947029],[2.469197169521043,48.834119900511595],[2.469012572659205,48.833919423361422],[2.46889120610101,48.833797470961557],[2.468756135072831,48.833683551792042],[2.468618156780551,48.833587606736415],[2.468485472111639,48.833506974153721],[2.468248335054884,48.833382707804695],[2.468095144387775,48.833309178482118],[2.467962286840511,48.833245632366506],[2.467882336739519,48.833203906135097],[2.467760304190909,48.833147602827758],[2.467651793278927,48.833101252538611],[2.467329087259265,48.832952320688058],[2.467127134516121,48.832851592095608],[2.466938823254062,48.832749125226925],[2.466569253346512,48.832520838634885]]]}},
{"type":"Feature","properties":{"ID":"VOIE_NOM0000002338739794","ID_BAN":"75112_8574","name":"Cour Saint-Emilion","INSEE_COM":"75112","NOM_COM":"Paris 12e Arrondissement","SRC_BAN":"commune","NOM_COLL":"COUR SAINT-EMILION","TYPE_VOIE":"cour","MOT_DIR":"Emilion","LD_BAN":null,"ID_SUPP":"TRONROUT0000000000203464/TRONROUT0000000000203477/TRONROUT0000000000203479","INSEEDBAN":null,"COMDEL_BAN":null,"DATE_CREAT":"2023-12-08T13:42:59","DATE_MAJ":"2024-03-12T16:10:18","NOM_NORMA":"COUR SAINT-EMILION","ID_BAN_ODO":null,"Nom_a_verifier":false,"other_tags":"nan"},"geometry":{"type":"MultiLineString","coordinates":[[[2.387586681592192,48.833880076923393],[2.386692828763279,48.833199173177256]],[[2.386195868871061,48.832827883355485],[2.385970443351304,48.832651349644379],[2.385715220223187,48.832460272555188]],[[2.386692828763279,48.833199173177256],[2.386195868871061,48.832827883355485]]]}},
{"type":"Feature","properties":{"ID":"VOIE_NOM0000002338739808","ID_BAN":"75112_1801","name":"Rue Charles Baudelaire","INSEE_COM":"75112","NOM_COM":"Paris 12e Arrondissement","SRC_BAN":"commune","NOM_COLL":"R CHARLES BAUDELAIRE","TYPE_VOIE":"rue","MOT_DIR":"Baudelaire","LD_BAN":null,"ID_SUPP":"TRONROUT0000000000196008/TRONROUT0000000000196013/TRONROUT0000000000196814","INSEEDBAN":null,"COMDEL_BAN":null,"DATE_CREAT":"2023-12-08T13:42:59","DATE_MAJ":"2024-04-09T23:12:41","NOM_NORMA":"R CHARLES BAUDELAIRE","ID_BAN_ODO":null,"Nom_a_verifier":false,"other_tags":"\"wikipedia\"=>\"fr:Rue_Charles-Baudelaire\""},"geometry":{"type":"MultiLineString","coordinates":[[[2.377017233729537,48.849763965267435],[2.377805079911062,48.85089045857206]],[[2.376479951748595,48.848996714921689],[2.376498716728114,48.849022894010673],[2.376989090852114,48.849724247131505],[2.377017233729537,48.849763965267435]],[[2.37604947255091,48.848529504016533],[2.376095662063108,48.848541436512917],[2.376166303620851,48.848559791978467],[2.376446434448582,48.848950673131753],[2.376479951748595,48.848996714921689]]]}},
{"type":"Feature","properties":{"ID":"VOIE_NOM0000002338739829","ID_BAN":"75112_7652","name":"Avenue de la Porte de Charenton","INSEE_COM":"75112","NOM_COM":"Paris 12e Arrondissement","SRC_BAN":"commune","NOM_COLL":"AV DE LA PORTE DE CHARENTON","TYPE_VOIE":"avenue","MOT_DIR":"Charenton","LD_BAN":null,"ID_SUPP":"TRONROUT0000000000204116/TRONROUT0000000000204120/TRONROUT0000000000204130/TRONROUT0000000000204134/TRONROUT0000000000204836/TRONROUT0000000230033127/TRONROUT0000000247129251/TRONROUT0000000338524308","INSEEDBAN":null,"COMDEL_BAN":null,"DATE_CREAT":"2023-12-08T13:42:59","DATE_MAJ":"2024-03-12T16:10:18","NOM_NORMA":"AV DE LA PORTE DE CHARENTON","ID_BAN_ODO":null,"Nom_a_verifier":false,"other_tags":"nan"},"geometry":{"type":"MultiLineString","coordinates":[[[2.401508451268692,48.829361979081213],[2.40136430155122,48.829459288818271]],[[2.40136430155122,48.829459288818271],[2.401277701981099,48.829527207331942]],[[2.400993693330716,48.829703860171989],[2.401066362188753,48.829662853163285],[2.401184281154225,48.829595990995067],[2.40123643499127,48.829562076109902],[2.401277701981099,48.829527207331942]],[[2.397904275333556,48.831700232937436],[2.397806956958043,48.831751906275578],[2.39767121630122,48.83182766895191]],[[2.398056704319328,48.831594874865736],[2.398185684770127,48.831514580889916],[2.398442313427066,48.831351287706873],[2.39868662897548,48.831192428889395],[2.398911768854485,48.831042466862172],[2.399298545521378,48.830815071350223],[2.399375417750539,48.830764193461633]],[[2.398056704319328,48.831594874865736],[2.397904275333556,48.831700232937436]],[[2.39954291809911,48.830650814812785],[2.399663772714485,48.830565981562657],[2.399939741823458,48.830378499218163],[2.40033080244196,48.830133134410936],[2.400639582518193,48.829935022493913],[2.400993693330716,48.829703860171989]],[[2.39954291809911,48.830650814812785],[2.399375417750539,48.830764193461633]]]}},
{"type":"Feature","properties":{"ID":"VOIE_NOM0000002338739848","ID_BAN":"75112_0024","name":"Rue Abel","INSEE_COM":"75112","NOM_COM":"Paris 12e Arrondissement","SRC_BAN":"commune","NOM_COLL":"R ABEL","TYPE_VOIE":"rue","MOT_DIR":"Abel","LD_BAN":null,"ID_SUPP":"TRONROUT0000000000196815/TRONROUT0000000000196835/TRONROUT0000000000197705/TRONROUT0000000289219264/TRONROUT0000000289219267/TRONROUT0000000289219269","INSEEDBAN":null,"COMDEL_BAN":null,"DATE_CREAT":"2023-12-08T13:42:59","DATE_MAJ":"2024-03-12T16:10:18","NOM_NORMA":"R ABEL","ID_BAN_ODO":null,"Nom_a_verifier":false,"other_tags":"\"wikipedia\"=>\"fr:Rue_Abel\""},"geometry":{"type":"MultiLineString","coordinates":[[[2.375046954708205,48.846901832878231],[2.374563251862688,48.846216693056569],[2.37450840105325,48.846131866686264],[2.374464343011527,48.846056090291825],[2.37438805855137,48.845940573618719]],[[2.37516748515045,48.847077837010517],[2.375046954708205,48.846901832878231]],[[2.376005242892854,48.848353899006867],[2.375880737276576,48.848167982299735],[2.375742843374697,48.847962209739862],[2.375609038396227,48.847756458317029],[2.375508674579043,48.84760304392681],[2.375466342876468,48.847496698909566],[2.375321359114273,48.847314271982576]],[[2.375279883939301,48.847250201102248],[2.375321359114273,48.847314271982576]],[[2.375168146884183,48.847136298654306],[2.37516748515045,48.847077837010517]],[[2.375168146884183,48.847136298654306],[2.375279883939301,48.847250201102248]]]}},
{"type":"Feature","properties":{"ID":"VOIE_NOM0000002338739852","ID_BAN":"75112_0810","name":"Cour du Bel Air","INSEE_COM":"75112","NOM_COM":"Paris 12e Arrondissement","SRC_BAN":"commune","NOM_COLL":"COUR DU BEL-AIR","TYPE_VOIE":"cour","MOT_DIR":"Air","LD_BAN":null,"ID_SUPP":"TRONROUT0000000000195177","INSEEDBAN":null,"COMDEL_BAN":null,"DATE_CREAT":"2023-12-08T13:42:59","DATE_MAJ":"2024-03-12T16:10:18","NOM_NORMA":"COUR DU BEL AIR","ID_BAN_ODO":null,"Nom_a_verifier":false,"other_tags":"nan"},"geometry":{"type":"MultiLineString","coordinates":[[[2.373197292472431,48.852042762676511],[2.373141183217521,48.851948936021259],[2.372966140490869,48.851659326474518]]]}},
{"type":"Feature","properties":{"ID":"VOIE_NOM0000002338739864","ID_BAN":null,"name":"Voie Communale V/12","INSEE_COM":"75112","NOM_COM":"Paris 12e Arrondissement","SRC_BAN":null,"NOM_COLL":"VC V/12","TYPE_VOIE":"voie communale","MOT_DIR":"V/12","LD_BAN":null,"ID_SUPP":"TRONROUT0000000249442530","INSEEDBAN":null,"COMDEL_BAN":null,"DATE_CREAT":"2023-12-08T13:42:59","DATE_MAJ":"2024-03-17T19:26:33","NOM_NORMA":"VC V/12","ID_BAN_ODO":null,"Nom_a_verifier":true,"other_tags":"nan"},"geometry":{"type":"MultiLineString","coordinates":[[[2.39607156601945,48.838911989472265],[2.39601063394597,48.83887930481238],[2.395817032967812,48.838773101810801]]]}},
{"type":"Feature","properties":{"ID":"VOIE_NOM0000002338739882","ID_BAN":"75112_5608","name":"Rue Leroy Dupré","INSEE_COM":"75112","NOM_COM":"Paris 12e Arrondissement","SRC_BAN":"commune","NOM_COLL":"R LEROY DUPRE","TYPE_VOIE":"rue","MOT_DIR":"Dupré","LD_BAN":null,"ID_SUPP":"TRONROUT0000000000199245","INSEEDBAN":null,"COMDEL_BAN":null,"DATE_CREAT":"2023-12-08T13:42:59","DATE_MAJ":"2024-03-12T16:10:18","NOM_NORMA":"R LEROY DUPRE","ID_BAN_ODO":null,"Nom_a_verifier":false,"other_tags":"\"wikipedia\"=>\"fr:Rue_Leroy-Dupr%C3%A9\""},"geometry":{"type":"MultiLineString","coordinates":[[[2.401693082614045,48.842947784265313],[2.402315594704845,48.84284477182505]]]}},
{"type":"Feature","properties":{"ID":"VOIE_NOM0000002338739890","ID_BAN":"75112_9923","name":"Passage de la Voûte","INSEE_COM":"75112","NOM_COM":"Paris 12e Arrondissement","SRC_BAN":"commune","NOM_COLL":"PAS DE LA VOUTE","TYPE_VOIE":"passage","MOT_DIR":"Voûte","LD_BAN":null,"ID_SUPP":"TRONROUT0000000000197556/TRONROUT0000002010467787/TRONROUT0000002010467788","INSEEDBAN":null,"COMDEL_BAN":null,"DATE_CREAT":"2023-12-08T13:42:59","DATE_MAJ":"2024-03-12T16:10:18","NOM_NORMA":"PAS DE LA VOUTE","ID_BAN_ODO":null,"Nom_a_verifier":false,"other_tags":"nan"},"geometry":{"type":"MultiLineString","coordinates":[[[2.408552196279718,48.846794260720422],[2.408583081826314,48.846954498413268]],[[2.408500979372,48.846504415466541],[2.408513758028163,48.846579125048564],[2.408527858481138,48.84665743857547]],[[2.408527858481138,48.84665743857547],[2.408552196279718,48.846794260720422]]]}},
{"type":"Feature","properties":{"ID":"VOIE_NOM0000002338739907","ID_BAN":"75112_9384","name":"Impasse Tourneux","INSEE_COM":"75112","NOM_COM":"Paris 12e Arrondissement","SRC_BAN":"commune","NOM_COLL":"IMP TOURNEUX","TYPE_VOIE":"impasse","MOT_DIR":"Tourneux","LD_BAN":null,"ID_SUPP":"TRONROUT0000000000201739","INSEEDBAN":null,"COMDEL_BAN":null,"DATE_CREAT":"2023-12-08T13:42:59","DATE_MAJ":"2024-03-12T16:10:18","NOM_NORMA":"IMP TOURNEUX","ID_BAN_ODO":null,"Nom_a_verifier":false,"other_tags":"nan"},"geometry":{"type":"MultiLineString","coordinates":[[[2.398922644696359,48.836833534303501],[2.398259199653761,48.837301464675789],[2.39808612191428,48.837423806534296]]]}},
{"type":"Feature","properties":{"ID":"VOIE_NOM0000002338739919","ID_BAN":"75112_1295","name":"Sentier Briens","INSEE_COM":"75112","NOM_COM":"Paris 12e Arrondissement","SRC_BAN":"commune","NOM_COLL":"SEN BRIENS","TYPE_VOIE":"sentier","MOT_DIR":"Briens","LD_BAN":null,"ID_SUPP":"TRONROUT0000000000198410","INSEEDBAN":null,"COMDEL_BAN":null,"DATE_CREAT":"2023-12-08T13:42:59","DATE_MAJ":"2024-03-12T16:10:18","NOM_NORMA":"SEN BRIENS","ID_BAN_ODO":null,"Nom_a_verifier":false,"other_tags":"nan"},"geometry":{"type":"MultiLineString","coordinates":[[[2.402010545801887,48.843780377809622],[2.402353123912533,48.843730826378376]]]}},
{"type":"Feature","properties":{"ID":"VOIE_NOM0000002338739923","ID_BAN":"75112_3183","name":"Rue Elie Faure","INSEE_COM":"75112","NOM_COM":"Paris 12e Arrondissement","SRC_BAN":"commune","NOM_COLL":"R ELIE FAURE","TYPE_VOIE":"rue","MOT_DIR":"Faure","LD_BAN":null,"ID_SUPP":"TRONROUT0000000000197511/TRONROUT0000000000197512/TRONROUT0000000000197513/TRONROUT0000000000197537/TRONROUT0000000241604032/TRONROUT0000000356869310","INSEEDBAN":null,"COMDEL_BAN":null,"DATE_CREAT":"2023-12-08T13:42:59","DATE_MAJ":"2024-03-12T16:10:18","NOM_NORMA":"R ELIE FAURE","ID_BAN_ODO":null,"Nom_a_verifier":false,"other_tags":"\"wikipedia\"=>\"fr:Rue_%C3%89lie-Faure\""},"geometry":{"type":"MultiLineString","coordinates":[[[2.415756116857317,48.845987862111024],[2.415630178217503,48.845310033175252]],[[2.415789337488949,48.846306395643261],[2.415758853606908,48.846108388918594],[2.415756116857317,48.845987862111024]],[[2.415856562725606,48.846630491229632],[2.41584354168017,48.846576466436979]],[[2.41584354168017,48.846576466436979],[2.415819003385463,48.84645583323011]],[[2.415816479837935,48.846437833833356],[2.415789337488949,48.846306395643261]],[[2.415819003385463,48.84645583323011],[2.415816479837935,48.846437833833356]]]}},
{"type":"Feature","properties":{"ID":"VOIE_NOM0000002338739930","ID_BAN":"75112_3711","name":"Rue des Fonds Verts","INSEE_COM":"75112","NOM_COM":"Paris 12e Arrondissement","SRC_BAN":"commune","NOM_COLL":"R DES FONDS VERTS","TYPE_VOIE":"rue","MOT_DIR":"Verts","LD_BAN":null,"ID_SUPP":"TRONROUT0000000000201775","INSEEDBAN":null,"COMDEL_BAN":null,"DATE_CREAT":"2023-12-08T13:42:59","DATE_MAJ":"2024-03-12T16:10:18","NOM_NORMA":"R DES FONDS VERTS","ID_BAN_ODO":null,"Nom_a_verifier":false,"other_tags":"\"wikipedia\"=>\"fr:Rue_des_Fonds-Verts\""},"geometry":{"type":"MultiLineString","coordinates":[[[2.391452952633367,48.837033196963951],[2.391360408478986,48.83702463183505],[2.390838529841961,48.837030968846847],[2.390341078409273,48.837045522357826],[2.390264745655597,48.837048730731809],[2.390022187145195,48.837052890230929]]]}},
{"type":"Feature","properties":{"ID":"VOIE_NOM0000002338739937","ID_BAN":"75112_4008","name":"Rue du Général Archinard","INSEE_COM":"75112","NOM_COM":"Paris 12e Arrondissement","SRC_BAN":"commune","NOM_COLL":"R DU GENERAL ARCHINARD","TYPE_VOIE":"rue","MOT_DIR":"Archinard","LD_BAN":null,"ID_SUPP":"TRONROUT0000000000200887/TRONROUT0000000000200895/TRONROUT0000000000200903/TRONROUT0000000338551384/TRONROUT0000002000647512/TRONROUT0000002009867003","INSEEDBAN":null,"COMDEL_BAN":null,"DATE_CREAT":"2023-12-08T13:42:59","DATE_MAJ":"2024-03-12T16:10:18","NOM_NORMA":"R DU GENERAL ARCHINARD","ID_BAN_ODO":null,"Nom_a_verifier":false,"other_tags":"\"wikipedia\"=>\"fr:Rue_du_G%C3%A9n%C3%A9ral-Archinard\""},"geometry":{"type":"MultiLineString","coordinates":[[[2.409869353257777,48.8376965678817],[2.410022657866891,48.837753983871146],[2.410308060484822,48.837816547758685],[2.41039640001364,48.837835869808465]],[[2.41224381724395,48.838202007865213],[2.412355308245012,48.838222341570486],[2.412428653038793,48.838242487800805],[2.412465173399886,48.838266050561145],[2.412498847417459,48.838300391656908],[2.412490358964373,48.83832823014319]],[[2.410409209778985,48.837907881835534],[2.410505713484167,48.837928143403794],[2.411137818626064,48.838054469299315]],[[2.41039640001364,48.837835869808465],[2.410532320408705,48.837864419888803],[2.411161700120504,48.837990732238033]],[[2.411161700120504,48.837990732238033],[2.41224381724395,48.838202007865213]],[[2.411137818626064,48.838054469299315],[2.412219865986321,48.838272040305974],[2.41231913636606,48.838288716550352],[2.412388465100427,48.838302547548871],[2.412453686488147,48.838318157053386],[2.412490358964373,48.83832823014319]]]}},
{"type":"Feature","properties":{"ID":"VOIE_NOM0000002338739974","ID_BAN":"75112_pa81ne","name":"Route de la Pyramide","INSEE_COM":"75112","NOM_COM":"Paris 12e Arrondissement","SRC_BAN":"commune","NOM_COLL":"RTE DE LA PYRAMIDE","TYPE_VOIE":"route","MOT_DIR":"Pyramide","LD_BAN":null,"ID_SUPP":"TRONROUT0000000000199868/TRONROUT0000000000200828/TRONROUT0000000000201635/TRONROUT0000000000202426/TRONROUT0000000000203218/TRONROUT0000000000204676/TRONROUT0000000000205355/TRONROUT0000000000205356/TRONROUT0000000000205358/TRONROUT0000000000205360/TRON","INSEEDBAN":null,"COMDEL_BAN":null,"DATE_CREAT":"2023-12-08T13:42:59","DATE_MAJ":"2024-03-12T16:10:18","NOM_NORMA":"RTE DE LA PYRAMIDE","ID_BAN_ODO":null,"Nom_a_verifier":false,"other_tags":"nan"},"geometry":{"type":"MultiLineString","coordinates":[[[2.462410746362474,48.818992833993462],[2.462452056780199,48.818948950486373]],[[2.462329375910764,48.819091399046343],[2.462410746362474,48.818992833993462]],[[2.462072504774204,48.819435602498686],[2.462227187454189,48.819227644027933],[2.462329375910764,48.819091399046343]],[[2.461092448182748,48.820305378485649],[2.460683847123063,48.820569750098706],[2.460475273180343,48.820719903499544]],[[2.460475273180343,48.820719903499544],[2.460346247850558,48.820816453312617]],[[2.461417458403097,48.820090094374017],[2.461601262269578,48.819964110766733],[2.461668515137362,48.819914048768609],[2.461731849304642,48.819847780406349],[2.461788346005506,48.819784179345895],[2.462072504774204,48.819435602498686]],[[2.461417458403097,48.820090094374017],[2.461092448182748,48.820305378485649]],[[2.457907313111985,48.823924435411335],[2.457881257459836,48.823941405294029],[2.457844408658539,48.823948433186452],[2.457811683255862,48.823951882289286],[2.457780385317891,48.823949042276837],[2.457754610207446,48.82393903235188]],[[2.457689870323732,48.823877581722371],[2.457687398894623,48.823853287565711],[2.457697157374903,48.823831746976197],[2.457713679058466,48.823814733897883]],[[2.457875952985804,48.823796582925425],[2.457953169072318,48.823706096730731],[2.45801658735674,48.823632635949821],[2.458200162044339,48.823399631952171],[2.45848448593079,48.823039373505054]],[[2.457713679058466,48.823814733897883],[2.457736992003351,48.823799550349868],[2.457771126075428,48.823791610812144],[2.457814747344674,48.823788211122],[2.457841987255971,48.823788334622904],[2.457875952985804,48.823796582925425]],[[2.457875952985804,48.823796582925425],[2.457900338001169,48.823809284629611],[2.457917856944121,48.823827351415375],[2.457933957801775,48.823850807980946],[2.457940524689143,48.82387422132787],[2.457932100249534,48.823898466088451],[2.457907313111985,48.823924435411335]],[[2.457754610207446,48.82393903235188],[2.457720728587808,48.823922690081886],[2.45769916110185,48.823901007435218],[2.457689870323732,48.823877581722371]],[[2.460346247850558,48.820816453312617],[2.460106068377385,48.820993444522593],[2.459993328906851,48.82109546369044],[2.459898368586551,48.821190368086476],[2.45964195571155,48.821487800613426],[2.459458347581061,48.821725303860248],[2.45929959791116,48.821929642501523],[2.458934845687278,48.822428941587219]],[[2.458934845687278,48.822428941587219],[2.458686135524963,48.822770475736462],[2.458673700398173,48.822787507461264],[2.45848448593079,48.823039373505054]],[[2.454659696875151,48.827093429978461],[2.454644507015807,48.827113146766074],[2.454623878222487,48.827131939382255],[2.454599191389764,48.827148015389682],[2.454567712942426,48.827162261684805],[2.454532204682851,48.827171093394938],[2.454487180645077,48.827178082956983],[2.454444956049794,48.827177890344053],[2.454401416429094,48.827173194886463],[2.454353875277586,48.827160386860946],[2.454326746567298,48.827149470688035]],[[2.454243342413721,48.827049260459788],[2.454246424315705,48.82701509860815],[2.454263145827007,48.826979200265946],[2.45429481251495,48.826946967582444],[2.454340043456364,48.826920192978044],[2.454387923209657,48.826900625371259]],[[2.454602877277003,48.826925888754012],[2.454725193236433,48.826822120024076]],[[2.454387923209657,48.826900625371259],[2.454465665083391,48.826891086999048],[2.454524187314165,48.826895850774626],[2.45456495551772,48.826905030381198],[2.454602877277003,48.826925888754012]],[[2.454602877277003,48.826925888754012],[2.45463131156069,48.826942207017993],[2.454647496567424,48.826957570050979],[2.454660853949016,48.826982813215913],[2.454666048274725,48.827007119789506],[2.454671195570702,48.827035922978737],[2.454668151573715,48.827066487547683],[2.454659696875151,48.827093429978461]],[[2.454326746567298,48.827149470688035],[2.454283376426234,48.827128587370332],[2.454259094294,48.827105992411148],[2.454247108570766,48.827079856096731],[2.454243342413721,48.827049260459788]],[[2.45767190800551,48.824033090996089],[2.457754610207446,48.82393903235188]],[[2.454725193236433,48.826822120024076],[2.455783575492355,48.825908687711241],[2.45614662795949,48.825577573489866],[2.456307562464018,48.825427211565582],[2.4570050938168,48.824760351961949],[2.457171621204441,48.824595624296435],[2.457341068132667,48.824412022898926],[2.457452673199355,48.824289315862671],[2.457614011608798,48.824099381671232],[2.45767190800551,48.824033090996089]],[[2.451233485344687,48.829461975124836],[2.451280148443573,48.829428912740291],[2.451509405022222,48.829260883825242],[2.451792142690946,48.82905892375063]],[[2.449043018325994,48.831140909809228],[2.449180424786144,48.831029122288712],[2.450018302054768,48.830374644021148],[2.450236641108719,48.830209265536546],[2.450855968821428,48.829738145918022],[2.450920491901689,48.829690775854665],[2.451233485344687,48.829461975124836]],[[2.445429881314692,48.8336154453837],[2.445373674995989,48.833648461144556],[2.445305045648265,48.833696708412383],[2.445270616083162,48.833731623836677],[2.445242969033401,48.833769268793176]],[[2.445242969033401,48.833769268793176],[2.445270166278595,48.83377389174224],[2.445302755130412,48.833783935858527],[2.445335257872001,48.833802073819811],[2.445362273336535,48.833823783772601],[2.445382439265773,48.833849059403661],[2.445394412532585,48.833876095765518]],[[2.449043018325994,48.831140909809228],[2.44838660222684,48.831637930080895],[2.448227340107403,48.831755011994964],[2.447933543006913,48.83196950331812],[2.447709740424532,48.83213485217756],[2.447335091470966,48.832393936728629],[2.44697964352435,48.832640517773214],[2.446433571816069,48.833005830773871]],[[2.446433571816069,48.833005830773871],[2.446129082134829,48.833199582679953],[2.445793201186003,48.833398584508842],[2.44559300302704,48.833520869266337],[2.445429881314692,48.8336154453837]],[[2.445381271919179,48.833958776080991],[2.445356521590065,48.833980245984279],[2.445327713165903,48.833998998979226],[2.445296218477992,48.834014142063779],[2.445262047101042,48.834024775919026],[2.445229314540502,48.834028221547641]],[[2.445229314540502,48.834028221547641],[2.445178853429851,48.834033383654649],[2.445136671179726,48.834028691171937],[2.445098604441589,48.834021319683565],[2.445068749576818,48.834010388837534],[2.445040324005662,48.833993169086092],[2.445020033715866,48.833979584520876],[2.445003868516276,48.833962421647449]],[[2.444543984983822,48.834291251801133],[2.444274583488306,48.834514840685756],[2.443349878880751,48.83524981533607],[2.443132907200848,48.835410690267643]],[[2.443132907200848,48.835410690267643],[2.442577970942097,48.835835301517605],[2.441631845624611,48.836530590592332]],[[2.444777639659754,48.83409807462855],[2.444897152562855,48.834005095770785],[2.444943708835372,48.833982827795815],[2.445003868516276,48.833962421647449]],[[2.444543984983822,48.834291251801133],[2.444777639659754,48.83409807462855]],[[2.444987030484762,48.833880501627178],[2.445000930736374,48.833854484645073],[2.445016193230467,48.833828473981654],[2.44504093405341,48.833807903462933],[2.445071066435447,48.833792754122534],[2.44510796220957,48.833782132959392],[2.445142104741315,48.833774197097185],[2.44519258474802,48.833767236370214],[2.445242969033401,48.833769268793176]],[[2.445003868516276,48.833962421647449],[2.444986475121335,48.833932662012799],[2.444982666028011,48.833906562856477],[2.444987030484762,48.833880501627178]],[[2.438705999962769,48.838627692279708],[2.439410298617523,48.838129153094023],[2.439790583949012,48.837860227769767],[2.440249185918639,48.837529611939196],[2.440843734619505,48.837098901628622]],[[2.437781725903535,48.839308662451664],[2.437807815180729,48.839289898557396],[2.438037139166602,48.839123695574216],[2.438705999962769,48.838627692279708]],[[2.436328900134304,48.84035677153161],[2.436234065914733,48.840432769968402],[2.436206457423667,48.840465916055273],[2.436159483020374,48.840525951560998]],[[2.436788908444872,48.840026176126123],[2.436328900134304,48.84035677153161]],[[2.437781725903535,48.839308662451664],[2.437696626554414,48.839366720701413]],[[2.437696626554414,48.839366720701413],[2.43712538121231,48.839779537247566],[2.436874087612341,48.839960924064663],[2.436788908444872,48.840026176126123]],[[2.441631845624611,48.836530590592332],[2.441246043396284,48.836807590464041]],[[2.441246043396284,48.836807590464041],[2.440843734619505,48.837098901628622]],[[2.45419206670852,48.827263075586522],[2.454326746567298,48.827149470688035]],[[2.451792142690946,48.82905892375063],[2.452021348727579,48.828895390406601],[2.452497605714826,48.828554913566862],[2.452693871084673,48.828414611570558],[2.453716855437848,48.827635941406214],[2.454117901997338,48.827321195872848],[2.45419206670852,48.827263075586522]]]}},
{"type":"Feature","properties":{"ID":"VOIE_NOM0000002338739982","ID_BAN":"75112_4075","name":"Avenue du Général Michel Bizot","INSEE_COM":"75112","NOM_COM":"Paris 12e Arrondissement","SRC_BAN":"commune","NOM_COLL":"AV DU GENERAL MICHEL BIZOT","TYPE_VOIE":"avenue","MOT_DIR":"Bizot","LD_BAN":null,"ID_SUPP":"TRONROUT0000000000200069/TRONROUT0000000000200077/TRONROUT0000000000200083/TRONROUT0000000000200919/TRONROUT0000000000201719/TRONROUT0000000000202579/TRONROUT0000000000203420/TRONROUT0000000000203429/TRONROUT0000000289219348/TRONROUT0000000289219349/TRON","INSEEDBAN":null,"COMDEL_BAN":null,"DATE_CREAT":"2023-12-08T13:42:59","DATE_MAJ":"2024-09-23T22:15:13","NOM_NORMA":"AV DU GENERAL MICHEL BIZOT","ID_BAN_ODO":null,"Nom_a_verifier":false,"other_tags":"nan"},"geometry":{"type":"MultiLineString","coordinates":[[[2.404696524648475,48.840889746867767],[2.404671686123824,48.840797888620585]],[[2.404467192330543,48.840092672240829],[2.404583998849626,48.840482676423122],[2.404624590374128,48.840626775965305],[2.404645587981037,48.84069703049822],[2.404671686123824,48.840797888620585]],[[2.403808001155794,48.837688095249888],[2.403862833718629,48.837897020450725],[2.404262174264444,48.839314604233167],[2.404380849332338,48.83977926509592]],[[2.404380849332338,48.83977926509592],[2.404467192330543,48.840092672240829]],[[2.403500727191159,48.836680177003096],[2.403527345951328,48.836735170863591]],[[2.403527345951328,48.836735170863591],[2.403561747701342,48.836824379300268],[2.403598328870299,48.836961264794546],[2.403808001155794,48.837688095249888]],[[2.402910572654274,48.836224853006371],[2.403452280422746,48.836627772361716],[2.403500727191159,48.836680177003096]],[[2.402306856969942,48.835764961280447],[2.402910572654274,48.836224853006371]],[[2.398945813388753,48.833288356513833],[2.400776137325115,48.834646587971783]],[[2.400776137325115,48.834646587971783],[2.401408641066971,48.835088644807101],[2.402015148120781,48.835541360468987],[2.402306856969942,48.835764961280447]],[[2.397303391903822,48.832064148242793],[2.397552062776815,48.832236280761002],[2.397810094175008,48.832423749088299],[2.398481448443103,48.832918181376094],[2.398789432758193,48.833145470754175],[2.398945813388753,48.833288356513833]]]}},
{"type":"Feature","properties":{"ID":"VOIE_NOM0000002338740022","ID_BAN":"75112_2946","name":"Rue Dubrunfaut","INSEE_COM":"75112","NOM_COM":"Paris 12e Arrondissement","SRC_BAN":"commune","NOM_COLL":"R DUBRUNFAUT","TYPE_VOIE":"rue","MOT_DIR":"Dubrunfaut","LD_BAN":null,"ID_SUPP":"TRONROUT0000000000200172/TRONROUT0000000000200173/TRONROUT0000000000200964/TRONROUT0000000000200973/TRONROUT0000000289219322/TRONROUT0000002000696320","INSEEDBAN":null,"COMDEL_BAN":null,"DATE_CREAT":"2023-12-08T13:42:59","DATE_MAJ":"2024-03-12T16:10:18","NOM_NORMA":"R DUBRUNFAUT","ID_BAN_ODO":null,"Nom_a_verifier":false,"other_tags":"\"wikipedia\"=>\"fr:Rue_Dubrunfaut\""},"geometry":{"type":"MultiLineString","coordinates":[[[2.389853194827936,48.839036022520254],[2.389874277154585,48.83909728666292]],[[2.389874277154585,48.83909728666292],[2.38991779382046,48.839220721183558],[2.389948665660801,48.839260450548146],[2.390008116213331,48.839303023725655]],[[2.391125367605365,48.840584009831566],[2.391166951499086,48.840639981836993]],[[2.390483768166717,48.840105879906062],[2.391080985405947,48.840534319088597],[2.391125367605365,48.840584009831566]],[[2.390008116213331,48.839303023725655],[2.390008878692424,48.839354291229796],[2.390029803463936,48.839429044946705],[2.390077523732271,48.839542607827624],[2.390264582666341,48.839974355524568]],[[2.390264582666341,48.839974355524568],[2.390483768166717,48.840105879906062]]]}},
{"type":"Feature","properties":{"ID":"VOIE_NOM0000002338740024","ID_BAN":"75112_r573","name":"Route du Fort de Gravelle","INSEE_COM":"75112","NOM_COM":"Paris 12e Arrondissement","SRC_BAN":"commune","NOM_COLL":"RTE DU FORT DE GRAVELLE","TYPE_VOIE":"route","MOT_DIR":"Gravelle","LD_BAN":null,"ID_SUPP":"TRONROUT0000000000207457/TRONROUT0000000358476537","INSEEDBAN":null,"COMDEL_BAN":null,"DATE_CREAT":"2023-12-08T13:42:59","DATE_MAJ":"2024-03-12T16:10:18","NOM_NORMA":"RTE DU FORT DE GRAVELLE","ID_BAN_ODO":null,"Nom_a_verifier":false,"other_tags":"nan"},"geometry":{"type":"MultiLineString","coordinates":[[[2.453344937418833,48.820625462445435],[2.453931460219215,48.820021965898384],[2.454027800582657,48.819926173031924],[2.454068218286795,48.819838219120122]],[[2.452802360265179,48.821193182121803],[2.453344937418833,48.820625462445435]]]}},
{"type":"Feature","properties":{"ID":"VOIE_NOM0000002338740033","ID_BAN":"75112_1692","name":"Rue Chaligny","INSEE_COM":"75112","NOM_COM":"Paris 12e Arrondissement","SRC_BAN":"commune","NOM_COLL":"R CHALIGNY","TYPE_VOIE":"rue","MOT_DIR":"Chaligny","LD_BAN":null,"ID_SUPP":"TRONROUT0000000000196790/TRONROUT0000000000197654/TRONROUT0000002223374286","INSEEDBAN":null,"COMDEL_BAN":null,"DATE_CREAT":"2023-12-08T13:42:59","DATE_MAJ":"2024-03-12T16:10:18","NOM_NORMA":"R CHALIGNY","ID_BAN_ODO":null,"Nom_a_verifier":false,"other_tags":"\"wikipedia\"=>\"fr:Rue_Chaligny\""},"geometry":{"type":"MultiLineString","coordinates":[[[2.384077148684676,48.848652041885977],[2.384327031867612,48.849993365673107],[2.38445763880411,48.850127141997085]],[[2.383410341510351,48.845003516524187],[2.383423168947033,48.845071034460553],[2.383524842858888,48.845691215663372],[2.383781818978646,48.847006499524269]],[[2.383781818978646,48.847006499524269],[2.383888802522306,48.847639297624255],[2.384077148684676,48.848652041885977]]]}},
{"type":"Feature","properties":{"ID":"VOIE_NOM0000002338740067","ID_BAN":"75112_8419","name":"Route Royale de Beauté","INSEE_COM":"75112","NOM_COM":"Paris 12e Arrondissement","SRC_BAN":"commune","NOM_COLL":"RTE ROYALE DE BEAUTE","TYPE_VOIE":"route","MOT_DIR":"Beauté","LD_BAN":null,"ID_SUPP":"TRONROUT0000000230033302/TRONROUT0000000356884992/TRONROUT0000000356884993/TRONROUT0000002202484443","INSEEDBAN":null,"COMDEL_BAN":null,"DATE_CREAT":"2023-12-08T13:42:59","DATE_MAJ":"2024-03-12T16:10:18","NOM_NORMA":"RTE ROYALE DE BEAUTE","ID_BAN_ODO":null,"Nom_a_verifier":false,"other_tags":"nan"},"geometry":{"type":"MultiLineString","coordinates":[[[2.444854266699078,48.833810634659535],[2.444793867671151,48.833853523661169],[2.444723971056223,48.833892771093446],[2.44465134981801,48.83393200583339],[2.444561095750772,48.833963963754705]],[[2.438177048348456,48.834739075644826],[2.438313479782688,48.834720829815225],[2.439942263331453,48.834521614381302],[2.441433213999975,48.834343317871515],[2.441595555269426,48.834322491212539],[2.443240680203635,48.834121508476478]],[[2.444561095750772,48.833963963754705],[2.444506499938604,48.833973603184567],[2.444430098356136,48.833984040666955],[2.444346885440013,48.833994446457986],[2.444256880361987,48.834003021909723],[2.444199588697012,48.834009950589468]],[[2.443240680203635,48.834121508476478],[2.444199588697012,48.834009950589468]]]}},
{"type":"Feature","properties":{"ID":"VOIE_NOM0000002338740068","ID_BAN":"75112_9153","name":"Rue Taine","INSEE_COM":"75112","NOM_COM":"Paris 12e Arrondissement","SRC_BAN":"commune","NOM_COLL":"R TAINE","TYPE_VOIE":"rue","MOT_DIR":"Taine","LD_BAN":null,"ID_SUPP":"TRONROUT0000000000200961/TRONROUT0000000000201757/TRONROUT0000000000201773","INSEEDBAN":null,"COMDEL_BAN":null,"DATE_CREAT":"2023-12-08T13:42:59","DATE_MAJ":"2024-03-12T16:10:18","NOM_NORMA":"R TAINE","ID_BAN_ODO":null,"Nom_a_verifier":false,"other_tags":"\"wikipedia\"=>\"fr:Rue_Taine\""},"geometry":{"type":"MultiLineString","coordinates":[[[2.394074444934703,48.839124931528602],[2.393664507792588,48.838876429238987],[2.393169467359992,48.838565437790493]],[[2.391512885470039,48.837501170729269],[2.391204529014181,48.837306238651678]],[[2.393169467359992,48.838565437790493],[2.391973910011466,48.837806600353055],[2.391512885470039,48.837501170729269]]]}},
{"type":"Feature","properties":{"ID":"VOIE_NOM0000002338740074","ID_BAN":"75112_2025","name":"Rue Christian Dewet","INSEE_COM":"75112","NOM_COM":"Paris 12e Arrondissement","SRC_BAN":"commune","NOM_COLL":"R CHRISTIAN DEWET","TYPE_VOIE":"rue","MOT_DIR":"Dewet","LD_BAN":null,"ID_SUPP":"TRONROUT0000000000197622","INSEEDBAN":null,"COMDEL_BAN":null,"DATE_CREAT":"2023-12-08T13:42:59","DATE_MAJ":"2024-03-12T16:10:18","NOM_NORMA":"R CHRISTIAN DEWET","ID_BAN_ODO":null,"Nom_a_verifier":false,"other_tags":"\"wikipedia\"=>\"fr:Rue_Christian-Dewet\""},"geometry":{"type":"MultiLineString","coordinates":[[[2.392491647650639,48.846572586600395],[2.393429500033326,48.845723856496491]]]}},
{"type":"Feature","properties":{"ID":"VOIE_NOM0000002338740082","ID_BAN":"75112_9678","name":"Allée des Vergers","INSEE_COM":"75112","NOM_COM":"Paris 12e Arrondissement","SRC_BAN":"commune","NOM_COLL":"ALL DES VERGERS","TYPE_VOIE":"allée","MOT_DIR":"Vergers","LD_BAN":null,"ID_SUPP":"TRONROUT0000000000203435","INSEEDBAN":null,"COMDEL_BAN":null,"DATE_CREAT":"2023-12-08T13:42:59","DATE_MAJ":"2024-03-12T16:10:18","NOM_NORMA":"ALL DES VERGERS","ID_BAN_ODO":null,"Nom_a_verifier":false,"other_tags":"nan"},"geometry":{"type":"MultiLineString","coordinates":[[[2.395760944683071,48.834091631431072],[2.395806368231734,48.834051389451055],[2.396425652091708,48.833513098048293]]]}},
{"type":"Feature","properties":{"ID":"VOIE_NOM0000002338740102","ID_BAN":"75112_r574","name":"Route des Fortifications","INSEE_COM":"75112","NOM_COM":"Paris 12e Arrondissement","SRC_BAN":"commune","NOM_COLL":"RTE DES FORTIFICATIONS","TYPE_VOIE":"route","MOT_DIR":"Fortifications","LD_BAN":null,"ID_SUPP":"TRONROUT0000000000204105/TRONROUT0000000000204111/TRONROUT0000000230033141/TRONROUT0000000338524281/TRONROUT0000000356869363","INSEEDBAN":null,"COMDEL_BAN":null,"DATE_CREAT":"2023-12-08T13:42:59","DATE_MAJ":"2024-03-12T16:10:18","NOM_NORMA":"RTE DES FORTIFICATIONS","ID_BAN_ODO":null,"Nom_a_verifier":false,"other_tags":"nan"},"geometry":{"type":"MultiLineString","coordinates":[[[2.399534377353961,48.830800966350331],[2.399496329786743,48.830792681012987],[2.399375417750539,48.830764193461633]],[[2.401370056174056,48.83109346922226],[2.401274879207323,48.831077703557369],[2.400971702346649,48.831024921521163],[2.400382913920295,48.830932034336904],[2.399893328078961,48.830860327491699],[2.399769567067782,48.830842618459215],[2.399534377353961,48.830800966350331]],[[2.403534683679212,48.832045921063269],[2.403894202061208,48.832295039166425]],[[2.403194229209525,48.831797796302133],[2.403052310631162,48.831699956460348],[2.402898112247849,48.831603853867428],[2.402856131506113,48.831582059472574],[2.402823644933242,48.831563909934644],[2.402765431294113,48.831532141419231],[2.402621750136048,48.831469367544003],[2.402289457341104,48.831341795993609],[2.402045161320607,48.831262329934219],[2.40195693919747,48.831234008448021],[2.401789927310998,48.831186406127166],[2.401607880127649,48.831143225181634],[2.401370056174056,48.83109346922226]],[[2.403534683679212,48.832045921063269],[2.403327913355805,48.831900991083856],[2.403194229209525,48.831797796302133]]]}},
{"type":"Feature","properties":{"ID":"VOIE_NOM0000002338740110","ID_BAN":"75112_9924","name":"Rue de la Voûte","INSEE_COM":"75112","NOM_COM":"Paris 12e Arrondissement","SRC_BAN":"commune","NOM_COLL":"R DE LA VOUTE","TYPE_VOIE":"rue","MOT_DIR":"Voûte","LD_BAN":null,"ID_SUPP":"TRONROUT0000000000197551/TRONROUT0000000000197553/TRONROUT0000000000197557/TRONROUT0000000000197558/TRONROUT0000000000197561/TRONROUT0000000000198388/TRONROUT0000000289391252","INSEEDBAN":null,"COMDEL_BAN":null,"DATE_CREAT":"2023-12-08T13:42:59","DATE_MAJ":"2024-03-12T16:10:18","NOM_NORMA":"R DE LA VOUTE","ID_BAN_ODO":null,"Nom_a_verifier":false,"other_tags":"\"wikipedia\"=>\"fr:Rue_de_la_Vo%C3%BBte\""},"geometry":{"type":"MultiLineString","coordinates":[[[2.405801474267798,48.844718409251051],[2.405732507911499,48.844672199532276]],[[2.405801474267798,48.844718409251051],[2.405892097817561,48.844777317463155],[2.407064874693582,48.845534097633482],[2.407137910587173,48.845582125414182],[2.407315188732742,48.845690027051852],[2.407860275205979,48.846047072020831]],[[2.407860275205979,48.846047072020831],[2.408158962525381,48.846263495744395]],[[2.410765338739583,48.846417559593476],[2.41043930543062,48.846449229489899],[2.410049209977431,48.846482381325409],[2.409603136032837,48.846525148553653]],[[2.409603136032837,48.846525148553653],[2.409193922514036,48.846561800673953],[2.409015240350952,48.846577106534454],[2.408919787996191,48.84658293046337],[2.408839426072402,48.846579835340478],[2.408744177752357,48.846567673053201],[2.40863260907776,48.846552731957139],[2.408556467651124,48.846537965900104],[2.408500979372,48.846504415466541]],[[2.408204912284194,48.846296999163641],[2.408158962525381,48.846263495744395]],[[2.408500979372,48.846504415466541],[2.408425246391361,48.846453677170999],[2.408204912284194,48.846296999163641]]]}},
{"type":"Feature","properties":{"ID":"VOIE_NOM0000002338740128","ID_BAN":"75112_3479","name":"Rue Fabre d'Eglantine","INSEE_COM":"75112","NOM_COM":"Paris 12e Arrondissement","SRC_BAN":"commune","NOM_COLL":"R FABRE D'EGLANTINE","TYPE_VOIE":"rue","MOT_DIR":"Eglantine","LD_BAN":null,"ID_SUPP":"TRONROUT0000000000196755/TRONROUT0000000000197613","INSEEDBAN":null,"COMDEL_BAN":null,"DATE_CREAT":"2023-12-08T13:42:59","DATE_MAJ":"2024-03-12T16:10:18","NOM_NORMA":"R FABRE D'EGLANTINE","ID_BAN_ODO":null,"Nom_a_verifier":false,"other_tags":"\"wikipedia\"=>\"fr:Rue_Fabre-d%27%C3%89glantine\""},"geometry":{"type":"MultiLineString","coordinates":[[[2.395377375994853,48.845549348622221],[2.395672507537809,48.84700779586278],[2.3957247450713,48.847321035209966]],[[2.3957247450713,48.847321035209966],[2.395795715708382,48.847664047747195],[2.395813520262709,48.847773858899835]]]}},
{"type":"Feature","properties":{"ID":"VOIE_NOM0000002338740166","ID_BAN":"75112_9951","name":"Impasse de Wattignies","INSEE_COM":"75112","NOM_COM":"Paris 12e Arrondissement","SRC_BAN":"commune","NOM_COLL":"IMP DE WATTIGNIES","TYPE_VOIE":"impasse","MOT_DIR":"Wattignies","LD_BAN":null,"ID_SUPP":"TRONROUT0000000000202590","INSEEDBAN":null,"COMDEL_BAN":null,"DATE_CREAT":"2023-12-08T13:42:59","DATE_MAJ":"2024-03-12T16:10:18","NOM_NORMA":"IMP DE WATTIGNIES","ID_BAN_ODO":null,"Nom_a_verifier":false,"other_tags":"nan"},"geometry":{"type":"MultiLineString","coordinates":[[[2.399792153522815,48.83491506113063],[2.399472924657064,48.834716497979478],[2.399178146498361,48.834524352305692]]]}},
{"type":"Feature","properties":{"ID":"VOIE_NOM0000002338740176","ID_BAN":"75112_2472","name":"Rue Crozatier","INSEE_COM":"75112","NOM_COM":"Paris 12e Arrondissement","SRC_BAN":"commune","NOM_COLL":"R CROZATIER","TYPE_VOIE":"rue","MOT_DIR":"Crozatier","LD_BAN":null,"ID_SUPP":"TRONROUT0000000000195986/TRONROUT0000000000195988/TRONROUT0000000000195991/TRONROUT0000000000196799/TRONROUT0000000000196803/TRONROUT0000000000196807/TRONROUT0000000000197660/TRONROUT0000000000197662/TRONROUT0000000000197664/TRONROUT0000000351733101/TRON","INSEEDBAN":null,"COMDEL_BAN":null,"DATE_CREAT":"2023-12-08T13:42:59","DATE_MAJ":"2024-03-12T16:10:18","NOM_NORMA":"R CROZATIER","ID_BAN_ODO":null,"Nom_a_verifier":false,"other_tags":"\"wikipedia\"=>\"fr:Rue_Crozatier\""},"geometry":{"type":"MultiLineString","coordinates":[[[2.383137833404316,48.845002111718429],[2.382917973682803,48.845272583872301],[2.382440797514401,48.845869093601884],[2.382399302491578,48.845921042108294]],[[2.382399302491578,48.845921042108294],[2.382094878730848,48.846312489161306]],[[2.382094878730848,48.846312489161306],[2.381735242846989,48.84676300753982]],[[2.381176279092553,48.847474206446762],[2.381553830527765,48.847007594185065],[2.381735242846989,48.84676300753982]],[[2.380714276079729,48.848051900333466],[2.381176279092553,48.847474206446762]],[[2.380552422980601,48.848255216120997],[2.379642155465318,48.849398076651035]],[[2.379642155465318,48.849398076651035],[2.379433213897236,48.849664101361988]],[[2.379433213897236,48.849664101361988],[2.379056933321476,48.850135209382024]],[[2.379056933321476,48.850135209382024],[2.378799777389787,48.850444151588597],[2.378771719673202,48.85051145743823],[2.378800133528353,48.850642910590565]],[[2.380714276079729,48.848051900333466],[2.380625753723216,48.848162062812143]],[[2.380625753723216,48.848162062812143],[2.380552422980601,48.848255216120997]]]}},
{"type":"Feature","properties":{"ID":"VOIE_NOM0000002338740180","ID_BAN":"75112_9891","name":"Allée Vivaldi","INSEE_COM":"75112","NOM_COM":"Paris 12e Arrondissement","SRC_BAN":"commune","NOM_COLL":"ALL VIVALDI","TYPE_VOIE":"allée","MOT_DIR":"Vivaldi","LD_BAN":null,"ID_SUPP":"TRONROUT0000000000199270/TRONROUT0000000000200152/TRONROUT0000000000200154/TRONROUT0000000000200157/TRONROUT0000000000200159/TRONROUT0000000000200176","INSEEDBAN":null,"COMDEL_BAN":null,"DATE_CREAT":"2023-12-08T13:42:59","DATE_MAJ":"2024-03-12T16:10:18","NOM_NORMA":"ALL VIVALDI","ID_BAN_ODO":null,"Nom_a_verifier":false,"other_tags":"nan"},"geometry":{"type":"MultiLineString","coordinates":[[[2.393599647463986,48.841055251806999],[2.393261992992696,48.841033753776657],[2.392985564697554,48.841019760369072],[2.392783630557914,48.841043917601432]],[[2.389457926397498,48.841956928292966],[2.390363668543636,48.841753795444731],[2.391365016767796,48.841530456927273],[2.392073985463284,48.841374875247439]],[[2.392800472666599,48.841118649973218],[2.392783630557914,48.841043917601432]],[[2.392783630557914,48.841043917601432],[2.392279517184858,48.84115917382266],[2.39202951906183,48.841215462558679]],[[2.389372625383086,48.841794608166289],[2.391491288723048,48.841335038860194],[2.39202951906183,48.841215462558679]],[[2.392073985463284,48.841374875247439],[2.392257025235582,48.841335334105189],[2.392575355527463,48.841261404691764],[2.392701046172266,48.841232363971855],[2.392777552541621,48.841214765147456],[2.392806404808926,48.841194226320972],[2.39281337417195,48.841180771296777],[2.39281636097407,48.841158302458112],[2.392800472666599,48.841118649973218]]]}},
{"type":"Feature","properties":{"ID":"VOIE_NOM0000002338740195","ID_BAN":"75112_6844","name":"Rue de la Nouvelle-Calédonie","INSEE_COM":"75112","NOM_COM":"Paris 12e Arrondissement","SRC_BAN":"commune","NOM_COLL":"R DE LA NOUVELLE-CALEDONIE","TYPE_VOIE":"rue","MOT_DIR":"Calédonie","LD_BAN":null,"ID_SUPP":"TRONROUT0000000000200898/TRONROUT0000000000200899/TRONROUT0000002000647510","INSEEDBAN":null,"COMDEL_BAN":null,"DATE_CREAT":"2023-12-08T13:42:59","DATE_MAJ":"2024-03-12T16:10:18","NOM_NORMA":"R DE LA NOUVELLE-CALEDONIE","ID_BAN_ODO":null,"Nom_a_verifier":false,"other_tags":"\"wikipedia\"=>\"fr:Rue_de_la_Nouvelle-Cal%C3%A9donie\""},"geometry":{"type":"MultiLineString","coordinates":[[[2.408433085404103,48.838200310581762],[2.408565490020956,48.838178481286107]],[[2.410027087729164,48.837964456225464],[2.410214117747217,48.837931202821885],[2.410409209778985,48.837907881835534]],[[2.408565490020956,48.838178481286107],[2.40880436299761,48.838139190876831],[2.409190564551059,48.838083539899174],[2.409642209569463,48.838023713876659],[2.410027087729164,48.837964456225464]]]}},
{"type":"Feature","properties":{"ID":"VOIE_NOM0000002338740209","ID_BAN":"75112_r571","name":"Route de la Ferme","INSEE_COM":"75112","NOM_COM":"Paris 12e Arrondissement","SRC_BAN":"commune","NOM_COLL":"RTE DE LA FERME","TYPE_VOIE":"route","MOT_DIR":"Ferme","LD_BAN":null,"ID_SUPP":"TRONROUT0000000000206086/TRONROUT0000000000206087/TRONROUT0000000000206623/TRONROUT0000000000206636/TRONROUT0000000000207020/TRONROUT0000000000207027/TRONROUT0000000000207467/TRONROUT0000000217444750/TRONROUT0000000238873780/TRONROUT0000000356660780/TRON","INSEEDBAN":null,"COMDEL_BAN":null,"DATE_CREAT":"2023-12-08T13:42:59","DATE_MAJ":"2024-04-22T21:16:23","NOM_NORMA":"RTE DE LA FERME","ID_BAN_ODO":null,"Nom_a_verifier":false,"other_tags":"nan"},"geometry":{"type":"MultiLineString","coordinates":[[[2.4643608378046,48.827099500500594],[2.464222737151804,48.827017938995795]],[[2.464222737151804,48.827017938995795],[2.463978921847253,48.826884639710286],[2.463950456928935,48.82687102164045],[2.463661907379439,48.826716835750169],[2.463630746247669,48.826700507412276]],[[2.463630746247669,48.826700507412276],[2.462961569568836,48.826339556614933],[2.462744835032465,48.826222564903667]],[[2.462744835032465,48.826222564903667],[2.462597121397153,48.826149052545901],[2.46245486567432,48.826074665165706]],[[2.46245486567432,48.826074665165706],[2.462378989320687,48.826035651329839],[2.462083620230521,48.825883229550172],[2.461159302585018,48.825433881802908],[2.46067925259719,48.825227561497414],[2.460578852915919,48.825189335246478],[2.4600293813544,48.824979101636337],[2.459924933813953,48.824937259076492]],[[2.45956138380906,48.824793516595626],[2.459333534026026,48.824698952436648],[2.459169494635012,48.824624462524078]],[[2.459924933813953,48.824937259076492],[2.45956138380906,48.824793516595626]],[[2.459169494635012,48.824624462524078],[2.459032630706167,48.824556390890386],[2.45881455972091,48.824438486383606]],[[2.45881455972091,48.824438486383606],[2.4586737134224,48.824360503253253],[2.458467902135679,48.824242653581877],[2.458360910823342,48.824183710101856],[2.458248537148099,48.824118446560895],[2.458140231068663,48.824055000076953],[2.45802645855224,48.823993327452264]],[[2.45802645855224,48.823993327452264],[2.457907313111985,48.823924435411335]],[[2.457591801094804,48.823746728505078],[2.457713679058466,48.823814733897883]],[[2.457525447007772,48.823709553405109],[2.457591801094804,48.823746728505078]],[[2.452876813293662,48.821236692609062],[2.453288368932887,48.821474210115255],[2.453477804906115,48.821592893624192],[2.453644154713458,48.821705175744434],[2.453960795666216,48.821902684809267],[2.454058224858645,48.821963387474526],[2.454245147554493,48.82206227208178],[2.454476827209469,48.822179347976075],[2.454823822820578,48.822340118952212],[2.455279204369987,48.822556244217274],[2.456347067617214,48.823075543141044],[2.456626116496816,48.823222509247088],[2.457037901564449,48.823441127576437],[2.457250581935142,48.823552715417414],[2.457525447007772,48.823709553405109]],[[2.451818054556736,48.820765069941395],[2.452314409236037,48.820967904179113]],[[2.452802360265179,48.821193182121803],[2.452876813293662,48.821236692609062]],[[2.452314409236037,48.820967904179113],[2.452528629632551,48.821060621016031],[2.452802360265179,48.821193182121803]],[[2.451818054556736,48.820765069941395],[2.451757014199675,48.82074140643757],[2.45141943959529,48.820593260665191],[2.451259358722393,48.820533167626223],[2.451141326972786,48.820489456073439],[2.451009695284401,48.820443883219497],[2.450700080457698,48.820357021009379],[2.450564240582663,48.820323120159294],[2.450399753518498,48.820293584345926],[2.450237971481576,48.820265859485239],[2.450116942347472,48.820248214910599],[2.449989056354561,48.820235035533379],[2.449831208594313,48.820221718167765],[2.449676027765836,48.820213809099542]]]}},
{"type":"Feature","properties":{"ID":"VOIE_NOM0000002338740214","ID_BAN":"75112_0897","name":"Rue Bernard Lecache","INSEE_COM":"75112","NOM_COM":"Paris 12e Arrondissement","SRC_BAN":"commune","NOM_COLL":"R BERNARD LECACHE","TYPE_VOIE":"rue","MOT_DIR":"Lecache","LD_BAN":null,"ID_SUPP":"TRONROUT0000000000197503","INSEEDBAN":null,"COMDEL_BAN":null,"DATE_CREAT":"2023-12-08T13:42:59","DATE_MAJ":"2024-03-12T16:10:18","NOM_NORMA":"R BERNARD LECACHE","ID_BAN_ODO":null,"Nom_a_verifier":false,"other_tags":"nan"},"geometry":{"type":"MultiLineString","coordinates":[[[2.414969330363628,48.84518628983524],[2.415164812018798,48.846223301849435],[2.415179295769071,48.846268340347876],[2.415196575343353,48.846307097031804],[2.415212744645983,48.846323364438128]]]}},
{"type":"Feature","properties":{"ID":"VOIE_NOM0000002338740223","ID_BAN":"75112_6749","name":"Rue Nicolaï","INSEE_COM":"75112","NOM_COM":"Paris 12e Arrondissement","SRC_BAN":"commune","NOM_COLL":"R NICOLAI","TYPE_VOIE":"rue","MOT_DIR":"Nicolaï","LD_BAN":null,"ID_SUPP":"TRONROUT0000000000201751/TRONROUT0000000000201755/TRONROUT0000000000201756/TRONROUT0000000000202608/TRONROUT0000000000202609","INSEEDBAN":null,"COMDEL_BAN":null,"DATE_CREAT":"2023-12-08T13:42:59","DATE_MAJ":"2024-03-12T16:10:18","NOM_NORMA":"R NICOLAI","ID_BAN_ODO":null,"Nom_a_verifier":false,"other_tags":"\"wikipedia\"=>\"fr:Rue_Nicola%C3%AF\""},"geometry":{"type":"MultiLineString","coordinates":[[[2.392799057409492,48.835275485606303],[2.392336352659,48.834998829525453],[2.39226590203106,48.834965195085474],[2.392208791157875,48.834955911243888],[2.392161111389216,48.834955668952702]],[[2.394201918089932,48.835894166697273],[2.393022410667752,48.835398932833073],[2.392878782957909,48.83533165091346],[2.392799057409492,48.835275485606303]],[[2.394970200523683,48.83648983669282],[2.395236532413879,48.83666745878805],[2.39535403228398,48.83675619040897],[2.395395909742494,48.836786980441502]],[[2.394654237657426,48.836245409886388],[2.394201918089932,48.835894166697273]],[[2.394970200523683,48.83648983669282],[2.394654237657426,48.836245409886388]]]}},
{"type":"Feature","properties":{"ID":"VOIE_NOM0000002338740236","ID_BAN":"75112_5222","name":"Place Lachambeaudie","INSEE_COM":"75112","NOM_COM":"Paris 12e Arrondissement","SRC_BAN":"commune","NOM_COLL":"PL LACHAMBEAUDIE","TYPE_VOIE":"place","MOT_DIR":"Lachambeaudie","LD_BAN":null,"ID_SUPP":"TRONROUT0000000000201785/TRONROUT0000000000201786/TRONROUT0000000000201787/TRONROUT0000000000201790/TRONROUT0000000230033231","INSEEDBAN":null,"COMDEL_BAN":null,"DATE_CREAT":"2023-12-08T13:42:59","DATE_MAJ":"2024-03-12T16:10:18","NOM_NORMA":"PL LACHAMBEAUDIE","ID_BAN_ODO":null,"Nom_a_verifier":false,"other_tags":"nan"},"geometry":{"type":"MultiLineString","coordinates":[[[2.386471597678369,48.835906928461071],[2.386098006298313,48.835700855788758]],[[2.386774849221255,48.836070369184448],[2.3867527243112,48.836098136055476],[2.386739997993122,48.836137642848236],[2.386732530444521,48.836193365161705],[2.386737651688653,48.83622127171769],[2.386753756078431,48.836242039667248],[2.386821289824203,48.836291850931303]],[[2.386774849221255,48.836070369184448],[2.386471597678369,48.835906928461071]],[[2.387680116776006,48.83647972079671],[2.387686009749988,48.836441977667306],[2.387675533790208,48.836405949470326],[2.387639216111589,48.836366191520312],[2.387379406117688,48.836215566657998],[2.387280570519455,48.836162897274356],[2.387059878174761,48.836045748545274],[2.387008311454784,48.836028396359723],[2.386960715343184,48.836020957512545],[2.386915759237294,48.836020727094855],[2.386854328514492,48.836031204586412],[2.386800976392253,48.836049817743444],[2.386774849221255,48.836070369184448]],[[2.387680116776006,48.83647972079671],[2.387670358691699,48.83649855749097],[2.387641348523641,48.836532584815878],[2.387605664068912,48.836554886228782],[2.387575492264473,48.836571819671001],[2.387509889522959,48.836589471048761],[2.387437697069707,48.836588201997486],[2.38737382652245,48.83657438442733],[2.387100234473889,48.836437178863711],[2.386821289824203,48.836291850931303]]]}},
{"type":"Feature","properties":{"ID":"VOIE_NOM0000002338740277","ID_BAN":"75112_7597","name":"Boulevard Poniatowski","INSEE_COM":"75112","NOM_COM":"Paris 12e Arrondissement","SRC_BAN":"commune","NOM_COLL":"BD PONIATOWSKI","TYPE_VOIE":"boulevard","MOT_DIR":"Poniatowski","LD_BAN":null,"ID_SUPP":"TRONROUT0000000000202570/TRONROUT0000000000202578/TRONROUT0000000000203409/TRONROUT0000000000203413/TRONROUT0000000000203428/TRONROUT0000000000204122/TRONROUT0000000000204131/TRONROUT0000000000204132/TRONROUT0000000000204135/TRONROUT0000000000204141/TRON","INSEEDBAN":null,"COMDEL_BAN":null,"DATE_CREAT":"2023-12-08T13:42:59","DATE_MAJ":"2024-03-12T16:10:18","NOM_NORMA":"BD PONIATOWSKI","ID_BAN_ODO":null,"Nom_a_verifier":false,"other_tags":"nan"},"geometry":{"type":"MultiLineString","coordinates":[[[2.388344385052708,48.828518322452716],[2.388502886984623,48.828592881369666],[2.38864379789196,48.828657457073113],[2.388767149260631,48.828709351677681],[2.3888918419078,48.828763051745561],[2.389019259048381,48.828816765598305],[2.389164320783937,48.82887596565368],[2.389290418500347,48.828926074989887],[2.389400286854665,48.82896620826061],[2.389491148842066,48.829000848186382]],[[2.389491148842066,48.829000848186382],[2.389589116409481,48.829010341948084],[2.389774979919338,48.829075145709076],[2.389895798593749,48.829110837538465],[2.389992256992843,48.829132914447108],[2.390104997874083,48.829160470531761],[2.390258434423298,48.829202623912714]],[[2.390168707310767,48.829303795204105],[2.390062945087376,48.829261884859662],[2.389935494211507,48.829210870088566],[2.389798603431101,48.829151712685452],[2.389650805427999,48.829093398827226],[2.389570892821932,48.829054318064266],[2.389491148842066,48.829000848186382]],[[2.390258434423298,48.829202623912714],[2.390319446237007,48.829227217939739],[2.390383182367911,48.829251825821451]],[[2.390383182367911,48.829251825821451],[2.390524192010339,48.829308305426572]],[[2.390292103798242,48.829352090941747],[2.390168707310767,48.829303795204105]],[[2.390913169376081,48.829477569804148],[2.391307324817084,48.829670242835064]],[[2.391307324817084,48.829670242835064],[2.391493003864676,48.829751231572935],[2.391646264866194,48.829808671519785],[2.39176562994297,48.829852448350124],[2.391887761475858,48.829892641648641],[2.391995003968785,48.82992466480745],[2.392108973442328,48.829963917012705],[2.39223379834689,48.830006821747908],[2.392453785369115,48.830066398441453]],[[2.392381381197599,48.83020093594444],[2.392287937661136,48.830153693990518],[2.392273037842311,48.83014642332877],[2.392170111864659,48.830094636250521],[2.392049562034106,48.830035564543032],[2.391862319633049,48.829971656761813],[2.391687253063641,48.82991500556502],[2.39149594609734,48.829849277786813],[2.391280341544269,48.829764539276411],[2.391219339150402,48.829739046435527]],[[2.392453785369115,48.830066398441453],[2.392565177896881,48.830093045948807],[2.392740392679761,48.830137105432634],[2.392944139695778,48.83018760506453],[2.393152046855592,48.830231829872822],[2.393396659354825,48.830282536071167],[2.393653458535661,48.830339599129658],[2.393891271684137,48.830389370466278],[2.394114017894511,48.830446259945631],[2.394244419654142,48.830478398380642],[2.394376162842426,48.83051234220121]],[[2.390524192010339,48.829308305426572],[2.390619089176136,48.829347461889846],[2.390726203643259,48.829390277994619]],[[2.390437126407075,48.829414886689079],[2.390367994100628,48.829385754486303],[2.390292103798242,48.829352090941747]],[[2.390726203643259,48.829390277994619],[2.390913169376081,48.829477569804148]],[[2.391219339150402,48.829739046435527],[2.39115289875139,48.829712626509696],[2.390990219157884,48.829645244897698],[2.390837022410937,48.829582408206292],[2.390731280105786,48.829538699831353],[2.390639096268314,48.829500456660263],[2.39054012291671,48.829460380078167],[2.390437126407075,48.829414886689079]],[[2.39767121630122,48.83182766895191],[2.397518202569088,48.831747753960435],[2.397413895629307,48.83169686392192],[2.39723367002097,48.831614113347982],[2.397073909042805,48.831528767557586]],[[2.397904275333556,48.831700232937436],[2.398217509670669,48.831825922047209],[2.39876796908809,48.832053532139184]],[[2.399909340040411,48.83266453783866],[2.399617560610678,48.832567740720783],[2.398761237528369,48.832282836802626],[2.39824060925217,48.832067068599869],[2.398048069308446,48.831988754170119],[2.39767121630122,48.83182766895191]],[[2.39876796908809,48.832053532139184],[2.399026905952588,48.832162757509714],[2.39931564671507,48.83228652185565],[2.399571913250143,48.832391235768725],[2.399855352656555,48.83250238103178],[2.40015245685488,48.832609996674485],[2.40045496979368,48.832721236139633],[2.40086200322491,48.832865375616542],[2.401283940798824,48.83301678321213],[2.401657119123131,48.833143662500412],[2.401980102859982,48.833252302332667],[2.402270579830035,48.833344590250682]],[[2.406592073342996,48.83535909987183],[2.406468893296647,48.8352892377073]],[[2.405652857088702,48.834809422173898],[2.405447175749834,48.834686985813086],[2.405200760662173,48.834552654789846],[2.405083002668628,48.834485516184792],[2.404957153505355,48.834411142291039],[2.40483413191064,48.834327788683886],[2.404725808036574,48.834269690296857]],[[2.405464942981803,48.834920908763721],[2.40532578749168,48.834818588870291],[2.405170428925433,48.834703597127493],[2.405008095447445,48.834602960298483],[2.404855164998631,48.834514061759947],[2.404715755039407,48.834434223950865],[2.404611476785364,48.834379743058541],[2.404503060587872,48.834329738292254],[2.404420342643465,48.834296049949934]],[[2.406468893296647,48.8352892377073],[2.40622122312976,48.835145009657879],[2.406027676704928,48.835033426950659],[2.405834172112257,48.834918246667392],[2.405652857088702,48.834809422173898]],[[2.405464942981803,48.834920908763721],[2.405652997636618,48.835036062567283],[2.405888456382744,48.835175734345476],[2.406102201716132,48.835308102917985],[2.406306442808227,48.835437725823191],[2.40635110147557,48.835464029017174],[2.406395801153229,48.8354867349438],[2.406444587756163,48.835509461133896]],[[2.399909340040411,48.83266453783866],[2.400102009468454,48.832732057454521],[2.400333997670275,48.83281596248171],[2.400575491180644,48.832902612784743],[2.400856324748536,48.833003849516658],[2.401126344205847,48.833097836502319],[2.401397695889791,48.833194527630049],[2.401645952490827,48.833285706400062],[2.401887305896623,48.833384944411492],[2.402111043909476,48.833475999580116]],[[2.403640730648436,48.833850577325975],[2.403314984363862,48.833744626385375],[2.40293915561577,48.833610544227668],[2.402636724967136,48.833491217309721],[2.402448187716537,48.833419225670724],[2.402270579830035,48.833344590250682]],[[2.402111043909476,48.833475999580116],[2.402336320234539,48.833551772796454],[2.40262138143737,48.833641334668769],[2.402860292002099,48.833716275610151],[2.403089605714914,48.833796564362402],[2.403343296565708,48.833889565381007],[2.403580744155471,48.833973491206052],[2.403789677683501,48.834049180136411],[2.404014897232898,48.834130346032822],[2.40422513261004,48.834211436859896],[2.404420342643465,48.834296049949934]],[[2.403640730648436,48.833850577325975],[2.403794047943578,48.833905303554594],[2.403977222052466,48.833970071379497],[2.404146794610079,48.834032972430144],[2.404321775502563,48.834099497628351],[2.40446017103398,48.834148752481319],[2.404583520322753,48.834203328457917],[2.404725808036574,48.834269690296857]],[[2.396267009621373,48.831213516002798],[2.395923909529105,48.831079576522477],[2.395537075619279,48.830958006160692],[2.395178630010648,48.830855464818178],[2.395004804234606,48.830808717879236],[2.394833640470998,48.830767380362609]],[[2.397224103570991,48.831381128991801],[2.39701943285611,48.831291959289246],[2.396849919435643,48.831225450719863],[2.396669571453354,48.831153491043359],[2.396494578981431,48.831089652421447],[2.396402294458211,48.831059507582566],[2.396322207149864,48.831034820443286]],[[2.397073909042805,48.831528767557586],[2.396852954181985,48.831434119287579],[2.396625189197535,48.831339436241315],[2.39633216524096,48.831233630971305],[2.396267009621373,48.831213516002798]],[[2.397904275333556,48.831700232937436],[2.397714430464457,48.83162462960459],[2.397607326451517,48.831580021214265],[2.397458254586768,48.831512717120511],[2.39732817056412,48.831452703455035],[2.397224103570991,48.831381128991801]],[[2.394272474974672,48.830643124883338],[2.394151513882312,48.830619128624079],[2.394008716438826,48.830598619075694],[2.393848294618018,48.830570825086724],[2.393697439494411,48.830540381273927],[2.393569730858303,48.830510954004311],[2.393433828464401,48.830483283778221],[2.393296616384577,48.830451109909902],[2.393149869349368,48.830418887502098],[2.392999004601882,48.830389342119695],[2.392857675139057,48.83035984495141],[2.392704138793872,48.830325788788052],[2.392544011927027,48.830272812208356],[2.392381381197599,48.83020093594444]],[[2.39495902790491,48.83064480130593],[2.394521538289323,48.830545455521147],[2.394376162842426,48.83051234220121]],[[2.394833640470998,48.830767380362609],[2.39469917200213,48.830733423265713],[2.394556499365448,48.830702122589209],[2.394409740397813,48.83067080104982],[2.394272474974672,48.830643124883338]],[[2.396322207149864,48.831034820443286],[2.396179636880534,48.830994528558826],[2.395776592437509,48.830861185336147],[2.395450745237349,48.830766903795897],[2.39495902790491,48.83064480130593]]]}},
{"type":"Feature","properties":{"ID":"VOIE_NOM0000002338740281","ID_BAN":"75112_2585","name":"Villa Daumesnil","INSEE_COM":"75112","NOM_COM":"Paris 12e Arrondissement","SRC_BAN":"commune","NOM_COLL":"VLA DAUMESNIL","TYPE_VOIE":"villa","MOT_DIR":"Daumesnil","LD_BAN":null,"ID_SUPP":"TRONROUT0000000000201727/TRONROUT0000000289219340","INSEEDBAN":null,"COMDEL_BAN":null,"DATE_CREAT":"2023-12-08T13:42:59","DATE_MAJ":"2024-03-12T16:10:18","NOM_NORMA":"VLA DAUMESNIL","ID_BAN_ODO":null,"Nom_a_verifier":false,"other_tags":"nan"},"geometry":{"type":"MultiLineString","coordinates":[[[2.401739993583847,48.836843161804119],[2.401683890317968,48.83686446589104],[2.401581250941968,48.836904423761226],[2.401440290543727,48.836959478952622],[2.400520727929551,48.837309222717487],[2.400659177471235,48.837472701084366],[2.400680675138472,48.83749889030198],[2.400769380383523,48.83760456008774]],[[2.400769380383523,48.83760456008774],[2.400823161049102,48.837666885480161]]]}},
{"type":"Feature","properties":{"ID":"VOIE_NOM0000002338740283","ID_BAN":"75112_4529","name":"Passage Hennel","INSEE_COM":"75112","NOM_COM":"Paris 12e Arrondissement","SRC_BAN":"commune","NOM_COLL":"PAS HENNEL","TYPE_VOIE":"passage","MOT_DIR":"Hennel","LD_BAN":null,"ID_SUPP":"TRONROUT0000000000197666/TRONROUT0000000289219276/TRONROUT0000002292308105","INSEEDBAN":null,"COMDEL_BAN":null,"DATE_CREAT":"2023-12-08T13:42:59","DATE_MAJ":"2024-03-12T16:10:18","NOM_NORMA":"PAS HENNEL","ID_BAN_ODO":null,"Nom_a_verifier":false,"other_tags":"nan"},"geometry":{"type":"MultiLineString","coordinates":[[[2.380432926386042,48.845583508815857],[2.380355645667878,48.845550731700108],[2.38009419165799,48.84542166845069],[2.379999326625448,48.845378007688481]],[[2.379962690810741,48.845135890572656],[2.379897823742477,48.845090586468395]],[[2.379962690810741,48.845135890572656],[2.380185713663136,48.845288138352196],[2.379999326625448,48.845378007688481]]]}},
{"type":"Feature","properties":{"ID":"VOIE_NOM0000002338740289","ID_BAN":"75112_4035","name":"Avenue du Général Dodds","INSEE_COM":"75112","NOM_COM":"Paris 12e Arrondissement","SRC_BAN":"commune","NOM_COLL":"AV DU GENERAL DODDS","TYPE_VOIE":"avenue","MOT_DIR":"Dodds","LD_BAN":null,"ID_SUPP":"TRONROUT0000000230033234/TRONROUT0000000338524292/TRONROUT0000000338524295/TRONROUT0000002000647506","INSEEDBAN":null,"COMDEL_BAN":null,"DATE_CREAT":"2023-12-08T13:42:59","DATE_MAJ":"2024-03-12T16:10:18","NOM_NORMA":"AV DU GENERAL DODDS","ID_BAN_ODO":null,"Nom_a_verifier":false,"other_tags":"nan"},"geometry":{"type":"MultiLineString","coordinates":[[[2.405326136086252,48.833713271725173],[2.405491421303971,48.833554905800042],[2.405714565520153,48.83334016712341]],[[2.404769903634052,48.834225840886113],[2.404725808036574,48.834269690296857]],[[2.405204903712954,48.833831385067796],[2.405326136086252,48.833713271725173]],[[2.405204903712954,48.833831385067796],[2.405009441827502,48.83400758774961],[2.404863512841618,48.8341408670641],[2.404769903634052,48.834225840886113]]]}},
{"type":"Feature","properties":{"ID":"VOIE_NOM0000002338740321","ID_BAN":"75112_8001","name":"Passage Raguinot","INSEE_COM":"75112","NOM_COM":"Paris 12e Arrondissement","SRC_BAN":"commune","NOM_COLL":"PAS RAGUINOT","TYPE_VOIE":"passage","MOT_DIR":"Raguinot","LD_BAN":null,"ID_SUPP":"TRONROUT0000000000197682/TRONROUT0000000000198486/TRONROUT0000000289219283","INSEEDBAN":null,"COMDEL_BAN":null,"DATE_CREAT":"2023-12-08T13:42:59","DATE_MAJ":"2024-03-12T16:10:18","NOM_NORMA":"PAS RAGUINOT","ID_BAN_ODO":null,"Nom_a_verifier":false,"other_tags":"nan"},"geometry":{"type":"MultiLineString","coordinates":[[[2.379486705391912,48.845286313544975],[2.379406743452199,48.845249924463957]],[[2.3785985367857,48.844921060983509],[2.378447842093087,48.84487441088244],[2.377871512356667,48.844641179451934]],[[2.379406743452199,48.845249924463957],[2.37878029143313,48.844991255490719],[2.3785985367857,48.844921060983509]]]}},
{"type":"Feature","properties":{"ID":"VOIE_NOM0000002338740359","ID_BAN":"75112_3186","name":"Rue Elisa Lemonnier","INSEE_COM":"75112","NOM_COM":"Paris 12e Arrondissement","SRC_BAN":"commune","NOM_COLL":"R ELISA LEMONNIER","TYPE_VOIE":"rue","MOT_DIR":"Lemonnier","LD_BAN":null,"ID_SUPP":"TRONROUT0000000000200170/TRONROUT0000000289219318","INSEEDBAN":null,"COMDEL_BAN":null,"DATE_CREAT":"2023-12-08T13:42:59","DATE_MAJ":"2024-03-12T16:10:18","NOM_NORMA":"R ELISA LEMONNIER","ID_BAN_ODO":null,"Nom_a_verifier":false,"other_tags":"\"wikipedia\"=>\"fr:Rue_%C3%89lisa-Lemonnier\""},"geometry":{"type":"MultiLineString","coordinates":[[[2.390264582666341,48.839974355524568],[2.39009475421902,48.840165953029327],[2.389812768150352,48.840510768911287],[2.38962573408003,48.84077512611767],[2.389495695732471,48.840942642947581]],[[2.389495695732471,48.840942642947581],[2.389441665291389,48.84101881282502]]]}},
{"type":"Feature","properties":{"ID":"VOIE_NOM0000002338740362","ID_BAN":"75112_4127","name":"Square Georges Contenot","INSEE_COM":"75112","NOM_COM":"Paris 12e Arrondissement","SRC_BAN":"commune","NOM_COLL":"SQ GEORGES CONTENOT","TYPE_VOIE":"square","MOT_DIR":"Contenot","LD_BAN":null,"ID_SUPP":"TRONROUT0000000000200933/TRONROUT0000000000200937/TRONROUT0000000000200944/TRONROUT0000000000200946/TRONROUT0000000000200951/TRONROUT0000000000200952/TRONROUT0000000000200954/TRONROUT0000000000201735/TRONROUT0000000000201744/TRONROUT0000000000201745/TRON","INSEEDBAN":null,"COMDEL_BAN":null,"DATE_CREAT":"2023-12-08T13:42:59","DATE_MAJ":"2024-03-12T16:10:18","NOM_NORMA":"SQ GEORGES CONTENOT","ID_BAN_ODO":null,"Nom_a_verifier":false,"other_tags":"nan"},"geometry":{"type":"MultiLineString","coordinates":[[[2.39579844980564,48.83685017114162],[2.39599394023715,48.836792699842725],[2.396338444542641,48.836691012187167],[2.396997405819683,48.836375961357909],[2.397068527161685,48.836352037064401],[2.397274829652139,48.836301813070406],[2.397428823225248,48.836298092118817],[2.397498249309619,48.836302938660737],[2.397553948315239,48.836316709659648],[2.397575682999517,48.836322215307433],[2.39763661306523,48.836354899244874],[2.397702711906748,48.83641189198763],[2.397723937482179,48.836461463847549],[2.397730198354702,48.836509161626672],[2.397703669995066,48.836564788572346],[2.397659795104381,48.836588850446859],[2.397613237099151,48.836609301339799],[2.397554532480117,48.836619798042562],[2.3974248518603,48.836641628906541],[2.397350984842592,48.836667338299826],[2.397292103329025,48.836693123156543],[2.397250838399329,48.836727091025359],[2.397213452397043,48.836779065689001],[2.397193662190568,48.836841022009111],[2.397175182264343,48.836907481741214],[2.39714174783724,48.836971168008311],[2.397094981245818,48.837009604902754],[2.397030660285792,48.837034462845601],[2.396974679739292,48.837044972994576]],[[2.39579844980564,48.83685017114162],[2.395824042187239,48.836875482580368],[2.395935687737328,48.836999259194734],[2.395978959332525,48.837027357965184],[2.396025070269343,48.837045578062913],[2.396078097108273,48.837054839430323],[2.396420303416766,48.837034082622743],[2.396775903820755,48.83703317836973],[2.396974679739292,48.837044972994576]],[[2.397820094626259,48.836864862665898],[2.397759331261675,48.836935606421626],[2.397204123648581,48.837350114103778]],[[2.396974679739292,48.837044972994576],[2.397039853324226,48.837064188162337],[2.397094055459591,48.837089643534362],[2.397131816000432,48.837123110281119],[2.397165302361855,48.837172744004249],[2.39719058355162,48.83722503445361],[2.39719552328906,48.83726912812137],[2.397204123648581,48.837350114103778]],[[2.39584046671562,48.838279470530942],[2.395742602301016,48.838377006660295],[2.395683332272214,48.838436065127837]],[[2.394551696918731,48.83791860561557],[2.394631528308079,48.837848859388728],[2.39474851895876,48.837746924082822]],[[2.39584046671562,48.838279470530942],[2.395084691583745,48.837894321333515],[2.39474851895876,48.837746924082822]],[[2.396966159872138,48.837545875072657],[2.396872397238933,48.837524717003028],[2.396781244890977,48.837513465010801],[2.39669261950166,48.837519313582696],[2.396580782140972,48.837529541808436],[2.396365593815729,48.837523059895709],[2.396262013797295,48.837526134592785]],[[2.396966159872138,48.837545875072657],[2.396916574291327,48.837592391931501]],[[2.396262013797295,48.837526134592785],[2.395967455086794,48.837549829660624],[2.395406967044902,48.837595563606186],[2.395119125372309,48.837627384801586],[2.39486963796348,48.837641412090107]],[[2.397141715235721,48.837680764991852],[2.397087470853058,48.837658906894781],[2.396916574291327,48.837592391931501]],[[2.39486963796348,48.837641412090107],[2.395467124627595,48.837107513654672],[2.395702565466689,48.836894654927335],[2.39579844980564,48.83685017114162]],[[2.397204123648581,48.837350114103778],[2.397077706300456,48.837443010678328],[2.396966159872138,48.837545875072657]],[[2.39727055622607,48.837731778562137],[2.397141715235721,48.837680764991852]],[[2.39474851895876,48.837746924082822],[2.39486963796348,48.837641412090107]],[[2.395946677569689,48.837931953775382],[2.395995701593341,48.837934000055448],[2.396059930375929,48.837917236476265],[2.396185986060809,48.837855816858081],[2.396266917107832,48.837808559157637],[2.396316430564434,48.837768337745871],[2.39634269022196,48.837736093224073],[2.396370541322182,48.837684070753049],[2.396373724268928,48.837644514866795],[2.396344335819207,48.837594002258761],[2.396262013797295,48.837526134592785]],[[2.396916574291327,48.837592391931501],[2.396787919261321,48.837760823343395],[2.396536764164985,48.838036560115391],[2.396334184999415,48.838235196328547],[2.3963190219134,48.838250408959475],[2.396244954147484,48.838293204511466],[2.396172488247837,48.838315322777845],[2.396090569068038,48.838330198378763],[2.396012934945281,48.838328007682996],[2.395942196045277,48.838318656861247],[2.39584046671562,48.838279470530942]]]}},
{"type":"Feature","properties":{"ID":"VOIE_NOM0000002338740367","ID_BAN":"75112_6685","name":"Place de la Nation","INSEE_COM":"75112","NOM_COM":"Paris 12e Arrondissement","SRC_BAN":"commune","NOM_COLL":"PL DE LA NATION","TYPE_VOIE":"place","MOT_DIR":"Nation","LD_BAN":null,"ID_SUPP":"TRONROUT0000000000196725/TRONROUT0000000000196739/TRONROUT0000000000196740/TRONROUT0000000000196741/TRONROUT0000000000196742/TRONROUT0000000000196743/TRONROUT0000000000196744/TRONROUT0000000000196745/TRONROUT0000000000196746/TRONROUT0000000000196747/TRON","INSEEDBAN":null,"COMDEL_BAN":null,"DATE_CREAT":"2023-12-08T13:42:59","DATE_MAJ":"2024-03-12T16:10:18","NOM_NORMA":"PL DE LA NATION","ID_BAN_ODO":null,"Nom_a_verifier":false,"other_tags":"\"wikipedia\"=>\"fr:Place_de_la_Nation_(Paris)\""},"geometry":{"type":"MultiLineString","coordinates":[[[2.396706816189449,48.847475284271077],[2.3965181011568,48.847414975113516],[2.396399887808351,48.847385599422175],[2.396242169502119,48.847355124904389],[2.396104744527413,48.847337343577223],[2.395961827540555,48.84732313178236],[2.395840618439647,48.847317123631669],[2.3957247450713,48.847321035209966]],[[2.3957247450713,48.847321035209966],[2.395493985341914,48.84736123978783],[2.395290404306379,48.847407876779215],[2.395148244563722,48.847445830413925],[2.395035988889367,48.847490230576533]],[[2.395035988889367,48.847490230576533],[2.394935933849668,48.847540088464406],[2.394830302860439,48.847600710318176],[2.394747909135085,48.847655154152378],[2.394679130919907,48.847710566170818]],[[2.395813520262709,48.847773858899835],[2.395959288761196,48.847777293004583],[2.396095404338573,48.847790571105207],[2.396181061532324,48.847807191818809],[2.396258532665934,48.847824670516047],[2.396405163977315,48.847871277434727]],[[2.39746383601382,48.848237254746998],[2.397444685996117,48.848125638419901]],[[2.395003574805876,48.848521625994479],[2.394986841993496,48.848437002116917],[2.394996061842589,48.848347113345959],[2.395009056331905,48.84828422427546]],[[2.397404056489286,48.847986033919391],[2.397357040758561,48.847927339091385],[2.397273712919334,48.847827091022012],[2.397183312265386,48.847749291104357],[2.397071193323992,48.847664186829604],[2.396980574725568,48.847605272088678],[2.396873605025895,48.847546274847588],[2.396706816189449,48.847475284271077]],[[2.394679130919907,48.847710566170818],[2.394617113394998,48.847770509129354],[2.394556374759039,48.847837653360486],[2.394506630950049,48.847896759012436],[2.394455315412737,48.847973843772735],[2.394399608785478,48.848076987553192],[2.394344898751075,48.848211613739664]],[[2.395212660667714,48.848001057759788],[2.395278734332031,48.84794383307149],[2.395373433253602,48.847885853656038],[2.395499419974163,48.847832529024785],[2.395651108392995,48.847795522469418],[2.395813520262709,48.847773858899835]],[[2.396405163977315,48.847871277434727],[2.396509481476626,48.847923966219369],[2.396600027206988,48.847989176411531],[2.396643214576993,48.848025368379197],[2.396701140986317,48.848083219150212],[2.396769531302884,48.848178895515495]],[[2.397444685996117,48.848125638419901],[2.397427866158651,48.848048209266793],[2.397404056489286,48.847986033919391]],[[2.394344898751075,48.848211613739664],[2.394326337995061,48.848284367462661],[2.394310439732271,48.848362530781351],[2.394308094573538,48.848447058183901],[2.394319386202154,48.848530755261926],[2.39433745969329,48.848617184725512]],[[2.395009056331905,48.84828422427546],[2.395038454503886,48.848216921374977],[2.395076070102776,48.848146062595681],[2.395127301385554,48.848076171992368],[2.395171406303716,48.848033225964173],[2.395212660667714,48.848001057759788]],[[2.397444685996117,48.848125638419901],[2.396912763080463,48.848166127290142],[2.396769531302884,48.848178895515495]],[[2.396769531302884,48.848178895515495],[2.396797563507183,48.848229400669879],[2.396818532807411,48.848301454700085]]]}},
{"type":"Feature","properties":{"ID":"VOIE_NOM0000002338740383","ID_BAN":"75112_r693","name":"Route du Ruisseau","INSEE_COM":"75112","NOM_COM":"Paris 12e Arrondissement","SRC_BAN":"commune","NOM_COLL":"RTE DES RUISSEAUX","TYPE_VOIE":"route","MOT_DIR":"Ruisseau","LD_BAN":null,"ID_SUPP":"TRONROUT0000000000207108/TRONROUT0000000258513271/TRONROUT0000002489542217","INSEEDBAN":null,"COMDEL_BAN":null,"DATE_CREAT":"2023-12-08T13:42:59","DATE_MAJ":"2025-04-09T22:52:28","NOM_NORMA":"RTE DU RUISSEAU","ID_BAN_ODO":null,"Nom_a_verifier":false,"other_tags":"nan"},"geometry":{"type":"MultiLineString","coordinates":[[[2.434503604141514,48.82248318488768],[2.434100996677974,48.822557726850626],[2.433355880657042,48.82269090282572],[2.433282217304348,48.822701346199679],[2.432834798488174,48.822763080324847]],[[2.432834798488174,48.822763080324847],[2.432526749533344,48.822784103157204],[2.432220052503491,48.822806030987209],[2.431771573398547,48.822839875592386]],[[2.431771573398547,48.822839875592386],[2.431500561458351,48.822836788743857]]]}},
{"type":"Feature","properties":{"ID":"VOIE_NOM0000002338740428","ID_BAN":"75112_0803","name":"Rue Beccaria","INSEE_COM":"75112","NOM_COM":"Paris 12e Arrondissement","SRC_BAN":"commune","NOM_COLL":"R BECCARIA","TYPE_VOIE":"rue","MOT_DIR":"Beccaria","LD_BAN":null,"ID_SUPP":"TRONROUT0000000000197667/TRONROUT0000000000197677","INSEEDBAN":null,"COMDEL_BAN":null,"DATE_CREAT":"2023-12-08T13:42:59","DATE_MAJ":"2024-03-12T16:10:18","NOM_NORMA":"R BECCARIA","ID_BAN_ODO":null,"Nom_a_verifier":false,"other_tags":"nan"},"geometry":{"type":"MultiLineString","coordinates":[[[2.379353801839459,48.846491662333044],[2.379504865879127,48.846049962260444]],[[2.378595695775716,48.848587723540113],[2.378800427957056,48.84798891662097],[2.379140411563887,48.84701757814004],[2.379275408684647,48.846666630200758],[2.379353801839459,48.846491662333044]]]}},
{"type":"Feature","properties":{"ID":"VOIE_NOM0000002338740438","ID_BAN":"75112_0192","name":"Cour d'Alger","INSEE_COM":"75112","NOM_COM":"Paris 12e Arrondissement","SRC_BAN":"commune","NOM_COLL":"COUR D'ALGER","TYPE_VOIE":"cour","MOT_DIR":"Alger","LD_BAN":null,"ID_SUPP":"TRONROUT0000000000196858","INSEEDBAN":null,"COMDEL_BAN":null,"DATE_CREAT":"2023-12-08T13:42:59","DATE_MAJ":"2024-03-12T16:10:18","NOM_NORMA":"COUR D'ALGER","ID_BAN_ODO":null,"Nom_a_verifier":false,"other_tags":"nan"},"geometry":{"type":"MultiLineString","coordinates":[[[2.368597980459603,48.847417479046513],[2.368480371339166,48.847339513591571],[2.368291122662982,48.847213503836485]]]}},
{"type":"Feature","properties":{"ID":"VOIE_NOM0000002338740448","ID_BAN":"75112_0877","name":"Boulevard de Bercy","INSEE_COM":"75112","NOM_COM":"Paris 12e Arrondissement","SRC_BAN":"commune","NOM_COLL":"BD DE BERCY","TYPE_VOIE":"boulevard","MOT_DIR":"Bercy","LD_BAN":null,"ID_SUPP":"TRONROUT0000000000200196/TRONROUT0000000000200199/TRONROUT0000000000200200/TRONROUT0000000000200201/TRONROUT0000000000200205/TRONROUT0000000000200211/TRONROUT0000000000200213/TRONROUT0000000000200214/TRONROUT0000000000200965/TRONROUT0000000000200971/TRON","INSEEDBAN":null,"COMDEL_BAN":null,"DATE_CREAT":"2023-12-08T13:42:59","DATE_MAJ":"2024-03-12T16:10:18","NOM_NORMA":"BD DE BERCY","ID_BAN_ODO":null,"Nom_a_verifier":false,"other_tags":"nan"},"geometry":{"type":"MultiLineString","coordinates":[[[2.388951916622787,48.838397371562159],[2.389566067953441,48.838656825537086]],[[2.388752692521665,48.838307316801696],[2.388951916622787,48.838397371562159]],[[2.389233868012838,48.838985195722245],[2.389103174011493,48.838976434082525],[2.388599514000767,48.838937886351637],[2.388395293782851,48.83892515065827],[2.388295839872861,48.83892464211781],[2.388113048382447,48.838943493197007]],[[2.385318280608165,48.839435505481362],[2.387370252673184,48.83908089115107],[2.387856265590069,48.838997939862125],[2.388113048382447,48.838943493197007]],[[2.382661393461674,48.839900283954222],[2.382944029246152,48.839849579243833],[2.384762618076562,48.839531578694732],[2.385318280608165,48.839435505481362]],[[2.376403848625528,48.838730132566845],[2.37593108221465,48.838501926773198]],[[2.388752692521665,48.838307316801696],[2.388209597424094,48.838843258466888]],[[2.388209597424094,48.838843258466888],[2.388113048382447,48.838943493197007]],[[2.376160620005131,48.838903340809949],[2.376055064877698,48.838843432295121],[2.375902096001581,48.838760792232215],[2.375741125698852,48.838663720392297]],[[2.379022778154242,48.840421967194189],[2.379100071856248,48.840452946709291],[2.379169266103502,48.840477588606163],[2.379246752768189,48.840492380515002],[2.379314863162865,48.840493633297989]],[[2.382468867869414,48.839935264698397],[2.382661393461674,48.839900283954222]],[[2.378766588459734,48.840310914865057],[2.378364449685201,48.840099274426549],[2.377772865650792,48.839778723823571],[2.376940362926264,48.83932470922241],[2.376454319955786,48.839066757522737],[2.376252626892716,48.838956883039238],[2.376160620005131,48.838903340809949]],[[2.376403848625528,48.838730132566845],[2.376700251613979,48.838895361520052],[2.377534172221691,48.839343989214839],[2.377561248225129,48.839358519910689],[2.37769256276104,48.839429353418716],[2.378278735635213,48.839746278968867],[2.378365382377465,48.839792596756006],[2.37840463468119,48.839814385426948],[2.378636115575389,48.839940599410056],[2.378867608307834,48.840065913624549],[2.379063936516412,48.840169460157391],[2.379095089903832,48.840184911017637]],[[2.382468867869414,48.839935264698397],[2.38232554859957,48.839957008794471]],[[2.381922806282169,48.840025078762267],[2.382152192248266,48.839983993752526],[2.38232554859957,48.839957008794471]],[[2.381532303277959,48.840095009378985],[2.381922806282169,48.840025078762267]],[[2.379095089903832,48.840184911017637],[2.379223780174092,48.840247634892307]],[[2.380643513686846,48.840246899846377],[2.380397733608576,48.840291494498324],[2.380270772198621,48.84031242150003]],[[2.379022778154242,48.840421967194189],[2.378876386971442,48.840358251844293],[2.378766588459734,48.840310914865057]],[[2.379341539288284,48.840312999993593],[2.379223780174092,48.840247634892307]],[[2.379341539288284,48.840312999993593],[2.379409285382741,48.840344829135894],[2.379492060995738,48.84037313875335],[2.379615784221486,48.84039536514787],[2.379702850641926,48.840406608997149]],[[2.381532303277959,48.840095009378985],[2.3813753056831,48.840121178426891]],[[2.3813753056831,48.840121178426891],[2.380643513686846,48.840246899846377]]]}},
{"type":"Feature","properties":{"ID":"VOIE_NOM0000002338740451","ID_BAN":"75112_0140","name":"Rue Albinoni","INSEE_COM":"75112","NOM_COM":"Paris 12e Arrondissement","SRC_BAN":"commune","NOM_COLL":"R ALBINONI","TYPE_VOIE":"rue","MOT_DIR":"Albinoni","LD_BAN":null,"ID_SUPP":"TRONROUT0000000000199268/TRONROUT0000000000199294","INSEEDBAN":null,"COMDEL_BAN":null,"DATE_CREAT":"2023-12-08T13:42:59","DATE_MAJ":"2024-03-12T16:10:18","NOM_NORMA":"R ALBINONI","ID_BAN_ODO":null,"Nom_a_verifier":false,"other_tags":"\"wikipedia\"=>\"fr:Rue_Albinoni\""},"geometry":{"type":"MultiLineString","coordinates":[[[2.388588740718082,48.842063110293701],[2.388816586268697,48.842502262621387],[2.388627785571306,48.842683867798073]],[[2.388627785571306,48.842683867798073],[2.388303771206155,48.843008678774453]]]}},
{"type":"Feature","properties":{"ID":"VOIE_NOM0000002338740470","ID_BAN":"75112_4072","name":"Avenue du Général Messimy","INSEE_COM":"75112","NOM_COM":"Paris 12e Arrondissement","SRC_BAN":"commune","NOM_COLL":"AV DU GENERAL MESSIMY","TYPE_VOIE":"avenue","MOT_DIR":"Messimy","LD_BAN":null,"ID_SUPP":"TRONROUT0000000000200904/TRONROUT0000000000201700","INSEEDBAN":null,"COMDEL_BAN":null,"DATE_CREAT":"2023-12-08T13:42:59","DATE_MAJ":"2024-03-12T16:10:18","NOM_NORMA":"AV DU GENERAL MESSIMY","ID_BAN_ODO":null,"Nom_a_verifier":false,"other_tags":"nan"},"geometry":{"type":"MultiLineString","coordinates":[[[2.409869353257777,48.8376965678817],[2.409722203462584,48.837456611697426],[2.409562793957993,48.837216594759205],[2.409438348100048,48.837017221461288],[2.409403650853891,48.83695319545555],[2.409390761193058,48.836888377752565]],[[2.410027087729164,48.837964456225464],[2.409869353257777,48.8376965678817]]]}},
{"type":"Feature","properties":{"ID":"VOIE_NOM0000002338740480","ID_BAN":"75112_6494","name":"Passage Montgallet","INSEE_COM":"75112","NOM_COM":"Paris 12e Arrondissement","SRC_BAN":"commune","NOM_COLL":"PAS MONTGALLET","TYPE_VOIE":"passage","MOT_DIR":"Montgallet","LD_BAN":null,"ID_SUPP":"TRONROUT0000000000198444","INSEEDBAN":null,"COMDEL_BAN":null,"DATE_CREAT":"2023-12-08T13:42:59","DATE_MAJ":"2024-03-12T16:10:18","NOM_NORMA":"PAS MONTGALLET","ID_BAN_ODO":null,"Nom_a_verifier":false,"other_tags":"nan"},"geometry":{"type":"MultiLineString","coordinates":[[[2.388179904567142,48.843694255963506],[2.388073967301146,48.84378095188513],[2.387571684612038,48.844201079931921],[2.387540061302364,48.844225200705019],[2.387501762754141,48.84423759564018]]]}},
{"type":"Feature","properties":{"ID":"VOIE_NOM0000002338740483","ID_BAN":"75112_0199","name":"Place d'Aligre","INSEE_COM":"75112","NOM_COM":"Paris 12e Arrondissement","SRC_BAN":"commune","NOM_COLL":"PL D'ALIGRE","TYPE_VOIE":"place","MOT_DIR":"Aligre","LD_BAN":null,"ID_SUPP":"TRONROUT0000000000195985/TRONROUT0000000000195989/TRONROUT0000000000196001/TRONROUT0000000000196808","INSEEDBAN":null,"COMDEL_BAN":null,"DATE_CREAT":"2023-12-08T13:42:59","DATE_MAJ":"2024-03-12T16:10:18","NOM_NORMA":"PL D'ALIGRE","ID_BAN_ODO":null,"Nom_a_verifier":false,"other_tags":"nan"},"geometry":{"type":"MultiLineString","coordinates":[[[2.378287547753774,48.849173401504871],[2.377684106587445,48.849380713307703],[2.377628033694707,48.84939750937761]],[[2.378595695775716,48.848587723540113],[2.37851414153433,48.848570212183731],[2.37843385344275,48.848560801546526],[2.378376655043398,48.848557806310694],[2.378294821973448,48.848563676592498],[2.378203332419055,48.848579389540987],[2.37814176709489,48.848599754734558],[2.378052852437592,48.848628071924885],[2.377885902449858,48.848686561387439]],[[2.37727704699665,48.848891144988627],[2.377885902449858,48.848686561387439]],[[2.378287547753774,48.849173401504871],[2.378481859055296,48.849106060091181],[2.378536579437255,48.849088357239673],[2.378579057413782,48.849068792067904],[2.378624303542714,48.849045643838004],[2.378669560353891,48.84902159629133],[2.378708036066818,48.848994815449522],[2.37874112549299,48.848962610496848],[2.378763249412556,48.848935744727186],[2.378786875316454,48.848897195137056],[2.378796799736537,48.848864869887059],[2.378800157507403,48.848811825375336],[2.378788451209703,48.848764998131799],[2.378767142149449,48.848723517154845],[2.378744309670807,48.848695518588961],[2.378686338183895,48.848643054954351],[2.378595695775716,48.848587723540113]]]}},
{"type":"Feature","properties":{"ID":"VOIE_NOM0000002338740487","ID_BAN":"75112_6330","name":"Rue Michel Chasles","INSEE_COM":"75112","NOM_COM":"Paris 12e Arrondissement","SRC_BAN":"commune","NOM_COLL":"R MICHEL CHASLES","TYPE_VOIE":"rue","MOT_DIR":"Chasles","LD_BAN":null,"ID_SUPP":"TRONROUT0000000000196842/TRONROUT0000000000197724/TRONROUT0000000289207143/TRONROUT0000000289219262","INSEEDBAN":null,"COMDEL_BAN":null,"DATE_CREAT":"2023-12-08T13:42:59","DATE_MAJ":"2024-03-12T16:10:18","NOM_NORMA":"R MICHEL CHASLES","ID_BAN_ODO":null,"Nom_a_verifier":false,"other_tags":"\"wikipedia\"=>\"fr:Rue_Michel-Chasles\""},"geometry":{"type":"MultiLineString","coordinates":[[[2.373869256698728,48.845909979442339],[2.373902921023189,48.845943431862509],[2.373916071293109,48.845983072423465],[2.373912557478597,48.84604870714908],[2.373863827758742,48.846928922972346]],[[2.373927069622368,48.84790325713066],[2.373985003085811,48.847958421004911]],[[2.373863827758742,48.846928922972346],[2.373865504861833,48.847016169374804],[2.373847074002229,48.847756243420591],[2.373826008099504,48.847808295834092]],[[2.373826008099504,48.847808295834092],[2.373927069622368,48.84790325713066]]]}},
{"type":"Feature","properties":{"ID":"VOIE_NOM0000002338740510","ID_BAN":"75112_1809","name":"Rue Charles Bossut","INSEE_COM":"75112","NOM_COM":"Paris 12e Arrondissement","SRC_BAN":"commune","NOM_COLL":"R CHARLES BOSSUT","TYPE_VOIE":"rue","MOT_DIR":"Bossut","LD_BAN":null,"ID_SUPP":"TRONROUT0000000000199300/TRONROUT0000000289219296","INSEEDBAN":null,"COMDEL_BAN":null,"DATE_CREAT":"2023-12-08T13:42:59","DATE_MAJ":"2024-03-12T16:10:18","NOM_NORMA":"R CHARLES BOSSUT","ID_BAN_ODO":null,"Nom_a_verifier":false,"other_tags":"\"wikipedia\"=>\"fr:Rue_Charles-Bossut\""},"geometry":{"type":"MultiLineString","coordinates":[[[2.383264948248161,48.842896469343415],[2.383657709244898,48.84321326927045]],[[2.383657709244898,48.84321326927045],[2.383707579165655,48.84325939350741]]]}},
{"type":"Feature","properties":{"ID":"VOIE_NOM0000002338740515","ID_BAN":"75112_8968","name":"Rue Sibuet","INSEE_COM":"75112","NOM_COM":"Paris 12e Arrondissement","SRC_BAN":"commune","NOM_COLL":"R SIBUET","TYPE_VOIE":"rue","MOT_DIR":"Sibuet","LD_BAN":null,"ID_SUPP":"TRONROUT0000000000198403/TRONROUT0000000000198405/TRONROUT0000000000199240/TRONROUT0000000000199242/TRONROUT0000000000200113","INSEEDBAN":null,"COMDEL_BAN":null,"DATE_CREAT":"2023-12-08T13:42:59","DATE_MAJ":"2024-03-12T16:10:18","NOM_NORMA":"R SIBUET","ID_BAN_ODO":null,"Nom_a_verifier":false,"other_tags":"\"wikipedia\"=>\"fr:Rue_Sibuet\""},"geometry":{"type":"MultiLineString","coordinates":[[[2.402279511745503,48.841951528908197],[2.402282575945046,48.841803150055782],[2.402315387264408,48.841674705703895],[2.402307232023816,48.841554150882459],[2.402301757114098,48.841081060687792]],[[2.402315594704845,48.84284477182505],[2.402279511745503,48.841951528908197]],[[2.40221891149434,48.84438398821402],[2.402333807217799,48.844345889937692],[2.402354337921209,48.84433789829491],[2.402374961430189,48.844321812902976],[2.402380607465517,48.844304753332395],[2.402378697092339,48.84423369461576],[2.402353123912533,48.843730826378376]],[[2.402315594704845,48.84284477182505],[2.402331328141908,48.843136242312625],[2.402339825213677,48.843345835051274]],[[2.402353123912533,48.843730826378376],[2.402339825213677,48.843345835051274]]]}},
{"type":"Feature","properties":{"ID":"VOIE_NOM0000002338740533","ID_BAN":"75112_5298","name":"Rue Lamblardie","INSEE_COM":"75112","NOM_COM":"Paris 12e Arrondissement","SRC_BAN":"commune","NOM_COLL":"R LAMBLARDIE","TYPE_VOIE":"rue","MOT_DIR":"Lamblardie","LD_BAN":null,"ID_SUPP":"TRONROUT0000000351733164/TRONROUT0000002491324582","INSEEDBAN":null,"COMDEL_BAN":null,"DATE_CREAT":"2023-12-08T13:42:59","DATE_MAJ":"2025-07-15T21:31:19","NOM_NORMA":"R LAMBLARDIE","ID_BAN_ODO":null,"Nom_a_verifier":false,"other_tags":"\"wikipedia\"=>\"fr:Rue_Lamblardie\""},"geometry":{"type":"MultiLineString","coordinates":[[[2.398891206562138,48.841095449050712],[2.397559484835992,48.840434915182655],[2.396459383214637,48.839895149745701],[2.396367301840545,48.839846119645856]],[[2.396367301840545,48.839846119645856],[2.396293025668275,48.839789085085847]]]}},
{"type":"Feature","properties":{"ID":"VOIE_NOM0000002338740549","ID_BAN":"75112_8980","name":"Rue Simone Iff","INSEE_COM":"75112","NOM_COM":"Paris 12e Arrondissement","SRC_BAN":"commune","NOM_COLL":"R SIMONE IFF","TYPE_VOIE":"rue","MOT_DIR":"Iff","LD_BAN":null,"ID_SUPP":"TRONROUT0000002002180752","INSEEDBAN":null,"COMDEL_BAN":null,"DATE_CREAT":"2023-12-08T13:42:59","DATE_MAJ":"2024-03-12T16:10:18","NOM_NORMA":"R SIMONE IFF","ID_BAN_ODO":null,"Nom_a_verifier":false,"other_tags":"nan"},"geometry":{"type":"MultiLineString","coordinates":[[[2.384300480339652,48.84151409115605],[2.384610696658768,48.842013033589545]]]}},
{"type":"Feature","properties":{"ID":"VOIE_NOM0000002338740564","ID_BAN":"75112_0252","name":"Cour d'Alsace-Lorraine","INSEE_COM":"75112","NOM_COM":"Paris 12e Arrondissement","SRC_BAN":"commune","NOM_COLL":"COUR D'ALSACE-LORRAINE","TYPE_VOIE":"cour","MOT_DIR":"Lorraine","LD_BAN":null,"ID_SUPP":"TRONROUT0000000000197628/TRONROUT0000002341410499","INSEEDBAN":null,"COMDEL_BAN":null,"DATE_CREAT":"2023-12-08T13:42:59","DATE_MAJ":"2024-03-12T16:10:18","NOM_NORMA":"COUR D'ALSACE-LORRAINE","ID_BAN_ODO":null,"Nom_a_verifier":false,"other_tags":"nan"},"geometry":{"type":"MultiLineString","coordinates":[[[2.390024471335275,48.845938578050216],[2.389977044696115,48.84591585232338],[2.3889772496785,48.845417902763458],[2.388882419393413,48.84537065183293]],[[2.390380806393705,48.846113070720641],[2.390024471335275,48.845938578050216]]]}},
{"type":"Feature","properties":{"ID":"VOIE_NOM0000002338740625","ID_BAN":"75112_r701","name":"Route Saint-Hubert","INSEE_COM":"75112","NOM_COM":"Paris 12e Arrondissement","SRC_BAN":"commune","NOM_COLL":"RTE SAINT-HUBERT","TYPE_VOIE":"route","MOT_DIR":"Hubert","LD_BAN":null,"ID_SUPP":"TRONROUT0000000000205366/TRONROUT0000000000205376/TRONROUT0000000000205384/TRONROUT0000000000205393/TRONROUT0000000356876032/TRONROUT0000000356876045/TRONROUT0000000356876601/TRONROUT0000000356876602/TRONROUT0000000356876604/TRONROUT0000000356876609/TRON","INSEEDBAN":null,"COMDEL_BAN":null,"DATE_CREAT":"2023-12-08T13:42:59","DATE_MAJ":"2024-04-09T23:12:41","NOM_NORMA":"RTE SAINT-HUBERT","ID_BAN_ODO":null,"Nom_a_verifier":false,"other_tags":"nan"},"geometry":{"type":"MultiLineString","coordinates":[[[2.44376052066941,48.827663795927641],[2.444140794527159,48.827642180486841],[2.445644179601771,48.827555624550001],[2.445991742567907,48.82753565033051],[2.446203010135115,48.827523138335366],[2.446374748298875,48.827513141081404]],[[2.446374748298875,48.827513141081404],[2.446633707966518,48.827499050362718]],[[2.440321416581626,48.827884284294782],[2.440438759926916,48.827865946686103],[2.443464734828106,48.82768220589535]],[[2.437082532388172,48.828103817709206],[2.437685019691117,48.828066180540077]],[[2.437685019691117,48.828066180540077],[2.43789492929606,48.828053676822954],[2.439989962483339,48.827925902282004],[2.440161780423639,48.827908719382314]],[[2.440161780423639,48.827908719382314],[2.440321416581626,48.827884284294782]],[[2.434209223046301,48.828273729646568],[2.43467263299107,48.828248940097346],[2.435318730661202,48.828209722244218]],[[2.435318730661202,48.828209722244218],[2.436052050875507,48.828166415401029]],[[2.436052050875507,48.828166415401029],[2.437082532388172,48.828103817709206]],[[2.45408659959099,48.827058438088947],[2.454154750698051,48.8270542523356],[2.454243342413721,48.827049260459788]],[[2.453995283683378,48.827063417411267],[2.45408659959099,48.827058438088947]],[[2.449681414127532,48.827317051701897],[2.450322002675514,48.827281324983645],[2.451064822479693,48.827238869198467],[2.451274725541712,48.827226341988634],[2.452328268903789,48.827169115062254],[2.453460999257481,48.827094253452159],[2.453995283683378,48.827063417411267]],[[2.446633707966518,48.827499050362718],[2.446753648339079,48.827492410346444],[2.447158456407495,48.827469100080862],[2.449478311256374,48.827330506787689],[2.449613243329471,48.827323033550378],[2.449681414127532,48.827317051701897]]]}},
{"type":"Feature","properties":{"ID":"VOIE_NOM0000002338740629","ID_BAN":"75112_0677","name":"Rue Baron Le Roy","INSEE_COM":"75112","NOM_COM":"Paris 12e Arrondissement","SRC_BAN":"commune","NOM_COLL":"R BARON LE ROY","TYPE_VOIE":"rue","MOT_DIR":"Roy","LD_BAN":null,"ID_SUPP":"TRONROUT0000000000202617/TRONROUT0000000000202622/TRONROUT0000000000202626/TRONROUT0000000000203442/TRONROUT0000000000203445/TRONROUT0000000000203446/TRONROUT0000000000203448/TRONROUT0000000000203453/TRONROUT0000000238903526","INSEEDBAN":null,"COMDEL_BAN":null,"DATE_CREAT":"2023-12-08T13:42:59","DATE_MAJ":"2024-03-12T16:10:18","NOM_NORMA":"R BARON LE ROY","ID_BAN_ODO":null,"Nom_a_verifier":false,"other_tags":"nan"},"geometry":{"type":"MultiLineString","coordinates":[[[2.390651010102866,48.832560168310962],[2.39076512509556,48.83247081292923],[2.390865449442551,48.83239577707451]],[[2.390865449442551,48.83239577707451],[2.390932418489292,48.832377231413489],[2.390969124653564,48.832383713899567],[2.391000276916389,48.832399161766766],[2.391013510313166,48.832432505732548],[2.390989890406743,48.832471957618601],[2.390812472760942,48.832615852195609],[2.390461868426337,48.83289107094626],[2.390395934755828,48.832937501987431],[2.390301625600387,48.83296400227902]],[[2.390267059747611,48.832890977360165],[2.390318061604328,48.832839973440059],[2.390651010102866,48.832560168310962]],[[2.387347777487532,48.835197323671437],[2.387241866677623,48.835283120204579],[2.386673909092098,48.835733489235764],[2.386471597678369,48.835906928461071]],[[2.38898715950574,48.833880044508682],[2.388618637821948,48.834171354694142],[2.387902100678368,48.834746881511713]],[[2.387902100678368,48.834746881511713],[2.387858085500925,48.834782630879289],[2.387347777487532,48.835197323671437]],[[2.38898715950574,48.833880044508682],[2.389361199786433,48.833582465743191]],[[2.389736682258015,48.833277698176609],[2.389881095804838,48.833160617901655],[2.390098169799876,48.833004335844493]],[[2.389361199786433,48.833582465743191],[2.389736682258015,48.833277698176609]]]}},
{"type":"Feature","properties":{"ID":"VOIE_NOM0000002338740631","ID_BAN":"75112_5486","name":"Rue Lheureux","INSEE_COM":"75112","NOM_COM":"Paris 12e Arrondissement","SRC_BAN":"commune","NOM_COLL":"R LHEUREUX","TYPE_VOIE":"rue","MOT_DIR":"Lheureux","LD_BAN":null,"ID_SUPP":"TRONROUT0000000000203471/TRONROUT0000000000203472/TRONROUT0000000000203486","INSEEDBAN":null,"COMDEL_BAN":null,"DATE_CREAT":"2023-12-08T13:42:59","DATE_MAJ":"2024-03-12T16:10:18","NOM_NORMA":"R LHEUREUX","ID_BAN_ODO":null,"Nom_a_verifier":false,"other_tags":"\"wikipedia\"=>\"fr:Rue_Lheureux\""},"geometry":{"type":"MultiLineString","coordinates":[[[2.387454550248611,48.833067272256791],[2.387838340214472,48.832751760611245]],[[2.388220721104847,48.832439837931176],[2.388567384746411,48.832152913670321]],[[2.387838340214472,48.832751760611245],[2.388220721104847,48.832439837931176]]]}},
{"type":"Feature","properties":{"ID":"VOIE_NOM0000002338740663","ID_BAN":"75112_1804","name":"Villa Charles Bénard","INSEE_COM":"75112","NOM_COM":"Paris 12e Arrondissement","SRC_BAN":"commune","NOM_COLL":"VLA CHARLES BENARD","TYPE_VOIE":"villa","MOT_DIR":"Bénard","LD_BAN":null,"ID_SUPP":"TRONROUT0000000000198400","INSEEDBAN":null,"COMDEL_BAN":null,"DATE_CREAT":"2023-12-08T13:42:59","DATE_MAJ":"2024-03-12T16:10:18","NOM_NORMA":"VLA CHARLES BENARD","ID_BAN_ODO":null,"Nom_a_verifier":false,"other_tags":"nan"},"geometry":{"type":"MultiLineString","coordinates":[[[2.405558727509297,48.844019302858761],[2.4054236227971,48.844037517946376],[2.405127484166215,48.844077416159998]]]}},
{"type":"Feature","properties":{"ID":"VOIE_NOM0000002338740674","ID_BAN":"75112_0984","name":"Rue Biscornet","INSEE_COM":"75112","NOM_COM":"Paris 12e Arrondissement","SRC_BAN":"commune","NOM_COLL":"R BISCORNET","TYPE_VOIE":"rue","MOT_DIR":"Biscornet","LD_BAN":null,"ID_SUPP":"TRONROUT0000000000195184/TRONROUT0000000000195185/TRONROUT0000000000196035/TRONROUT0000002206029288","INSEEDBAN":null,"COMDEL_BAN":null,"DATE_CREAT":"2023-12-08T13:42:59","DATE_MAJ":"2024-03-12T16:10:18","NOM_NORMA":"R BISCORNET","ID_BAN_ODO":null,"Nom_a_verifier":false,"other_tags":"nan"},"geometry":{"type":"MultiLineString","coordinates":[[[2.369625600925869,48.851347684874007],[2.369637808016625,48.851239826724203],[2.369834377310628,48.85019851053972],[2.369931914386885,48.849570375096107],[2.369911351457756,48.849467740307013]],[[2.369621045011971,48.851386333084257],[2.369625600925869,48.851347684874007]],[[2.369621045011971,48.851386333084257],[2.369910735856962,48.851434625378275]],[[2.369198945686897,48.851468647744319],[2.369432469293201,48.851428508396602],[2.369544505011551,48.851404816234364],[2.369621045011971,48.851386333084257]]]}},
{"type":"Feature","properties":{"ID":"VOIE_NOM0000002338740683","ID_BAN":"75112_7499","name":"Rue des Pirogues de Bercy","INSEE_COM":"75112","NOM_COM":"Paris 12e Arrondissement","SRC_BAN":"commune","NOM_COLL":"R DES PIROGUES DE BERCY","TYPE_VOIE":"rue","MOT_DIR":"Bercy","LD_BAN":null,"ID_SUPP":"TRONROUT0000000000203462/TRONROUT0000000000203466/TRONROUT0000000000203470/TRONROUT0000000000203473/TRONROUT0000000000203474/TRONROUT0000000000204188/TRONROUT0000002000134431","INSEEDBAN":null,"COMDEL_BAN":null,"DATE_CREAT":"2023-12-08T13:42:59","DATE_MAJ":"2024-03-12T16:10:18","NOM_NORMA":"R DES PIROGUES DE BERCY","ID_BAN_ODO":null,"Nom_a_verifier":false,"other_tags":"\"wikipedia\"=>\"fr:Rue_des_Pirogues-de-Bercy\""},"geometry":{"type":"MultiLineString","coordinates":[[[2.385456416620966,48.831648612554581],[2.385313264991828,48.831542650829633]],[[2.386163766698681,48.832199060720519],[2.385785856306513,48.831899429810349],[2.385456416620966,48.831648612554581]],[[2.386651079041774,48.832579295116538],[2.386359455177263,48.832355655492542],[2.386163766698681,48.832199060720519]],[[2.38898715950574,48.833880044508682],[2.38866226548512,48.833703907298606],[2.388172024652866,48.83345497415413]],[[2.388172024652866,48.83345497415413],[2.38810568662667,48.833419559497145],[2.387829458668187,48.833276046087427],[2.387454550248611,48.833067272256791]],[[2.387167523299531,48.83291560764431],[2.387036254597226,48.832841186873459],[2.386837499323427,48.832713357327712],[2.386651079041774,48.832579295116538]],[[2.387454550248611,48.833067272256791],[2.387167523299531,48.83291560764431]]]}},
{"type":"Feature","properties":{"ID":"VOIE_NOM0000002338740687","ID_BAN":"75112_0312","name":"Rue André Derain","INSEE_COM":"75112","NOM_COM":"Paris 12e Arrondissement","SRC_BAN":"commune","NOM_COLL":"R ANDRE DERAIN","TYPE_VOIE":"rue","MOT_DIR":"Derain","LD_BAN":null,"ID_SUPP":"TRONROUT0000000000200068","INSEEDBAN":null,"COMDEL_BAN":null,"DATE_CREAT":"2023-12-08T13:42:59","DATE_MAJ":"2024-03-12T16:10:18","NOM_NORMA":"R ANDRE DERAIN","ID_BAN_ODO":null,"Nom_a_verifier":false,"other_tags":"nan"},"geometry":{"type":"MultiLineString","coordinates":[[[2.406873955878696,48.840159490869503],[2.406915749383197,48.840078755724925],[2.406964631096702,48.839973772989524],[2.407021994011073,48.839841851474176],[2.407024185157113,48.839769014190168],[2.407019134554209,48.839733914118931],[2.407005940222861,48.839696075596429],[2.406968284033127,48.839652719642601],[2.406924010319852,48.839592243025869],[2.406896034349537,48.839536343997558],[2.406759436021929,48.839567144241897],[2.406651744875209,48.839572006278701]]]}},
{"type":"Feature","properties":{"ID":"VOIE_NOM0000002338740705","ID_BAN":"75112_2904","name":"Avenue Dorian","INSEE_COM":"75112","NOM_COM":"Paris 12e Arrondissement","SRC_BAN":"commune","NOM_COLL":"AV DORIAN","TYPE_VOIE":"avenue","MOT_DIR":"Dorian","LD_BAN":null,"ID_SUPP":"TRONROUT0000000000196756/TRONROUT0000000000196767","INSEEDBAN":null,"COMDEL_BAN":null,"DATE_CREAT":"2023-12-08T13:42:59","DATE_MAJ":"2024-03-12T16:10:18","NOM_NORMA":"AV DORIAN","ID_BAN_ODO":null,"Nom_a_verifier":false,"other_tags":"nan"},"geometry":{"type":"MultiLineString","coordinates":[[[2.393684108140836,48.847147028377776],[2.394555968994326,48.847637994606849],[2.394679130919907,48.847710566170818]],[[2.394679130919907,48.847710566170818],[2.395079969421466,48.847927539235961],[2.395212660667714,48.848001057759788]]]}},
{"type":"Feature","properties":{"ID":"VOIE_NOM0000002338740752","ID_BAN":"75112_7401","name":"Boulevard de Picpus","INSEE_COM":"75112","NOM_COM":"Paris 12e Arrondissement","SRC_BAN":"commune","NOM_COLL":"BD DE PICPUS","TYPE_VOIE":"boulevard","MOT_DIR":"Picpus","LD_BAN":null,"ID_SUPP":"TRONROUT0000000000196709/TRONROUT0000000000196717/TRONROUT0000000000196720/TRONROUT0000000000196721/TRONROUT0000000000196730/TRONROUT0000000000197575/TRONROUT0000000000197580/TRONROUT0000000000197593/TRONROUT0000000000197600/TRONROUT0000000000198401/TRON","INSEEDBAN":null,"COMDEL_BAN":null,"DATE_CREAT":"2023-12-08T13:42:59","DATE_MAJ":"2024-03-12T16:10:18","NOM_NORMA":"BD DE PICPUS","ID_BAN_ODO":null,"Nom_a_verifier":false,"other_tags":"nan"},"geometry":{"type":"MultiLineString","coordinates":[[[2.400108388713053,48.839635602388633],[2.400157342054054,48.839643942120503],[2.400195365140111,48.839654925107943]],[[2.399935052995286,48.839661713815531],[2.399972034586058,48.839644811472432],[2.400011647786861,48.839636016562316],[2.400057990173673,48.839634450272932],[2.400108388713053,48.839635602388633]],[[2.400195365140111,48.839654925107943],[2.40024014851685,48.839670438780715],[2.400272608199342,48.83969128681467],[2.40029275453021,48.839716569910962],[2.400301949902057,48.839746294905623]],[[2.399973637089803,48.839860666024137],[2.399935707083047,48.839841589192069],[2.399908686716719,48.839821667716535],[2.399888530177097,48.839797283866439],[2.399877910498478,48.839772947857533],[2.399875485971389,48.839746854240282],[2.399881204811042,48.839723499557856],[2.39989099014919,48.839701963996333],[2.399911685062127,48.839679583802088],[2.399935052995286,48.839661713815531]],[[2.400301949902057,48.839746294905623],[2.400300225340481,48.839777763875198],[2.400290326334676,48.839809191862543],[2.400270931853412,48.839836974801194],[2.400240669128829,48.839862005164434],[2.400205039530916,48.839879813727023],[2.400143606932075,48.839890298007191]],[[2.400143606932075,48.839890298007191],[2.400114996340546,48.839890154533173],[2.400064628609126,48.839886304495217],[2.400017058168581,48.839876172943704],[2.399973637089803,48.839860666024137]],[[2.400564514104478,48.84096534428015],[2.400389979891281,48.840503098068247]],[[2.400917170332512,48.840867282010855],[2.400939463456455,48.84094293984819]],[[2.401014745248755,48.841150169471909],[2.400939463456455,48.84094293984819]],[[2.40064659631027,48.84117350757429],[2.400564514104478,48.84096534428015]],[[2.400143606932075,48.839890298007191],[2.400186365729878,48.839963360603157],[2.400219515315488,48.840042670520297]],[[2.400693981593675,48.84025190134934],[2.400576387635344,48.839932938658336],[2.400545807246377,48.83986713211462],[2.400518952130679,48.839832821841043],[2.400487906389107,48.839807484161881],[2.400441853518252,48.839783869978241],[2.400395728269401,48.839766550936346],[2.400301949902057,48.839746294905623]],[[2.400219515315488,48.840042670520297],[2.400268424151579,48.840173322959998],[2.400389979891281,48.840503098068247]],[[2.400917170332512,48.840867282010855],[2.400693981593675,48.84025190134934]],[[2.402369464855516,48.844801142401074],[2.40221891149434,48.84438398821402]],[[2.402041342471347,48.845134063283176],[2.400920852047313,48.845881218360503],[2.40001567382325,48.846506230954034]],[[2.402276495727104,48.845184702971821],[2.402150099366005,48.845274906342077],[2.401084430640814,48.845994456791892],[2.401014412483299,48.846039973374225],[2.400179304165564,48.846614974044385]],[[2.40001567382325,48.846506230954034],[2.399275478456012,48.84700255790306],[2.399020054970353,48.847173051850646]],[[2.399429498080901,48.847117549195467],[2.399617707369093,48.846985389344013],[2.400179304165564,48.846614974044385]],[[2.399022916678645,48.847515720265292],[2.399050297372194,48.847622880956614],[2.399089081009971,48.84780474529326]],[[2.398213888675304,48.847362360787258],[2.398891652788445,48.847318102217983]],[[2.398213888675304,48.847362360787258],[2.398222201511225,48.847468526425047],[2.398236151740945,48.847558532029041],[2.398288228713598,48.847887058233226]],[[2.399429498080901,48.847117549195467],[2.399209833962144,48.847259443687996]],[[2.399020054970353,48.847173051850646],[2.398984305870373,48.847200752259951],[2.398956524897375,48.84724647977901],[2.398938002040146,48.847316536373285]],[[2.399209833962144,48.847259443687996],[2.399151982575589,48.847313114432225]],[[2.398938002040146,48.847316536373285],[2.399151982575589,48.847313114432225]],[[2.398891652788445,48.847318102217983],[2.398938002040146,48.847316536373285]],[[2.399151982575589,48.847313114432225],[2.399120279784196,48.847344432617561],[2.399102306696533,48.847366826208642],[2.399022916678645,48.847515720265292]],[[2.399022916678645,48.847515720265292],[2.398988142267049,48.847458886259219],[2.398957455747341,48.847402072776397],[2.39893894975071,48.847352515312501],[2.398938002040146,48.847316536373285]],[[2.401693082614045,48.842947784265313],[2.401950914905583,48.843633484513873],[2.402010545801887,48.843780377809622]],[[2.402011798926306,48.844858712657086],[2.401817482187386,48.844337013849696],[2.40163378033078,48.843840549553875],[2.40146340745882,48.843370232791813],[2.401341827910203,48.84304135892738]],[[2.40221891149434,48.84438398821402],[2.402010545801887,48.843780377809622]],[[2.401014745248755,48.841150169471909],[2.401037359017075,48.841197948740671]],[[2.401113329952635,48.842412463375908],[2.400808027442627,48.841590719535596],[2.400694258581069,48.841294260500476],[2.40064659631027,48.84117350757429]],[[2.401693082614045,48.842947784265313],[2.401037359017075,48.841197948740671]],[[2.401341827910203,48.84304135892738],[2.401113329952635,48.842412463375908]]]}},
{"type":"Feature","properties":{"ID":"VOIE_NOM0000002338740759","ID_BAN":"75112_r665","name":"Route du Pesage","INSEE_COM":"75112","NOM_COM":"Paris 12e Arrondissement","SRC_BAN":"commune","NOM_COLL":"RTE DU PESAGE","TYPE_VOIE":"route","MOT_DIR":"Pesage","LD_BAN":null,"ID_SUPP":"TRONROUT0000000000206095/TRONROUT0000000000206097/TRONROUT0000000000206653/TRONROUT0000000000207035/TRONROUT0000000000207050/TRONROUT0000000000207489/TRONROUT0000000000207499/TRONROUT0000000000207502/TRONROUT0000000000207503/TRONROUT0000000000207504/TRON","INSEEDBAN":null,"COMDEL_BAN":null,"DATE_CREAT":"2023-12-08T13:42:59","DATE_MAJ":"2024-04-09T23:12:41","NOM_NORMA":"RTE DU PESAGE","ID_BAN_ODO":null,"Nom_a_verifier":false,"other_tags":"nan"},"geometry":{"type":"MultiLineString","coordinates":[[[2.446328164113812,48.825742970854407],[2.446370911556082,48.826078632922496],[2.446447589744782,48.826682463363539],[2.44653529368819,48.827146043248689],[2.446566341614967,48.827300877998766],[2.446604620206423,48.827416174052011]],[[2.446604620206423,48.827416174052011],[2.446633707966518,48.827499050362718]],[[2.44621724365357,48.8246443285475],[2.446266184467542,48.825166188929835],[2.446328164113812,48.825742970854407]],[[2.446129047567056,48.823714871775707],[2.44613154226482,48.823736468198248],[2.446136311935048,48.823800345521512],[2.446143385258043,48.823903805762697],[2.446145698456029,48.823942489357925],[2.44616219663969,48.824184496089963],[2.44621724365357,48.8246443285475]],[[2.445992023414217,48.822253659998836],[2.446037078890861,48.822628006872392],[2.446111178146015,48.823473757954872],[2.446129047567056,48.823714871775707]],[[2.444561989043024,48.819688313314259],[2.444651001942536,48.819770569685048],[2.444799181841051,48.819924151159263]],[[2.445097655527361,48.820288883122196],[2.445144709639311,48.82034666130015],[2.445168927256449,48.82037465421287]],[[2.444799181841051,48.819924151159263],[2.44492014381821,48.820075807334213],[2.445097655527361,48.820288883122196]],[[2.445351572947216,48.820617432657301],[2.445291128885144,48.820538007531489],[2.445219961987885,48.82044234392032],[2.445168927256449,48.82037465421287]],[[2.445734115563415,48.821146238330115],[2.445683270692814,48.821060562337678],[2.445606893735446,48.820942390561783],[2.445522355187861,48.820823281506136]],[[2.44580498804213,48.821269780718595],[2.445756885906021,48.821182318736334],[2.445734115563415,48.821146238330115]],[[2.445992023414217,48.822253659998836],[2.445949510901155,48.821896412811768],[2.445920030659822,48.821722697603782],[2.445894368817237,48.821574182449638],[2.445848679573665,48.82138780086207],[2.445843461243708,48.821366191765392],[2.44580498804213,48.821269780718595]],[[2.445351572947216,48.820617432657301],[2.445412189371853,48.820680669849764],[2.445472643348143,48.820759195576755],[2.445522355187861,48.820823281506136]],[[2.443128493245619,48.818735505157626],[2.442962960976062,48.818677174201206],[2.442805552179056,48.81862337773525]],[[2.443128493245619,48.818735505157626],[2.44325462787133,48.818784658708026],[2.443486469850389,48.818882870328721]],[[2.443486469850389,48.818882870328721],[2.443685560698944,48.818987224730165],[2.443833025939777,48.819079646817698],[2.443961377525738,48.8191764766988],[2.444066740699684,48.819257910208243]],[[2.444561989043024,48.819688313314259],[2.444414990329563,48.819551825082463],[2.44426254486679,48.819415311335227],[2.444066740699684,48.819257910208243]]]}},
{"type":"Feature","properties":{"ID":"VOIE_NOM0000002338740800","ID_BAN":"75112_7135","name":"Rue Paul Crampel","INSEE_COM":"75112","NOM_COM":"Paris 12e Arrondissement","SRC_BAN":"commune","NOM_COLL":"R PAUL CRAMPEL","TYPE_VOIE":"rue","MOT_DIR":"Crampel","LD_BAN":null,"ID_SUPP":"TRONROUT0000000000200046","INSEEDBAN":null,"COMDEL_BAN":null,"DATE_CREAT":"2023-12-08T13:42:59","DATE_MAJ":"2024-03-12T16:10:18","NOM_NORMA":"R PAUL CRAMPEL","ID_BAN_ODO":null,"Nom_a_verifier":false,"other_tags":"\"wikipedia\"=>\"fr:Rue_Paul-Crampel\""},"geometry":{"type":"MultiLineString","coordinates":[[[2.405867902820021,48.84080383579321],[2.405860666225817,48.841319132507842]]]}},
{"type":"Feature","properties":{"ID":"VOIE_NOM0000002338740815","ID_BAN":"75112_6489","name":"Rue Montesquiou-Fezensac","INSEE_COM":"75112","NOM_COM":"Paris 12e Arrondissement","SRC_BAN":"commune","NOM_COLL":"R MONTESQUIOU-FEZENSAC","TYPE_VOIE":"rue","MOT_DIR":"Fezensac","LD_BAN":null,"ID_SUPP":"TRONROUT0000000000202531","INSEEDBAN":null,"COMDEL_BAN":null,"DATE_CREAT":"2023-12-08T13:42:59","DATE_MAJ":"2024-03-12T16:10:18","NOM_NORMA":"R MONTESQUIOU-FEZENSAC","ID_BAN_ODO":null,"Nom_a_verifier":false,"other_tags":"\"wikipedia\"=>\"fr:Rue_Montesquiou-Fezensac\""},"geometry":{"type":"MultiLineString","coordinates":[[[2.409000958486644,48.836060837807437],[2.409130459509903,48.836054282691542],[2.409163287468559,48.836042753137527],[2.410499420753211,48.835593368698632]]]}},
{"type":"Feature","properties":{"ID":"VOIE_NOM0000002338740832","ID_BAN":"75112_7411","name":"Rue Pierre Bourdan","INSEE_COM":"75112","NOM_COM":"Paris 12e Arrondissement","SRC_BAN":"commune","NOM_COLL":"R PIERRE BOURDAN","TYPE_VOIE":"rue","MOT_DIR":"Bourdan","LD_BAN":null,"ID_SUPP":"TRONROUT0000000000196773/TRONROUT0000000000196774/TRONROUT0000000000197626","INSEEDBAN":null,"COMDEL_BAN":null,"DATE_CREAT":"2023-12-08T13:42:59","DATE_MAJ":"2024-03-12T16:10:18","NOM_NORMA":"R PIERRE BOURDAN","ID_BAN_ODO":null,"Nom_a_verifier":false,"other_tags":"\"wikipedia\"=>\"fr:Rue_Pierre-Bourdan_(Paris)\""},"geometry":{"type":"MultiLineString","coordinates":[[[2.391172220802084,48.847187334073354],[2.390684351165044,48.847656112455013],[2.390575295666646,48.84777607055139]],[[2.391214902596239,48.847149778346257],[2.391737299700057,48.846640702182363],[2.391858235583918,48.846553180126676],[2.39198282862205,48.846502550115645],[2.392103186817903,48.846464489436578]],[[2.391172220802084,48.847187334073354],[2.391214902596239,48.847149778346257]]]}},
{"type":"Feature","properties":{"ID":"VOIE_NOM0000002338740835","ID_BAN":"75112_r533","name":"Route de Ceinture du Lac Daumesnil","INSEE_COM":"75112","NOM_COM":"Paris 12e Arrondissement","SRC_BAN":"commune","NOM_COLL":"RTE DE CEINTURE DU LAC DAUMESNIL","TYPE_VOIE":"route","MOT_DIR":"Daumesnil","LD_BAN":null,"ID_SUPP":"TRONROUT0000000000202537/TRONROUT0000000000203312/TRONROUT0000000000203315/TRONROUT0000000000203330/TRONROUT0000000000203339/TRONROUT0000000000203353/TRONROUT0000000000203354/TRONROUT0000000000203369/TRONROUT0000000000204064/TRONROUT0000000000204076/TRON","INSEEDBAN":null,"COMDEL_BAN":null,"DATE_CREAT":"2023-12-08T13:42:59","DATE_MAJ":"2025-05-20T22:17:17","NOM_NORMA":"RTE DE CEINTURE DU LAC DAUMESNIL","ID_BAN_ODO":null,"Nom_a_verifier":false,"other_tags":"nan"},"geometry":{"type":"MultiLineString","coordinates":[[[2.408667797748845,48.833363797967984],[2.408777343577456,48.833434489966983],[2.408924950939736,48.83351256487677],[2.409084931094953,48.833580807713702],[2.409265396334137,48.833644654684221],[2.409329197759606,48.833664755800442]],[[2.408378998901953,48.833002623788992],[2.408404381173119,48.833046818230798],[2.408507660692603,48.833189428710924]],[[2.408507660692603,48.833189428710924],[2.408580180663714,48.833281522552198],[2.408667797748845,48.833363797967984]],[[2.408232487556557,48.832588190925954],[2.408287495817891,48.832782726012958],[2.408308576864072,48.832845785877197],[2.408353688123084,48.832952134136967],[2.408378998901953,48.833002623788992]],[[2.408296019496157,48.832031797851826],[2.408273509642576,48.832094642104366],[2.408236857000198,48.8322032840343],[2.408219203710049,48.832318315510662],[2.408214886633651,48.832458595197409],[2.408223421644976,48.832546775255288],[2.408232487556557,48.832588190925954]],[[2.408543058037632,48.831510488016661],[2.408452250087503,48.83170969823437],[2.408367176034544,48.831883754464904],[2.408323814790388,48.831983369595079],[2.408296019496157,48.832031797851826]],[[2.408786914007003,48.831149248992951],[2.408687296577646,48.831284560876448],[2.408606922715379,48.831404678588697],[2.408543058037632,48.831510488016661]],[[2.408786914007003,48.831149248992951],[2.408912626444005,48.830995179280002],[2.408992835840884,48.830889450381576]],[[2.408992835840884,48.830889450381576],[2.409271415924175,48.830709154555656]],[[2.410284825157935,48.830116076574804],[2.410049089335127,48.830242624136993],[2.409864017038078,48.830346037677991],[2.409645895630678,48.830480765646534],[2.409445654470763,48.830600292257017],[2.409271415924175,48.830709154555656]],[[2.410708282702712,48.829892422588969],[2.410362946069303,48.830074191481529],[2.410284825157935,48.830116076574804]],[[2.410339769184676,48.834050173268842],[2.410408654369238,48.834102675968836]],[[2.409994357990429,48.833874892610858],[2.410159748973278,48.833946758123396],[2.41026137886685,48.833994925567794],[2.410339769184676,48.834050173268842]],[[2.409329197759606,48.833664755800442],[2.409490765287106,48.833713219900361],[2.409710716381425,48.833779059853164],[2.409866815247958,48.833829295176294],[2.409994357990429,48.833874892610858]],[[2.412742018752124,48.833767900026224],[2.412759105338272,48.833702330330155],[2.41277877454447,48.833649364407712],[2.412803821783054,48.8336027204329],[2.412843772636726,48.833563344529431]],[[2.411653088262625,48.829460880894359],[2.410708282702712,48.829892422588969]],[[2.411653088262625,48.829460880894359],[2.41182556996389,48.829386182386216],[2.412010381381416,48.829305248670828],[2.412192437540964,48.829226999228631],[2.412384068611063,48.829145199079868]],[[2.412384068611063,48.829145199079868],[2.412596272860003,48.829050908517402],[2.412835789744654,48.828950456094304],[2.412983557448513,48.828892722554713]],[[2.416453465687504,48.827884423962409],[2.416557186388225,48.827866942642636],[2.416673186013858,48.827847722387965]],[[2.416673186013858,48.827847722387965],[2.416875128374503,48.827817229308152],[2.417048345831178,48.827797388296297],[2.417243346620059,48.827778552550889],[2.417419227698907,48.82776412019355]],[[2.418073436205046,48.830415942568223],[2.417726645187364,48.830729932293501],[2.4176317611778,48.830809513903908],[2.417465380456666,48.830948105380884],[2.41736776124055,48.831028572813963],[2.417092891768888,48.831244880036849],[2.416955516527666,48.831347637495256],[2.416827726382603,48.831445944697336]],[[2.418694176689347,48.827889940136536],[2.418587022283457,48.827848947665039],[2.418470212997612,48.827818700570006],[2.418338380664727,48.827791977767234],[2.418213228472698,48.827776979106133],[2.418047203479135,48.827762680797584],[2.417872915635654,48.827756436355514],[2.417738088387542,48.827753981261743],[2.417610011344856,48.827756955099638],[2.417419227698907,48.82776412019355]],[[2.419216938718946,48.828773860625518],[2.419112194316237,48.829005388750559],[2.418989681115258,48.829242226623421],[2.418859184441895,48.829461937558101],[2.418816196166658,48.829530080564183],[2.418676473894455,48.829721866043307],[2.418491257914619,48.829961995947507],[2.418384847131585,48.830098182252939],[2.418245553292469,48.830251296468965],[2.418073436205046,48.830415942568223]],[[2.418694176689347,48.827889940136536],[2.418799788699289,48.827947113644463],[2.418885009524559,48.828000590501247],[2.418959353753012,48.828052215714436],[2.419028139473032,48.828113706926217],[2.419099499255124,48.828188701119309]],[[2.419542234687641,48.828553296068577],[2.419369876977086,48.828618113250059],[2.419320630407208,48.828636760872634],[2.419293217759913,48.828651917022626],[2.419268449189942,48.828674280947247],[2.419216938718946,48.828773860625518]],[[2.419099499255124,48.828188701119309],[2.419151118996901,48.828201542992836],[2.419321442365528,48.828196973895331],[2.41943183304415,48.828192113627885]],[[2.414874057447843,48.832675728260938],[2.414950796099873,48.832635632233583],[2.415137198383076,48.83253491564097],[2.41562800808184,48.832257612149711],[2.415968264786036,48.832042527107006],[2.416142574383538,48.831926460652554],[2.416467842630958,48.831711300976664],[2.416727451300726,48.831520103071895],[2.416827726382603,48.831445944697336]],[[2.415239837599194,48.828121325523718],[2.415571594965482,48.828054595200321],[2.416099957235636,48.827947453062187],[2.416453465687504,48.827884423962409]],[[2.41385526529602,48.833142006977909],[2.414174232483638,48.833004168175883]],[[2.414174232483638,48.833004168175883],[2.414249508874243,48.832973059090151],[2.414380949773908,48.832914344659081],[2.414568544684242,48.832828924008496],[2.414874057447843,48.832675728260938]],[[2.413689639591302,48.828609287724753],[2.414038404446615,48.828484186096411],[2.414529231015314,48.828323804252221],[2.414977526566763,48.828190193397234],[2.415239837599194,48.828121325523718]],[[2.412983557448513,48.828892722554713],[2.413202489209633,48.828805658871687],[2.413357137534565,48.828741663049591],[2.41352132030469,48.82867771378173],[2.413689639591302,48.828609287724753]],[[2.41308199816275,48.833458388756995],[2.413032754897499,48.833476134395085],[2.412931462752904,48.833518806754306],[2.412843772636726,48.833563344529431]],[[2.41385526529602,48.833142006977909],[2.413466528831346,48.833305584372489],[2.413321463512535,48.833364230960036],[2.41308199816275,48.833458388756995]]]}},
{"type":"Feature","properties":{"ID":"VOIE_NOM0000002338740850","ID_BAN":"75112_0953","name":"Ruelle Bidault","INSEE_COM":"75112","NOM_COM":"Paris 12e Arrondissement","SRC_BAN":"commune","NOM_COLL":"RLE BIDAULT","TYPE_VOIE":"ruelle","MOT_DIR":"Bidault","LD_BAN":null,"ID_SUPP":"TRONROUT0000000000198462/TRONROUT0000000000198463/TRONROUT0000000000198478/TRONROUT0000000295534259","INSEEDBAN":null,"COMDEL_BAN":null,"DATE_CREAT":"2023-12-08T13:42:59","DATE_MAJ":"2024-03-12T16:10:18","NOM_NORMA":"RLE BIDAULT","ID_BAN_ODO":null,"Nom_a_verifier":false,"other_tags":"nan"},"geometry":{"type":"MultiLineString","coordinates":[[[2.38196170724864,48.844442936349878],[2.381832861815208,48.844507024443622]],[[2.381832861815208,48.844507024443622],[2.381584846438567,48.844623558568109],[2.381375162360976,48.844725001301605]],[[2.381375162360976,48.844725001301605],[2.380813403965447,48.844984707679984]],[[2.382076009283857,48.845030807586404],[2.381992182257705,48.8449755137542],[2.381482332857094,48.844765127187458],[2.381375162360976,48.844725001301605]]]}},
{"type":"Feature","properties":{"ID":"VOIE_NOM0000002338740917","ID_BAN":"75112_6549","name":"Rue Moreau","INSEE_COM":"75112","NOM_COM":"Paris 12e Arrondissement","SRC_BAN":"commune","NOM_COLL":"R MOREAU","TYPE_VOIE":"rue","MOT_DIR":"Moreau","LD_BAN":null,"ID_SUPP":"TRONROUT0000000000196015/TRONROUT0000000000196023/TRONROUT0000000289902693/TRONROUT0000000289902694","INSEEDBAN":null,"COMDEL_BAN":null,"DATE_CREAT":"2023-12-08T13:42:59","DATE_MAJ":"2024-03-12T16:10:18","NOM_NORMA":"R MOREAU","ID_BAN_ODO":null,"Nom_a_verifier":false,"other_tags":"\"wikipedia\"=>\"fr:Rue_Moreau\""},"geometry":{"type":"MultiLineString","coordinates":[[[2.372341822429222,48.849409466217708],[2.372187782447948,48.849187416634273],[2.372079228408033,48.849035755259834],[2.371986625689372,48.848917453649392]],[[2.373180933102544,48.850570435259698],[2.372975731932175,48.850295956367994]],[[2.372341822429222,48.849409466217708],[2.372431549891092,48.849540343381044],[2.372486487541618,48.849617976058695],[2.372558847602032,48.849719982653745],[2.372772166204222,48.84999900175373]],[[2.372772166204222,48.84999900175373],[2.372975731932175,48.850295956367994]]]}},
{"type":"Feature","properties":{"ID":"VOIE_NOM0000002338740935","ID_BAN":"75112_4130","name":"Rue Georges et Maï Politzer","INSEE_COM":"75112","NOM_COM":"Paris 12e Arrondissement","SRC_BAN":"commune","NOM_COLL":"R GEORGES ET MAI POLITZER","TYPE_VOIE":"rue","MOT_DIR":"Politzer","LD_BAN":null,"ID_SUPP":"TRONROUT0000000000199255/TRONROUT0000000000199257/TRONROUT0000000000199259","INSEEDBAN":null,"COMDEL_BAN":null,"DATE_CREAT":"2023-12-08T13:42:59","DATE_MAJ":"2024-03-12T16:10:18","NOM_NORMA":"R GEORGES ET MAI POLITZER","ID_BAN_ODO":null,"Nom_a_verifier":false,"other_tags":"\"wikipedia\"=>\"fr:Rue_Georges-et-Ma%C3%AF-Politzer\""},"geometry":{"type":"MultiLineString","coordinates":[[[2.392204872034479,48.84171819637676],[2.392146380828556,48.84170980494541],[2.392085070325555,48.841709493394582],[2.39204408126548,48.841719178045558],[2.3920125874201,48.841732508379486],[2.391979605206639,48.841756623454906],[2.391935607890443,48.84179057548625],[2.391835151568606,48.84187550397548],[2.391768903402172,48.841948015276557]],[[2.391768903402172,48.841948015276557],[2.392127293802659,48.841944440783351],[2.392218725562271,48.841932314318676],[2.3922597986494,48.841915435160708],[2.392296941615776,48.841885045632331],[2.392308302665858,48.841845531530531],[2.392300631227426,48.841802323305423],[2.392288746599454,48.84176988598913],[2.392257787597127,48.841737351767947],[2.392204872034479,48.84171819637676]],[[2.390538653397869,48.842985909796234],[2.390600690950742,48.842924170084274],[2.390604830988471,48.84291969438015],[2.391118848709421,48.842424966230958],[2.391162983664771,48.842379323545813],[2.39117289916774,48.842346997080618],[2.391170604943387,48.842310111678707],[2.39114985924771,48.842103153463412],[2.391149085100408,48.842052785398671],[2.391157638086254,48.842020451990926],[2.391168726891189,48.842004319957326],[2.391189310908842,48.841991833684077],[2.391230415889024,48.841972256962478],[2.3912863713761,48.841964447466182],[2.391354525991527,48.841962096168544],[2.39171302147653,48.841949529856308],[2.391768903402172,48.841948015276557]]]}},
{"type":"Feature","properties":{"ID":"VOIE_NOM0000002338740956","ID_BAN":"75112_3263","name":"Passage Emma Calvé","INSEE_COM":"75112","NOM_COM":"Paris 12e Arrondissement","SRC_BAN":"commune","NOM_COLL":"PAS EMMA CALVE","TYPE_VOIE":"passage","MOT_DIR":"Calvé","LD_BAN":null,"ID_SUPP":"TRONROUT0000002200318176","INSEEDBAN":null,"COMDEL_BAN":null,"DATE_CREAT":"2023-12-08T13:42:59","DATE_MAJ":"2024-03-12T16:10:18","NOM_NORMA":"PAS EMMA CALVE","ID_BAN_ODO":null,"Nom_a_verifier":false,"other_tags":"nan"},"geometry":{"type":"MultiLineString","coordinates":[[[2.385955241052276,48.848398184671858],[2.385615824133043,48.848291217677101]]]}},
{"type":"Feature","properties":{"ID":"VOIE_NOM0000002338740964","ID_BAN":"75112_9856","name":"Avenue Vincent d'Indy","INSEE_COM":"75112","NOM_COM":"Paris 12e Arrondissement","SRC_BAN":"commune","NOM_COLL":"AV VINCENT D'INDY","TYPE_VOIE":"avenue","MOT_DIR":"Indy","LD_BAN":null,"ID_SUPP":"TRONROUT0000000000199203/TRONROUT0000000289391290","INSEEDBAN":null,"COMDEL_BAN":null,"DATE_CREAT":"2023-12-08T13:42:59","DATE_MAJ":"2024-03-12T16:10:18","NOM_NORMA":"AV VINCENT D'INDY","ID_BAN_ODO":null,"Nom_a_verifier":false,"other_tags":"nan"},"geometry":{"type":"MultiLineString","coordinates":[[[2.411618763299819,48.844088832822983],[2.411608090626981,48.84370655397386],[2.411582643826966,48.8433053158357],[2.411559607633841,48.842931969468182],[2.411541635843578,48.842592823455703],[2.411558621505558,48.842295219737466]],[[2.411690144444843,48.844162931059522],[2.411618763299819,48.844088832822983]]]}},
{"type":"Feature","properties":{"ID":"VOIE_NOM0000002338740970","ID_BAN":"75112_4437","name":"Boulevard de la Guyane","INSEE_COM":"75112","NOM_COM":"Paris 12e Arrondissement","SRC_BAN":"commune","NOM_COLL":"BD DE LA GUYANE","TYPE_VOIE":"boulevard","MOT_DIR":"Guyane","LD_BAN":null,"ID_SUPP":"TRONROUT0000000000198352/TRONROUT0000000000200001/TRONROUT0000000000200885/TRONROUT0000000000202502/TRONROUT0000000000202505/TRONROUT0000000000202509/TRONROUT0000000004407319/TRONROUT0000000004407324/TRONROUT0000000004407632/TRONROUT0000000004407633/TRON","INSEEDBAN":null,"COMDEL_BAN":null,"DATE_CREAT":"2023-12-08T13:42:59","DATE_MAJ":"2024-03-12T16:10:18","NOM_NORMA":"BD DE LA GUYANE","ID_BAN_ODO":null,"Nom_a_verifier":false,"other_tags":"nan"},"geometry":{"type":"MultiLineString","coordinates":[[[2.41289476110613,48.836656504528882],[2.413094629691667,48.83717641704164]],[[2.411356738933002,48.83435287201128],[2.411281711488421,48.834240981624873],[2.411260707538393,48.834170727851308],[2.411269602249722,48.834106916787327],[2.411312949474783,48.83400820009232]],[[2.411169609740507,48.83427550499627],[2.411132940370636,48.83426543146507],[2.411092204545215,48.834253539172948],[2.410971247659364,48.834227761374514],[2.410764468397555,48.834201560690595]],[[2.411356738933002,48.83435287201128],[2.41126728645441,48.83431196037224],[2.411169609740507,48.83427550499627]],[[2.412716278081813,48.836173570276202],[2.412601273430474,48.835860926812749],[2.412398974081976,48.835315818710725],[2.412340361443805,48.835197714199275],[2.412272091398269,48.835090354550388],[2.412197081209684,48.834976666185042],[2.412105632712789,48.834870991235093],[2.41202207421208,48.834790537165702],[2.411931643719069,48.834715445425537],[2.411765504639919,48.834588717578143],[2.411669534435009,48.834521692651606],[2.411568074795224,48.834458238091948],[2.411356738933002,48.83435287201128]],[[2.412716278081813,48.836173570276202],[2.41289476110613,48.836656504528882]],[[2.414626625489727,48.843912924998932],[2.414601959948307,48.843803982239216]],[[2.414500979333849,48.843210812324315],[2.414482833867304,48.843127982718464],[2.414447461029162,48.843001899664905],[2.414299477907319,48.842105415674872],[2.414266337855692,48.841901998634505],[2.414253531886481,48.841829087969963],[2.414173306944023,48.841329551553791],[2.414164436959542,48.841270150486785],[2.414158261560692,48.841213460686355],[2.414122417965083,48.84100823148141],[2.414062669964503,48.840626610877187]],[[2.414601959948307,48.843803982239216],[2.414500979333849,48.843210812324315]],[[2.413913294575755,48.839855128552401],[2.413896402379053,48.839782197690589]],[[2.414062669964503,48.840626610877187],[2.414008956401399,48.840314270300418],[2.413958845361674,48.840045116492973],[2.413913294575755,48.839855128552401]],[[2.413094629691667,48.83717641704164],[2.413255874748141,48.83761789510045],[2.413288911130992,48.837708892608532],[2.413374711125215,48.837953939576913],[2.413467805700993,48.838277266561064]],[[2.413217299305102,48.83777689276971],[2.413005875048903,48.837193968754157],[2.413001939943011,48.837180459021873],[2.412811476849852,48.836672284227845],[2.412721554122915,48.836430813757779],[2.412627656760326,48.836179430661261],[2.412503329344944,48.835847854708526],[2.412320968619915,48.835346913180167],[2.412251680897749,48.835208970190429],[2.412150002967595,48.835043887061808],[2.411988476677892,48.834870415345208],[2.411760443559759,48.834675031591701],[2.411678024878017,48.834614368868799],[2.411490059967613,48.834490231357108],[2.411320700497388,48.83440755583932],[2.411222993093566,48.83437379845158],[2.41116461881579,48.834355523811887],[2.411169609740507,48.83427550499627]],[[2.41333408512754,48.838174083701674],[2.413255592808154,48.837885003918664],[2.413217299305102,48.83777689276971]],[[2.413806331732078,48.839795246732308],[2.413790893141892,48.839714228740213],[2.413783214323487,48.839670122502056],[2.413738419981166,48.839534099702988],[2.413575623952194,48.83898739039099],[2.413406090320079,48.838434352010381],[2.41336420495179,48.838282154686851],[2.41333408512754,48.838174083701674]],[[2.413467805700993,48.838277266561064],[2.413558429635978,48.838578097254903],[2.413683080570646,48.839003206255953],[2.41377228392597,48.839309425775049],[2.413867784574752,48.839661543322947],[2.413896402379053,48.839782197690589]]]}},
{"type":"Feature","properties":{"ID":"VOIE_NOM0000002338740975","ID_BAN":"75112_1885","name":"Rue du Charolais","INSEE_COM":"75112","NOM_COM":"Paris 12e Arrondissement","SRC_BAN":"commune","NOM_COLL":"R DU CHAROLAIS","TYPE_VOIE":"rue","MOT_DIR":"Charolais","LD_BAN":null,"ID_SUPP":"TRONROUT0000000000198471/TRONROUT0000000000198472/TRONROUT0000000000199305/TRONROUT0000000000199308/TRONROUT0000000000200186/TRONROUT0000000000200189/TRONROUT0000000000200194/TRONROUT0000000000200975/TRONROUT0000000000200977/TRONROUT0000000230033464/TRON","INSEEDBAN":null,"COMDEL_BAN":null,"DATE_CREAT":"2023-12-08T13:42:59","DATE_MAJ":"2024-03-12T16:10:18","NOM_NORMA":"R DU CHAROLAIS","ID_BAN_ODO":null,"Nom_a_verifier":false,"other_tags":"\"wikipedia\"=>\"fr:Rue_du_Charolais\""},"geometry":{"type":"MultiLineString","coordinates":[[[2.388034400038152,48.839027630904262],[2.388113048382447,48.838943493197007]],[[2.387868886004953,48.839199461546201],[2.388034400038152,48.839027630904262]],[[2.387868886004953,48.839199461546201],[2.387742098925688,48.83932202525898],[2.387182380216982,48.839879461471632],[2.386950692740905,48.840116605097919],[2.386628035722336,48.840442318571597]],[[2.386309525495328,48.840762656209328],[2.386028485789921,48.841024726807667],[2.385853538277794,48.841186613036882]],[[2.385853538277794,48.841186613036882],[2.38555568872967,48.841487268642439]],[[2.386513673892199,48.840550554810456],[2.386628035722336,48.840442318571597]],[[2.386309525495328,48.840762656209328],[2.386513673892199,48.840550554810456]],[[2.384451711606443,48.842322494789315],[2.384339362246377,48.842374978864939]],[[2.384339362246377,48.842374978864939],[2.383704720086536,48.842694581136378],[2.383264948248161,48.842896469343415]],[[2.381632238689961,48.844189413465919],[2.381694423780821,48.844231105369047]],[[2.381566040844961,48.844141405274797],[2.381632238689961,48.844189413465919]],[[2.381754319696214,48.843891457367484],[2.381824575791437,48.843827066593867],[2.381950057233412,48.843701804697503],[2.382191331561754,48.843463821469449],[2.382216176367487,48.843436969001495],[2.382275403388534,48.843383313296414],[2.3824194034652,48.843304913167827],[2.382638681167323,48.843198121868824],[2.383170383289143,48.842942748475252],[2.383264948248161,48.842896469343415]],[[2.381566040844961,48.844141405274797],[2.381566425017138,48.844109030352328],[2.381576272102589,48.844082999856994],[2.381754319696214,48.843891457367484]],[[2.38555568872967,48.841487268642439],[2.385281220254376,48.841769157029852],[2.385048153265529,48.842006289568737],[2.384960096061687,48.842078685027019],[2.384864065484768,48.842133951579818],[2.384794186964511,48.842166868552169]],[[2.384794186964511,48.842166868552169],[2.38471745355203,48.842203347665802],[2.384451711606443,48.842322494789315]]]}},
{"type":"Feature","properties":{"ID":"VOIE_NOM0000002338740976","ID_BAN":"75112_r635","name":"Route des Merisiers","INSEE_COM":"75112","NOM_COM":"Paris 12e Arrondissement","SRC_BAN":"commune","NOM_COLL":"RTE DES MERISIERS","TYPE_VOIE":"route","MOT_DIR":"Merisiers","LD_BAN":null,"ID_SUPP":"TRONROUT0000000000203961/TRONROUT0000000000203966/TRONROUT0000000000203967/TRONROUT0000000000203978/TRONROUT0000000240163410/TRONROUT0000000356908856/TRONROUT0000000356908864","INSEEDBAN":null,"COMDEL_BAN":null,"DATE_CREAT":"2023-12-08T13:42:59","DATE_MAJ":"2025-04-09T22:52:28","NOM_NORMA":"RTE DES MERISIERS","ID_BAN_ODO":null,"Nom_a_verifier":false,"other_tags":"nan"},"geometry":{"type":"MultiLineString","coordinates":[[[2.464037692167107,48.831635341941961],[2.464382707957919,48.831600013694235]],[[2.464382707957919,48.831600013694235],[2.46448773596781,48.831586993569651]],[[2.46448773596781,48.831586993569651],[2.46458456301645,48.831576634725877]],[[2.46458456301645,48.831576634725877],[2.4646745790287,48.831566245318669],[2.465400173070254,48.831481353332691]],[[2.465400173070254,48.831481353332691],[2.465581612699126,48.831456082704804]],[[2.464037692167107,48.831635341941961],[2.462196308425761,48.831860910245844],[2.460453192840664,48.832067107609817],[2.458643221423455,48.832281970624059]],[[2.458643221423455,48.832281970624059],[2.457551884653602,48.832427219397864],[2.457403149799825,48.832450827504964],[2.457352625890728,48.832462289989046],[2.457303379919447,48.832481852504714],[2.457288301842945,48.832490777704102]]]}},
{"type":"Feature","properties":{"ID":"VOIE_NOM0000002338741017","ID_BAN":"75112_8378","name":"Rue Rottembourg","INSEE_COM":"75112","NOM_COM":"Paris 12e Arrondissement","SRC_BAN":"commune","NOM_COLL":"R ROTTEMBOURG","TYPE_VOIE":"rue","MOT_DIR":"Rottembourg","LD_BAN":null,"ID_SUPP":"TRONROUT0000000000200905/TRONROUT0000000000200906/TRONROUT0000000000200920/TRONROUT0000000317486596","INSEEDBAN":null,"COMDEL_BAN":null,"DATE_CREAT":"2023-12-08T13:42:59","DATE_MAJ":"2024-03-12T16:10:18","NOM_NORMA":"R ROTTEMBOURG","ID_BAN_ODO":null,"Nom_a_verifier":false,"other_tags":"\"wikipedia\"=>\"fr:Rue_Rottembourg\""},"geometry":{"type":"MultiLineString","coordinates":[[[2.403808001155794,48.837688095249888],[2.40432422527722,48.837819275815484],[2.405325275154928,48.838087769616195]],[[2.408685441520283,48.838894066068491],[2.40857627731162,48.838908815515829],[2.408450978759002,48.838904598507654]],[[2.405325275154928,48.838087769616195],[2.406073723614749,48.838285750175594],[2.406842582656064,48.838486525283869]],[[2.408450978759002,48.838904598507654],[2.408373475964342,48.838890724805594],[2.40830280554757,48.838875086128475],[2.408152009854913,48.838836566983744],[2.407971354352617,48.838788006899946],[2.40775401711117,48.838730271324373],[2.40750950434518,48.838666105222607],[2.407040834393048,48.838545067292188],[2.406842582656064,48.838486525283869]]]}},
{"type":"Feature","properties":{"ID":"VOIE_NOM0000002338741019","ID_BAN":"75112_5761","name":"Place Louis Armand","INSEE_COM":"75112","NOM_COM":"Paris 12e Arrondissement","SRC_BAN":"commune","NOM_COLL":"PL LOUIS ARMAND","TYPE_VOIE":"place","MOT_DIR":"Armand","LD_BAN":null,"ID_SUPP":"TRONROUT0000000000197709/TRONROUT0000000000198510/TRONROUT0000000000198512/TRONROUT0000000224528237/TRONROUT0000000224528238/TRONROUT0000000224528239/TRONROUT0000000224528243/TRONROUT0000000339247035/TRONROUT0000000351733119","INSEEDBAN":null,"COMDEL_BAN":null,"DATE_CREAT":"2023-12-08T13:42:59","DATE_MAJ":"2024-03-12T16:10:18","NOM_NORMA":"PL LOUIS ARMAND","ID_BAN_ODO":null,"Nom_a_verifier":false,"other_tags":"nan"},"geometry":{"type":"MultiLineString","coordinates":[[[2.373901252198377,48.845628647858504],[2.37348740288687,48.845595903136534],[2.373315894022656,48.845580615118507]],[[2.372289053091822,48.844739727722377],[2.372408501080174,48.844778127473333],[2.372500698560638,48.844816384172269],[2.372622189917294,48.844911454025151],[2.372650251089476,48.844957468473282],[2.37263848473247,48.845029355464554],[2.372598785447539,48.845157755553629],[2.372557497723569,48.84519171464472],[2.372275199698569,48.845324238169653],[2.372186135772392,48.845365141305301]],[[2.375023303967246,48.845237897799279],[2.374915759947336,48.845229241712019],[2.374857041049743,48.845239727194063],[2.37479423449098,48.845250191285452],[2.374635132421087,48.845336597469256],[2.374555586584645,48.845379350828431],[2.374333320515506,48.845505897486824],[2.374227658889355,48.845567400560967],[2.37416767411272,48.84556978486026],[2.374087380627658,48.8455612705826]],[[2.373338916841112,48.845479108242664],[2.373201115254882,48.845493675435016],[2.373122162961882,48.845486966250803],[2.372771025077045,48.845451849549171],[2.372713754644095,48.845455146708517],[2.372674154066269,48.845462133929594],[2.37259617468558,48.845487806397436],[2.372565992833346,48.845504735917942],[2.372544029587002,48.845518111102372],[2.372505748178975,48.845528702619376],[2.372460848909418,48.845523070962216],[2.372248542191409,48.845387952741881],[2.372186135772392,48.845365141305301]],[[2.374105828260681,48.845500210745065],[2.374081507536348,48.845482995699648],[2.374051693416985,48.845469349339481],[2.373486721088281,48.84542592087098],[2.373411542950947,48.845445313030822],[2.373338916841112,48.845479108242664]],[[2.372186135772392,48.845365141305301],[2.372143582574605,48.845390999383099],[2.372124301028257,48.845407985999493],[2.372111702201267,48.845435799986447],[2.372097480767055,48.845485190055179],[2.37208172338658,48.84554896179106],[2.372042509958909,48.845636893076581]],[[2.374087380627658,48.8455612705826],[2.374106747994539,48.845537089239443],[2.374111094863475,48.845515527386205],[2.374105828260681,48.845500210745065]],[[2.373315894022656,48.845580615118507],[2.373096760781531,48.845559681157248],[2.372957942609731,48.845545463281027],[2.372874902610194,48.845538732509347],[2.372829949179664,48.8455375974982],[2.37277130527954,48.845541786843349],[2.372741188397086,48.845553320598469],[2.37272045783645,48.845577494575991],[2.37270376079743,48.845606186489753],[2.3726824131703,48.845681620637649]],[[2.374087380627658,48.8455612705826],[2.37404895908259,48.845583553513237],[2.374007855603303,48.845602224965866],[2.373974970638118,48.845617341977913],[2.373940798721515,48.845626156739854],[2.373901252198377,48.845628647858504]]]}},
{"type":"Feature","properties":{"ID":"VOIE_NOM0000002338741028","ID_BAN":"75112_9243","name":"Rue Théodore-Hamont","INSEE_COM":"75112","NOM_COM":"Paris 12e Arrondissement","SRC_BAN":"commune","NOM_COLL":"R THEODORE-HAMONT","TYPE_VOIE":"rue","MOT_DIR":"Hamont","LD_BAN":null,"ID_SUPP":"TRONROUT0000000000203432","INSEEDBAN":null,"COMDEL_BAN":null,"DATE_CREAT":"2023-12-08T13:42:59","DATE_MAJ":"2024-03-12T16:10:18","NOM_NORMA":"R THEODORE-HAMONT","ID_BAN_ODO":null,"Nom_a_verifier":false,"other_tags":"\"wikipedia\"=>\"fr:Rue_Th%C3%A9odore-Hamont\""},"geometry":{"type":"MultiLineString","coordinates":[[[2.396555348223365,48.832547833194759],[2.396693263930908,48.832637566231668],[2.396877131469575,48.832759008650129],[2.397343604818814,48.833063547035245],[2.397550674227638,48.833063690849706],[2.397601076751507,48.833063944714802],[2.397658144945814,48.833076823252277],[2.397725830475787,48.833114038108704],[2.397946212390502,48.833259046186257],[2.398514044951043,48.833635139854394]]]}},
{"type":"Feature","properties":{"ID":"VOIE_NOM0000002338741030","ID_BAN":"75112_8005","name":"Rue de Rambervillers","INSEE_COM":"75112","NOM_COM":"Paris 12e Arrondissement","SRC_BAN":"commune","NOM_COLL":"R DE RAMBERVILLERS","TYPE_VOIE":"rue","MOT_DIR":"Rambervillers","LD_BAN":null,"ID_SUPP":"TRONROUT0000000000199233/TRONROUT0000000000199235/TRONROUT0000000000199238/TRONROUT0000000000200043/TRONROUT0000000000200062/TRONROUT0000000289391324","INSEEDBAN":null,"COMDEL_BAN":null,"DATE_CREAT":"2023-12-08T13:42:59","DATE_MAJ":"2024-03-12T16:10:18","NOM_NORMA":"R DE RAMBERVILLERS","ID_BAN_ODO":null,"Nom_a_verifier":false,"other_tags":"\"wikipedia\"=>\"fr:Rue_de_Rambervillers\""},"geometry":{"type":"MultiLineString","coordinates":[[[2.40738040654769,48.840673736375948],[2.407230649934846,48.841142459740361]],[[2.407230649934846,48.841142459740361],[2.407124297560379,48.841149127563014],[2.40711277398367,48.841203931331741],[2.407126224520257,48.841219287092194]],[[2.405860666225817,48.841319132507842],[2.40539312113583,48.841336595348686],[2.405218645741862,48.841342922849712]],[[2.405218645741862,48.841342922849712],[2.404826065680997,48.841358058104184]],[[2.407126224520257,48.841219287092194],[2.407150022237151,48.841283259497501],[2.407148383595162,48.841307534059126],[2.407138611183918,48.841328170875379],[2.407089143619476,48.84136479940674]],[[2.405860666225817,48.841319132507842],[2.406970426409118,48.841380399393707],[2.407030415089978,48.841377099330948],[2.407089143619476,48.84136479940674]]]}},
{"type":"Feature","properties":{"ID":"VOIE_NOM0000002338741042","ID_BAN":"75112_5311","name":"Rue de la Lancette","INSEE_COM":"75112","NOM_COM":"Paris 12e Arrondissement","SRC_BAN":"commune","NOM_COLL":"R DE LA LANCETTE","TYPE_VOIE":"rue","MOT_DIR":"Lancette","LD_BAN":null,"ID_SUPP":"TRONROUT0000000000201758/TRONROUT0000000000201766","INSEEDBAN":null,"COMDEL_BAN":null,"DATE_CREAT":"2023-12-08T13:42:59","DATE_MAJ":"2024-03-12T16:10:18","NOM_NORMA":"R DE LA LANCETTE","ID_BAN_ODO":null,"Nom_a_verifier":false,"other_tags":"\"wikipedia\"=>\"fr:Rue_de_la_Lancette\""},"geometry":{"type":"MultiLineString","coordinates":[[[2.393471824398542,48.83693552743032],[2.393553857228483,48.836910761191305],[2.394970200523683,48.83648983669282]],[[2.393471824398542,48.83693552743032],[2.391697536791893,48.837439154494781],[2.391512885470039,48.837501170729269]]]}},
{"type":"Feature","properties":{"ID":"VOIE_NOM0000002338741112","ID_BAN":"75112_6161","name":"Square du Massif Central","INSEE_COM":"75112","NOM_COM":"Paris 12e Arrondissement","SRC_BAN":"commune","NOM_COLL":"SQ DU MASSIF CENTRAL","TYPE_VOIE":"square","MOT_DIR":"Central","LD_BAN":null,"ID_SUPP":"TRONROUT0000000000203417/TRONROUT0000000000203421","INSEEDBAN":null,"COMDEL_BAN":null,"DATE_CREAT":"2023-12-08T13:42:59","DATE_MAJ":"2024-03-12T16:10:18","NOM_NORMA":"SQ DU MASSIF CENTRAL","ID_BAN_ODO":null,"Nom_a_verifier":false,"other_tags":"nan"},"geometry":{"type":"MultiLineString","coordinates":[[[2.399486771836458,48.832923233119963],[2.399535511591385,48.832949559435896],[2.399761574586975,48.83307480664029]],[[2.399761574586975,48.83307480664029],[2.399838573943923,48.833013136789369],[2.399911496788129,48.832950547067725]]]}},
{"type":"Feature","properties":{"ID":"VOIE_NOM0000002338741122","ID_BAN":"75112_3778","name":"Ruelle Fraisier","INSEE_COM":"75112","NOM_COM":"Paris 12e Arrondissement","SRC_BAN":"commune","NOM_COLL":"RLE FRAISIER","TYPE_VOIE":"ruelle","MOT_DIR":"Fraisier","LD_BAN":null,"ID_SUPP":"TRONROUT0000000000196829","INSEEDBAN":null,"COMDEL_BAN":null,"DATE_CREAT":"2023-12-08T13:42:59","DATE_MAJ":"2024-03-12T16:10:18","NOM_NORMA":"RLE FRAISIER","ID_BAN_ODO":null,"Nom_a_verifier":false,"other_tags":"nan"},"geometry":{"type":"MultiLineString","coordinates":[[[2.376725575966324,48.84737375829588],[2.376389462798158,48.847106696639251],[2.376180715057604,48.846900555040861]]]}},
{"type":"Feature","properties":{"ID":"VOIE_NOM0000002338741123","ID_BAN":"75112_9047","name":"Boulevard Soult","INSEE_COM":"75112","NOM_COM":"Paris 12e Arrondissement","SRC_BAN":"commune","NOM_COLL":"BD SOULT","TYPE_VOIE":"boulevard","MOT_DIR":"Soult","LD_BAN":null,"ID_SUPP":"TRONROUT0000000000196677/TRONROUT0000000312564841/TRONROUT0000000317486597/TRONROUT0000000317486598/TRONROUT0000000317486599/TRONROUT0000000317486600/TRONROUT0000000317486601/TRONROUT0000000317831840/TRONROUT0000000317831841/TRONROUT0000000317831843/TRON","INSEEDBAN":null,"COMDEL_BAN":null,"DATE_CREAT":"2023-12-08T13:42:59","DATE_MAJ":"2024-03-12T16:10:18","NOM_NORMA":"BD SOULT","ID_BAN_ODO":null,"Nom_a_verifier":false,"other_tags":"nan"},"geometry":{"type":"MultiLineString","coordinates":[[[2.407812707550323,48.83644258612852],[2.407777859418824,48.836392049297181],[2.407682258915409,48.836292646048165],[2.407577194129842,48.83618690029877],[2.40747070612274,48.836086543571462],[2.407356065127221,48.835984347617284],[2.407203648221503,48.835849587264008],[2.407079666520183,48.835730256826608],[2.406977175218023,48.835638013689973],[2.406932690030943,48.835596422421666]],[[2.408163266295858,48.837365267920411],[2.408208176961141,48.837489602026949],[2.408271446094485,48.837676982222099],[2.408326561956235,48.837862523298597],[2.408384545839481,48.83803548744612],[2.408433085404103,48.838200310581762]],[[2.407921133091374,48.837212077508035],[2.407883968301274,48.837125554802633],[2.407847099915276,48.837012952047992],[2.407807619414157,48.836890443354704],[2.407769307287678,48.836785028300589],[2.40773346450688,48.836702109507158],[2.407694774561426,48.836629968945644],[2.407647869905383,48.836561385135397],[2.407595546750019,48.836490076378865],[2.407521539071007,48.836408767199394],[2.407446138635863,48.836330149155273],[2.407367952450109,48.836256913430745],[2.407278980466975,48.836173731212753],[2.407153482087192,48.836067883817854],[2.40701448391237,48.835951176998556],[2.406878180268783,48.83583718145298],[2.406749999851555,48.835727722842869],[2.406660825022397,48.835662526374193]],[[2.407812707550323,48.83644258612852],[2.407887710285777,48.836556277094203],[2.407958483366338,48.83668253813638],[2.408015531357431,48.836817724816228],[2.408064262664766,48.836965461363171],[2.408105896620931,48.837138344882511],[2.408163266295858,48.837365267920411]],[[2.407921133091374,48.837212077508035],[2.407958124354752,48.837313888485546],[2.407996284040645,48.837432793095878],[2.408025101515974,48.837534563577236],[2.408059317443637,48.837640857564359],[2.408093584573165,48.837742654977319],[2.408130392736675,48.837860653447095],[2.408171308569781,48.837976873493332],[2.408211989744131,48.838113777656801],[2.408258089972307,48.838253406679279],[2.408301486123372,48.83839122356779],[2.408336932841443,48.838509215166503],[2.408372400135644,48.838625408121899],[2.408397223732053,48.838719064399442],[2.408422118866691,48.8388064254938],[2.408450978759002,48.838904598507654]],[[2.408433085404103,48.838200310581762],[2.408475282899908,48.838323731709636],[2.408517460184973,48.83844895142964],[2.408559709104767,48.838567875949117],[2.408612775617993,48.838694048806509],[2.408661877675759,48.838809409700872],[2.408685441520283,48.838894066068491]],[[2.409144969353319,48.840302935503829],[2.409176464534381,48.840409215449171],[2.409202683433075,48.840500180212864]],[[2.408944230385973,48.840462929120271],[2.408913843097919,48.840379138571315]],[[2.408995753776737,48.840605282417393],[2.408944230385973,48.840462929120271]],[[2.408685441520283,48.838894066068491],[2.408742238779244,48.839051734880876],[2.408797357770562,48.839237275512197],[2.408851594142751,48.839380541803955],[2.408928502101322,48.839567089351881],[2.408976983626729,48.839737307896826],[2.409017525534142,48.839886801899617],[2.40906222628981,48.840030020896108],[2.409092481068873,48.840125502450967],[2.409106896704766,48.840175937784501]],[[2.408848930559389,48.840216033777736],[2.408794897341496,48.840054781410949],[2.408731623440018,48.839867401891397],[2.408669722601115,48.839679129732446],[2.408621262540666,48.839507112435115],[2.408597019800262,48.839362195624247],[2.40855491301864,48.839230680866756],[2.408525869055057,48.839148695482471],[2.408495564852017,48.839057710249996],[2.408471919592498,48.838980248336554],[2.408450978759002,48.838904598507654]],[[2.409106896704766,48.840175937784501],[2.409120062097096,48.84021647398589],[2.409144969353319,48.840302935503829]],[[2.408913843097919,48.840379138571315],[2.408848930559389,48.840216033777736]],[[2.409272537519947,48.840708277114381],[2.409319801481128,48.840865898300372],[2.409352313290681,48.841002761357167],[2.409402210932245,48.84116848969699],[2.409449720257266,48.841304527372444],[2.409493122099622,48.841442343452215],[2.409540550405577,48.841585575521286],[2.409579926472914,48.841717975513419]],[[2.409754288167328,48.842924874446503],[2.409798973185068,48.843069891391352],[2.409851639954455,48.843232035454299],[2.4098825375679,48.843391374017187],[2.409922942366736,48.843553457512456],[2.409982565096985,48.843703044763011]],[[2.409982565096985,48.843703044763011],[2.410028491767704,48.843858859913993],[2.410074398354012,48.844016473637517],[2.410120407005468,48.844165094262628]],[[2.410120407005468,48.844165094262628],[2.410166650012818,48.844293030817987]],[[2.410784475036876,48.845448149620871],[2.410825616249294,48.845545482568554],[2.410870275996703,48.845693196686518],[2.410916308728701,48.8458400181729],[2.410967659861415,48.845998557414752],[2.411017648732194,48.84615708990394]],[[2.410765338739583,48.846417559593476],[2.410730084517502,48.846281583466649],[2.410695999838583,48.846162700806318],[2.410653831416218,48.846035684111186],[2.410640958294407,48.845969068461379],[2.410667955604995,48.845871171803807]],[[2.410667955604995,48.845871171803807],[2.410682415032413,48.845918009469813],[2.410706493822782,48.845957699677946],[2.410738687060124,48.846002825974068],[2.410780509863088,48.846039905495779],[2.410842720475981,48.84608158217587],[2.410876500135181,48.846106930444328],[2.410920977110528,48.846150318463003],[2.410944985035519,48.846196303744925],[2.410967366148318,48.846265664221882],[2.411046397048878,48.846507080222018],[2.411098918737639,48.846682712794674],[2.411123893338901,48.846763777576314],[2.411148888340906,48.846843043739284],[2.411150770121882,48.846917699364006]],[[2.411017648732194,48.84615708990394],[2.411058292954179,48.846298488617009],[2.411106848670928,48.846463309447273],[2.411134609318657,48.846538991832531],[2.411163783439461,48.846610184392738],[2.411214261191746,48.846725550127353],[2.411236785130163,48.846782320267273],[2.411337567439143,48.846907826367982]],[[2.41067974995716,48.846756194500081],[2.410722183455331,48.84673931578871],[2.410752343455681,48.846723275966866],[2.410781212023631,48.846700934299399],[2.410800562786039,48.846676747043482],[2.410811768508645,48.846649821610114],[2.41081761537837,48.846614775598411],[2.410814025815015,48.846570689573404],[2.410793007358636,48.846501335797377],[2.410765338739583,48.846417559593476]],[[2.410166650012818,48.844293030817987],[2.410202237273491,48.844399330266462]],[[2.410432596830375,48.844271857840155],[2.410509934192053,48.844542045690638]],[[2.410509934192053,48.844542045690638],[2.410587475771879,48.844794247318013],[2.410655561642703,48.845039207411602],[2.41071726248004,48.845246363044559],[2.410740934256304,48.845322025469287],[2.410784475036876,48.845448149620871]],[[2.410202237273491,48.844399330266462],[2.410262065300611,48.844530931153052],[2.410313698067669,48.844664290308934],[2.410357155866549,48.844797609133387],[2.410402067996317,48.844922840893794],[2.41046134778498,48.84510300409675],[2.410526952487149,48.845326367448308],[2.410567472674502,48.845478558091528],[2.410622350701524,48.845686579430357],[2.410649632245371,48.845804529296849],[2.410667955604995,48.845871171803807]],[[2.409579926472914,48.841717975513419],[2.40962328825636,48.841859388725595],[2.409676055115942,48.842012539966277],[2.4097181262328,48.842147651231279],[2.409762932698158,48.842281876602534],[2.409810678205855,48.842397229932338],[2.409855403660123,48.842538649696124]],[[2.409365735195274,48.841742100200513],[2.409413234757453,48.841879037128194],[2.409463408552714,48.842020484009467],[2.409502835697707,48.842148387438243],[2.409542436238174,48.842261002614642],[2.409568320505823,48.842381644286831],[2.409613462963219,48.842486192549927],[2.409648966369327,48.842599686791793],[2.40968585278614,48.842711389120829],[2.409720055128566,48.842819480754031],[2.409754288167328,48.842924874446503]],[[2.409855403660123,48.842538649696124],[2.409893530770326,48.842661150373175],[2.409943523354399,48.842818784478673],[2.409996241223032,48.842976431980475],[2.41005273132509,48.843161978100802],[2.410087097590451,48.843255680680151],[2.410140182752608,48.843380953023697],[2.410209017781154,48.843559365014109],[2.410274843330979,48.843762944077106],[2.410324604096176,48.843941261907055],[2.410388051456733,48.844114251005408],[2.410432596830375,48.844271857840155]],[[2.409027401790205,48.840698072744985],[2.408995753776737,48.840605282417393]],[[2.409202683433075,48.840500180212864],[2.409236873129173,48.840609171506962]],[[2.409236873129173,48.840609171506962],[2.409272537519947,48.840708277114381]],[[2.409027401790205,48.840698072744985],[2.409064387492259,48.840800782371197],[2.409106700739973,48.840914310596816],[2.409146248512187,48.841031422570346],[2.409197477388152,48.841199855645186],[2.409256636654374,48.841389912434458],[2.409314454281856,48.841578163818916],[2.409365735195274,48.841742100200513]]]}},
{"type":"Feature","properties":{"ID":"VOIE_NOM0000002338741129","ID_BAN":"75112_r712","name":"Route de la Tourelle","INSEE_COM":"75112","NOM_COM":"Paris 12e Arrondissement","SRC_BAN":"commune","NOM_COLL":"RTE DE LA TOURELLE","TYPE_VOIE":"route","MOT_DIR":"Tourelle","LD_BAN":null,"ID_SUPP":"TRONROUT0000000000198330/TRONROUT0000000000199151/TRONROUT0000000000199161/TRONROUT0000000000199919/TRONROUT0000000000199920/TRONROUT0000000000199930/TRONROUT0000000000199937/TRONROUT0000000000199939/TRONROUT0000000000199940/TRONROUT0000000000199941/TRON","INSEEDBAN":null,"COMDEL_BAN":null,"DATE_CREAT":"2023-12-08T13:42:59","DATE_MAJ":"2024-07-16T00:28:39","NOM_NORMA":"RTE DE LA TOURELLE","ID_BAN_ODO":null,"Nom_a_verifier":false,"other_tags":"nan"},"geometry":{"type":"MultiLineString","coordinates":[[[2.4490997535414,48.820229142950026],[2.448819021201945,48.820244937315437],[2.44846463181507,48.820271183770309],[2.4482165656939,48.820288926133706],[2.447978013685753,48.820308510649603],[2.447494032903101,48.820353942085468],[2.447132737224819,48.820389146406775],[2.446771431516709,48.820425248963268],[2.446592792700129,48.820446007270007],[2.446452325339671,48.820463344533614],[2.4459354457462,48.820528403551862],[2.445351572947216,48.820617432657301]],[[2.444048502670496,48.820840721200256],[2.444206810969046,48.820810878476244],[2.444374662077564,48.820780180512799],[2.444647571986646,48.820731982847661],[2.444908176304081,48.820688224296227]],[[2.444908176304081,48.820688224296227],[2.445131922429506,48.820652388498537],[2.445224695123023,48.820637529630027],[2.445351572947216,48.820617432657301]],[[2.444048502670496,48.820840721200256],[2.443673227082174,48.820909126844704],[2.443265245214559,48.820979177783983],[2.442748097021535,48.821068504828148],[2.442439783189966,48.821115633713497],[2.442150651214151,48.821152058830286],[2.44182463131038,48.821199103527711]],[[2.440410895399581,48.821324703670179],[2.440656293484072,48.821302468141276],[2.441003961302297,48.821269018404429],[2.441429325948369,48.821229635017417],[2.441656969958774,48.82121181136236]],[[2.441656969958774,48.82121181136236],[2.44182463131038,48.821199103527711]],[[2.439440467140045,48.821388510677778],[2.439737551639004,48.821372814920927],[2.439961082084386,48.821357673333146],[2.440170993104403,48.821342467566453],[2.440410895399581,48.821324703670179]],[[2.434951186778946,48.822280243972401],[2.435362683285332,48.822139187618312],[2.43570984490638,48.82202750553104],[2.436118331425595,48.821912514141253],[2.436597646792759,48.821796955715925],[2.437033251786493,48.821692881424667],[2.437438581955834,48.821617443020543],[2.437872443706752,48.821548432974325],[2.438314359650217,48.82149025165085],[2.438737052671663,48.821446368421611],[2.439096980061881,48.821412981765263],[2.439440467140045,48.821388510677778]],[[2.434503604141514,48.82248318488768],[2.434574825853409,48.822446647444963]],[[2.434574825853409,48.822446647444963],[2.434951186778946,48.822280243972401]],[[2.425666450103038,48.841182028550321],[2.425368098312322,48.841302008972193],[2.425025521647597,48.841478435577663],[2.42472938536368,48.841644292238954]],[[2.426213398793554,48.84100568117978],[2.426012456315831,48.84106497411566],[2.425766295093892,48.841147432945803],[2.425666450103038,48.841182028550321]],[[2.426370564571926,48.840962366424542],[2.426213398793554,48.84100568117978]],[[2.426485365823195,48.840930540007101],[2.426370564571926,48.840962366424542]],[[2.424465926431887,48.841812104082834],[2.424413487436095,48.841872108683333],[2.424347225006843,48.84195003387272]],[[2.424638817824323,48.841702314869487],[2.424465926431887,48.841812104082834]],[[2.42472938536368,48.841644292238954],[2.424638817824323,48.841702314869487]],[[2.424347225006843,48.84195003387272],[2.424195116954184,48.842028445205763],[2.424095030739684,48.842084622880854],[2.424023605893132,48.84213644168841],[2.42394800402987,48.842196334546074],[2.423880556955076,48.842258065339593],[2.423806187977489,48.842329655673154],[2.423726299278978,48.842407514861648],[2.423643605821189,48.842492555329606],[2.423569156612503,48.842571339967051],[2.423491922523838,48.842655507269832],[2.423413216258988,48.842749560338845],[2.423283341302334,48.842911717737437]],[[2.423283341302334,48.842911717737437],[2.423152967854646,48.843118840362258],[2.42307526439646,48.843245274817249]],[[2.422853619496059,48.843573369859108],[2.422765094224837,48.843692557016055]],[[2.422765094224837,48.843692557016055],[2.422653126853874,48.843836812913992],[2.422534595380905,48.843958553127692],[2.422435387811295,48.844057902630276],[2.422325349452308,48.844150904259749],[2.422225007899309,48.844229562934487],[2.422112483071239,48.844300967830776],[2.422019252758617,48.84435268002948],[2.421923317151381,48.84440258037214],[2.421847988927573,48.844437291195568]],[[2.42307526439646,48.843245274817249],[2.423043319611246,48.843299981453598],[2.422965715186558,48.843417422741467],[2.422944958988702,48.843446102000776],[2.422902054143753,48.843506151856076],[2.422853619496059,48.843573369859108]],[[2.427672614508376,48.840636740138493],[2.427451288003001,48.840691441182472],[2.427205417437158,48.840747823009941],[2.426984020759912,48.840808818353949],[2.426736707565682,48.840872387165334],[2.426485365823195,48.840930540007101]],[[2.428148309774429,48.840496017269203],[2.427802391119188,48.84060588345951]],[[2.427802391119188,48.84060588345951],[2.427672614508376,48.840636740138493]],[[2.428908231697638,48.84015519365407],[2.428672584413451,48.840273682989107],[2.428390574127584,48.840395547750468],[2.428148309774429,48.840496017269203]],[[2.430062340933771,48.839275729685674],[2.430044413425668,48.839295430150898],[2.430016840939019,48.839324977597236],[2.429969948952844,48.839376916931201]],[[2.429969948952844,48.839376916931201],[2.429894112008894,48.839459296477415],[2.429876184374067,48.839478996914195]],[[2.429876184374067,48.839478996914195],[2.429748073970575,48.839606994474437],[2.429563897485461,48.83975361105648],[2.429373104813173,48.83988220862247],[2.42919206478658,48.839991066539625],[2.428908231697638,48.84015519365407]],[[2.42956843727967,48.833238664558458],[2.429646969351135,48.833407219978241],[2.430129360051478,48.83426751132135],[2.430221547681009,48.834433433166616]],[[2.42956843727967,48.833238664558458],[2.429487791479388,48.833014338447569]],[[2.429487791479388,48.833014338447569],[2.429445824141884,48.832865743287115],[2.429413156373037,48.83273877718316],[2.429383508533807,48.832584844550496],[2.429356732974502,48.832417435134168],[2.429347489153444,48.832266297886811]],[[2.429347489153444,48.832266297886811],[2.429362922670798,48.83210088853172],[2.429371039311127,48.831857199547194],[2.429398472720507,48.831591118554336],[2.429459887768723,48.831207382812359],[2.42952780771071,48.830851558258523]],[[2.42952780771071,48.830851558258523],[2.429612230171267,48.830481422414849],[2.429674969561458,48.830225402437989],[2.429747341784874,48.829960434644768],[2.429899961822245,48.829457517278399]],[[2.429899961822245,48.829457517278399],[2.429901353466464,48.82945482581345],[2.430006729317662,48.829161235284374],[2.430127362613672,48.828842535026567],[2.430274503631581,48.828466401358142],[2.430481667033241,48.827957446876511],[2.430618924590565,48.827612743312578],[2.430737324333554,48.827373175771655],[2.430784666251882,48.827278967486237]],[[2.430543393287099,48.835650003533992],[2.430535838440625,48.835593307809397],[2.430469289254696,48.8353249812711],[2.430407983534352,48.835075566193105],[2.430264467933565,48.834619805575848],[2.430221547681009,48.834433433166616]],[[2.430712875841942,48.836971971091025],[2.43065285016299,48.836355623540399],[2.430619748184857,48.836143216847539],[2.430543393287099,48.835650003533992]],[[2.430062340933771,48.839275729685674],[2.430187931426313,48.839128833228138],[2.43029572168418,48.83898994607528],[2.430405178412897,48.838823186628098],[2.43049000349927,48.838666202736526],[2.430562635457098,48.838502865209044],[2.430642540528187,48.838297292359442],[2.430686512670797,48.838138315085182]],[[2.430686512670797,48.838138315085182],[2.43071392009908,48.837999044844139],[2.430728928633961,48.837872306604829],[2.430738359984983,48.837757233481106],[2.430739907728654,48.837366019402708],[2.430712875841942,48.836971971091025]],[[2.432935021266106,48.823566693948386],[2.433090676127795,48.823406444601765],[2.433182877321874,48.823319642696099],[2.433277733738487,48.823239148894231],[2.433386268263884,48.823153323598348],[2.433490677424485,48.823071076139755],[2.433652621205918,48.822958522469698],[2.433804854722644,48.822862111277949],[2.434503604141514,48.82248318488768]],[[2.432268153622042,48.824517761752205],[2.432350010398387,48.8243805467242],[2.432517661833313,48.824119625697399],[2.432541246529508,48.82408016532203]],[[2.432541246529508,48.82408016532203],[2.432610462243014,48.823977965528762],[2.432700342454773,48.823854278829188],[2.432805301976139,48.823721669868078]],[[2.432805301976139,48.823721669868078],[2.432841193096763,48.823677770938261],[2.432874350397666,48.823634758401738],[2.432935021266106,48.823566693948386]],[[2.431056416293456,48.826717256181787],[2.431399948498702,48.826067747183551],[2.431914226374476,48.825123155554962],[2.432268153622042,48.824517761752205]],[[2.430907268509001,48.827028627298574],[2.431056416293456,48.826717256181787]],[[2.430864101636126,48.827114761208335],[2.430907268509001,48.827028627298574]],[[2.430784666251882,48.827278967486237],[2.430811154587425,48.827223332747607],[2.430864101636126,48.827114761208335]],[[2.449676027765836,48.820213809099542],[2.449520733050242,48.820216691769879],[2.449339533699179,48.820222153063064],[2.4490997535414,48.820229142950026]]]}},
{"type":"Feature","properties":{"ID":"VOIE_NOM0000002338741139","ID_BAN":"75112_1557","name":"Boulevard Carnot","INSEE_COM":"75112","NOM_COM":"Paris 12e Arrondissement","SRC_BAN":"commune","NOM_COLL":"BD CARNOT","TYPE_VOIE":"boulevard","MOT_DIR":"Carnot","LD_BAN":null,"ID_SUPP":"TRONROUT0000000000197545/TRONROUT0000000000198364/TRONROUT0000000000199202/TRONROUT0000000289391293/TRONROUT0000000289391299/TRONROUT0000000356869301","INSEEDBAN":null,"COMDEL_BAN":null,"DATE_CREAT":"2023-12-08T13:42:59","DATE_MAJ":"2024-03-12T16:10:18","NOM_NORMA":"BD CARNOT","ID_BAN_ODO":null,"Nom_a_verifier":false,"other_tags":"nan"},"geometry":{"type":"MultiLineString","coordinates":[[[2.413159141155549,48.841853403139069],[2.413138345228016,48.842006191911587],[2.413158990333834,48.842108819943206],[2.413023383282603,48.843019203369899],[2.412985522560933,48.843356276317799],[2.412973619743498,48.843445254196965],[2.412980721065156,48.84354062081551],[2.413085073054668,48.84395393728132]],[[2.413085073054668,48.84395393728132],[2.413085341796835,48.8440510690398]],[[2.413636783669816,48.846388498451319],[2.413675964623442,48.846418369156851],[2.413782870098794,48.84648454586813],[2.413840945315253,48.846530697464104],[2.413898798126181,48.846596633722925]],[[2.413317920639144,48.845178202820598],[2.413332432873489,48.845220543669022],[2.41343431505156,48.845732776065447],[2.413511352695542,48.846152252864961],[2.413568304020421,48.846298227402634],[2.413578921301947,48.846323461357919],[2.413601690500994,48.84635864776812],[2.413636783669816,48.846388498451319]],[[2.413081614122504,48.844140086981092],[2.413085341796835,48.8440510690398]],[[2.413317920639144,48.845178202820598],[2.413081614122504,48.844140086981092]]]}},
{"type":"Feature","properties":{"ID":"VOIE_NOM0000002338741150","ID_BAN":"75112_3312","name":"Impasse Erard","INSEE_COM":"75112","NOM_COM":"Paris 12e Arrondissement","SRC_BAN":"commune","NOM_COLL":"IMP ERARD","TYPE_VOIE":"impasse","MOT_DIR":"Erard","LD_BAN":null,"ID_SUPP":"TRONROUT0000000000197651","INSEEDBAN":null,"COMDEL_BAN":null,"DATE_CREAT":"2023-12-08T13:42:59","DATE_MAJ":"2024-03-12T16:10:18","NOM_NORMA":"IMP ERARD","ID_BAN_ODO":null,"Nom_a_verifier":false,"other_tags":"nan"},"geometry":{"type":"MultiLineString","coordinates":[[[2.384530458041838,48.845461661089821],[2.384470678656543,48.845562081542333],[2.384249216541058,48.845853232948642]]]}},
{"type":"Feature","properties":{"ID":"VOIE_NOM0000002338741178","ID_BAN":"75112_5866","name":"Rue de Lyon","INSEE_COM":"75112","NOM_COM":"Paris 12e Arrondissement","SRC_BAN":"commune","NOM_COLL":"R DE LYON","TYPE_VOIE":"rue","MOT_DIR":"Lyon","LD_BAN":null,"ID_SUPP":"TRONROUT0000000000195182/TRONROUT0000000000196031/TRONROUT0000000000196033/TRONROUT0000000000196034/TRONROUT0000000000196037/TRONROUT0000000000196039/TRONROUT0000000000196851/TRONROUT0000000000196852/TRONROUT0000000000196853/TRONROUT0000000000197712/TRON","INSEEDBAN":null,"COMDEL_BAN":null,"DATE_CREAT":"2023-12-08T13:42:59","DATE_MAJ":"2024-03-12T16:10:18","NOM_NORMA":"R DE LYON","ID_BAN_ODO":null,"Nom_a_verifier":false,"other_tags":"\"wikipedia\"=>\"fr:Rue_de_Lyon_(Paris)\""},"geometry":{"type":"MultiLineString","coordinates":[[[2.372354184383441,48.845893946316004],[2.37233713176811,48.845838996014393],[2.372310346305371,48.845800183087874],[2.372280749108693,48.845768550265525],[2.37224566921721,48.845739586740386],[2.372042509958909,48.845636893076581]],[[2.372354184383441,48.845893946316004],[2.372418831274826,48.845843921407486],[2.372457437801422,48.845806350884821],[2.372506912260755,48.845771535425904],[2.372574143219186,48.845733215638084],[2.3726824131703,48.845681620637649]],[[2.372019223395208,48.846664736800818],[2.372354184383441,48.845893946316004]],[[2.371601820261978,48.847604171939246],[2.371698464014236,48.847387035181335]],[[2.370897658533536,48.849155458021251],[2.370952538685479,48.8490118496916]],[[2.371423942186141,48.848003451169063],[2.371601820261978,48.847604171939246]],[[2.370952538685479,48.8490118496916],[2.371096613606988,48.84870412810205],[2.371423942186141,48.848003451169063]],[[2.371965993019704,48.846784971265201],[2.372019223395208,48.846664736800818]],[[2.371698464014236,48.847387035181335],[2.371863706023201,48.847018267144456],[2.371965993019704,48.846784971265201]],[[2.370574451965405,48.849964976490909],[2.370603345473258,48.849829325899307],[2.370680507585563,48.849646263362679],[2.370699036677212,48.84957890918831]],[[2.369910735856962,48.851434625378275],[2.370114637177285,48.851026492967215],[2.370211467373704,48.850794969326287],[2.370384109131848,48.850379476865108],[2.370574451965405,48.849964976490909]],[[2.369601146082408,48.852129993573413],[2.369910735856962,48.851434625378275]],[[2.370916030311307,48.849439750911614],[2.371012257783062,48.849483425880415]],[[2.371012257783062,48.849483425880415],[2.370903413738203,48.849581782692262],[2.37080277782424,48.849677484499047],[2.370744775047485,48.849741033664287],[2.370696354220613,48.849801035777553],[2.370574451965405,48.849964976490909]],[[2.371471148737195,48.849173761166092],[2.371285802477427,48.84928790482693],[2.371186953700657,48.84934854151097]],[[2.370801062456454,48.849368097296477],[2.370897658533536,48.849155458021251]],[[2.371186953700657,48.84934854151097],[2.371093446777579,48.849418199742985],[2.371012257783062,48.849483425880415]],[[2.370801062456454,48.849368097296477],[2.370916030311307,48.849439750911614]],[[2.370699036677212,48.84957890918831],[2.370718928377673,48.849511562173994],[2.370761198033019,48.849396667016293],[2.370801062456454,48.849368097296477]]]}},
{"type":"Feature","properties":{"ID":"VOIE_NOM0000002338741185","ID_BAN":"75112_9650","name":"Square de la Vendée","INSEE_COM":"75112","NOM_COM":"Paris 12e Arrondissement","SRC_BAN":"commune","NOM_COLL":"SQ DE LA VENDEE","TYPE_VOIE":"square","MOT_DIR":"Vendée","LD_BAN":null,"ID_SUPP":"TRONROUT0000000000203412/TRONROUT0000000000203418","INSEEDBAN":null,"COMDEL_BAN":null,"DATE_CREAT":"2023-12-08T13:42:59","DATE_MAJ":"2024-03-12T16:10:18","NOM_NORMA":"SQ DE LA VENDEE","ID_BAN_ODO":null,"Nom_a_verifier":false,"other_tags":"nan"},"geometry":{"type":"MultiLineString","coordinates":[[[2.400025481055994,48.833226324842656],[2.400092903292797,48.833168204258122],[2.400219584280287,48.833051022665657]],[[2.399761574586975,48.83307480664029],[2.399884719704879,48.833146474477836],[2.400025481055994,48.833226324842656]]]}},
{"type":"Feature","properties":{"ID":"VOIE_NOM0000002338741199","ID_BAN":"75112_3551","name":"Place Félix Eboué","INSEE_COM":"75112","NOM_COM":"Paris 12e Arrondissement","SRC_BAN":"commune","NOM_COLL":"PL FELIX EBOUE","TYPE_VOIE":"place","MOT_DIR":"Eboué","LD_BAN":null,"ID_SUPP":"TRONROUT0000000351733160/TRONROUT0000000351733161/TRONROUT0000000351733163/TRONROUT0000002491324581/TRONROUT0000002491324583/TRONROUT0000002491324585/TRONROUT0000002491324587/TRONROUT0000002491324589","INSEEDBAN":null,"COMDEL_BAN":null,"DATE_CREAT":"2023-12-08T13:42:59","DATE_MAJ":"2025-07-15T21:31:19","NOM_NORMA":"PL FELIX EBOUE","ID_BAN_ODO":null,"Nom_a_verifier":false,"other_tags":"nan"},"geometry":{"type":"MultiLineString","coordinates":[[[2.396293025668275,48.839789085085847],[2.396095112110184,48.839819563719182],[2.395657942816293,48.839920782379714],[2.395358834465981,48.839983125492807],[2.395266117484615,48.839988952335545],[2.395188668765971,48.839970573564962]],[[2.395813336209098,48.839327089761134],[2.394935270847784,48.839498926349385]],[[2.396786887937496,48.839144935946109],[2.396347271662734,48.839222761420814],[2.395813336209098,48.839327089761134]],[[2.396834307673461,48.839638924270425],[2.396726032551263,48.839694138638123],[2.396477273289773,48.839762134621047],[2.396293025668275,48.839789085085847]],[[2.396786887937496,48.839144935946109],[2.396733129077689,48.839316442826664],[2.396834307673461,48.839638924270425]],[[2.397119902702166,48.839566616393064],[2.396931672955349,48.839584554162784],[2.396850750160247,48.839630912929515],[2.396834307673461,48.839638924270425]],[[2.394964627819339,48.839786870357479],[2.394924486452936,48.839723712055878],[2.394935270847784,48.839498926349385]],[[2.395188668765971,48.839970573564962],[2.39517099917204,48.839966886783095],[2.395119352815425,48.839955833310952],[2.395066542386387,48.839927686075271],[2.395020815457301,48.839876191259087],[2.394964627819339,48.839786870357479]]]}},
{"type":"Feature","properties":{"ID":"VOIE_NOM0000002338741220","ID_BAN":"75112_5882","name":"Rue des Mâconnais","INSEE_COM":"75112","NOM_COM":"Paris 12e Arrondissement","SRC_BAN":"commune","NOM_COLL":"R DES MACONNAIS","TYPE_VOIE":"rue","MOT_DIR":"Mâconnais","LD_BAN":null,"ID_SUPP":"TRONROUT0000000000203444/TRONROUT0000000000203475","INSEEDBAN":null,"COMDEL_BAN":null,"DATE_CREAT":"2023-12-08T13:42:59","DATE_MAJ":"2024-03-12T16:10:18","NOM_NORMA":"R DES MACONNAIS","ID_BAN_ODO":null,"Nom_a_verifier":false,"other_tags":"nan"},"geometry":{"type":"MultiLineString","coordinates":[[[2.388959629726595,48.832858223448049],[2.388529280243626,48.832614094342979],[2.388343869959451,48.83250971906407],[2.388220721104847,48.832439837931176]],[[2.389736682258015,48.833277698176609],[2.389656805291725,48.833235020365464],[2.389143732948786,48.832958094217403],[2.388959629726595,48.832858223448049]]]}},
{"type":"Feature","properties":{"ID":"VOIE_NOM0000002338741240","ID_BAN":"75112_8575","name":"Cour Saint-Eloi","INSEE_COM":"75112","NOM_COM":"Paris 12e Arrondissement","SRC_BAN":"commune","NOM_COLL":"COUR SAINT-ELOI","TYPE_VOIE":"cour","MOT_DIR":"Eloi","LD_BAN":null,"ID_SUPP":"TRONROUT0000000000197646","INSEEDBAN":null,"COMDEL_BAN":null,"DATE_CREAT":"2023-12-08T13:42:59","DATE_MAJ":"2024-03-12T16:10:18","NOM_NORMA":"COUR SAINT-ELOI","ID_BAN_ODO":null,"Nom_a_verifier":false,"other_tags":"nan"},"geometry":{"type":"MultiLineString","coordinates":[[[2.387453790398355,48.846580175029047],[2.387735728362431,48.846707528056314],[2.388398423316809,48.847018497312789],[2.388510927689913,48.847069436301837],[2.389025782871427,48.84732208748391],[2.389078376138801,48.847369122530338],[2.389098309163885,48.847412393366106],[2.389093356887949,48.847486115206721],[2.389071505082845,48.847606517214047]]]}},
{"type":"Feature","properties":{"ID":"VOIE_NOM0000002338741254","ID_BAN":"75112_8466","name":"Villa du Sahel","INSEE_COM":"75112","NOM_COM":"Paris 12e Arrondissement","SRC_BAN":"commune","NOM_COLL":"VLA DU SAHEL","TYPE_VOIE":"villa","MOT_DIR":"Sahel","LD_BAN":null,"ID_SUPP":"TRONROUT0000000000200061","INSEEDBAN":null,"COMDEL_BAN":null,"DATE_CREAT":"2023-12-08T13:42:59","DATE_MAJ":"2024-03-12T16:10:18","NOM_NORMA":"VLA DU SAHEL","ID_BAN_ODO":null,"Nom_a_verifier":false,"other_tags":"nan"},"geometry":{"type":"MultiLineString","coordinates":[[[2.406372136926373,48.841153491633747],[2.406451034738885,48.840805831225559],[2.40646254868218,48.840751926809347]]]}},
{"type":"Feature","properties":{"ID":"VOIE_NOM0000002338741264","ID_BAN":"75112_r519","name":"Route de la Brasserie","INSEE_COM":"75112","NOM_COM":"Paris 12e Arrondissement","SRC_BAN":"commune","NOM_COLL":"RTE DE LA BRASSERIE","TYPE_VOIE":"route","MOT_DIR":"Brasserie","LD_BAN":null,"ID_SUPP":"TRONROUT0000000000205468/TRONROUT0000000000205475/TRONROUT0000000000205480/TRONROUT0000000000205481","INSEEDBAN":null,"COMDEL_BAN":null,"DATE_CREAT":"2023-12-08T13:42:59","DATE_MAJ":"2024-03-12T16:10:18","NOM_NORMA":"RTE DE LA BRASSERIE","ID_BAN_ODO":null,"Nom_a_verifier":false,"other_tags":"nan"},"geometry":{"type":"MultiLineString","coordinates":[[[2.422815979880357,48.827040214651966],[2.422875156437611,48.826985638746741],[2.42293406410348,48.826955344470669],[2.423006413277581,48.826941303656035],[2.423157852220279,48.826919549990407],[2.423301168341194,48.826893260118979],[2.423398203715871,48.826864048838061],[2.423492693844441,48.826818636568909],[2.423657285624358,48.826716002474591],[2.42378923688893,48.826608714038201],[2.423899334987939,48.826506716391968],[2.423954463369174,48.826448522957307]],[[2.422815979880357,48.827040214651966],[2.422678758739234,48.827008074395607],[2.422568649769223,48.826987756685476],[2.422455687222516,48.826979116887159],[2.422312549810815,48.826989217971018],[2.422176152947027,48.827005647033737],[2.42212279277174,48.827026974055592],[2.422116885919094,48.827068316477643],[2.422144054140994,48.827197956852068],[2.422131376752098,48.827235669079229],[2.422094341366997,48.827258873702867],[2.421747913741521,48.827298570111203],[2.421693490282604,48.827292910738272],[2.421651604921574,48.827262129653199],[2.421609674526475,48.827112631660839],[2.421595350182325,48.827053204040318],[2.421567075850023,48.827023388115833],[2.421520825150917,48.82701776819075],[2.421400802816239,48.827031577468375],[2.421282042665455,48.827054386422226]],[[2.421282042665455,48.827054386422226],[2.421067687357578,48.827099216749403],[2.420918631545931,48.827151557851209],[2.42068190263669,48.827248442537126],[2.42052320147571,48.827310629475392],[2.420450731153196,48.827335460626315],[2.420211806441591,48.827384667193719],[2.419923896209184,48.827429138848771],[2.419738302176788,48.827459716394308],[2.41962234459087,48.827475342348286],[2.419522862159532,48.827479356365494],[2.419384059461289,48.827466990771939]],[[2.423872068821479,48.827618204678828],[2.423675529826282,48.827406805526145],[2.42357841420008,48.827319998110212],[2.423444562483002,48.827229416032928],[2.423332036959382,48.827181206957107],[2.42321400363165,48.827138367420332],[2.423010249179931,48.827087019900702],[2.422815979880357,48.827040214651966]]]}},
{"type":"Feature","properties":{"ID":"VOIE_NOM0000002338741298","ID_BAN":"75112_1968","name":"Cour du Chêne Vert","INSEE_COM":"75112","NOM_COM":"Paris 12e Arrondissement","SRC_BAN":"commune","NOM_COLL":"COUR DU CHENE VERT","TYPE_VOIE":"cour","MOT_DIR":"Vert","LD_BAN":null,"ID_SUPP":"TRONROUT0000000000196017","INSEEDBAN":null,"COMDEL_BAN":null,"DATE_CREAT":"2023-12-08T13:42:59","DATE_MAJ":"2024-03-12T16:10:18","NOM_NORMA":"COUR DU CHENE VERT","ID_BAN_ODO":null,"Nom_a_verifier":false,"other_tags":"nan"},"geometry":{"type":"MultiLineString","coordinates":[[[2.373756555156386,48.850072509164995],[2.373724380625257,48.850028272385288],[2.373628744403953,48.849935138230251],[2.373341675541274,48.849555906018026]]]}},
{"type":"Feature","properties":{"ID":"VOIE_NOM0000002338741322","ID_BAN":"75112_6230","name":"Place Mazas","INSEE_COM":"75112","NOM_COM":"Paris 12e Arrondissement","SRC_BAN":"commune","NOM_COLL":"PL MAZAS","TYPE_VOIE":"place","MOT_DIR":"Mazas","LD_BAN":null,"ID_SUPP":"TRONROUT0000000000197751/TRONROUT0000000000197764","INSEEDBAN":null,"COMDEL_BAN":null,"DATE_CREAT":"2023-12-08T13:42:59","DATE_MAJ":"2024-03-12T16:10:18","NOM_NORMA":"PL MAZAS","ID_BAN_ODO":null,"Nom_a_verifier":false,"other_tags":"nan"},"geometry":{"type":"MultiLineString","coordinates":[[[2.367155038924642,48.845497820104427],[2.367194956941178,48.845464754981045],[2.367309194989229,48.845370926508515],[2.367885654679804,48.844916200012975]],[[2.366533742774854,48.846613333777761],[2.366415657488539,48.846574935440636],[2.366489087659204,48.846475495556291],[2.366606841305907,48.846316932652087],[2.366663635753096,48.846240787879516]]]}},
{"type":"Feature","properties":{"ID":"VOIE_NOM0000002338741363","ID_BAN":"75112_1794","name":"Rue de Charenton","INSEE_COM":"75112","NOM_COM":"Paris 12e Arrondissement","SRC_BAN":"commune","NOM_COLL":"R DE CHARENTON","TYPE_VOIE":"rue","MOT_DIR":"Charenton","LD_BAN":null,"ID_SUPP":"TRONROUT0000000000195172/TRONROUT0000000000195178/TRONROUT0000000000195180/TRONROUT0000000000196007/TRONROUT0000000000196018/TRONROUT0000000000196024/TRONROUT0000000000196025/TRONROUT0000000000196810/TRONROUT0000000000196812/TRONROUT0000000000196821/TRON","INSEEDBAN":null,"COMDEL_BAN":null,"DATE_CREAT":"2023-12-08T13:42:59","DATE_MAJ":"2024-04-11T21:06:03","NOM_NORMA":"R DE CHARENTON","ID_BAN_ODO":null,"Nom_a_verifier":false,"other_tags":"\"wikipedia\"=>\"fr:Rue_de_Charenton\""},"geometry":{"type":"MultiLineString","coordinates":[[[2.396965678444155,48.832288187056285],[2.396555348223365,48.832547833194759]],[[2.396555348223365,48.832547833194759],[2.395559017008511,48.833177754893534],[2.394908266072776,48.833609757642336]],[[2.39767121630122,48.83182766895191],[2.397602576390825,48.831873190974633]],[[2.397303391903822,48.832064148242793],[2.397129112709661,48.832173892023235],[2.396965678444155,48.832288187056285]],[[2.397366510739993,48.832024894146919],[2.397303391903822,48.832064148242793]],[[2.397602576390825,48.831873190974633],[2.397366510739993,48.832024894146919]],[[2.392183359723593,48.83608538389575],[2.392799057409492,48.835275485606303]],[[2.392799057409492,48.835275485606303],[2.393392252496809,48.834758662585507]],[[2.394908266072776,48.833609757642336],[2.394400422232846,48.833935455886134],[2.394270005005662,48.834021134583395]],[[2.394270005005662,48.834021134583395],[2.394191739831363,48.834073800767968],[2.393996543006685,48.834223905351337],[2.393736366830942,48.83445552250015],[2.393392252496809,48.834758662585507]],[[2.392183359723593,48.83608538389575],[2.391876520609656,48.836461557160021],[2.391530303605637,48.836942754758553]],[[2.391452952633367,48.837033196963951],[2.39149851855338,48.836981265695442],[2.391530303605637,48.836942754758553]],[[2.391204529014181,48.837306238651678],[2.391289970832807,48.837223032704593],[2.391452952633367,48.837033196963951]],[[2.389566067953441,48.838656825537086],[2.390077754552351,48.83824213151064],[2.390813819551799,48.837629818908006],[2.391139805693535,48.837365267189298],[2.391204529014181,48.837306238651678]],[[2.389190970161174,48.839041636489206],[2.388980587772909,48.839322062311993],[2.388813186253551,48.839538852644729]],[[2.388813186253551,48.839538852644729],[2.388168120902736,48.840287421148027]],[[2.389233868012838,48.838985195722245],[2.389190970161174,48.839041636489206]],[[2.389233868012838,48.838985195722245],[2.389275350702167,48.838933244522664]],[[2.389275350702167,48.838933244522664],[2.389329252787231,48.838867866278086],[2.389566067953441,48.838656825537086]],[[2.387615947560339,48.840897959807108],[2.387795345633072,48.840704616142027],[2.387947198202903,48.840536313353248],[2.388168120902736,48.840287421148027]],[[2.387373072602351,48.841159329508983],[2.387509655719093,48.841015231865804],[2.387615947560339,48.840897959807108]],[[2.387276443655293,48.841265858499582],[2.387373072602351,48.841159329508983]],[[2.387276443655293,48.841265858499582],[2.387152575964852,48.841371348501369],[2.387036808430546,48.841483175394515],[2.386927916129647,48.841589641241285]],[[2.386934210051483,48.841633742142577],[2.38694004912025,48.841716513192743]],[[2.386927916129647,48.841589641241285],[2.386934210051483,48.841633742142577]],[[2.38658237380528,48.841890954205468],[2.386503400967731,48.842002069851127]],[[2.385995382572047,48.842562462592063],[2.38594293032349,48.842619752366666],[2.385912574333361,48.842651973482248]],[[2.386503400967731,48.842002069851127],[2.385995382572047,48.842562462592063]],[[2.385912574333361,48.842651973482248],[2.385847732408054,48.842719991923026],[2.385344179877231,48.843247128256515]],[[2.385344179877231,48.843247128256515],[2.385202495620705,48.843360618783677],[2.384829670850938,48.843662685466505]],[[2.384829670850938,48.843662685466505],[2.384429187851977,48.843998784234628],[2.384346640227913,48.844065811333209]],[[2.384246230905709,48.844145337454464],[2.383981927448185,48.844372413771062],[2.383931056935243,48.844410824215601]],[[2.384346640227913,48.844065811333209],[2.384246230905709,48.844145337454464]],[[2.383931056935243,48.844410824215601],[2.383661364446369,48.844632475884417],[2.38352103529304,48.844745971298806],[2.38348400219412,48.844766465690725],[2.383443051688537,48.844772550155902]],[[2.382076009283857,48.845030807586404],[2.382438116377645,48.844945439655113],[2.382708655375724,48.844882981490315],[2.382949239234958,48.844818569498003]],[[2.381019144239167,48.845330226377413],[2.381388729711467,48.845189140140292],[2.381530850627586,48.845154799988755],[2.382076009283857,48.845030807586404]],[[2.380432926386042,48.845583508815857],[2.380724710874645,48.845453713351944],[2.381019144239167,48.845330226377413]],[[2.37894965176909,48.846444597190448],[2.378744783759687,48.846598222910181],[2.378571586445326,48.846724132714513],[2.378343509301056,48.846881234591216],[2.378179976988045,48.846996401747951],[2.377723805841794,48.847311502775014]],[[2.37894965176909,48.846444597190448],[2.379504865879127,48.846049962260444]],[[2.379504865879127,48.846049962260444],[2.379567972232831,48.846014315256326],[2.380102646496148,48.845741883538494],[2.380337044944925,48.845625282029673],[2.380432926386042,48.845583508815857]],[[2.377723805841794,48.847311502775014],[2.377343561180343,48.847544256411936],[2.377092366117563,48.847696738728509]],[[2.377092366117563,48.847696738728509],[2.376838369080073,48.847855501402037],[2.376626998933595,48.847982108818364]],[[2.376626998933595,48.847982108818364],[2.376005242892854,48.848353899006867]],[[2.375732237913807,48.848506264646304],[2.376005242892854,48.848353899006867]],[[2.374993965266114,48.848934100844751],[2.375524993450205,48.848629294174437],[2.375732237913807,48.848506264646304]],[[2.374787737918173,48.849199232491564],[2.374808001808208,48.849100409317757],[2.374927922008796,48.84898681778354],[2.374993965266114,48.848934100844751]],[[2.374273085950821,48.849614742077826],[2.374405207636675,48.849506611048454],[2.374697328273392,48.849238331636386],[2.374787737918173,48.849199232491564]],[[2.373180933102544,48.850570435259698],[2.373756555156386,48.850072509164995]],[[2.373756555156386,48.850072509164995],[2.373926097797879,48.849912411993387],[2.374165707651521,48.849705015288066],[2.374273085950821,48.849614742077826]],[[2.37295373106164,48.850765303944335],[2.372725207928312,48.850956567830906],[2.372302473401265,48.851318589099229]],[[2.373180933102544,48.850570435259698],[2.37295373106164,48.850765303944335]],[[2.372302473401265,48.851318589099229],[2.371945717721469,48.851633289406443],[2.371664818252868,48.851872841293172],[2.371477514348406,48.852035539809663],[2.37139905805425,48.852099881076732],[2.370878638894621,48.852536929438479],[2.370681345664575,48.852736447570564],[2.370325074721216,48.853122194131416],[2.37025031235668,48.853218930718768]],[[2.37025031235668,48.853218930718768],[2.370260203621071,48.853302622532226]]]}},
{"type":"Feature","properties":{"ID":"VOIE_NOM0000002338741366","ID_BAN":"75112_6044","name":"Cour du Marché Saint-Antoine","INSEE_COM":"75112","NOM_COM":"Paris 12e Arrondissement","SRC_BAN":"commune","NOM_COLL":"COUR DU MARCHE SAINT-ANTOINE","TYPE_VOIE":"cour","MOT_DIR":"Antoine","LD_BAN":null,"ID_SUPP":"TRONROUT0000000000196834/TRONROUT0000002000685670","INSEEDBAN":null,"COMDEL_BAN":null,"DATE_CREAT":"2023-12-08T13:42:59","DATE_MAJ":"2024-03-12T16:10:18","NOM_NORMA":"COUR DU MARCHE SAINT-ANTOINE","ID_BAN_ODO":null,"Nom_a_verifier":false,"other_tags":"nan"},"geometry":{"type":"MultiLineString","coordinates":[[[2.375202869746309,48.847990868539291],[2.375029389298592,48.847798399602908],[2.374818285765662,48.847561665318551]],[[2.375732237913807,48.848506264646304],[2.375686404051742,48.848464655130321],[2.375322514932702,48.848127296045611],[2.375202869746309,48.847990868539291]]]}},
{"type":"Feature","properties":{"ID":"VOIE_NOM0000002338741383","ID_BAN":"75112_5063","name":"Rue Jules César","INSEE_COM":"75112","NOM_COM":"Paris 12e Arrondissement","SRC_BAN":"commune","NOM_COLL":"R JULES CESAR","TYPE_VOIE":"rue","MOT_DIR":"César","LD_BAN":null,"ID_SUPP":"TRONROUT0000000000196051","INSEEDBAN":null,"COMDEL_BAN":null,"DATE_CREAT":"2023-12-08T13:42:59","DATE_MAJ":"2024-03-12T16:10:18","NOM_NORMA":"R JULES CESAR","ID_BAN_ODO":null,"Nom_a_verifier":false,"other_tags":"\"wikipedia\"=>\"fr:Rue_Jules-C%C3%A9sar\""},"geometry":{"type":"MultiLineString","coordinates":[[[2.367974935569988,48.848790204864606],[2.370704765600715,48.848991660257703],[2.370952538685479,48.8490118496916]]]}},
{"type":"Feature","properties":{"ID":"VOIE_NOM0000002338741385","ID_BAN":"75112_6207","name":"Avenue Maurice Ravel","INSEE_COM":"75112","NOM_COM":"Paris 12e Arrondissement","SRC_BAN":"commune","NOM_COLL":"AV MAURICE RAVEL","TYPE_VOIE":"avenue","MOT_DIR":"Ravel","LD_BAN":null,"ID_SUPP":"TRONROUT0000000000200009","INSEEDBAN":null,"COMDEL_BAN":null,"DATE_CREAT":"2023-12-08T13:42:59","DATE_MAJ":"2024-03-12T16:10:18","NOM_NORMA":"AV MAURICE RAVEL","ID_BAN_ODO":null,"Nom_a_verifier":false,"other_tags":"nan"},"geometry":{"type":"MultiLineString","coordinates":[[[2.411558621505558,48.842295219737466],[2.411584068008136,48.842092989464319],[2.411609483855417,48.841893457072594],[2.411558021232551,48.841624295938892],[2.411513178456496,48.841372255086966],[2.411451467238911,48.841045484419965]]]}},
{"type":"Feature","properties":{"ID":"VOIE_NOM0000002338741411","ID_BAN":"75112_2213","name":"Rue du Colonel Oudot","INSEE_COM":"75112","NOM_COM":"Paris 12e Arrondissement","SRC_BAN":"commune","NOM_COLL":"R DU COLONEL OUDOT","TYPE_VOIE":"rue","MOT_DIR":"Oudot","LD_BAN":null,"ID_SUPP":"TRONROUT0000000000201715/TRONROUT0000000289219354/TRONROUT0000002010467711","INSEEDBAN":null,"COMDEL_BAN":null,"DATE_CREAT":"2023-12-08T13:42:59","DATE_MAJ":"2024-03-12T16:10:18","NOM_NORMA":"R DU COLONEL OUDOT","ID_BAN_ODO":null,"Nom_a_verifier":false,"other_tags":"\"wikipedia\"=>\"fr:Rue_du_Colonel-Oudot\""},"geometry":{"type":"MultiLineString","coordinates":[[[2.405736137655788,48.835988901490659],[2.405934121557297,48.836189543522273],[2.406217072500246,48.836466153463086],[2.406531114241719,48.836764501608371],[2.406632347013772,48.836847745161755],[2.406716197339076,48.836902122817364],[2.406809645579266,48.836951151835855],[2.406948132889426,48.83699320919375],[2.407128781218039,48.837041770900832],[2.407331196596816,48.83709313827034],[2.407601504432564,48.837164627513147],[2.407760448484615,48.837204986503473],[2.407843469487569,48.83721259242197],[2.407921133091374,48.837212077508035]],[[2.405637776156872,48.835893080283853],[2.405691694173674,48.835943712525484]],[[2.405691694173674,48.835943712525484],[2.405736137655788,48.835988901490659]]]}},
{"type":"Feature","properties":{"ID":"VOIE_NOM0000002338741444","ID_BAN":"75112_0287","name":"Rue de l'Amiral la Roncière Le Noury","INSEE_COM":"75112","NOM_COM":"Paris 12e Arrondissement","SRC_BAN":"commune","NOM_COLL":"R DE L'AMIRAL LA RONCIERE LE NOURY","TYPE_VOIE":"rue","MOT_DIR":"Noury","LD_BAN":null,"ID_SUPP":"TRONROUT0000000000201717/TRONROUT0000002000647507","INSEEDBAN":null,"COMDEL_BAN":null,"DATE_CREAT":"2023-12-08T13:42:59","DATE_MAJ":"2024-03-12T16:10:18","NOM_NORMA":"R DE L'AMIRAL LA RONCIERE LE NOURY","ID_BAN_ODO":null,"Nom_a_verifier":false,"other_tags":"\"wikipedia\"=>\"fr:Rue_de_l%27Amiral-La-Ronci%C3%A8re-Le-Noury\""},"geometry":{"type":"MultiLineString","coordinates":[[[2.409000958486644,48.836060837807437],[2.408696061536109,48.836156462111155],[2.408421185431929,48.836247737301882],[2.408094356487079,48.8363549433071],[2.407917994371133,48.836408931565224]],[[2.407917994371133,48.836408931565224],[2.407812707550323,48.83644258612852]]]}},
{"type":"Feature","properties":{"ID":"VOIE_NOM0000002338741450","ID_BAN":"75112_0809","name":"Avenue du Bel Air","INSEE_COM":"75112","NOM_COM":"Paris 12e Arrondissement","SRC_BAN":"commune","NOM_COLL":"AV DU BEL-AIR","TYPE_VOIE":"avenue","MOT_DIR":"Air","LD_BAN":null,"ID_SUPP":"TRONROUT0000000000196757/TRONROUT0000000000197606/TRONROUT0000000000197612","INSEEDBAN":null,"COMDEL_BAN":null,"DATE_CREAT":"2023-12-08T13:42:59","DATE_MAJ":"2024-03-12T16:10:18","NOM_NORMA":"AV DU BEL AIR","ID_BAN_ODO":null,"Nom_a_verifier":false,"other_tags":"nan"},"geometry":{"type":"MultiLineString","coordinates":[[[2.396706816189449,48.847475284271077],[2.396479901360193,48.847771826140637],[2.396405163977315,48.847871277434727]],[[2.397427798388605,48.846522004133703],[2.397548255927933,48.846357129399316],[2.398129657637933,48.845570421477397],[2.398237588179087,48.845427966809467],[2.398315344761156,48.845302448044606]],[[2.396706816189449,48.847475284271077],[2.396781583657438,48.847373134846819],[2.39707897587453,48.846991508796116],[2.397427798388605,48.846522004133703]]]}},
{"type":"Feature","properties":{"ID":"VOIE_NOM0000002338741459","ID_BAN":"75112_1480","name":"Impasse Canart","INSEE_COM":"75112","NOM_COM":"Paris 12e Arrondissement","SRC_BAN":"commune","NOM_COLL":"IMP CANART","TYPE_VOIE":"impasse","MOT_DIR":"Canart","LD_BAN":null,"ID_SUPP":"TRONROUT0000000000197555","INSEEDBAN":null,"COMDEL_BAN":null,"DATE_CREAT":"2023-12-08T13:42:59","DATE_MAJ":"2024-03-12T16:10:18","NOM_NORMA":"IMP CANART","ID_BAN_ODO":null,"Nom_a_verifier":false,"other_tags":"nan"},"geometry":{"type":"MultiLineString","coordinates":[[[2.408204912284194,48.846296999163641],[2.409027959629169,48.845695801905535]]]}},
{"type":"Feature","properties":{"ID":"VOIE_NOM0000002338741460","ID_BAN":"75112_4933","name":"Rue Jeanne Jugan","INSEE_COM":"75112","NOM_COM":"Paris 12e Arrondissement","SRC_BAN":"commune","NOM_COLL":"R JEANNE JUGAN","TYPE_VOIE":"rue","MOT_DIR":"Jugan","LD_BAN":null,"ID_SUPP":"TRONROUT0000000230033594/TRONROUT0000000289391303","INSEEDBAN":null,"COMDEL_BAN":null,"DATE_CREAT":"2023-12-08T13:42:59","DATE_MAJ":"2024-03-12T16:10:18","NOM_NORMA":"R JEANNE JUGAN","ID_BAN_ODO":null,"Nom_a_verifier":false,"other_tags":"\"wikipedia\"=>\"fr:Rue_Jeanne-Jugan\""},"geometry":{"type":"MultiLineString","coordinates":[[[2.414382421843793,48.843939609863085],[2.414389444970209,48.844042170806304]],[[2.414651039234172,48.845136167762902],[2.414536346690153,48.844792952274616],[2.414496935501589,48.844662352890737],[2.414456687385927,48.844484982900369],[2.414400747683628,48.844127664929729],[2.414389444970209,48.844042170806304]]]}},
{"type":"Feature","properties":{"ID":"VOIE_NOM0000002338741461","ID_BAN":"75112_3240","name":"Avenue Emile Laurent","INSEE_COM":"75112","NOM_COM":"Paris 12e Arrondissement","SRC_BAN":"commune","NOM_COLL":"AV EMILE LAURENT","TYPE_VOIE":"avenue","MOT_DIR":"Laurent","LD_BAN":null,"ID_SUPP":"TRONROUT0000000000199204/TRONROUT0000000000200008/TRONROUT0000000000200033/TRONROUT0000002000647515","INSEEDBAN":null,"COMDEL_BAN":null,"DATE_CREAT":"2023-12-08T13:42:59","DATE_MAJ":"2024-03-12T16:10:18","NOM_NORMA":"AV EMILE LAURENT","ID_BAN_ODO":null,"Nom_a_verifier":false,"other_tags":"nan"},"geometry":{"type":"MultiLineString","coordinates":[[[2.410227154468976,48.840752559180423],[2.410091023137825,48.840741994999547],[2.40991945843839,48.840732155242186],[2.409705668593372,48.840721207523742],[2.409486378166017,48.840714729064089],[2.409272537519947,48.840708277114381]],[[2.412413100929596,48.841193209714348],[2.413028262849048,48.841376101367992],[2.413093366751581,48.841402502180827],[2.413138044080798,48.841427903392081],[2.413170418886173,48.84145684166787],[2.413193124932174,48.841497424158966],[2.413198007736552,48.841547812153969],[2.413195926395382,48.841611656353095],[2.413159141155549,48.841853403139069]],[[2.410227154468976,48.840752559180423],[2.410391866433805,48.840765962154961],[2.410564590358904,48.840793794120152],[2.410775330475939,48.840833504756738],[2.410870395983334,48.840860953735501],[2.410977621887286,48.840897456101203],[2.411170264965091,48.840971252549679],[2.411329131973274,48.841019700436917],[2.411451467238911,48.841045484419965]],[[2.411451467238911,48.841045484419965],[2.411638020110673,48.841055395689516],[2.411833988359975,48.841076145261887],[2.412054430001195,48.841101511590708],[2.412413100929596,48.841193209714348]]]}},
{"type":"Feature","properties":{"ID":"VOIE_NOM0000002338741499","ID_BAN":"75112_4187","name":"Cour du Ginkgo","INSEE_COM":"75112","NOM_COM":"Paris 12e Arrondissement","SRC_BAN":"commune","NOM_COLL":"COUR DU GINKGO","TYPE_VOIE":"cour","MOT_DIR":"Ginkgo","LD_BAN":null,"ID_SUPP":"TRONROUT0000000000200195","INSEEDBAN":null,"COMDEL_BAN":null,"DATE_CREAT":"2023-12-08T13:42:59","DATE_MAJ":"2024-03-12T16:10:18","NOM_NORMA":"COUR DU GINKGO","ID_BAN_ODO":null,"Nom_a_verifier":false,"other_tags":"nan"},"geometry":{"type":"MultiLineString","coordinates":[[[2.380270772198621,48.84031242150003],[2.380313086484269,48.84042056411473],[2.381409458285587,48.840228379091371],[2.3813753056831,48.840121178426891]]]}},
{"type":"Feature","properties":{"ID":"VOIE_NOM0000002338741512","ID_BAN":"75112_0716","name":"Place du Bataillon du Pacifique","INSEE_COM":"75112","NOM_COM":"Paris 12e Arrondissement","SRC_BAN":"commune","NOM_COLL":"PL DU BATAILLON DU PACIFIQUE","TYPE_VOIE":"place","MOT_DIR":"Pacifique","LD_BAN":null,"ID_SUPP":"TRONROUT0000000000200217/TRONROUT0000000000200218","INSEEDBAN":null,"COMDEL_BAN":null,"DATE_CREAT":"2023-12-08T13:42:59","DATE_MAJ":"2024-03-12T16:10:18","NOM_NORMA":"PL DU BATAILLON DU PACIFIQUE","ID_BAN_ODO":null,"Nom_a_verifier":false,"other_tags":"nan"},"geometry":{"type":"MultiLineString","coordinates":[[[2.380270772198621,48.84031242150003],[2.379702850641926,48.840406608997149]],[[2.379314863162865,48.840493633297989],[2.379611043993066,48.840450201629473],[2.379702850641926,48.840406608997149]]]}},
{"type":"Feature","properties":{"ID":"VOIE_NOM0000002338741516","ID_BAN":"75112_r663","name":"Route des Pelouses Marigny","INSEE_COM":"75112","NOM_COM":"Paris 12e Arrondissement","SRC_BAN":"commune","NOM_COLL":"RTE DES PELOUSES MARIGNY","TYPE_VOIE":"route","MOT_DIR":"Marigny","LD_BAN":null,"ID_SUPP":"TRONROUT0000000000197482/TRONROUT0000000000197487/TRONROUT0000000000197491/TRONROUT0000000000197492/TRONROUT0000000000197495/TRONROUT0000000000198299/TRONROUT0000000000198301/TRONROUT0000000356918027/TRONROUT0000002345461428","INSEEDBAN":null,"COMDEL_BAN":null,"DATE_CREAT":"2023-12-08T13:42:59","DATE_MAJ":"2024-04-24T20:41:02","NOM_NORMA":"RTE DES PELOUSES MARIGNY","ID_BAN_ODO":null,"Nom_a_verifier":false,"other_tags":"nan"},"geometry":{"type":"MultiLineString","coordinates":[[[2.443585879834939,48.845558436070021],[2.443919448602258,48.845711977496769],[2.444164922216326,48.845821040461331],[2.444286978123055,48.845875568586159]],[[2.443585879834939,48.845558436070021],[2.443258914469265,48.845424710163549],[2.442967060028484,48.845320825453939]],[[2.442967060028484,48.845320825453939],[2.44278235811565,48.845263306119605],[2.442616674649583,48.845211271219327]],[[2.442616674649583,48.845211271219327],[2.442341259900842,48.845099367370054],[2.442306035678922,48.845080316767437],[2.442273603950703,48.845054983703733]],[[2.442208846466103,48.844994425161957],[2.442096072689602,48.84496422066551]],[[2.442273603950703,48.845054983703733],[2.442208846466103,48.844994425161957]],[[2.441924786595375,48.844926548302887],[2.441968291776211,48.844935744767476],[2.442096072689602,48.84496422066551]],[[2.441352285627851,48.844564135112222],[2.44144171184414,48.844611319030285],[2.441674767707565,48.844733819577073],[2.441825210322826,48.84480916788322],[2.441876678767639,48.844838187299814],[2.441918580567613,48.844869860124781],[2.441934661465105,48.84489511701873],[2.441934468866717,48.844913103176651],[2.441924786595375,48.844926548302887]],[[2.441352285627851,48.844564135112222],[2.441131320494322,48.844457878752607],[2.441014759921373,48.844399775571965]]]}},
{"type":"Feature","properties":{"ID":"VOIE_NOM0000002338741526","ID_BAN":"75112_9981","name":"Place Yvette Vincent-Alleaume","INSEE_COM":"75112","NOM_COM":"Paris 12e Arrondissement","SRC_BAN":"commune","NOM_COLL":"PL YVETTE VINCENT-ALLEAUME","TYPE_VOIE":"place","MOT_DIR":"Alleaume","LD_BAN":null,"ID_SUPP":"TRONROUT0000000305442487","INSEEDBAN":null,"COMDEL_BAN":null,"DATE_CREAT":"2023-12-08T13:42:59","DATE_MAJ":"2024-03-12T16:10:18","NOM_NORMA":"PL YVETTE VINCENT-ALLEAUME","ID_BAN_ODO":null,"Nom_a_verifier":false,"other_tags":"nan"},"geometry":{"type":"MultiLineString","coordinates":[[[2.404380849332338,48.83977926509592],[2.404564353026331,48.839817052415682],[2.404752252328595,48.839827880524567]]]}},
{"type":"Feature","properties":{"ID":"VOIE_NOM0000002338741569","ID_BAN":"75112_3362","name":"Rue Escoffier","INSEE_COM":"75112","NOM_COM":"Paris 12e Arrondissement","SRC_BAN":"commune","NOM_COLL":"R ESCOFFIER","TYPE_VOIE":"rue","MOT_DIR":"Escoffier","LD_BAN":null,"ID_SUPP":"TRONROUT0000000000205590/TRONROUT0000000000205591/TRONROUT0000000000205592/TRONROUT0000000000205593/TRONROUT0000000000205614/TRONROUT0000000000206231/TRONROUT0000000004409155/TRONROUT0000000004409156/TRONROUT0000002292240952","INSEEDBAN":null,"COMDEL_BAN":null,"DATE_CREAT":"2023-12-08T13:42:59","DATE_MAJ":"2024-03-12T16:10:18","NOM_NORMA":"R ESCOFFIER","ID_BAN_ODO":null,"Nom_a_verifier":false,"other_tags":"\"wikipedia\"=>\"fr:Rue_Escoffier\""},"geometry":{"type":"MultiLineString","coordinates":[[[2.3903560403831,48.82668038640243],[2.390554906135922,48.826564481670189],[2.390671480025982,48.826496723423382],[2.390778172425632,48.826458593996684],[2.390896881514246,48.826441211234403],[2.391053591537977,48.826435713695346],[2.391125780523983,48.826436081257341],[2.391346265671266,48.826451593574255],[2.391493147377473,48.826471227850483],[2.391577416514258,48.826486945927968]],[[2.391577416514258,48.826486945927968],[2.391712940256961,48.82654609450757]],[[2.391712940256961,48.82654609450757],[2.391883846420106,48.826608120969134]],[[2.394146790741367,48.827509084728632],[2.39444009226286,48.827588815487374],[2.394528544356697,48.827596458300128],[2.394602368584581,48.827573448395199],[2.394624339496824,48.827558270311371]],[[2.393635659190425,48.827302337044607],[2.393954211054482,48.827436159297847]],[[2.393954211054482,48.827436159297847],[2.394146790741367,48.827509084728632]],[[2.392666424152651,48.826898097972609],[2.392894529083081,48.826961312796058],[2.393527372855659,48.827243328834129],[2.393635659190425,48.827302337044607]],[[2.391883846420106,48.826608120969134],[2.392240799929297,48.826718759517462]],[[2.392240799929297,48.826718759517462],[2.392666424152651,48.826898097972609]]]}},
{"type":"Feature","properties":{"ID":"VOIE_NOM0000002338741576","ID_BAN":"75112_1752","name":"Passage du Chantier","INSEE_COM":"75112","NOM_COM":"Paris 12e Arrondissement","SRC_BAN":"commune","NOM_COLL":"PAS DU CHANTIER","TYPE_VOIE":"passage","MOT_DIR":"Chantier","LD_BAN":null,"ID_SUPP":"TRONROUT0000000000195161","INSEEDBAN":null,"COMDEL_BAN":null,"DATE_CREAT":"2023-12-08T13:42:59","DATE_MAJ":"2024-03-12T16:10:18","NOM_NORMA":"PAS DU CHANTIER","ID_BAN_ODO":null,"Nom_a_verifier":false,"other_tags":"nan"},"geometry":{"type":"MultiLineString","coordinates":[[[2.373711395008599,48.851902457627673],[2.373651186017935,48.851809509097478],[2.373464125232902,48.851499152215332],[2.373318099097942,48.851289737474652],[2.373181375036454,48.851100157023822],[2.373046079582647,48.850905187741972],[2.37295373106164,48.850765303944335]]]}},
{"type":"Feature","properties":{"ID":"VOIE_NOM0000002338741582","ID_BAN":"75112_9952","name":"Rue de Wattignies","INSEE_COM":"75112","NOM_COM":"Paris 12e Arrondissement","SRC_BAN":"commune","NOM_COLL":"R DE WATTIGNIES","TYPE_VOIE":"rue","MOT_DIR":"Wattignies","LD_BAN":null,"ID_SUPP":"TRONROUT0000000000201761/TRONROUT0000000000201768/TRONROUT0000000000202581/TRONROUT0000000000202584/TRONROUT0000000000202589/TRONROUT0000000000202592/TRONROUT0000000000202595/TRONROUT0000000000202599","INSEEDBAN":null,"COMDEL_BAN":null,"DATE_CREAT":"2023-12-08T13:42:59","DATE_MAJ":"2024-03-12T16:10:18","NOM_NORMA":"R DE WATTIGNIES","ID_BAN_ODO":null,"Nom_a_verifier":false,"other_tags":"\"wikipedia\"=>\"fr:Rue_de_Wattignies\""},"geometry":{"type":"MultiLineString","coordinates":[[[2.400776137325115,48.834646587971783],[2.399954751290689,48.834873606815684],[2.399792153522815,48.83491506113063]],[[2.399792153522815,48.83491506113063],[2.398780986474744,48.835177093998936]],[[2.398780986474744,48.835177093998936],[2.397896762160799,48.83541727328123]],[[2.393175681745038,48.836627342482203],[2.392072972854121,48.836905942043458],[2.391822868990754,48.836973022283011],[2.391741150073703,48.836970808031971],[2.391681280947215,48.836964208030054],[2.391530303605637,48.836942754758553]],[[2.397087820161141,48.835626347765064],[2.3965754387359,48.835755071119792],[2.395836213963433,48.8359429040867],[2.39511605620632,48.836130828904146],[2.394654237657426,48.836245409886388]],[[2.394654237657426,48.836245409886388],[2.393175681745038,48.836627342482203]],[[2.397896762160799,48.83541727328123],[2.397790181309428,48.835444617011852]],[[2.397790181309428,48.835444617011852],[2.397553766728184,48.83550728134945],[2.397087820161141,48.835626347765064]]]}},
{"type":"Feature","properties":{"ID":"VOIE_NOM0000002338741584","ID_BAN":"75112_5485","name":"Rue Legraverend","INSEE_COM":"75112","NOM_COM":"Paris 12e Arrondissement","SRC_BAN":"commune","NOM_COLL":"R LEGRAVEREND","TYPE_VOIE":"rue","MOT_DIR":"Legraverend","LD_BAN":null,"ID_SUPP":"TRONROUT0000000000196827/TRONROUT0000000000196832/TRONROUT0000000000197693/TRONROUT0000000289219270","INSEEDBAN":null,"COMDEL_BAN":null,"DATE_CREAT":"2023-12-08T13:42:59","DATE_MAJ":"2024-03-12T16:10:18","NOM_NORMA":"R LEGRAVEREND","ID_BAN_ODO":null,"Nom_a_verifier":false,"other_tags":"\"wikipedia\"=>\"fr:Rue_Legraverend\""},"geometry":{"type":"MultiLineString","coordinates":[[[2.375714687643113,48.847127460150539],[2.375607322782197,48.847103516591652]],[[2.375457184884846,48.847010099187806],[2.375694439399786,48.846087697695005]],[[2.37516748515045,48.847077837010517],[2.375260033712934,48.847087313890384],[2.375315889284973,48.847088504904562],[2.375367732530641,48.847083379447376],[2.375401959053522,48.847070067787023],[2.375423965332594,48.847053094894612],[2.375457184884846,48.847010099187806]],[[2.375607322782197,48.847103516591652],[2.375546264656553,48.847081613354753],[2.375497534582151,48.847054378297194],[2.375457184884846,48.847010099187806]]]}},
{"type":"Feature","properties":{"ID":"VOIE_NOM0000002338741596","ID_BAN":"75112_2076","name":"Rue Claude Decaen","INSEE_COM":"75112","NOM_COM":"Paris 12e Arrondissement","SRC_BAN":"commune","NOM_COLL":"R CLAUDE DECAEN","TYPE_VOIE":"rue","MOT_DIR":"Decaen","LD_BAN":null,"ID_SUPP":"TRONROUT0000000000200940/TRONROUT0000000000200953/TRONROUT0000000000201737/TRONROUT0000000000201741/TRONROUT0000000000201743/TRONROUT0000000000201748/TRONROUT0000000000202580/TRONROUT0000000249442529/TRONROUT0000000289219328/TRONROUT0000000289501219/TRON","INSEEDBAN":null,"COMDEL_BAN":null,"DATE_CREAT":"2023-12-08T13:42:59","DATE_MAJ":"2025-07-15T21:31:19","NOM_NORMA":"R CLAUDE DECAEN","ID_BAN_ODO":null,"Nom_a_verifier":false,"other_tags":"\"wikipedia\"=>\"fr:Rue_Claude-Decaen\""},"geometry":{"type":"MultiLineString","coordinates":[[[2.398986021950369,48.836299631070062],[2.39962789946511,48.835810003363832]],[[2.39962789946511,48.835810003363832],[2.400567548900459,48.834896465471559],[2.400776137325115,48.834646587971783]],[[2.401412643137222,48.834028314058493],[2.40151186135711,48.833929880414409],[2.401665971821919,48.833796646052107],[2.401815870919578,48.833674182799818],[2.40194639868813,48.833577704084647],[2.402111043909476,48.833475999580116]],[[2.400776137325115,48.834646587971783],[2.401227952147978,48.834214457513582],[2.401332692403104,48.834109756120505]],[[2.401332692403104,48.834109756120505],[2.401412643137222,48.834028314058493]],[[2.397815512805455,48.837261458604964],[2.397872397232843,48.83717270805932],[2.398190056489659,48.836917988289891],[2.398440315253286,48.836718689195742]],[[2.39727055622607,48.837731778562137],[2.397398689777472,48.837608312129895],[2.397613357254255,48.837424124713557],[2.397815512805455,48.837261458604964]],[[2.397141715235721,48.837680764991852],[2.397207981704976,48.837605552508499],[2.397665676180382,48.837258905459336],[2.397713493170248,48.837247454521176],[2.397744806202259,48.837249410909187],[2.397815512805455,48.837261458604964]],[[2.39607156601945,48.838911989472265],[2.395869603988531,48.83917448253866],[2.39583887044667,48.839239980690827],[2.395813336209098,48.839327089761134]],[[2.396245705554503,48.838698820479529],[2.39607156601945,48.838911989472265]],[[2.396304975244888,48.838639761747231],[2.396689824827094,48.838231594404078]],[[2.396245705554503,48.838698820479529],[2.396304975244888,48.838639761747231]],[[2.396689824827094,48.838231594404078],[2.396755686730479,48.838191455279947],[2.396882418646567,48.83807157981942],[2.39727055622607,48.837731778562137]],[[2.396689824827094,48.838231594404078],[2.396698675614258,48.838173180513607],[2.397141715235721,48.837680764991852]],[[2.398440315253286,48.836718689195742],[2.398986021950369,48.836299631070062]]]}},
{"type":"Feature","properties":{"ID":"VOIE_NOM0000002338741612","ID_BAN":"75112_8586","name":"Passage Saint-Emilion","INSEE_COM":"75112","NOM_COM":"Paris 12e Arrondissement","SRC_BAN":"commune","NOM_COLL":"PAS SAINT-EMILION","TYPE_VOIE":"passage","MOT_DIR":"Emilion","LD_BAN":null,"ID_SUPP":"TRONROUT0000000000203460/TRONROUT0000000000203468","INSEEDBAN":null,"COMDEL_BAN":null,"DATE_CREAT":"2023-12-08T13:42:59","DATE_MAJ":"2024-03-12T16:10:18","NOM_NORMA":"PAS SAINT-EMILION","ID_BAN_ODO":null,"Nom_a_verifier":false,"other_tags":"nan"},"geometry":{"type":"MultiLineString","coordinates":[[[2.386692828763279,48.833199173177256],[2.387167523299531,48.83291560764431]],[[2.386214190590402,48.833470125409256],[2.386692828763279,48.833199173177256]]]}},
{"type":"Feature","properties":{"ID":"VOIE_NOM0000002338741616","ID_BAN":"75112_8514","name":"Square Saint-Charles","INSEE_COM":"75112","NOM_COM":"Paris 12e Arrondissement","SRC_BAN":"commune","NOM_COLL":"SQ SAINT-CHARLES","TYPE_VOIE":"square","MOT_DIR":"Charles","LD_BAN":null,"ID_SUPP":"TRONROUT0000000000197632","INSEEDBAN":null,"COMDEL_BAN":null,"DATE_CREAT":"2023-12-08T13:42:59","DATE_MAJ":"2024-03-12T16:10:18","NOM_NORMA":"SQ SAINT-CHARLES","ID_BAN_ODO":null,"Nom_a_verifier":false,"other_tags":"nan"},"geometry":{"type":"MultiLineString","coordinates":[[[2.388353912031366,48.84581852870275],[2.388478592425302,48.845876724892705],[2.388526028927144,48.845898551911752],[2.388900029914057,48.846076736741935],[2.389927046372824,48.846578422829502],[2.390809094315689,48.847010111331826],[2.390997422940082,48.847102804382608],[2.391111250603883,48.847157345065774],[2.391172220802084,48.847187334073354]]]}},
{"type":"Feature","properties":{"ID":"VOIE_NOM0000002338741629","ID_BAN":"75112_x462","name":"Voie P/12","INSEE_COM":"75112","NOM_COM":"Paris 12e Arrondissement","SRC_BAN":"commune","NOM_COLL":"VOI P/12","TYPE_VOIE":"voie","MOT_DIR":"P/12","LD_BAN":null,"ID_SUPP":"TRONROUT0000000000196828","INSEEDBAN":null,"COMDEL_BAN":null,"DATE_CREAT":"2023-12-08T13:42:59","DATE_MAJ":"2024-03-12T16:10:18","NOM_NORMA":"VOI P/12","ID_BAN_ODO":null,"Nom_a_verifier":false,"other_tags":"nan"},"geometry":{"type":"MultiLineString","coordinates":[[[2.374993965266114,48.848934100844751],[2.374942821280262,48.848880771699974],[2.374390892409354,48.848088252667218],[2.374097466345354,48.848238709134449],[2.374038506243864,48.848268978773149]]]}},
{"type":"Feature","properties":{"ID":"VOIE_NOM0000002338741631","ID_BAN":"75112_1331","name":"Passage Brulon","INSEE_COM":"75112","NOM_COM":"Paris 12e Arrondissement","SRC_BAN":"commune","NOM_COLL":"PAS BRULON","TYPE_VOIE":"passage","MOT_DIR":"Brulon","LD_BAN":null,"ID_SUPP":"TRONROUT0000000000195982/TRONROUT0000000219386371","INSEEDBAN":null,"COMDEL_BAN":null,"DATE_CREAT":"2023-12-08T13:42:59","DATE_MAJ":"2024-03-12T16:10:18","NOM_NORMA":"PAS BRULON","ID_BAN_ODO":null,"Nom_a_verifier":false,"other_tags":"nan"},"geometry":{"type":"MultiLineString","coordinates":[[[2.381142188797094,48.849541647416011],[2.380152966849276,48.849645348496715]],[[2.380152966849276,48.849645348496715],[2.379581262237353,48.849705340096925],[2.379433213897236,48.849664101361988]]]}},
{"type":"Feature","properties":{"ID":"VOIE_NOM0000002338741673","ID_BAN":"75112_8700","name":"Avenue de Saint-Maurice","INSEE_COM":"75112","NOM_COM":"Paris 12e Arrondissement","SRC_BAN":"commune","NOM_COLL":"AV DE SAINT-MAURICE","TYPE_VOIE":"avenue","MOT_DIR":"Maurice","LD_BAN":null,"ID_SUPP":"TRONROUT0000000000202480/TRONROUT0000000000202481/TRONROUT0000000000202482/TRONROUT0000000000202484/TRONROUT0000000000203295/TRONROUT0000000000203296/TRONROUT0000000000204053/TRONROUT0000000000205489/TRONROUT0000000000205491/TRONROUT0000000000205494/TRON","INSEEDBAN":null,"COMDEL_BAN":null,"DATE_CREAT":"2023-12-08T13:42:59","DATE_MAJ":"2025-04-09T22:52:28","NOM_NORMA":"AV DE SAINT-MAURICE","ID_BAN_ODO":null,"Nom_a_verifier":false,"other_tags":"nan"},"geometry":{"type":"MultiLineString","coordinates":[[[2.419851263781683,48.826122003071461],[2.419670554472701,48.826693125293019],[2.419558284994922,48.826989372265686]],[[2.419558284994922,48.826989372265686],[2.419467036313887,48.827232658341543],[2.419403839768494,48.827403231624196],[2.419384059461289,48.827466990771939]],[[2.419380794273114,48.827882483177596],[2.419359621920758,48.827581991312918]],[[2.419359621920758,48.827581991312918],[2.419378280592393,48.827496641882043],[2.419384059461289,48.827466990771939]],[[2.419380794273114,48.827882483177596],[2.41943183304415,48.828192113627885]],[[2.420064792728463,48.834600465592608],[2.420112000426244,48.834520651171921],[2.420160490219654,48.834448037847167],[2.420275548915188,48.834269622318132],[2.420324238262546,48.834179022615807],[2.420356590319741,48.834087444351482]],[[2.419796237439636,48.834983191087133],[2.419868107081872,48.834890905336053]],[[2.419868107081872,48.834890905336053],[2.419944263454126,48.834780653068947]],[[2.419944263454126,48.834780653068947],[2.420005264368331,48.834685616423698],[2.420064792728463,48.834600465592608]],[[2.420368541609003,48.833625229440251],[2.420360765877298,48.833466903741339],[2.420344890134047,48.832934403309913],[2.420357667963158,48.832765384749194],[2.420379481281955,48.8326413781732]],[[2.420356590319741,48.834087444351482],[2.420369500657876,48.83402904830097],[2.420379814160509,48.833836634509204],[2.420368541609003,48.833625229440251]],[[2.420379481281955,48.8326413781732],[2.420389736790075,48.83257667362971],[2.420499104058801,48.832051974589973],[2.420513395932724,48.831991786384869],[2.420545893568692,48.831764404475258],[2.420574524251411,48.831517217740881],[2.420577443048846,48.83125461717087],[2.420575705518035,48.831043257828519],[2.420561868362428,48.830817449972379],[2.420535781804454,48.830590683354444],[2.420475811359911,48.830348463275882],[2.420408880714657,48.830119699879575],[2.420333487760801,48.829916977014619],[2.420297779724313,48.829820571704687]],[[2.420297779724313,48.829820571704687],[2.420213804702137,48.82965468114962],[2.42014690784882,48.829545533431038],[2.420071918478268,48.829429151486153],[2.420002187881294,48.82932988295952],[2.419908469524209,48.829182831569987],[2.419668452151976,48.828839907524532],[2.419635159963925,48.828771394034035],[2.41956318745738,48.828628944654639]],[[2.419851263781683,48.826122003071461],[2.419888428308701,48.825964793644559],[2.419943066518626,48.825583725795951],[2.419951969149484,48.825518114954534],[2.419960851747227,48.825454302752078],[2.419987047823377,48.82518102121881],[2.419996929396736,48.824904962376984],[2.419995716058402,48.824769151509493],[2.419993792397718,48.824697192513163],[2.419994392675581,48.824643233171791],[2.419979266413303,48.824288807614849],[2.419973116718001,48.824229419286944]],[[2.419962519541093,48.824080072251441],[2.419973116718001,48.824229419286944]]]}},
{"type":"Feature","properties":{"ID":"VOIE_NOM0000002338741693","ID_BAN":"75112_5306","name":"Avenue Lamoricière","INSEE_COM":"75112","NOM_COM":"Paris 12e Arrondissement","SRC_BAN":"commune","NOM_COLL":"AV LAMORICIERE","TYPE_VOIE":"avenue","MOT_DIR":"Lamoricière","LD_BAN":null,"ID_SUPP":"TRONROUT0000000000197543/TRONROUT0000000000197546/TRONROUT0000000000198363/TRONROUT0000000289391289","INSEEDBAN":null,"COMDEL_BAN":null,"DATE_CREAT":"2023-12-08T13:42:59","DATE_MAJ":"2024-03-12T16:10:18","NOM_NORMA":"AV LAMORICIERE","ID_BAN_ODO":null,"Nom_a_verifier":false,"other_tags":"nan"},"geometry":{"type":"MultiLineString","coordinates":[[[2.411765653967111,48.844233452123476],[2.411690144444843,48.844162931059522]],[[2.412426800391344,48.846021021624807],[2.412450846182087,48.845942895887262],[2.412485433557663,48.845775785811611],[2.412513562731,48.845577166574188],[2.412497755402857,48.845408010251745],[2.412451323186386,48.84529626221812],[2.412424538549215,48.845254760343231]],[[2.412403112898106,48.845221378976838],[2.412187576500997,48.844880363908487],[2.411999100786751,48.84455656909671],[2.411765653967111,48.844233452123476]],[[2.412424538549215,48.845254760343231],[2.412403112898106,48.845221378976838]]]}},
{"type":"Feature","properties":{"ID":"VOIE_NOM0000002338741694","ID_BAN":"75112_2966","name":"Rue Dugommier","INSEE_COM":"75112","NOM_COM":"Paris 12e Arrondissement","SRC_BAN":"commune","NOM_COLL":"R DUGOMMIER","TYPE_VOIE":"rue","MOT_DIR":"Dugommier","LD_BAN":null,"ID_SUPP":"TRONROUT0000000000200150/TRONROUT0000000000200966/TRONROUT0000000000200972/TRONROUT0000000289219324/TRONROUT0000002000696321","INSEEDBAN":null,"COMDEL_BAN":null,"DATE_CREAT":"2023-12-08T13:42:59","DATE_MAJ":"2024-03-12T16:10:18","NOM_NORMA":"R DUGOMMIER","ID_BAN_ODO":null,"Nom_a_verifier":false,"other_tags":"\"wikipedia\"=>\"fr:Rue_Dugommier_(Paris)\""},"geometry":{"type":"MultiLineString","coordinates":[[[2.390113178947813,48.8390571343038],[2.390090696754805,48.839115478197051]],[[2.390090696754805,48.839115478197051],[2.390051497501522,48.839205214506237],[2.390008116213331,48.839303023725655]],[[2.392408176899334,48.840291045275421],[2.392505694532625,48.840341005386449]],[[2.390008116213331,48.839303023725655],[2.39011810169979,48.839335062192852],[2.390211780677055,48.839363419986483],[2.390329804034901,48.839407190930984],[2.39172219366497,48.839996166120763]],[[2.39172219366497,48.839996166120763],[2.392408176899334,48.840291045275421]]]}},
{"type":"Feature","properties":{"ID":"VOIE_NOM0000002338741710","ID_BAN":"75112_2022","name":"Rue Chrétien de Troyes","INSEE_COM":"75112","NOM_COM":"Paris 12e Arrondissement","SRC_BAN":"commune","NOM_COLL":"R CHRETIEN DE TROYES","TYPE_VOIE":"rue","MOT_DIR":"Troyes","LD_BAN":null,"ID_SUPP":"TRONROUT0000000000198480/TRONROUT0000000000198484/TRONROUT0000000000198495/TRONROUT0000000289219278/TRONROUT0000000351733128","INSEEDBAN":null,"COMDEL_BAN":null,"DATE_CREAT":"2023-12-08T13:42:59","DATE_MAJ":"2024-03-12T16:10:18","NOM_NORMA":"R CHRETIEN DE TROYES","ID_BAN_ODO":null,"Nom_a_verifier":false,"other_tags":"\"wikipedia\"=>\"fr:Rue_Chr%C3%A9tien-de-Troyes\""},"geometry":{"type":"MultiLineString","coordinates":[[[2.379800729009935,48.843631323612946],[2.379648495532598,48.8437141746926],[2.379530581239957,48.843775618960294]],[[2.379530581239957,48.843775618960294],[2.379068341029399,48.844031336674696],[2.379009238557031,48.844074199122289],[2.378973416650972,48.844107289447578]],[[2.380451391246126,48.844832640682498],[2.38038235099086,48.844794510082139]],[[2.37977776426372,48.844530563317974],[2.379149924389534,48.844274586958846],[2.379072699991664,48.844237312460436],[2.379014658124717,48.844191143896907],[2.378973416650972,48.844107289447578]],[[2.38038235099086,48.844794510082139],[2.380080078256215,48.844660738484109],[2.37977776426372,48.844530563317974]]]}},
{"type":"Feature","properties":{"ID":"VOIE_NOM0000002338741713","ID_BAN":"75112_0881","name":"Rue de Bercy","INSEE_COM":"75112","NOM_COM":"Paris 12e Arrondissement","SRC_BAN":"commune","NOM_COLL":"R DE BERCY","TYPE_VOIE":"rue","MOT_DIR":"Bercy","LD_BAN":null,"ID_SUPP":"TRONROUT0000000000196856/TRONROUT0000000000196859/TRONROUT0000000000197738/TRONROUT0000000000197739/TRONROUT0000000000197741/TRONROUT0000000000197748/TRONROUT0000000000197749/TRONROUT0000000000198513/TRONROUT0000000000198514/TRONROUT0000000000199319/TRON","INSEEDBAN":null,"COMDEL_BAN":null,"DATE_CREAT":"2023-12-08T13:42:59","DATE_MAJ":"2024-03-12T16:10:18","NOM_NORMA":"R DE BERCY","ID_BAN_ODO":null,"Nom_a_verifier":false,"other_tags":"\"wikipedia\"=>\"fr:Rue_de_Bercy\""},"geometry":{"type":"MultiLineString","coordinates":[[[2.386098006298313,48.835700855788758],[2.385783751176258,48.83589350529526],[2.385741233652147,48.835917569807755],[2.385609540928395,48.835994238810628],[2.385062140488189,48.836316995845756]],[[2.383191557355281,48.837008868721405],[2.382606974157369,48.837478018932018]],[[2.385062140488189,48.836316995845756],[2.385036065547671,48.836333050352138],[2.384252596267139,48.836802085446756],[2.383596852595472,48.837183635883058],[2.383548841118893,48.837211268743374]],[[2.383191557355281,48.837008868721405],[2.383548841118893,48.837211268743374]],[[2.383548841118893,48.837211268743374],[2.383151092119285,48.837434958580317],[2.382681975692399,48.837702347594536],[2.382655920628453,48.837716602944852]],[[2.382606974157369,48.837478018932018],[2.382488661946254,48.837574539500956],[2.382450143331432,48.837605818376332],[2.382433645994652,48.837618324295839],[2.38218606773892,48.837815805192747]],[[2.380535490966006,48.839132930056437],[2.380909659918042,48.838831781889532],[2.381096812182529,48.838675361836394],[2.381162611912186,48.838641526468848],[2.381228400880267,48.838608590371891]],[[2.379593457083153,48.839867323882096],[2.379786013116401,48.839715430822459],[2.380305748417252,48.839318807517593],[2.380535490966006,48.839132930056437]],[[2.379223780174092,48.840247634892307],[2.379328598168808,48.840141154723909],[2.379426657222219,48.840030142581753],[2.379459826168744,48.83999074271911],[2.3795025961581,48.839945996475883],[2.379593457083153,48.839867323882096]],[[2.379223780174092,48.840247634892307],[2.379161657346172,48.840315663995732],[2.379102484171566,48.840364821775637],[2.379022778154242,48.840421967194189]],[[2.382655920628453,48.837716602944852],[2.382631227900609,48.837730865320708],[2.382566760666441,48.837767406481632],[2.382433728212173,48.837841366903348],[2.382167630191604,48.837991985213428],[2.381796138188216,48.83818342898639]],[[2.38218606773892,48.837815805192747],[2.382037472971983,48.837938250425267],[2.381796138188216,48.83818342898639]],[[2.381796138188216,48.83818342898639],[2.381644923415771,48.838296866528033],[2.381228400880267,48.838608590371891]],[[2.377532758023189,48.841515940858898],[2.377610675333872,48.841494761607898],[2.377767314999017,48.841384955059219],[2.378402223994034,48.840930480986309],[2.378550674989555,48.840821530184662]],[[2.37619845259695,48.842231177194869],[2.376423328262026,48.842112734645148]],[[2.375688372339626,48.842499223791272],[2.375965390321015,48.842350475970171],[2.37619845259695,48.842231177194869]],[[2.372233475676607,48.844489414292283],[2.372335374822305,48.844400912403984],[2.372439912032221,48.84431961913613]],[[2.372233475676607,48.844489414292283],[2.37217283119921,48.844546655030641],[2.371970296437092,48.844731759284691],[2.371828373070469,48.844862320556906],[2.371716760933254,48.844965160717081],[2.371456356207724,48.845203022278547],[2.371260846085631,48.845370174985824],[2.37119066166518,48.845427365054789],[2.371175467446069,48.845444373002557],[2.371144417032808,48.845533246273924]],[[2.373102823613688,48.84392287985542],[2.373239983173675,48.843848052326315],[2.373678904087899,48.843607523978939],[2.373728267578175,48.843581700977651],[2.37417274196788,48.843332206258587],[2.374511588102517,48.843141515380196],[2.374665222932256,48.843055980006042],[2.375106866345589,48.842814561189208],[2.375558086098445,48.84256959325711],[2.375688372339626,48.842499223791272]],[[2.373102823613688,48.84392287985542],[2.37282846002332,48.844076131637465],[2.372703594396802,48.844148325072148],[2.372439912032221,48.84431961913613]],[[2.36995162469093,48.846474893929027],[2.370065686064221,48.846395451717981]],[[2.369860955170043,48.846535572724918],[2.36995162469093,48.846474893929027]],[[2.367638254286907,48.848011381936651],[2.36776118440629,48.847987748987705],[2.367807742468948,48.847969108521966],[2.368000253723217,48.847826228530238],[2.368597980459603,48.847417479046513]],[[2.369407462934894,48.846850656525554],[2.369551742172705,48.846751588226276],[2.369860955170043,48.846535572724918]],[[2.368597980459603,48.847417479046513],[2.368852218294411,48.84724074781068],[2.368937418054673,48.847181839668202],[2.369169688844161,48.847018482220619],[2.369407462934894,48.846850656525554]],[[2.370831111343453,48.845863462192398],[2.371027607374565,48.845727792965924],[2.371104605160192,48.845670638821332],[2.371111591576562,48.845656285814719],[2.371144417032808,48.845533246273924]],[[2.370065686064221,48.846395451717981],[2.370532915513083,48.846070544676593],[2.370831111343453,48.845863462192398]],[[2.377080161973272,48.841763607290346],[2.377425713583942,48.84158013780327],[2.377532758023189,48.841515940858898]],[[2.376423328262026,48.842112734645148],[2.377080161973272,48.841763607290346]],[[2.379314863162865,48.840493633297989],[2.379334258349036,48.840466753080378],[2.379345478990904,48.840439830446435],[2.379356881670942,48.840397619605376],[2.379358586771416,48.840368848875016],[2.37935474581809,48.840348143625484],[2.379341539288284,48.840312999993593]],[[2.378774529399029,48.840559179958412],[2.378796746200854,48.840524220225639],[2.378836642304669,48.840492050376945],[2.37885604845434,48.840464270930731],[2.378859169840997,48.840431010752894],[2.378847283173447,48.840399471368031],[2.378801389643161,48.840363258580062],[2.378766588459734,48.840310914865057]],[[2.378774529399029,48.840559179958412],[2.378834604658918,48.840548699584268],[2.379022778154242,48.840421967194189]],[[2.378550674989555,48.840821530184662],[2.378800759622931,48.840644755530732],[2.378861145781026,48.840608195270711],[2.378922765682523,48.840582433724919],[2.378982862370001,48.840570154664491],[2.379172592816362,48.840541460551712],[2.379314863162865,48.840493633297989]],[[2.377532758023189,48.841515940858898],[2.377536127347511,48.841461996727816],[2.37769147979107,48.841345888048849],[2.378320885608012,48.840895882569363],[2.378654915717473,48.840649394252239],[2.378774529399029,48.840559179958412]]]}},
{"type":"Feature","properties":{"ID":"VOIE_NOM0000002338741717","ID_BAN":"75112_0740","name":"Rue Baulant","INSEE_COM":"75112","NOM_COM":"Paris 12e Arrondissement","SRC_BAN":"commune","NOM_COLL":"R BAULANT","TYPE_VOIE":"rue","MOT_DIR":"Baulant","LD_BAN":null,"ID_SUPP":"TRONROUT0000000000200188/TRONROUT0000000000200191","INSEEDBAN":null,"COMDEL_BAN":null,"DATE_CREAT":"2023-12-08T13:42:59","DATE_MAJ":"2024-03-12T16:10:18","NOM_NORMA":"R BAULANT","ID_BAN_ODO":null,"Nom_a_verifier":false,"other_tags":"nan"},"geometry":{"type":"MultiLineString","coordinates":[[[2.386819587991096,48.840953238217317],[2.386309525495328,48.840762656209328]],[[2.387373072602351,48.841159329508983],[2.386819587991096,48.840953238217317]]]}},
{"type":"Feature","properties":{"ID":"VOIE_NOM0000002338741720","ID_BAN":"75112_5009","name":"Rue Jorge Semprun","INSEE_COM":"75112","NOM_COM":"Paris 12e Arrondissement","SRC_BAN":"commune","NOM_COLL":"R JORGE SEMPRUN","TYPE_VOIE":"rue","MOT_DIR":"Semprun","LD_BAN":null,"ID_SUPP":"TRONROUT0000000305439355/TRONROUT0000000305439357/TRONROUT0000000351855301","INSEEDBAN":null,"COMDEL_BAN":null,"DATE_CREAT":"2023-12-08T13:42:59","DATE_MAJ":"2024-03-12T16:10:18","NOM_NORMA":"R JORGE SEMPRUN","ID_BAN_ODO":null,"Nom_a_verifier":false,"other_tags":"nan"},"geometry":{"type":"MultiLineString","coordinates":[[[2.384451711606443,48.842322494789315],[2.384329001590847,48.842213940140056],[2.384226675934443,48.842109987080384],[2.38416488451776,48.84203502211799],[2.384045793466909,48.841850939521436],[2.384020512592748,48.841799545816691],[2.384025280190207,48.84174201131011],[2.384061235425951,48.841697228429574],[2.384300480339652,48.84151409115605]],[[2.386513673892199,48.840550554810456],[2.386229163868973,48.840413291844911],[2.385975641321623,48.84030586616263],[2.385756737142315,48.840266969153348],[2.385596205156366,48.840246358791546],[2.385553874828329,48.84025423562003],[2.385521038996129,48.840265758650588],[2.385467226118982,48.840323041336006],[2.385313887073288,48.8405012263812],[2.385032058560255,48.840829843374848],[2.384747788243511,48.841134164328992]],[[2.384300480339652,48.84151409115605],[2.384611154706161,48.841281856027251],[2.384747788243511,48.841134164328992]]]}},
{"type":"Feature","properties":{"ID":"VOIE_NOM0000002338741737","ID_BAN":"75112_9639","name":"Rue de la Véga","INSEE_COM":"75112","NOM_COM":"Paris 12e Arrondissement","SRC_BAN":"commune","NOM_COLL":"R DE LA VEGA","TYPE_VOIE":"rue","MOT_DIR":"Véga","LD_BAN":null,"ID_SUPP":"TRONROUT0000000000200917/TRONROUT0000000000201722/TRONROUT0000000289219352/TRONROUT0000000305442486","INSEEDBAN":null,"COMDEL_BAN":null,"DATE_CREAT":"2023-12-08T13:42:59","DATE_MAJ":"2024-03-12T16:10:18","NOM_NORMA":"R DE LA VEGA","ID_BAN_ODO":null,"Nom_a_verifier":false,"other_tags":"\"wikipedia\"=>\"fr:Rue_de_la_V%C3%A9ga\""},"geometry":{"type":"MultiLineString","coordinates":[[[2.404068529132845,48.836469858246176],[2.404112868847394,48.836524040908195]],[[2.404752252328595,48.839827880524567],[2.40475379247016,48.840050929446228]],[[2.404112868847394,48.836524040908195],[2.404818342741414,48.837381048152444],[2.405053139746311,48.837698791576294],[2.405286844037455,48.837993145605012],[2.405325275154928,48.838087769616195]],[[2.405325275154928,48.838087769616195],[2.405330191074902,48.838134560844679],[2.405313329682644,48.838179445083419],[2.405013713382593,48.838526907283168],[2.404929243022619,48.838646102107084],[2.404903991227968,48.838709831108794],[2.404888070676041,48.838791593742172],[2.4047989988485,48.839313679093365],[2.404785248168213,48.839444017924905],[2.404752252328595,48.839827880524567]]]}},
{"type":"Feature","properties":{"ID":"VOIE_NOM0000002338741746","ID_BAN":"75112_1951","name":"Passage Chaussin","INSEE_COM":"75112","NOM_COM":"Paris 12e Arrondissement","SRC_BAN":"commune","NOM_COLL":"PAS CHAUSSIN","TYPE_VOIE":"passage","MOT_DIR":"Chaussin","LD_BAN":null,"ID_SUPP":"TRONROUT0000000000200921","INSEEDBAN":null,"COMDEL_BAN":null,"DATE_CREAT":"2023-12-08T13:42:59","DATE_MAJ":"2024-03-12T16:10:18","NOM_NORMA":"PAS CHAUSSIN","ID_BAN_ODO":null,"Nom_a_verifier":false,"other_tags":"nan"},"geometry":{"type":"MultiLineString","coordinates":[[[2.400637453597157,48.839243435102631],[2.401353999682981,48.839253318760022],[2.402300924525191,48.839252657773258],[2.402574744857064,48.839255824358958]]]}},
{"type":"Feature","properties":{"ID":"VOIE_NOM0000002338741781","ID_BAN":"75112_9256","name":"Rue Théophile Roussel","INSEE_COM":"75112","NOM_COM":"Paris 12e Arrondissement","SRC_BAN":"commune","NOM_COLL":"R THEOPHILE ROUSSEL","TYPE_VOIE":"rue","MOT_DIR":"Roussel","LD_BAN":null,"ID_SUPP":"TRONROUT0000000000196003/TRONROUT0000000000196004/TRONROUT0000000000196010","INSEEDBAN":null,"COMDEL_BAN":null,"DATE_CREAT":"2023-12-08T13:42:59","DATE_MAJ":"2024-03-12T16:10:18","NOM_NORMA":"R THEOPHILE ROUSSEL","ID_BAN_ODO":null,"Nom_a_verifier":false,"other_tags":"\"wikipedia\"=>\"fr:Rue_Th%C3%A9ophile-Roussel\""},"geometry":{"type":"MultiLineString","coordinates":[[[2.37577650359127,48.850385247766077],[2.375866257379702,48.850401005014781],[2.375919369615601,48.850403980122557],[2.375978212579351,48.850383601891451],[2.376558779381049,48.850039477757853]],[[2.377017233729537,48.849763965267435],[2.377628033694707,48.84939750937761]],[[2.376558779381049,48.850039477757853],[2.377017233729537,48.849763965267435]]]}},
{"type":"Feature","properties":{"ID":"VOIE_NOM0000002338741791","ID_BAN":"75112_8465","name":"Rue du Sahel","INSEE_COM":"75112","NOM_COM":"Paris 12e Arrondissement","SRC_BAN":"commune","NOM_COLL":"R DU SAHEL","TYPE_VOIE":"rue","MOT_DIR":"Sahel","LD_BAN":null,"ID_SUPP":"TRONROUT0000000000200045/TRONROUT0000000000200055/TRONROUT0000000000200056/TRONROUT0000000000200057/TRONROUT0000000000200087/TRONROUT0000000000200114/TRONROUT0000000000200120/TRONROUT0000000357500137","INSEEDBAN":null,"COMDEL_BAN":null,"DATE_CREAT":"2023-12-08T13:42:59","DATE_MAJ":"2024-03-12T16:10:18","NOM_NORMA":"R DU SAHEL","ID_BAN_ODO":null,"Nom_a_verifier":false,"other_tags":"\"wikipedia\"=>\"fr:Rue_du_Sahel\""},"geometry":{"type":"MultiLineString","coordinates":[[[2.407554961217683,48.840660211250551],[2.407782660781212,48.840646049625732],[2.408014243221665,48.84064989396461],[2.408213076318291,48.840658072641673],[2.408431024332968,48.840662748081179],[2.408606757448393,48.840665415712145],[2.408772933165134,48.840669834566938],[2.408911829698155,48.840676816478336],[2.409027401790205,48.840698072744985]],[[2.40738040654769,48.840673736375948],[2.407554961217683,48.840660211250551]],[[2.40738040654769,48.840673736375948],[2.40646254868218,48.840751926809347]],[[2.402301757114098,48.841081060687792],[2.401037359017075,48.841197948740671]],[[2.404696524648475,48.840889746867767],[2.405393355250677,48.840838351664608],[2.405867902820021,48.84080383579321]],[[2.402301757114098,48.841081060687792],[2.403345053730432,48.840996332987942],[2.404076009714839,48.840939719497811],[2.404696524648475,48.840889746867767]],[[2.40646254868218,48.840751926809347],[2.406127041907749,48.840780839870121]],[[2.406127041907749,48.840780839870121],[2.405867902820021,48.84080383579321]]]}},
{"type":"Feature","properties":{"ID":"VOIE_NOM0000002338741799","ID_BAN":"75112_0122","name":"Rue Albert Malet","INSEE_COM":"75112","NOM_COM":"Paris 12e Arrondissement","SRC_BAN":"commune","NOM_COLL":"R ALBERT MALET","TYPE_VOIE":"rue","MOT_DIR":"Malet","LD_BAN":null,"ID_SUPP":"TRONROUT0000000000199211/TRONROUT0000000000200028/TRONROUT0000000000200038","INSEEDBAN":null,"COMDEL_BAN":null,"DATE_CREAT":"2023-12-08T13:42:59","DATE_MAJ":"2024-03-12T16:10:18","NOM_NORMA":"R ALBERT MALET","ID_BAN_ODO":null,"Nom_a_verifier":false,"other_tags":"\"wikipedia\"=>\"fr:Rue_Albert-Malet\""},"geometry":{"type":"MultiLineString","coordinates":[[[2.41082989161602,48.842395059053302],[2.410798422363401,48.842286081810045],[2.410763008173331,48.842164494109738],[2.410657620228739,48.84208573084986]],[[2.410232031992761,48.841043975436648],[2.410232267216723,48.840902777294637],[2.410227154468976,48.840752559180423]],[[2.410657620228739,48.84208573084986],[2.410779408459876,48.84191905023706],[2.410825803182117,48.841792469287817],[2.410831496793044,48.841650398772295],[2.410787969238001,48.841523374900383],[2.410701067199612,48.841376351452922],[2.410613657168349,48.841274293335353],[2.410436611013103,48.841146611375528],[2.410232031992761,48.841043975436648]]]}},
{"type":"Feature","properties":{"ID":"VOIE_NOM0000002338741810","ID_BAN":"75112_4795","name":"Rue Jacques Hillairet","INSEE_COM":"75112","NOM_COM":"Paris 12e Arrondissement","SRC_BAN":"commune","NOM_COLL":"R JACQUES HILLAIRET","TYPE_VOIE":"rue","MOT_DIR":"Hillairet","LD_BAN":null,"ID_SUPP":"TRONROUT0000000000198426/TRONROUT0000000000199273/TRONROUT0000000000199275/TRONROUT0000000000199279/TRONROUT0000000211722144/TRONROUT0000002321437398","INSEEDBAN":null,"COMDEL_BAN":null,"DATE_CREAT":"2023-12-08T13:42:59","DATE_MAJ":"2024-03-12T16:10:18","NOM_NORMA":"R JACQUES HILLAIRET","ID_BAN_ODO":null,"Nom_a_verifier":false,"other_tags":"\"wikipedia\"=>\"fr:Rue_Jacques-Hillairet\""},"geometry":{"type":"MultiLineString","coordinates":[[[2.38685775891016,48.84245716387052],[2.38673559123231,48.842417865192431],[2.386645445734879,48.842436289583226],[2.386332613293097,48.842504835265302],[2.385995382572047,48.842562462592063]],[[2.38685775891016,48.84245716387052],[2.386174572872188,48.842619142452605]],[[2.390185551194083,48.844283682967188],[2.390077149286307,48.844231866961266],[2.390046106000965,48.844206526672266],[2.389775495256099,48.843694311304837],[2.389614315359309,48.843611647436745]],[[2.389614315359309,48.843611647436745],[2.388990873667347,48.843326066312464]],[[2.388303771206155,48.843008678774453],[2.387166744537098,48.842483929210502],[2.387060735880079,48.842460902115292],[2.386969524128739,48.842454139222326],[2.38685775891016,48.84245716387052]],[[2.388303771206155,48.843008678774453],[2.388348490599293,48.843029592681603],[2.388990873667347,48.843326066312464]]]}},
{"type":"Feature","properties":{"ID":"VOIE_NOM0000002338741815","ID_BAN":"75112_3269","name":"Rue Emilio Castelar","INSEE_COM":"75112","NOM_COM":"Paris 12e Arrondissement","SRC_BAN":"commune","NOM_COLL":"R EMILIO CASTELAR","TYPE_VOIE":"rue","MOT_DIR":"Castelar","LD_BAN":null,"ID_SUPP":"TRONROUT0000000000196002/TRONROUT0000000000196012/TRONROUT0000000000196014","INSEEDBAN":null,"COMDEL_BAN":null,"DATE_CREAT":"2023-12-08T13:42:59","DATE_MAJ":"2024-03-12T16:10:18","NOM_NORMA":"R EMILIO CASTELAR","ID_BAN_ODO":null,"Nom_a_verifier":false,"other_tags":"\"wikipedia\"=>\"fr:Rue_%C3%89milio-Castelar\""},"geometry":{"type":"MultiLineString","coordinates":[[[2.375962702000403,48.84906146980417],[2.375120774278935,48.849155105232867],[2.374917383754321,48.849183721506684],[2.374787737918173,48.849199232491564]],[[2.37727704699665,48.848891144988627],[2.376688802015119,48.848967225083911],[2.376542762484194,48.848986249980527],[2.376479951748595,48.848996714921689]],[[2.376479951748595,48.848996714921689],[2.375962702000403,48.84906146980417]]]}},
{"type":"Feature","properties":{"ID":"VOIE_NOM0000002338741821","ID_BAN":"75112_1695","name":"Rue de Châlon","INSEE_COM":"75112","NOM_COM":"Paris 12e Arrondissement","SRC_BAN":"commune","NOM_COLL":"R DE CHALON","TYPE_VOIE":"rue","MOT_DIR":"Châlon","LD_BAN":null,"ID_SUPP":"TRONROUT0000000000197703/TRONROUT0000000000197717/TRONROUT0000000000197730/TRONROUT0000000000198500/TRONROUT0000000000198501/TRONROUT0000000000198502/TRONROUT0000000000198505/TRONROUT0000000000198507/TRONROUT0000000224528241/TRONROUT0000000351733122/TRON","INSEEDBAN":null,"COMDEL_BAN":null,"DATE_CREAT":"2023-12-08T13:42:59","DATE_MAJ":"2024-03-12T16:10:18","NOM_NORMA":"R DE CHALON","ID_BAN_ODO":null,"Nom_a_verifier":false,"other_tags":"\"wikipedia\"=>\"fr:Rue_de_Chalon\""},"geometry":{"type":"MultiLineString","coordinates":[[[2.378786702100518,48.843424605838152],[2.378792945312943,48.843358085661457],[2.37878813847894,48.843304099133434],[2.378766767334205,48.843268013776246],[2.378713093030658,48.843198484351227]],[[2.378988189576605,48.843324923694027],[2.378786702100518,48.843424605838152]],[[2.378786702100518,48.843424605838152],[2.377191563057925,48.844299482717453]],[[2.374416999932121,48.845572887579657],[2.374313717879565,48.845663182624882],[2.374275004821355,48.845709746766119],[2.374227867976467,48.84577695206351],[2.374202542789599,48.845843372076345]],[[2.375760188314527,48.844921573483909],[2.375600297362219,48.844960310851128],[2.37546736598426,48.845023471422898],[2.375230115670653,48.84514994154452],[2.375023303967246,48.845237897799279]],[[2.375023303967246,48.845237897799279],[2.374958832898814,48.845273535312259],[2.374844986405823,48.845335895533616],[2.374416999932121,48.845572887579657]],[[2.377191563057925,48.844299482717453],[2.377069503230305,48.84436539976123]],[[2.375689018817104,48.844833964333056],[2.377009949971935,48.844331813375454],[2.377191563057925,48.844299482717453]],[[2.375836501179285,48.844921072295215],[2.376058648611169,48.844917734301674],[2.376870657845404,48.844471387893755],[2.377069503230305,48.84436539976123]],[[2.377069503230305,48.84436539976123],[2.376782222720029,48.844460134926152],[2.376715200847408,48.844481370371611],[2.376641280235332,48.844509764702686],[2.37636825420752,48.844665729529055],[2.376000662494726,48.844867067792556],[2.375951298912941,48.844892891701704],[2.375836501179285,48.844921072295215]],[[2.375836501179285,48.844921072295215],[2.375760188314527,48.844921573483909]],[[2.375023303967246,48.845237897799279],[2.37509113625747,48.845149215668457],[2.375689018817104,48.844833964333056]]]}},
{"type":"Feature","properties":{"ID":"VOIE_NOM0000002338741849","ID_BAN":"75112_6277","name":"Sentier des Merisiers","INSEE_COM":"75112","NOM_COM":"Paris 12e Arrondissement","SRC_BAN":"commune","NOM_COLL":"SEN DES MERISIERS","TYPE_VOIE":"sentier","MOT_DIR":"Merisiers","LD_BAN":null,"ID_SUPP":"TRONROUT0000000000199206","INSEEDBAN":null,"COMDEL_BAN":null,"DATE_CREAT":"2023-12-08T13:42:59","DATE_MAJ":"2024-03-12T16:10:18","NOM_NORMA":"SEN DES MERISIERS","ID_BAN_ODO":null,"Nom_a_verifier":false,"other_tags":"nan"},"geometry":{"type":"MultiLineString","coordinates":[[[2.40924966380391,48.843808250004123],[2.40919180315784,48.843623596189445],[2.409121062188174,48.843373225654169],[2.409161665606618,48.843277195017507],[2.409376070266755,48.843114570788053],[2.409590412462965,48.842957341991365],[2.409754288167328,48.842924874446503]]]}},
{"type":"Feature","properties":{"ID":"VOIE_NOM0000002338741852","ID_BAN":"75112_6212","name":"Rue Maurice Denis","INSEE_COM":"75112","NOM_COM":"Paris 12e Arrondissement","SRC_BAN":"commune","NOM_COLL":"R MAURICE DENIS","TYPE_VOIE":"rue","MOT_DIR":"Denis","LD_BAN":null,"ID_SUPP":"TRONROUT0000000000198490","INSEEDBAN":null,"COMDEL_BAN":null,"DATE_CREAT":"2023-12-08T13:42:59","DATE_MAJ":"2024-03-12T16:10:18","NOM_NORMA":"R MAURICE DENIS","ID_BAN_ODO":null,"Nom_a_verifier":false,"other_tags":"\"wikipedia\"=>\"fr:Rue_Maurice-Denis\""},"geometry":{"type":"MultiLineString","coordinates":[[[2.3785985367857,48.844921060983509],[2.379034499247181,48.844470048060977]]]}},
{"type":"Feature","properties":{"ID":"VOIE_NOM0000002338741854","ID_BAN":"75112_6477","name":"Rue de Montempoivre","INSEE_COM":"75112","NOM_COM":"Paris 12e Arrondissement","SRC_BAN":"commune","NOM_COLL":"R DE MONTEMPOIVRE","TYPE_VOIE":"rue","MOT_DIR":"Montempoivre","LD_BAN":null,"ID_SUPP":"TRONROUT0000000000200041/TRONROUT0000000000200049/TRONROUT0000000000200051/TRONROUT0000000000200054/TRONROUT0000000000200059/TRONROUT0000000000200089/TRONROUT0000000000200090/TRONROUT0000002009866982/TRONROUT0000002489933145","INSEEDBAN":null,"COMDEL_BAN":null,"DATE_CREAT":"2023-12-08T13:42:59","DATE_MAJ":"2025-05-14T21:46:56","NOM_NORMA":"R DE MONTEMPOIVRE","ID_BAN_ODO":null,"Nom_a_verifier":false,"other_tags":"\"wikipedia\"=>\"fr:Rue_de_Montempoivre\""},"geometry":{"type":"MultiLineString","coordinates":[[[2.406652178802568,48.840132309597657],[2.406134890997054,48.84009196954247]],[[2.406134890997054,48.84009196954247],[2.405908781335627,48.840086350011099],[2.405467543542073,48.840067969366935]],[[2.406873955878696,48.840159490869503],[2.407174354494548,48.84022213640624],[2.407368761130682,48.840259973423365],[2.407549482507559,48.840303138500758]],[[2.406873955878696,48.840159490869503],[2.406811376810854,48.840151086330984]],[[2.406811376810854,48.840151086330984],[2.406652178802568,48.840132309597657]],[[2.407549482507559,48.840303138500758],[2.407692230105261,48.840330826174124],[2.407890816738921,48.840360588798561],[2.408039228860241,48.840369417548025],[2.408310320352042,48.840373456826356],[2.408675439476626,48.840376161608198]],[[2.408675439476626,48.840376161608198],[2.408913843097919,48.840379138571315]],[[2.40475379247016,48.840050929446228],[2.405071173333901,48.840057904483821],[2.405328608050554,48.840064580687638],[2.405467543542073,48.840067969366935]],[[2.404467192330543,48.840092672240829],[2.40475379247016,48.840050929446228]]]}},
{"type":"Feature","properties":{"ID":"VOIE_NOM0000002338741874","ID_BAN":"75112_4562","name":"Place Henri Frenay","INSEE_COM":"75112","NOM_COM":"Paris 12e Arrondissement","SRC_BAN":"commune","NOM_COLL":"PL HENRI FRENAY","TYPE_VOIE":"place","MOT_DIR":"Frenay","LD_BAN":null,"ID_SUPP":"TRONROUT0000000000197699/TRONROUT0000000230033567/TRONROUT0000000347621214/TRONROUT0000000347621215/TRONROUT0000002009835438/TRONROUT0000002009835439/TRONROUT0000002010472355/TRONROUT0000002341410407","INSEEDBAN":null,"COMDEL_BAN":null,"DATE_CREAT":"2023-12-08T13:42:59","DATE_MAJ":"2024-03-12T16:10:18","NOM_NORMA":"PL HENRI FRENAY","ID_BAN_ODO":null,"Nom_a_verifier":false,"other_tags":"nan"},"geometry":{"type":"MultiLineString","coordinates":[[[2.377145286181244,48.844523182114727],[2.377216191327065,48.844519054459582]],[[2.376040620585791,48.845513015393841],[2.375977964689644,48.845510889879129]],[[2.375829559695472,48.845841978741099],[2.375920457982767,48.84576151074981],[2.375977964689644,48.845510889879129]],[[2.377106161086723,48.845402550816956],[2.376852249054116,48.845213262695992]],[[2.375994620958154,48.845144038654105],[2.376074176021344,48.845100385027003],[2.377145286181244,48.844523182114727]],[[2.377216191327065,48.844519054459582],[2.377269682317005,48.84460387261872],[2.377281300351468,48.844657894606442],[2.377277898320072,48.844714536483465],[2.377256622154523,48.844784575692863],[2.377210411909869,48.84488866071267],[2.377157657475926,48.844970227678708],[2.377096899611168,48.845037363213358],[2.377041785254246,48.845088339653437],[2.376982658415013,48.845132999663583],[2.376852249054116,48.845213262695992]],[[2.375977964689644,48.845510889879129],[2.375865088208712,48.845492313899001],[2.375812088691661,48.845480345736085],[2.37576327380073,48.845460305162135],[2.375724104529228,48.845431321320156],[2.375689141455498,48.845392466475595],[2.375677298668039,48.845357329708492],[2.375685829475329,48.845327695409026],[2.375709262110331,48.845305333736526],[2.375923294873088,48.845183238363163],[2.375994620958154,48.845144038654105]],[[2.376852249054116,48.845213262695992],[2.3767301543918,48.845281877245682],[2.376602673757227,48.845345067454822],[2.376495544993012,48.845415558459933],[2.376380305192908,48.845480610938679],[2.376302306085177,48.845508084425369],[2.376228631360253,48.845515794533895],[2.376116902016592,48.845515211931904],[2.376040620585791,48.845513015393841]]]}},
{"type":"Feature","properties":{"ID":"VOIE_NOM0000002338741915","ID_BAN":"75112_1678","name":"Rue du Chaffault","INSEE_COM":"75112","NOM_COM":"Paris 12e Arrondissement","SRC_BAN":"commune","NOM_COLL":"R DU CHAFFAULT","TYPE_VOIE":"rue","MOT_DIR":"Chaffault","LD_BAN":null,"ID_SUPP":"TRONROUT0000000000197505/TRONROUT0000000000197514","INSEEDBAN":null,"COMDEL_BAN":null,"DATE_CREAT":"2023-12-08T13:42:59","DATE_MAJ":"2024-03-12T16:10:18","NOM_NORMA":"R DU CHAFFAULT","ID_BAN_ODO":null,"Nom_a_verifier":false,"other_tags":"\"wikipedia\"=>\"fr:Rue_du_Chaffault\""},"geometry":{"type":"MultiLineString","coordinates":[[[2.414969330363628,48.84518628983524],[2.414651039234172,48.845136167762902]],[[2.415630178217503,48.845310033175252],[2.414969330363628,48.84518628983524]]]}},
{"type":"Feature","properties":{"ID":"VOIE_NOM0000002338742005","ID_BAN":"75112_0370","name":"Rue Anna Jaclard","INSEE_COM":"75112","NOM_COM":"Paris 12e Arrondissement","SRC_BAN":"commune","NOM_COLL":"R ANNA JACLARD","TYPE_VOIE":"rue","MOT_DIR":"Jaclard","LD_BAN":null,"ID_SUPP":"TRONROUT0000000230033466","INSEEDBAN":null,"COMDEL_BAN":null,"DATE_CREAT":"2023-12-08T13:42:59","DATE_MAJ":"2024-03-12T16:10:18","NOM_NORMA":"R ANNA JACLARD","ID_BAN_ODO":null,"Nom_a_verifier":false,"other_tags":"nan"},"geometry":{"type":"MultiLineString","coordinates":[[[2.384747788243511,48.841134164328992],[2.385004005339322,48.841244304460567],[2.385205980295374,48.841332580619607],[2.385414693940031,48.841427186570662],[2.38555568872967,48.841487268642439]]]}},
{"type":"Feature","properties":{"ID":"VOIE_NOM0000002338742029","ID_BAN":"75112_3345","name":"Rue Ernest Lefébure","INSEE_COM":"75112","NOM_COM":"Paris 12e Arrondissement","SRC_BAN":"commune","NOM_COLL":"R ERNEST LEFEBURE","TYPE_VOIE":"rue","MOT_DIR":"Lefébure","LD_BAN":null,"ID_SUPP":"TRONROUT0000000000201701/TRONROUT0000002000647508","INSEEDBAN":null,"COMDEL_BAN":null,"DATE_CREAT":"2023-12-08T13:42:59","DATE_MAJ":"2024-03-12T16:10:18","NOM_NORMA":"R ERNEST LEFEBURE","ID_BAN_ODO":null,"Nom_a_verifier":false,"other_tags":"\"wikipedia\"=>\"fr:Rue_Ernest-Lef%C3%A9bure\""},"geometry":{"type":"MultiLineString","coordinates":[[[2.408289122620757,48.83732002312005],[2.408425969321599,48.837266738285514],[2.40865729674476,48.837171650409893],[2.408910594081478,48.837061381499481],[2.409106335911345,48.836980506682778],[2.409390761193058,48.836888377752565]],[[2.408163266295858,48.837365267920411],[2.408289122620757,48.83732002312005]]]}},
{"type":"Feature","properties":{"ID":"VOIE_NOM0000002338742033","ID_BAN":"75112_4172","name":"Place Gertrude Stein","INSEE_COM":"75112","NOM_COM":"Paris 12e Arrondissement","SRC_BAN":"commune","NOM_COLL":"PL GERTRUDE STEIN","TYPE_VOIE":"place","MOT_DIR":"Stein","LD_BAN":null,"ID_SUPP":"TRONROUT0000000305439358","INSEEDBAN":null,"COMDEL_BAN":null,"DATE_CREAT":"2023-12-08T13:42:59","DATE_MAJ":"2024-03-12T16:10:18","NOM_NORMA":"PL GERTRUDE STEIN","ID_BAN_ODO":null,"Nom_a_verifier":false,"other_tags":"nan"},"geometry":{"type":"MultiLineString","coordinates":[[[2.384610696658768,48.842013033589545],[2.384794186964511,48.842166868552169]]]}},
{"type":"Feature","properties":{"ID":"VOIE_NOM0000002338742074","ID_BAN":"75112_4030","name":"Rue du Général de Langle de Cary","INSEE_COM":"75112","NOM_COM":"Paris 12e Arrondissement","SRC_BAN":"commune","NOM_COLL":"R DU GENERAL DE LANGLE DE CARY","TYPE_VOIE":"rue","MOT_DIR":"Cary","LD_BAN":null,"ID_SUPP":"TRONROUT0000000000204865/TRONROUT0000000000204873/TRONROUT0000000000205589/TRONROUT0000000000205601/TRONROUT0000000000205608/TRONROUT0000000000205627/TRONROUT0000000317831966/TRONROUT0000002000647503","INSEEDBAN":null,"COMDEL_BAN":null,"DATE_CREAT":"2023-12-08T13:42:59","DATE_MAJ":"2024-03-12T16:10:18","NOM_NORMA":"R DU GENERAL DE LANGLE DE CARY","ID_BAN_ODO":null,"Nom_a_verifier":false,"other_tags":"\"wikipedia\"=>\"fr:Rue_du_G%C3%A9n%C3%A9ral-de-Langle-de-Cary\""},"geometry":{"type":"MultiLineString","coordinates":[[[2.392666424152651,48.826898097972609],[2.392789136427651,48.827004846918491],[2.392834965072518,48.827046450680413],[2.392882009245374,48.827100651791277],[2.392904756079694,48.827135842744134],[2.392926130396907,48.827171926095417],[2.392956620420774,48.827244030558859],[2.392984051296049,48.827344899356049],[2.392991501283781,48.827406993770573],[2.393003855144925,48.827515880359385]],[[2.393635659190425,48.827302337044607],[2.393440022005929,48.827258175137359],[2.393328394390763,48.827252212691768],[2.393302441650672,48.827258376632003],[2.393259986970858,48.827277947412568],[2.393228355624383,48.827303868690073],[2.393142954092167,48.827385278122883],[2.393071361580992,48.827450568894449],[2.393003855144925,48.827515880359385]],[[2.393003855144925,48.827515880359385],[2.392704658083597,48.827825543697926]],[[2.390730655817673,48.829125885980112],[2.390686868057708,48.829142750926664],[2.39057245533755,48.829258186667921],[2.390524192010339,48.829308305426572]],[[2.390730655817673,48.829125885980112],[2.390710608556575,48.82920942524008],[2.390704613482255,48.829256161923972],[2.390709210636562,48.829329034289167],[2.390726203643259,48.829390277994619]],[[2.390524192010339,48.829308305426572],[2.390437126407075,48.829414886689079]],[[2.392704658083597,48.827825543697926],[2.392670197175947,48.827860444156322],[2.392589058273982,48.827926585508678],[2.392484805432975,48.827989011908002],[2.392361482960278,48.828051341325562],[2.392195840719479,48.828121549876677]],[[2.392195840719479,48.828121549876677],[2.391744278585167,48.828413348203483],[2.391452008038938,48.828595332893947],[2.391327173784131,48.828670244714203],[2.391207829645248,48.828741586867878],[2.391069089885522,48.828840710617463],[2.390939905463667,48.828938084122584],[2.390832598614904,48.829028373959538],[2.390730655817673,48.829125885980112]]]}},
{"type":"Feature","properties":{"ID":"VOIE_NOM0000002338742075","ID_BAN":"75112_r636","name":"Avenue des Minimes","INSEE_COM":"75112","NOM_COM":"Paris 12e Arrondissement","SRC_BAN":"commune","NOM_COLL":"AV DES MINIMES","TYPE_VOIE":"avenue","MOT_DIR":"Minimes","LD_BAN":null,"ID_SUPP":"TRONROUT0000000000199124/TRONROUT0000000000199132/TRONROUT0000000000199842/TRONROUT0000000000199843/TRONROUT0000000000199873/TRONROUT0000000000199913/TRONROUT0000000000200782/TRONROUT0000000000201600/TRONROUT0000000000201609/TRONROUT0000000004406710/TRON","INSEEDBAN":null,"COMDEL_BAN":null,"DATE_CREAT":"2023-12-08T13:42:59","DATE_MAJ":"2024-10-08T22:05:18","NOM_NORMA":"AV DES MINIMES","ID_BAN_ODO":null,"Nom_a_verifier":false,"other_tags":"nan"},"geometry":{"type":"MultiLineString","coordinates":[[[2.44660262221979,48.83992358496802],[2.446321668409646,48.839950164940277],[2.44389965681679,48.840160171744365],[2.441474881580997,48.840371915371492],[2.439032316952636,48.840588922619446]],[[2.439032316952636,48.840588922619446],[2.438875482327828,48.840602576757185],[2.438812752328093,48.840607678630242]],[[2.43707709093976,48.840592328749651],[2.437180723185723,48.840584722164031],[2.437516250266646,48.840552124762468],[2.437749458833418,48.840531636545307],[2.43791450691558,48.840514425049321]],[[2.43791450691558,48.840514425049321],[2.438264961654192,48.840487291830875]],[[2.438264961654192,48.840487291830875],[2.438559459569936,48.840468888539419]],[[2.438696819638025,48.840618826338947],[2.438677003003576,48.840561174533534],[2.438650199918818,48.84051967835628],[2.438608352034698,48.840483507707205],[2.438559459569936,48.840468888539419]],[[2.438696819638025,48.840618826338947],[2.438812752328093,48.840607678630242]],[[2.436159483020374,48.840525951560998],[2.436288252497932,48.840587714700519],[2.436403748029163,48.840617038317099],[2.436587569515507,48.840627797155243],[2.4369352522655,48.840605151555927],[2.43707709093976,48.840592328749651]],[[2.434127192507933,48.840850915953276],[2.434369979848756,48.840826882201483],[2.434574706524911,48.840794573852932],[2.434651246876263,48.840772451691151],[2.434707565207231,48.840730448072854],[2.434754404924848,48.840683003498377]],[[2.433610320131455,48.840895236371573],[2.433742594026074,48.840885070297908],[2.434067225681682,48.840852430984341],[2.434127192507933,48.840850915953276]],[[2.427444242380856,48.841580871568446],[2.427303780868215,48.841591890845642],[2.425818628737498,48.841715178374223],[2.425279762847905,48.841775545693913],[2.425182928889207,48.841784074004494]],[[2.425182928889207,48.841784074004494],[2.425095651972973,48.841790849453147],[2.42500427772606,48.841798504500815],[2.424919695918368,48.841807990845574],[2.424829614606771,48.841821947472411],[2.424738150931653,48.841837696097343],[2.424652097345378,48.841857068099195],[2.424534597793657,48.841886181695941],[2.424464863838393,48.841908330137379],[2.424400589618051,48.841929605451639],[2.424347225006843,48.84195003387272]],[[2.427575156761254,48.841570705799498],[2.427444242380856,48.841580871568446]],[[2.428130169985212,48.84152839247848],[2.427575156761254,48.841570705799498]],[[2.428244744502208,48.841517248507472],[2.428130169985212,48.84152839247848]],[[2.430718812462053,48.841293416355832],[2.43063972161067,48.841299335444212],[2.428351124513046,48.841507863981981],[2.428244744502208,48.841517248507472]],[[2.431678889116918,48.841214341206218],[2.431532950269272,48.841228037491554]],[[2.431532950269272,48.841228037491554],[2.430718812462053,48.841293416355832]],[[2.432487613868867,48.841145332708699],[2.432915783985954,48.841114087023179]],[[2.432487613868867,48.841145332708699],[2.432661163349909,48.841098490015227],[2.432902952122404,48.841041178305595]],[[2.432487613868867,48.841145332708699],[2.43233490237445,48.841155400414657]],[[2.43233490237445,48.841155400414657],[2.432248999683828,48.841161288241082]],[[2.432248999683828,48.841161288241082],[2.431678889116918,48.841214341206218]],[[2.433261183552391,48.840925959640238],[2.433433163875439,48.840897994881807],[2.433525917293216,48.840888541220743],[2.433610320131455,48.840895236371573]],[[2.433261183552391,48.840925959640238],[2.433403379476228,48.841005776616491],[2.433522883445893,48.841042316845353]],[[2.433522883445893,48.841042316845353],[2.43348176576499,48.841064606043197],[2.433424416025804,48.841076026069466],[2.433297581584715,48.841087116917308],[2.433067064326528,48.84111030729003],[2.432915783985954,48.841114087023179]],[[2.432902952122404,48.841041178305595],[2.433143690909259,48.840955081716935],[2.433261183552391,48.840925959640238]],[[2.454600371954033,48.836670468438328],[2.455382904835733,48.836620971798617],[2.455482345574294,48.836622323879219]],[[2.455482345574294,48.836622323879219],[2.455544787337719,48.836644192716022],[2.455668214774823,48.836696917247011],[2.455792882734498,48.836761338948591],[2.45591886640254,48.836830263290828]],[[2.454600371954033,48.836670468438328],[2.4539201727283,48.836705138099028],[2.453583337197192,48.836735976767947],[2.453468731465724,48.836751641631224],[2.453390870964843,48.836771071740408],[2.453299217276047,48.836806627209725],[2.45314035610894,48.83688504456935],[2.452958108178414,48.836984939361173],[2.452730722848617,48.83710171517086],[2.45254852060236,48.837197112744448],[2.452392334570073,48.837280038127879],[2.452208721474921,48.837379925505743],[2.452152553199844,48.837409347081881],[2.451952534214791,48.837514555066477]],[[2.451952534214791,48.837514555066477],[2.451763384895338,48.837622510603211],[2.451756525818151,48.837626975955509],[2.45158661903135,48.837718830957705],[2.451334581850707,48.83784718269181],[2.450842651385225,48.838114732583009],[2.450405590212803,48.838346558226192],[2.44966697821507,48.838749671863276],[2.449169448046356,48.839029779971156],[2.448810561064995,48.839211595634751],[2.448542046841738,48.839350657735466],[2.448384609308193,48.839421880378474],[2.448310687350324,48.839454815674046],[2.448224503657169,48.839487694364543],[2.447998840184261,48.83956849469449],[2.447810170656539,48.83962967952575],[2.447356506624494,48.839754393770846],[2.4469357769424,48.839856774653519],[2.446732290382335,48.839901700857126],[2.44660262221979,48.83992358496802]]]}},
{"type":"Feature","properties":{"ID":"VOIE_NOM0000002338742129","ID_BAN":"75112_8322","name":"Rue Roland Barthes","INSEE_COM":"75112","NOM_COM":"Paris 12e Arrondissement","SRC_BAN":"commune","NOM_COLL":"R ROLAND BARTHES","TYPE_VOIE":"rue","MOT_DIR":"Barthes","LD_BAN":null,"ID_SUPP":"TRONROUT0000000000198493/TRONROUT0000000000198504","INSEEDBAN":null,"COMDEL_BAN":null,"DATE_CREAT":"2023-12-08T13:42:59","DATE_MAJ":"2024-03-12T16:10:18","NOM_NORMA":"R ROLAND BARTHES","ID_BAN_ODO":null,"Nom_a_verifier":false,"other_tags":"\"wikipedia\"=>\"fr:Rue_Roland-Barthes\""},"geometry":{"type":"MultiLineString","coordinates":[[[2.377216191327065,48.844519054459582],[2.377381776934546,48.844459659318929],[2.377931927430098,48.844260165553877],[2.378586139571282,48.844018040599082],[2.379427855174725,48.843705835477358],[2.379530581239957,48.843775618960294]],[[2.378973416650972,48.844107289447578],[2.378786558939594,48.844122507755856],[2.378475884115077,48.844236911396195]]]}},
{"type":"Feature","properties":{"ID":"VOIE_NOM0000002338742156","ID_BAN":"75112_9096","name":"Passage Stinville","INSEE_COM":"75112","NOM_COM":"Paris 12e Arrondissement","SRC_BAN":"commune","NOM_COLL":"PAS STINVILLE","TYPE_VOIE":"passage","MOT_DIR":"Stinville","LD_BAN":null,"ID_SUPP":"TRONROUT0000000000198442","INSEEDBAN":null,"COMDEL_BAN":null,"DATE_CREAT":"2023-12-08T13:42:59","DATE_MAJ":"2024-03-12T16:10:18","NOM_NORMA":"PAS STINVILLE","ID_BAN_ODO":null,"Nom_a_verifier":false,"other_tags":"nan"},"geometry":{"type":"MultiLineString","coordinates":[[[2.388666481226366,48.843915287476825],[2.388279783468607,48.844239777732781]]]}},
{"type":"Feature","properties":{"ID":"VOIE_NOM0000002338742158","ID_BAN":"75112_3981","name":"Passage Gatbois","INSEE_COM":"75112","NOM_COM":"Paris 12e Arrondissement","SRC_BAN":"commune","NOM_COLL":"PAS GATBOIS","TYPE_VOIE":"passage","MOT_DIR":"Gatbois","LD_BAN":null,"ID_SUPP":"TRONROUT0000000000198481/TRONROUT0000000000198497/TRONROUT0000000000198498/TRONROUT0000000289219277","INSEEDBAN":null,"COMDEL_BAN":null,"DATE_CREAT":"2023-12-08T13:42:59","DATE_MAJ":"2024-03-12T16:10:18","NOM_NORMA":"PAS GATBOIS","ID_BAN_ODO":null,"Nom_a_verifier":false,"other_tags":"nan"},"geometry":{"type":"MultiLineString","coordinates":[[[2.379034499247181,48.844470048060977],[2.378734785373374,48.844350676017591],[2.378577515507171,48.84428420601089],[2.378530084641542,48.844262375015845],[2.378475884115077,48.844236911396195]],[[2.380095944613588,48.844930628147203],[2.38014997551611,48.844970479858617]],[[2.379034499247181,48.844470048060977],[2.379605296523561,48.844710440083638]],[[2.379605296523561,48.844710440083638],[2.380014727240752,48.844885239374165],[2.380095944613588,48.844930628147203]]]}},
{"type":"Feature","properties":{"ID":"VOIE_NOM0000002338742199","ID_BAN":"75112_2792","name":"Boulevard Diderot","INSEE_COM":"75112","NOM_COM":"Paris 12e Arrondissement","SRC_BAN":"commune","NOM_COLL":"BD DIDEROT","TYPE_VOIE":"boulevard","MOT_DIR":"Diderot","LD_BAN":null,"ID_SUPP":"TRONROUT0000000000196758/TRONROUT0000000000196761/TRONROUT0000000000196766/TRONROUT0000000000196771/TRONROUT0000000000196780/TRONROUT0000000000196781/TRONROUT0000000000196786/TRONROUT0000000000196792/TRONROUT0000000000196802/TRONROUT0000000000196805/TRON","INSEEDBAN":null,"COMDEL_BAN":null,"DATE_CREAT":"2023-12-08T13:42:59","DATE_MAJ":"2024-03-12T16:10:18","NOM_NORMA":"BD DIDEROT","ID_BAN_ODO":null,"Nom_a_verifier":false,"other_tags":"nan"},"geometry":{"type":"MultiLineString","coordinates":[[[2.36849575608044,48.845282763094033],[2.368363752628902,48.845268575845076]],[[2.369694832168274,48.845398808285488],[2.369279603009881,48.845367840425261],[2.368667197184572,48.845303453833871],[2.36849575608044,48.845282763094033]],[[2.370221758310731,48.845433060819495],[2.370006736323683,48.845410344110967],[2.36989503989532,48.845407057794361],[2.369694832168274,48.845398808285488]],[[2.372042509958909,48.845636893076581],[2.372123009085881,48.845628322000714],[2.372222475628681,48.84562884398413],[2.372349052481496,48.845641199774548],[2.372500047121684,48.845662677088058],[2.3726824131703,48.845681620637649]],[[2.371144417032808,48.845533246273924],[2.370613705715971,48.84547379586521],[2.370221758310731,48.845433060819495]],[[2.372042509958909,48.845636893076581],[2.371407042614624,48.845563405926598],[2.371306354685554,48.845551185187652],[2.371144417032808,48.845533246273924]],[[2.375897235852793,48.846107642291706],[2.375788348867897,48.846097181284932]],[[2.37598978282507,48.846117118615311],[2.375897235852793,48.846107642291706]],[[2.37438805855137,48.845940573618719],[2.375694439399786,48.846087697695005]],[[2.375694439399786,48.846087697695005],[2.375788348867897,48.846097181284932]],[[2.374202542789599,48.845843372076345],[2.373942617693552,48.845815031431187],[2.373409153572666,48.845757377780288],[2.3726824131703,48.845681620637649]],[[2.373390337394536,48.845849013740136],[2.372835180805674,48.845782250331006],[2.372756325536893,48.845767447195499],[2.372709101427684,48.845728527196847],[2.3726824131703,48.845681620637649]],[[2.373869256698728,48.845909979442339],[2.373390337394536,48.845849013740136]],[[2.374202542789599,48.845843372076345],[2.37438805855137,48.845940573618719]],[[2.377479991029248,48.846275974086616],[2.377335826912177,48.846252739925987]],[[2.37894965176909,48.846444597190448],[2.378265112116044,48.846370891873406],[2.377726240918752,48.846308732669989],[2.377479991029248,48.846275974086616]],[[2.379661348608326,48.846526533603978],[2.381735242846989,48.84676300753982]],[[2.38499972670281,48.847149468429002],[2.384528831111929,48.847099381024755],[2.384330157779864,48.847075874908008],[2.383781818978646,48.847006499524269]],[[2.385613526382322,48.847214677607298],[2.38499972670281,48.847149468429002]],[[2.3820440380965,48.846807772032676],[2.381735242846989,48.84676300753982]],[[2.383781818978646,48.847006499524269],[2.382441444774734,48.846849395731915],[2.3820440380965,48.846807772032676]],[[2.389071505082845,48.847606517214047],[2.387664395254493,48.847443735252689],[2.38743713621779,48.84741738994105],[2.387424893921882,48.847415528548481],[2.387143183870972,48.847384407089336]],[[2.389071505082845,48.847606517214047],[2.390575295666646,48.84777607055139]],[[2.394344898751075,48.848211613739664],[2.394836211458694,48.848265363050231],[2.395009056331905,48.84828422427546]],[[2.392842540255945,48.848034021052555],[2.392559461006738,48.848002905448908],[2.392227411704937,48.847964345581225],[2.390575295666646,48.84777607055139]],[[2.392842540255945,48.848034021052555],[2.394211549587378,48.848194750246549],[2.394344898751075,48.848211613739664]],[[2.386774405168532,48.84734114709574],[2.385869377004792,48.847242971877215],[2.385613526382322,48.847214677607298]],[[2.386774405168532,48.84734114709574],[2.387143183870972,48.847384407089336]],[[2.37894965176909,48.846444597190448],[2.379353801839459,48.846491662333044]],[[2.379353801839459,48.846491662333044],[2.379661348608326,48.846526533603978]],[[2.376423925743045,48.846162551416292],[2.376321851385882,48.846152126405592],[2.37598978282507,48.846117118615311]],[[2.377335826912177,48.846252739925987],[2.376423925743045,48.846162551416292]]]}},
{"type":"Feature","properties":{"ID":"VOIE_NOM0000002338742223","ID_BAN":"75112_2200","name":"Place du Colonel Bourgoin","INSEE_COM":"75112","NOM_COM":"Paris 12e Arrondissement","SRC_BAN":"commune","NOM_COLL":"PL DU COLONEL BOURGOIN","TYPE_VOIE":"place","MOT_DIR":"Bourgoin","LD_BAN":null,"ID_SUPP":"TRONROUT0000000000197655/TRONROUT0000000000197657/TRONROUT0000000000198450/TRONROUT0000000000198456","INSEEDBAN":null,"COMDEL_BAN":null,"DATE_CREAT":"2023-12-08T13:42:59","DATE_MAJ":"2024-04-11T21:06:03","NOM_NORMA":"PL DU COLONEL BOURGOIN","ID_BAN_ODO":null,"Nom_a_verifier":false,"other_tags":"nan"},"geometry":{"type":"MultiLineString","coordinates":[[[2.383551310795857,48.844951180886447],[2.383492636502821,48.844958073397855],[2.383462415941625,48.844978602886705],[2.383410341510351,48.845003516524187]],[[2.383410341510351,48.845003516524187],[2.383366612525646,48.845014083431181],[2.38331611338343,48.845021017993183],[2.383268392521461,48.845023470067922],[2.383223449952443,48.84502143965873],[2.383177198065149,48.845014905693411],[2.383137833404316,48.845002111718429]],[[2.383137833404316,48.845002111718429],[2.383083672439099,48.844973052991868],[2.383048501911429,48.844951287036864],[2.383020229278231,48.844922361782835],[2.382949239234958,48.844818569498003]],[[2.382949239234958,48.844818569498003],[2.383232210053877,48.844741784542727],[2.38327857876801,48.844738426154777],[2.38333308011305,48.844738707101534],[2.383372497824908,48.844747004499993],[2.383406327095262,48.844766964735115],[2.383443051688537,48.844772550155902]]]}},
{"type":"Feature","properties":{"ID":"VOIE_NOM0000002338742231","ID_BAN":"75112_5533","name":"Place Léonard Bernstein","INSEE_COM":"75112","NOM_COM":"Paris 12e Arrondissement","SRC_BAN":"commune","NOM_COLL":"allée Michel Magne/Place Léonard Bernstein","TYPE_VOIE":"place","MOT_DIR":"Bernstein","LD_BAN":null,"ID_SUPP":"TRONROUT0000000000201800/TRONROUT0000000000201802/TRONROUT0000000000201813/TRONROUT0000000000201815/TRONROUT0000000000201816/TRONROUT0000000000201817/TRONROUT0000000000201823","INSEEDBAN":null,"COMDEL_BAN":null,"DATE_CREAT":"2023-12-08T13:42:59","DATE_MAJ":"2025-09-11T00:08:38","NOM_NORMA":"PL LEONARD BERNSTEIN","ID_BAN_ODO":null,"Nom_a_verifier":false,"other_tags":"nan"},"geometry":{"type":"MultiLineString","coordinates":[[[2.381478864862911,48.837250048014404],[2.381592565023617,48.837312692014798]],[[2.381592565023617,48.837312692014798],[2.38177277011095,48.83716702718332]],[[2.38177277011095,48.83716702718332],[2.381933666946673,48.837041048313338]],[[2.381592565023617,48.837312692014798],[2.381452304432215,48.837421689202621],[2.38218606773892,48.837815805192747]],[[2.381933666946673,48.837041048313338],[2.382606974157369,48.837478018932018]],[[2.380500179651244,48.836716157041444],[2.380990190236403,48.836984006394864]],[[2.380990190236403,48.836984006394864],[2.381210840883179,48.837103864151068],[2.381478864862911,48.837250048014404]]]}},
{"type":"Feature","properties":{"ID":"VOIE_NOM0000002338742232","ID_BAN":"75112_lygxl1","name":"Avenue des Tribunes","INSEE_COM":"75112","NOM_COM":"Paris 12e Arrondissement","SRC_BAN":"commune","NOM_COLL":"AV DES TRIBUNES","TYPE_VOIE":"avenue","MOT_DIR":"Tribunes","LD_BAN":null,"ID_SUPP":"TRONROUT0000000000204728/TRONROUT0000000000204748/TRONROUT0000000000204749/TRONROUT0000000000204764/TRONROUT0000000000205432/TRONROUT0000000000205450/TRONROUT0000000000205465/TRONROUT0000000000206098/TRONROUT0000000000206114/TRONROUT0000000000206133/TRON","INSEEDBAN":null,"COMDEL_BAN":null,"DATE_CREAT":"2023-12-08T13:42:59","DATE_MAJ":"2024-03-12T16:10:18","NOM_NORMA":"AV DES TRIBUNES","ID_BAN_ODO":null,"Nom_a_verifier":false,"other_tags":"nan"},"geometry":{"type":"MultiLineString","coordinates":[[[2.443150767030029,48.824811761387743],[2.441388730458832,48.82489168169689]],[[2.441388730458832,48.82489168169689],[2.440629157747631,48.824974470592728],[2.440105638166046,48.825018787848926]],[[2.440105638166046,48.825018787848926],[2.439404648094711,48.825100044502278],[2.438786594439061,48.825195176828309],[2.438498799318911,48.825231599374924]],[[2.434351031873253,48.826000798859667],[2.433639361768023,48.826185398622769],[2.432773000868544,48.826440310636045]],[[2.430907268509001,48.827028627298574],[2.432383511028913,48.82655807860931],[2.432658225576423,48.826473042821412],[2.432773000868544,48.826440310636045]],[[2.438498799318911,48.825231599374924],[2.437395509234712,48.825356822470233]],[[2.434351031873253,48.826000798859667],[2.434656979619524,48.825924000512728],[2.43547488197246,48.825739896208823],[2.436736587775043,48.825451751940228],[2.437144593993743,48.82538352220088],[2.437395509234712,48.825356822470233]],[[2.426978418936347,48.828801407236256],[2.427364621889669,48.82861349059327],[2.427996209203611,48.828283747179015],[2.428853451448199,48.82787143706841],[2.4293560093555,48.827630107467705]],[[2.426836006727276,48.828869076698133],[2.426978418936347,48.828801407236256]],[[2.421596465918142,48.82953096784582],[2.422318015256489,48.829446317319096],[2.422435826764723,48.829386628737673]],[[2.420297779724313,48.829820571704687],[2.421418988330925,48.829566084060794],[2.421596465918142,48.82953096784582]],[[2.423900562048386,48.829354121206698],[2.42403006440784,48.829345751282673],[2.424353029822849,48.829334715089523],[2.424692459828423,48.829312964825881],[2.424941929098845,48.829296177275396],[2.425194231552602,48.829269509787629],[2.425456078598351,48.829241988254182],[2.425727638620256,48.82919832418591],[2.425984353366796,48.829141997115912],[2.426250780625248,48.829069527486872],[2.426540551274257,48.82898008122568],[2.426836006727276,48.828869076698133]],[[2.423900562048386,48.829354121206698],[2.423593971892635,48.829362537001224],[2.423538094442282,48.829364965783292],[2.423427701663137,48.829369829835827]],[[2.430600788184067,48.827153080004045],[2.430907268509001,48.827028627298574]],[[2.4293560093555,48.827630107467705],[2.429710335818987,48.827490596893789],[2.430600788184067,48.827153080004045]]]}},
{"type":"Feature","properties":{"ID":"VOIE_NOM0000002338742313","ID_BAN":"75112_9215","name":"Avenue des Terroirs de France","INSEE_COM":"75112","NOM_COM":"Paris 12e Arrondissement","SRC_BAN":"commune","NOM_COLL":"AV DES TERROIRS DE FRANCE","TYPE_VOIE":"avenue","MOT_DIR":"France","LD_BAN":null,"ID_SUPP":"TRONROUT0000000000203441/TRONROUT0000000000203456/TRONROUT0000000000204157/TRONROUT0000000000204161/TRONROUT0000000000204162/TRONROUT0000000000204171/TRONROUT0000000000204174/TRONROUT0000000000204175/TRONROUT0000000000204182/TRONROUT0000000000204186/TRON","INSEEDBAN":null,"COMDEL_BAN":null,"DATE_CREAT":"2023-12-08T13:42:59","DATE_MAJ":"2024-03-12T16:10:18","NOM_NORMA":"AV DES TERROIRS DE FRANCE","ID_BAN_ODO":null,"Nom_a_verifier":false,"other_tags":"nan"},"geometry":{"type":"MultiLineString","coordinates":[[[2.386189205064523,48.830270045782775],[2.386525767869555,48.830493916820487]],[[2.386525767869555,48.830493916820487],[2.386621698327849,48.830560962158849]],[[2.386441646055655,48.830696742693789],[2.386589307447758,48.83076675152418],[2.386667826531528,48.830808525177858]],[[2.388257444902141,48.831980448945274],[2.388227719227006,48.83195961144294],[2.388001931612745,48.831813658096785]],[[2.386667826531528,48.830808525177858],[2.386880121821017,48.830942720255557],[2.387310776132721,48.831274995436658],[2.387514415815326,48.831450515913247]],[[2.388001931612745,48.831813658096785],[2.387770992224503,48.831642495622326],[2.387514415815326,48.831450515913247]],[[2.386333170257337,48.830653915812405],[2.385941697119505,48.830465737119432]],[[2.386621698327849,48.830560962158849],[2.386698728001302,48.830613520590596],[2.386808269990549,48.830681534937213]],[[2.386333170257337,48.830653915812405],[2.386441646055655,48.830696742693789]],[[2.386667826531528,48.830808525177858],[2.386667088624562,48.830755458631671],[2.386672844136951,48.830729406449436],[2.386696244336604,48.830708840962416],[2.386723656960271,48.830694591627648],[2.386808269990549,48.830681534937213]],[[2.390279304029062,48.83300885682884],[2.390257403189177,48.833017738848838],[2.390227381570045,48.83302208263008],[2.390201467671584,48.83302464861324],[2.390166060254781,48.833023568719504],[2.390136122795345,48.833020717973028],[2.390098169799876,48.833004335844493]],[[2.390267059747611,48.832890977360165],[2.390288655491092,48.832908175420513],[2.390299374479466,48.832923519298063],[2.390304613014337,48.832941533337966],[2.390301625600387,48.83296400227902]],[[2.390301625600387,48.83296400227902],[2.39029864870238,48.832985571906406],[2.390279304029062,48.83300885682884]],[[2.390098169799876,48.833004335844493],[2.390083353649589,48.832989870423553],[2.390079393234892,48.832979057826364],[2.390080944863017,48.832962877136595]],[[2.390212739072027,48.832876310557879],[2.390238579259451,48.832880039764483],[2.390267059747611,48.832890977360165]],[[2.390080944863017,48.832962877136595],[2.389705892805745,48.832765801377342]],[[2.390080944863017,48.832962877136595],[2.390096287105483,48.832932376900843],[2.39012795498898,48.83290375864236],[2.390167701497665,48.832883275867502],[2.390212739072027,48.832876310557879]],[[2.388567384746411,48.832152913670321],[2.388463159584547,48.832095720648724],[2.388257444902141,48.831980448945274]],[[2.386808269990549,48.830681534937213],[2.387017438945858,48.830849889771905],[2.3874630033749,48.831188536427852],[2.387673675988552,48.831345205930468],[2.387935574514795,48.831548004969235],[2.388158330305702,48.831720024643687],[2.388382755754442,48.831865970740871],[2.388630434812652,48.832003940949001],[2.388702167474252,48.832043879777771],[2.389051381295398,48.832236330038157],[2.389511625090225,48.832486905512567],[2.389705200404562,48.83259222000224],[2.389824296532471,48.832659380808636]],[[2.38933231115166,48.832559738228568],[2.388915299843468,48.832339961464442],[2.388567384746411,48.832152913670321]],[[2.389824296532471,48.832659380808636],[2.390212739072027,48.832876310557879]],[[2.389705892805745,48.832765801377342],[2.389597578509318,48.832708588522962],[2.38933231115166,48.832559738228568]],[[2.389824296532471,48.832659380808636],[2.389808785780618,48.832704270030163],[2.389796252095664,48.832727589628512],[2.389771521574423,48.832745450795031],[2.38973731865481,48.832757867423432],[2.389705892805745,48.832765801377342]]]}},
{"type":"Feature","properties":{"ID":"VOIE_NOM0000002338742317","ID_BAN":"75112_wr50h0","name":"Avenue du Polygone","INSEE_COM":"75112","NOM_COM":"Paris 12e Arrondissement","SRC_BAN":"commune","NOM_COLL":"AV DU POLYGONE","TYPE_VOIE":"avenue","MOT_DIR":"Polygone","LD_BAN":null,"ID_SUPP":"TRONROUT0000000000199917/TRONROUT0000000000200836/TRONROUT0000000000201642/TRONROUT0000000000202455/TRONROUT0000000000202457/TRONROUT0000000000202466/TRONROUT0000000317486659/TRONROUT0000000317486660/TRONROUT0000000317486661/TRONROUT0000000317486662/TRON","INSEEDBAN":null,"COMDEL_BAN":null,"DATE_CREAT":"2023-12-08T13:42:59","DATE_MAJ":"2024-03-12T16:10:18","NOM_NORMA":"AV DU POLYGONE","ID_BAN_ODO":null,"Nom_a_verifier":false,"other_tags":"nan"},"geometry":{"type":"MultiLineString","coordinates":[[[2.430221547681009,48.834433433166616],[2.430421542305488,48.834582780457829],[2.430548711888879,48.834664328551298],[2.430700334131437,48.834752288423324],[2.430836932516009,48.834843774051244],[2.430970767544028,48.834938843814093],[2.430982939743703,48.834946995976516],[2.431130201876727,48.835060116657509]],[[2.431130201876727,48.835060116657509],[2.431161730753225,48.835042279372551],[2.431206745082851,48.83503709727119],[2.431250289180747,48.835041801139887],[2.431288256587459,48.835058170178336],[2.431313855508191,48.835084373376866],[2.431318971075696,48.835114975992084]],[[2.43113987337962,48.835172582851811],[2.431110158191168,48.835149058124962],[2.43110096569285,48.835117536748747],[2.431109492758163,48.83508520028807],[2.431130201876727,48.835060116657509]],[[2.431318971075696,48.835114975992084],[2.431311884915665,48.835140124424711],[2.431293939678735,48.835161623779832]],[[2.431293939678735,48.835161623779832],[2.431265164791825,48.835176776108227],[2.431228294649093,48.835184695043367],[2.431186063655991,48.835184494219945],[2.43113987337962,48.835172582851811]],[[2.431378778897201,48.835626996937798],[2.431365654854024,48.835706078325025]],[[2.432154436390551,48.839836086299833],[2.432172177706194,48.83995848315606]],[[2.431725648499056,48.837550578463308],[2.431500390214277,48.836343466235668],[2.431479809367752,48.836231847702251],[2.431429150995573,48.836004968005447],[2.431365654854024,48.835706078325025]],[[2.431725648499056,48.837550578463308],[2.431956209884336,48.83864709298625],[2.432039668897404,48.839115155690294],[2.432070416318371,48.839294273959609],[2.432072935333915,48.839313172439958],[2.43211753281393,48.839596681939746],[2.432136704956243,48.839712790116295],[2.432154436390551,48.839836086299833]],[[2.431293939678735,48.835161623779832],[2.431330366848399,48.835319185227597],[2.431369185278258,48.835507336291677]],[[2.43113987337962,48.835172582851811],[2.431151515695876,48.835229297996072],[2.431185963725234,48.835318498602689],[2.431240630432952,48.835427581283497],[2.431281615504491,48.835541995043627]],[[2.431369185278258,48.835507336291677],[2.431383464226814,48.835572158180014],[2.431378778897201,48.835626996937798]],[[2.431281615504491,48.835541995043627],[2.43131443675272,48.835655470602134],[2.431365654854024,48.835706078325025]]]}},
{"type":"Feature","properties":{"ID":"VOIE_NOM0000002338742332","ID_BAN":"75112_8007","name":"Rue de Rambouillet","INSEE_COM":"75112","NOM_COM":"Paris 12e Arrondissement","SRC_BAN":"commune","NOM_COLL":"R DE RAMBOUILLET","TYPE_VOIE":"rue","MOT_DIR":"Rambouillet","LD_BAN":null,"ID_SUPP":"TRONROUT0000000000198465/TRONROUT0000000000198467/TRONROUT0000000000198482/TRONROUT0000000000198483/TRONROUT0000000000198499/TRONROUT0000000000199313/TRONROUT0000000000199315/TRONROUT0000000289219286/TRONROUT0000000289219288/TRONROUT0000000351733121","INSEEDBAN":null,"COMDEL_BAN":null,"DATE_CREAT":"2023-12-08T13:42:59","DATE_MAJ":"2024-03-12T16:10:18","NOM_NORMA":"R DE RAMBOUILLET","ID_BAN_ODO":null,"Nom_a_verifier":false,"other_tags":"\"wikipedia\"=>\"fr:Rue_de_Rambouillet\""},"geometry":{"type":"MultiLineString","coordinates":[[[2.376423328262026,48.842112734645148],[2.3765529845132,48.842208742653227],[2.376654384333322,48.842274924381066],[2.376759979361294,48.842332134269718]],[[2.378713093030658,48.843198484351227],[2.376759979361294,48.842332134269718]],[[2.378988189576605,48.843324923694027],[2.378713093030658,48.843198484351227]],[[2.378988189576605,48.843324923694027],[2.379108916045325,48.84337051830677]],[[2.3814869791927,48.844258812507626],[2.381573839044035,48.844288041021649]],[[2.381649777473593,48.844319011738584],[2.381573839044035,48.844288041021649]],[[2.38196170724864,48.844442936349878],[2.381695889851522,48.844337237240708],[2.381649777473593,48.844319011738584]],[[2.382949239234958,48.844818569498003],[2.382650791700359,48.844706408754789],[2.382441878124816,48.844627985715157],[2.38196170724864,48.844442936349878]],[[2.379108916045325,48.84337051830677],[2.379157708839637,48.843392356160734],[2.379530768392067,48.843530994247686],[2.379800729009935,48.843631323612946]],[[2.379800729009935,48.843631323612946],[2.3814869791927,48.844258812507626]]]}},
{"type":"Feature","properties":{"ID":"VOIE_NOM0000002338742341","ID_BAN":"75112_5237","name":"Rue Lacuée","INSEE_COM":"75112","NOM_COM":"Paris 12e Arrondissement","SRC_BAN":"commune","NOM_COLL":"R LACUEE","TYPE_VOIE":"rue","MOT_DIR":"Lacuée","LD_BAN":null,"ID_SUPP":"TRONROUT0000000000196036/TRONROUT0000000000196050","INSEEDBAN":null,"COMDEL_BAN":null,"DATE_CREAT":"2023-12-08T13:42:59","DATE_MAJ":"2024-03-12T16:10:18","NOM_NORMA":"R LACUEE","ID_BAN_ODO":null,"Nom_a_verifier":false,"other_tags":"\"wikipedia\"=>\"fr:Rue_Lacu%C3%A9e\""},"geometry":{"type":"MultiLineString","coordinates":[[[2.370897658533536,48.849155458021251],[2.370671839183727,48.849122792981433],[2.370613191075598,48.849126981255239],[2.370559841471249,48.849143788352741],[2.369911351457756,48.849467740307013]],[[2.369911351457756,48.849467740307013],[2.368737422592249,48.849967889239196],[2.368570272609938,48.850041653689274]]]}},
{"type":"Feature","properties":{"ID":"VOIE_NOM0000002338742351","ID_BAN":"75112_5884","name":"Rue de Madagascar","INSEE_COM":"75112","NOM_COM":"Paris 12e Arrondissement","SRC_BAN":"commune","NOM_COLL":"R DE MADAGASCAR","TYPE_VOIE":"rue","MOT_DIR":"Madagascar","LD_BAN":null,"ID_SUPP":"TRONROUT0000000000202588","INSEEDBAN":null,"COMDEL_BAN":null,"DATE_CREAT":"2023-12-08T13:42:59","DATE_MAJ":"2024-03-12T16:10:18","NOM_NORMA":"R DE MADAGASCAR","ID_BAN_ODO":null,"Nom_a_verifier":false,"other_tags":"\"wikipedia\"=>\"fr:Rue_de_Madagascar\""},"geometry":{"type":"MultiLineString","coordinates":[[[2.396927075547611,48.834565186685218],[2.397553141004979,48.835207789913049],[2.397790181309428,48.835444617011852]]]}},
{"type":"Feature","properties":{"ID":"VOIE_NOM0000002338742361","ID_BAN":"75112_0459","name":"Avenue Armand Rousseau","INSEE_COM":"75112","NOM_COM":"Paris 12e Arrondissement","SRC_BAN":"commune","NOM_COLL":"AV ARMAND ROUSSEAU","TYPE_VOIE":"avenue","MOT_DIR":"Rousseau","LD_BAN":null,"ID_SUPP":"TRONROUT0000000000201698/TRONROUT0000000289219362/TRONROUT0000002275265231","INSEEDBAN":null,"COMDEL_BAN":null,"DATE_CREAT":"2023-12-08T13:42:59","DATE_MAJ":"2024-03-12T16:10:18","NOM_NORMA":"AV ARMAND ROUSSEAU","ID_BAN_ODO":null,"Nom_a_verifier":false,"other_tags":"nan"},"geometry":{"type":"MultiLineString","coordinates":[[[2.409390761193058,48.836888377752565],[2.409392625941521,48.836723803707471],[2.409363167433581,48.836558175610449],[2.409297921930507,48.836424747800109],[2.409138089381435,48.836222501186747],[2.409000958486644,48.836060837807437]],[[2.408247442897414,48.835110982368469],[2.408312005728124,48.835184150204633]],[[2.408312005728124,48.835184150204633],[2.408428891726468,48.835328626494601],[2.408653190791398,48.83561213565531],[2.408865364127741,48.835883892669166],[2.409000958486644,48.836060837807437]]]}},
{"type":"Feature","properties":{"ID":"VOIE_NOM0000002338742375","ID_BAN":"75112_8682","name":"Avenue de Saint-Mandé","INSEE_COM":"75112","NOM_COM":"Paris 12e Arrondissement","SRC_BAN":"commune","NOM_COLL":"AV DE SAINT-MANDE","TYPE_VOIE":"avenue","MOT_DIR":"Mandé","LD_BAN":null,"ID_SUPP":"TRONROUT0000000000197586/TRONROUT0000000000197588/TRONROUT0000000000197601/TRONROUT0000000000197603/TRONROUT0000000000197607/TRONROUT0000000000197609/TRONROUT0000000000197611/TRONROUT0000000000197614/TRONROUT0000000000197616/TRONROUT0000000000197617/TRON","INSEEDBAN":null,"COMDEL_BAN":null,"DATE_CREAT":"2023-12-08T13:42:59","DATE_MAJ":"2024-03-12T16:10:18","NOM_NORMA":"AV DE SAINT-MANDE","ID_BAN_ODO":null,"Nom_a_verifier":false,"other_tags":"nan"},"geometry":{"type":"MultiLineString","coordinates":[[[2.408943173631864,48.844280696878833],[2.409282839913134,48.844247299665504],[2.409630680899367,48.844213941830233],[2.409962150806725,48.84418230095438],[2.410120407005468,48.844165094262628]],[[2.4084058079594,48.844324807280664],[2.40876587194336,48.844295109824245],[2.408943173631864,48.844280696878833]],[[2.410097210624092,48.844408705347],[2.410202237273491,48.844399330266462]],[[2.408985469044066,48.844396023404421],[2.409451963177296,48.844353359287616],[2.409866599095706,48.844317632402664],[2.410166650012818,48.844293030817987]],[[2.406568693581177,48.844473095815601],[2.40663404381531,48.844477916743315],[2.406988649517069,48.844449096913138],[2.4084058079594,48.844324807280664]],[[2.406116343526871,48.844589566115253],[2.406190627313932,48.844527879283071],[2.406245507650199,48.844494875497908],[2.406568693581177,48.844473095815601]],[[2.409014200520086,48.8445058867622],[2.409310206103543,48.844477669914951],[2.409614355981097,48.844452190595895],[2.409926711281577,48.844424052909297],[2.410097210624092,48.844408705347]],[[2.406040820020456,48.844640454471708],[2.406563203086121,48.844596280359461],[2.407123766850997,48.844549595122125],[2.407767535958753,48.844495224986332],[2.408396285276912,48.844443475184057],[2.408985469044066,48.844396023404421]],[[2.40766251178596,48.8446242122833],[2.408037617200209,48.844590094708188],[2.408403143564354,48.84455952601305],[2.408768689903987,48.844527157589354],[2.408966471142665,48.844509248393933],[2.409014200520086,48.8445058867622]],[[2.406040820020456,48.844640454471708],[2.406116343526871,48.844589566115253]],[[2.405732507911499,48.844672199532276],[2.406040820020456,48.844640454471708]],[[2.406040820020456,48.844640454471708],[2.406092001910904,48.844692871216985]],[[2.406092001910904,48.844692871216985],[2.406145980710038,48.84473900632964],[2.406179982645495,48.844744571243687],[2.406714649933541,48.844698658731865],[2.40766251178596,48.8446242122833]],[[2.405324668755948,48.844708845247411],[2.405287112965441,48.84465649590863]],[[2.405324668755948,48.844708845247411],[2.405732507911499,48.844672199532276]],[[2.405287112965441,48.84465649590863],[2.405260324099479,48.844615891711207],[2.405231864847569,48.844602259885328],[2.405072345833723,48.84461046027721],[2.404053474460624,48.844698022856363],[2.404016480323703,48.844715825689576],[2.403984463208563,48.844775023687276]],[[2.404517246154154,48.844774978756845],[2.405023250623486,48.84473342790259],[2.405154177290977,48.844723286698937],[2.405324668755948,48.844708845247411]],[[2.401667974108026,48.845016179599654],[2.401932586164509,48.844993220107611]],[[2.402546307778629,48.844945922668337],[2.402624096349418,48.844935518846697],[2.40271003952208,48.844926954399924],[2.402907783145973,48.844912652445679]],[[2.402907783145973,48.844912652445679],[2.40294816484205,48.844956023073244]],[[2.398315344761156,48.845302448044606],[2.398759982324675,48.845266011136339]],[[2.399051945323646,48.845352916902662],[2.398893764846844,48.845362914502864],[2.398832470753687,48.845360807803274],[2.398799883624311,48.845350751131647],[2.398778290291164,48.84533265549571],[2.398759982324675,48.845266011136339]],[[2.401055592743311,48.845065277960423],[2.401667974108026,48.845016179599654]],[[2.401667974108026,48.845016179599654],[2.401657610309286,48.84508807625086],[2.401635551452669,48.845110449823764],[2.401614917077695,48.845127434381219],[2.401587573217731,48.845135391814367],[2.401142949079589,48.845170939931471],[2.40061783056426,48.845215076700619],[2.400039478554267,48.845267038421596]],[[2.398759982324675,48.845266011136339],[2.39939696662738,48.845210752536062],[2.39971883874468,48.84518538731534],[2.39993570124863,48.845167588773073],[2.400197610444297,48.845142820844622],[2.400597250297231,48.845108849574686],[2.40072273892856,48.845097786612769],[2.401055592743311,48.845065277960423]],[[2.399051945323646,48.845352916902662],[2.399204696268265,48.84534109311506],[2.399733946334033,48.845293385847071],[2.400039478554267,48.845267038421596]],[[2.395160593843292,48.8455599444681],[2.395377375994853,48.845549348622221]],[[2.395377375994853,48.845549348622221],[2.3957251928569,48.845519628470932]],[[2.398024799522969,48.845328866483399],[2.398315344761156,48.845302448044606]],[[2.397510597986128,48.845371245847879],[2.398024799522969,48.845328866483399]],[[2.397510597986128,48.845371245847879],[2.397522881118717,48.845251693330447],[2.398229418789643,48.845191395051103],[2.398961895056472,48.845126726139988],[2.399375223227723,48.845087431579557],[2.399683448433326,48.845063796652369],[2.399919417122454,48.845043395943371],[2.400170363252576,48.845023969221423],[2.400699536823624,48.844982552798719],[2.400778646999374,48.844975754220499],[2.400921858653768,48.844963880463396],[2.400962621203447,48.844973977496224],[2.400993701262654,48.844996617021664],[2.401055592743311,48.845065277960423]],[[2.3957251928569,48.845519628470932],[2.396017092456852,48.845494121803853],[2.396392149256548,48.845465436590487],[2.397510597986128,48.845371245847879]],[[2.3957251928569,48.845519628470932],[2.39575562449903,48.845598026162072],[2.395773077084869,48.845620598211532],[2.395801523992447,48.845635131578398],[2.395841027770416,48.845636230434458],[2.395974673185733,48.845627012350135],[2.397753310078487,48.845474994507867],[2.397918397393049,48.845456938969093],[2.398024799522969,48.845328866483399]],[[2.403882211191565,48.844779910360629],[2.403856652162832,48.844751003605872],[2.403826964404897,48.844725673694569],[2.403787543453998,48.844717383035587],[2.402982874750549,48.844780821855373],[2.402932399051805,48.844785966089241],[2.402907801254158,48.84479213881734],[2.402888560868886,48.844806432485548],[2.40289345462772,48.844855022141907]],[[2.404513966196545,48.84482352765545],[2.404517246154154,48.844774978756845]],[[2.403947129575454,48.844822503556713],[2.404517246154154,48.844774978756845]],[[2.403984463208563,48.844775023687276],[2.403947129575454,48.844822503556713]],[[2.403947129575454,48.844822503556713],[2.403882211191565,48.844779910360629]],[[2.402907783145973,48.844912652445679],[2.403648435214262,48.844847096322717],[2.403947129575454,48.844822503556713]],[[2.40289345462772,48.844855022141907],[2.402907783145973,48.844912652445679]],[[2.40294816484205,48.844956023073244],[2.402992716649725,48.844992219647317],[2.403015766562001,48.84500222758615],[2.403044318161797,48.845007766193184],[2.403085163559475,48.845010668065882],[2.403415197607474,48.844986232990642],[2.404442271484817,48.844896917958337],[2.404469553125395,48.844894355699786],[2.404494222718104,48.84488188751758],[2.404512244010232,48.844854996542509],[2.404513966196545,48.84482352765545]]]}},
{"type":"Feature","properties":{"ID":"VOIE_NOM0000002338742380","ID_BAN":"75112_3445","name":"Rue Eugénie Eboué","INSEE_COM":"75112","NOM_COM":"Paris 12e Arrondissement","SRC_BAN":"commune","NOM_COLL":"R EUGENIE EBOUE","TYPE_VOIE":"rue","MOT_DIR":"Eboué","LD_BAN":null,"ID_SUPP":"TRONROUT0000000000197648","INSEEDBAN":null,"COMDEL_BAN":null,"DATE_CREAT":"2023-12-08T13:42:59","DATE_MAJ":"2024-03-12T16:10:18","NOM_NORMA":"R EUGENIE EBOUE","ID_BAN_ODO":null,"Nom_a_verifier":false,"other_tags":"nan"},"geometry":{"type":"MultiLineString","coordinates":[[[2.385261855466173,48.845836856006912],[2.385391018144106,48.84574578522399],[2.385467788114193,48.845706607886754],[2.385508813343497,48.845694227616235],[2.385551116287852,48.845689048749591],[2.386624844471639,48.845691860519914]]]}},
{"type":"Feature","properties":{"ID":"VOIE_NOM0000002338742390","ID_BAN":"75112_9472","name":"Avenue du Trône","INSEE_COM":"75112","NOM_COM":"Paris 12e Arrondissement","SRC_BAN":"commune","NOM_COLL":"AV DU TRONE","TYPE_VOIE":"avenue","MOT_DIR":"Trône","LD_BAN":null,"ID_SUPP":"TRONROUT0000000000196713/TRONROUT0000000000196723/TRONROUT0000000000196732/TRONROUT0000000289391283/TRONROUT0000002344987430","INSEEDBAN":null,"COMDEL_BAN":null,"DATE_CREAT":"2023-12-08T13:42:59","DATE_MAJ":"2024-04-15T22:13:39","NOM_NORMA":"AV DU TRONE","ID_BAN_ODO":null,"Nom_a_verifier":false,"other_tags":"nan"},"geometry":{"type":"MultiLineString","coordinates":[[[2.398510009008596,48.848152583483788],[2.39912112864224,48.848098095635009]],[[2.398981102461742,48.847832982239652],[2.399089081009971,48.84780474529326]],[[2.397404056489286,48.847986033919391],[2.397547266788405,48.847975063535607],[2.398169358997316,48.847914340318489],[2.398244458789143,48.847901227758051],[2.398288228713598,48.847887058233226]],[[2.398981102461742,48.847832982239652],[2.398288228713598,48.847887058233226]],[[2.397444685996117,48.848125638419901],[2.397636587304156,48.848146390529912],[2.398227258044322,48.848092703639892],[2.398510009008596,48.848152583483788]]]}},
{"type":"Feature","properties":{"ID":"VOIE_NOM0000002338742395","ID_BAN":"75112_4517","name":"Rue Hector Malot","INSEE_COM":"75112","NOM_COM":"Paris 12e Arrondissement","SRC_BAN":"commune","NOM_COLL":"R HECTOR MALOT","TYPE_VOIE":"rue","MOT_DIR":"Malot","LD_BAN":null,"ID_SUPP":"TRONROUT0000000000197686/TRONROUT0000000000197694/TRONROUT0000000000197696/TRONROUT0000000000197715/TRONROUT0000000289219272/TRONROUT0000002331995504","INSEEDBAN":null,"COMDEL_BAN":null,"DATE_CREAT":"2023-12-08T13:42:59","DATE_MAJ":"2024-03-12T16:10:18","NOM_NORMA":"R HECTOR MALOT","ID_BAN_ODO":null,"Nom_a_verifier":false,"other_tags":"\"wikipedia\"=>\"fr:Rue_Hector-Malot\""},"geometry":{"type":"MultiLineString","coordinates":[[[2.374202542789599,48.845843372076345],[2.374331336129638,48.845784688085907],[2.374756578046496,48.845549480752609],[2.37498566681098,48.845422069603352],[2.375050116476514,48.845388230684264],[2.375085661382282,48.845378523419072],[2.375114242567325,48.84538137078404],[2.375133210430719,48.845390463438044],[2.375829559695472,48.845841978741099]],[[2.375829559695472,48.845841978741099],[2.375833615067688,48.845844697971984],[2.375831573948424,48.845901346856316],[2.375788348867897,48.846097181284932]],[[2.377723805841794,48.847311502775014],[2.377385906343449,48.847079509542425],[2.377294012900531,48.847015176966394],[2.377073727031481,48.846862038920776]],[[2.377073727031481,48.846862038920776],[2.376733000623197,48.846639022571104]],[[2.376654583976355,48.846587350676714],[2.376501720531601,48.846493920341537],[2.376244908010364,48.846319005733534],[2.376100296879718,48.846219322378516],[2.37598978282507,48.846117118615311]],[[2.376733000623197,48.846639022571104],[2.376654583976355,48.846587350676714]]]}},
{"type":"Feature","properties":{"ID":"VOIE_NOM0000002338742415","ID_BAN":"75112_r174","name":"Rue de Thorins","INSEE_COM":"75112","NOM_COM":"Paris 12e Arrondissement","SRC_BAN":"commune","NOM_COLL":"R DE THORINS","TYPE_VOIE":"rue","MOT_DIR":"Thorins","LD_BAN":null,"ID_SUPP":"TRONROUT0000000000203450/TRONROUT0000000000203476","INSEEDBAN":null,"COMDEL_BAN":null,"DATE_CREAT":"2023-12-08T13:42:59","DATE_MAJ":"2024-03-12T16:10:18","NOM_NORMA":"R DE THORINS","ID_BAN_ODO":null,"Nom_a_verifier":false,"other_tags":"\"wikipedia\"=>\"fr:Rue_de_Thorins\""},"geometry":{"type":"MultiLineString","coordinates":[[[2.388577302929904,48.833165651809622],[2.387950665424161,48.832815291160671],[2.387838340214472,48.832751760611245]],[[2.389361199786433,48.833582465743191],[2.389275905302535,48.833537061932226],[2.388853511275213,48.833310962131904],[2.388577302929904,48.833165651809622]]]}},
{"type":"Feature","properties":{"ID":"VOIE_NOM0000002338742428","ID_BAN":"75112_9865","name":"Place des Vins de France","INSEE_COM":"75112","NOM_COM":"Paris 12e Arrondissement","SRC_BAN":"commune","NOM_COLL":"PL DES VINS DE FRANCE","TYPE_VOIE":"place","MOT_DIR":"France","LD_BAN":null,"ID_SUPP":"TRONROUT0000000000203483/TRONROUT0000000000203484/TRONROUT0000000000204166/TRONROUT0000000000204169/TRONROUT0000000000204176","INSEEDBAN":null,"COMDEL_BAN":null,"DATE_CREAT":"2023-12-08T13:42:59","DATE_MAJ":"2024-03-12T16:10:18","NOM_NORMA":"PL DES VINS DE FRANCE","ID_BAN_ODO":null,"Nom_a_verifier":false,"other_tags":"nan"},"geometry":{"type":"MultiLineString","coordinates":[[[2.388001931612745,48.831813658096785],[2.387734306997829,48.831982268905875]],[[2.388257444902141,48.831980448945274],[2.388038585153931,48.832172693379043]],[[2.387734306997829,48.831982268905875],[2.387389953284052,48.832188259558912]],[[2.387389953284052,48.832188259558912],[2.386651079041774,48.832579295116538]],[[2.387167523299531,48.83291560764431],[2.388038585153931,48.832172693379043]]]}},
{"type":"Feature","properties":{"ID":"VOIE_NOM0000002338742431","ID_BAN":"75112_9423","name":"Rue Traversière","INSEE_COM":"75112","NOM_COM":"Paris 12e Arrondissement","SRC_BAN":"commune","NOM_COLL":"R TRAVERSIERE","TYPE_VOIE":"rue","MOT_DIR":"Traversière","LD_BAN":null,"ID_SUPP":"TRONROUT0000000000195150/TRONROUT0000000000195152/TRONROUT0000000000196005/TRONROUT0000000000196844/TRONROUT0000000000197736/TRONROUT0000000000197737/TRONROUT0000000000197742/TRONROUT0000000000197747/TRONROUT0000000000198523/TRONROUT0000000289207141/TRON","INSEEDBAN":null,"COMDEL_BAN":null,"DATE_CREAT":"2023-12-08T13:42:59","DATE_MAJ":"2025-03-18T22:30:49","NOM_NORMA":"R TRAVERSIERE","ID_BAN_ODO":null,"Nom_a_verifier":false,"other_tags":"\"wikipedia\"=>\"fr:Rue_Traversi%C3%A8re_(Paris)\""},"geometry":{"type":"MultiLineString","coordinates":[[[2.375846496143603,48.850799315686281],[2.375969839078504,48.850969037529751],[2.376107838737202,48.851166715597181],[2.376142995151505,48.851303600613562]],[[2.375733269043836,48.850695299294102],[2.375790071055742,48.850731569797773],[2.375833116983148,48.850778560756964],[2.375846496143603,48.850799315686281]],[[2.374787737918173,48.849199232491564],[2.374866979889266,48.849295877540413],[2.375556805487072,48.850295964653242],[2.375639379313848,48.850342262640872],[2.37577650359127,48.850385247766077]],[[2.374787737918173,48.849199232491564],[2.374038506243864,48.848268978773149]],[[2.374038506243864,48.848268978773149],[2.373837019274545,48.848025997664344]],[[2.373826008099504,48.847808295834092],[2.373735902751641,48.847822213909247],[2.37362296801733,48.847808132350913],[2.372857022585776,48.847251015497122],[2.372509617831117,48.847018059181195],[2.372317754550893,48.84688214916202],[2.372278618623842,48.846850466327901]],[[2.372019223395208,48.846664736800818],[2.371843290891996,48.846563984526021],[2.370862189698018,48.845885210224878],[2.370839221570033,48.84586890099272],[2.370831111343453,48.845863462192398]],[[2.370221758310731,48.845433060819495],[2.370579901524723,48.845677772374373],[2.370831111343453,48.845863462192398]],[[2.369939605603191,48.845214829756088],[2.370101523969225,48.845346988761413],[2.370221758310731,48.845433060819495]],[[2.369694832168274,48.845398808285488],[2.369742782402213,48.84537747629814],[2.369785325905135,48.845352518375314],[2.369939605603191,48.845214829756088]],[[2.369197653633209,48.844708178249576],[2.369412555046652,48.844853208649049],[2.369854450363046,48.845157721650033],[2.369939605603191,48.845214829756088]],[[2.36913143392597,48.844662861106471],[2.369197653633209,48.844708178249576]]]}},
{"type":"Feature","properties":{"ID":"VOIE_NOM0000002338742495","ID_BAN":"75112_0713","name":"Boulevard de la Bastille","INSEE_COM":"75112","NOM_COM":"Paris 12e Arrondissement","SRC_BAN":"commune","NOM_COLL":"BD DE LA BASTILLE","TYPE_VOIE":"boulevard","MOT_DIR":"Bastille","LD_BAN":null,"ID_SUPP":"TRONROUT0000000000196048/TRONROUT0000000000196052/TRONROUT0000000000196053/TRONROUT0000000000196857/TRONROUT0000000000197752/TRONROUT0000000295350542/TRONROUT0000000351733088/TRONROUT0000000351733097/TRONROUT0000002275939294","INSEEDBAN":null,"COMDEL_BAN":null,"DATE_CREAT":"2023-12-08T13:42:59","DATE_MAJ":"2024-03-12T16:10:18","NOM_NORMA":"BD DE LA BASTILLE","ID_BAN_ODO":null,"Nom_a_verifier":false,"other_tags":"nan"},"geometry":{"type":"MultiLineString","coordinates":[[[2.366876572963144,48.846435276933363],[2.366827760614158,48.846415232730813],[2.366774773161439,48.846402361274137],[2.366687623013997,48.846397403177704]],[[2.366935685118345,48.846504840306835],[2.366910244063071,48.846467832005061],[2.366876572963144,48.846435276933363]],[[2.367638254286907,48.848011381936651],[2.367496001654692,48.847718339012268],[2.367178921505147,48.847009767483364],[2.367038353530457,48.846690651258022],[2.366989172337878,48.846588763610626],[2.366935685118345,48.846504840306835]],[[2.369198945686897,48.851468647744319],[2.36921219174824,48.851500194958568],[2.36939406163726,48.851899567251564],[2.369445999752092,48.851999669195358],[2.369601146082408,48.852129993573413]],[[2.3691816768411,48.851431683196012],[2.368570272609938,48.850041653689274]],[[2.369198945686897,48.851468647744319],[2.3691816768411,48.851431683196012]],[[2.368074374357703,48.849018267166436],[2.36826960265822,48.849438397881428],[2.368570272609938,48.850041653689274]],[[2.367974935569988,48.848790204864606],[2.367769520237934,48.848311561400855],[2.367638254286907,48.848011381936651]],[[2.368074374357703,48.849018267166436],[2.367974935569988,48.848790204864606]]]}},
{"type":"Feature","properties":{"ID":"VOIE_NOM0000002338742511","ID_BAN":"75112_3025","name":"Rue de la Durance","INSEE_COM":"75112","NOM_COM":"Paris 12e Arrondissement","SRC_BAN":"commune","NOM_COLL":"R DE LA DURANCE","TYPE_VOIE":"rue","MOT_DIR":"Durance","LD_BAN":null,"ID_SUPP":"TRONROUT0000000000200956/TRONROUT0000000000200957/TRONROUT0000000000200959/TRONROUT0000000000200960","INSEEDBAN":null,"COMDEL_BAN":null,"DATE_CREAT":"2023-12-08T13:42:59","DATE_MAJ":"2024-03-12T16:10:18","NOM_NORMA":"R DE LA DURANCE","ID_BAN_ODO":null,"Nom_a_verifier":false,"other_tags":"\"wikipedia\"=>\"fr:Rue_de_la_Durance\""},"geometry":{"type":"MultiLineString","coordinates":[[[2.393169467359992,48.838565437790493],[2.394080021596442,48.838059215901716],[2.394447349182895,48.837870411199368]],[[2.392093604967152,48.839225502833337],[2.392211484558544,48.839048028229342],[2.392285556708658,48.839005235203786]],[[2.392903930878951,48.838670215135892],[2.393053456165047,48.838582836445724],[2.393169467359992,48.838565437790493]],[[2.392285556708658,48.839005235203786],[2.392903930878951,48.838670215135892]]]}},
{"type":"Feature","properties":{"ID":"VOIE_NOM0000002338742522","ID_BAN":"75112_9589","name":"Rue Van Gogh","INSEE_COM":"75112","NOM_COM":"Paris 12e Arrondissement","SRC_BAN":"commune","NOM_COLL":"R VAN GOGH","TYPE_VOIE":"rue","MOT_DIR":"Gogh","LD_BAN":null,"ID_SUPP":"TRONROUT0000000000198518/TRONROUT0000000000198520","INSEEDBAN":null,"COMDEL_BAN":null,"DATE_CREAT":"2023-12-08T13:42:59","DATE_MAJ":"2024-03-12T16:10:18","NOM_NORMA":"R VAN GOGH","ID_BAN_ODO":null,"Nom_a_verifier":false,"other_tags":"\"wikipedia\"=>\"fr:Rue_Van-Gogh\""},"geometry":{"type":"MultiLineString","coordinates":[[[2.372439912032221,48.84431961913613],[2.372172039554331,48.84415992640821],[2.371721519611328,48.843892250173397],[2.371634937014675,48.843840531927803],[2.371498386473034,48.843751677361958],[2.371311814292427,48.843630182810287],[2.371173620235084,48.843564702573183],[2.371044703552995,48.843520855587002],[2.370701087773183,48.843428213172906]],[[2.370701087773183,48.843428213172906],[2.370931133222335,48.84367314963076],[2.371040551845577,48.843751969255862],[2.371290782065818,48.84390527637175],[2.371489574421651,48.844030432561404],[2.372088833955165,48.844393323134433],[2.372233475676607,48.844489414292283]]]}},
{"type":"Feature","properties":{"ID":"VOIE_NOM0000002338742544","ID_BAN":"75112_4094","name":"Passage du Génie","INSEE_COM":"75112","NOM_COM":"Paris 12e Arrondissement","SRC_BAN":"commune","NOM_COLL":"PAS DU GENIE","TYPE_VOIE":"passage","MOT_DIR":"Génie","LD_BAN":null,"ID_SUPP":"TRONROUT0000000000196768","INSEEDBAN":null,"COMDEL_BAN":null,"DATE_CREAT":"2023-12-08T13:42:59","DATE_MAJ":"2024-03-12T16:10:18","NOM_NORMA":"PAS DU GENIE","ID_BAN_ODO":null,"Nom_a_verifier":false,"other_tags":"nan"},"geometry":{"type":"MultiLineString","coordinates":[[[2.390202521708579,48.849238319887704],[2.390178846402398,48.849165351568018],[2.390105942508767,48.848990505318241],[2.390019670048525,48.848910023007065],[2.388731503611412,48.848013987064377],[2.389003471964884,48.847714092399194],[2.389028315286754,48.847687238619002],[2.389049228896307,48.847646874440088],[2.389071505082845,48.847606517214047]]]}},
{"type":"Feature","properties":{"ID":"VOIE_NOM0000002338742549","ID_BAN":"75112_9846","name":"Rue Villiot","INSEE_COM":"75112","NOM_COM":"Paris 12e Arrondissement","SRC_BAN":"commune","NOM_COLL":"R VILLIOT","TYPE_VOIE":"rue","MOT_DIR":"Villiot","LD_BAN":null,"ID_SUPP":"TRONROUT0000000000200225/TRONROUT0000002009835440/TRONROUT0000002341410391","INSEEDBAN":null,"COMDEL_BAN":null,"DATE_CREAT":"2023-12-08T13:42:59","DATE_MAJ":"2024-03-12T16:10:18","NOM_NORMA":"R VILLIOT","ID_BAN_ODO":null,"Nom_a_verifier":false,"other_tags":"\"wikipedia\"=>\"fr:Rue_Villiot\""},"geometry":{"type":"MultiLineString","coordinates":[[[2.376178229236123,48.841985546273257],[2.37624730574587,48.842020082177235],[2.376423328262026,48.842112734645148]],[[2.373904443157731,48.840826082272237],[2.374267339510895,48.841014148963446],[2.374874021535988,48.841324902509797],[2.375281659285451,48.841532086385214]],[[2.375281659285451,48.841532086385214],[2.375469908168993,48.841627502246133],[2.376178229236123,48.841985546273257]]]}},
{"type":"Feature","properties":{"ID":"VOIE_NOM0000002338742596","ID_BAN":"75112_6081","name":"Rue Marie Laurencin","INSEE_COM":"75112","NOM_COM":"Paris 12e Arrondissement","SRC_BAN":"commune","NOM_COLL":"R MARIE LAURENCIN","TYPE_VOIE":"rue","MOT_DIR":"Laurencin","LD_BAN":null,"ID_SUPP":"TRONROUT0000000000200042/TRONROUT0000000000200044/TRONROUT0000000000200058/TRONROUT0000000000200060","INSEEDBAN":null,"COMDEL_BAN":null,"DATE_CREAT":"2023-12-08T13:42:59","DATE_MAJ":"2025-05-14T21:46:56","NOM_NORMA":"R MARIE LAURENCIN","ID_BAN_ODO":null,"Nom_a_verifier":false,"other_tags":"\"wikipedia\"=>\"fr:Rue_Marie-Laurencin\""},"geometry":{"type":"MultiLineString","coordinates":[[[2.406651744875209,48.839572006278701],[2.406546974157435,48.839799024617115],[2.406440963010588,48.840015244350816]],[[2.406440963010588,48.840015244350816],[2.40635437310869,48.840200982110609]],[[2.40635437310869,48.840200982110609],[2.406126868125559,48.840676513345159]],[[2.406126868125559,48.840676513345159],[2.406127041907749,48.840780839870121]]]}},
{"type":"Feature","properties":{"ID":"VOIE_NOM0000002338742619","ID_BAN":"75112_2511","name":"Rue Dagorno","INSEE_COM":"75112","NOM_COM":"Paris 12e Arrondissement","SRC_BAN":"commune","NOM_COLL":"R DAGORNO","TYPE_VOIE":"rue","MOT_DIR":"Dagorno","LD_BAN":null,"ID_SUPP":"TRONROUT0000000000199252","INSEEDBAN":null,"COMDEL_BAN":null,"DATE_CREAT":"2023-12-08T13:42:59","DATE_MAJ":"2024-03-12T16:10:18","NOM_NORMA":"R DAGORNO","ID_BAN_ODO":null,"Nom_a_verifier":false,"other_tags":"\"wikipedia\"=>\"fr:Rue_Dagorno\""},"geometry":{"type":"MultiLineString","coordinates":[[[2.39779349855273,48.842350829516647],[2.399967587788916,48.842516443743534],[2.400445755428652,48.84252423733232],[2.401113329952635,48.842412463375908]]]}},
{"type":"Feature","properties":{"ID":"VOIE_NOM0000002338742628","ID_BAN":"75112_5008","name":"Rue Joseph Chailley","INSEE_COM":"75112","NOM_COM":"Paris 12e Arrondissement","SRC_BAN":"commune","NOM_COLL":"R JOSEPH CHAILLEY","TYPE_VOIE":"rue","MOT_DIR":"Chailley","LD_BAN":null,"ID_SUPP":"TRONROUT0000000000203398/TRONROUT0000000312564816/TRONROUT0000000338524289","INSEEDBAN":null,"COMDEL_BAN":null,"DATE_CREAT":"2023-12-08T13:42:59","DATE_MAJ":"2024-03-12T16:10:18","NOM_NORMA":"R JOSEPH CHAILLEY","ID_BAN_ODO":null,"Nom_a_verifier":false,"other_tags":"\"wikipedia\"=>\"fr:Rue_Joseph-Chailley\""},"geometry":{"type":"MultiLineString","coordinates":[[[2.403679490968039,48.833796808682024],[2.403640730648436,48.833850577325975]],[[2.404431144286395,48.832992923848643],[2.404379235710175,48.833005256478899],[2.404339525522065,48.83302304603081],[2.404303860891135,48.833044453180342],[2.404281777434753,48.833069525425209],[2.4041147577578,48.833260258269448],[2.404008364377953,48.833391035496625]],[[2.404008364377953,48.833391035496625],[2.403904664098921,48.833524524133864],[2.403679490968039,48.833796808682024]]]}},
{"type":"Feature","properties":{"ID":"VOIE_NOM0000002338742630","ID_BAN":"75112_0811","name":"Villa du Bel Air","INSEE_COM":"75112","NOM_COM":"Paris 12e Arrondissement","SRC_BAN":"commune","NOM_COLL":"VLA DU BEL-AIR","TYPE_VOIE":"villa","MOT_DIR":"Air","LD_BAN":null,"ID_SUPP":"TRONROUT0000000000198368/TRONROUT0000000000199213/TRONROUT0000002206029316","INSEEDBAN":null,"COMDEL_BAN":null,"DATE_CREAT":"2023-12-08T13:42:59","DATE_MAJ":"2024-03-12T16:10:18","NOM_NORMA":"VLA DU BEL AIR","ID_BAN_ODO":null,"Nom_a_verifier":false,"other_tags":"nan"},"geometry":{"type":"MultiLineString","coordinates":[[[2.408831867848419,48.843882631458975],[2.408943173631864,48.844280696878833]],[[2.408324796410202,48.841738754942803],[2.40846366942869,48.842348307027599]],[[2.40846366942869,48.842348307027599],[2.408575790736678,48.84279404333644],[2.408713704912442,48.843368514870861],[2.408831867848419,48.843882631458975]]]}},
{"type":"Feature","properties":{"ID":"VOIE_NOM0000002338742638","ID_BAN":"75112_3955","name":"Rue de la Gare de Reuilly","INSEE_COM":"75112","NOM_COM":"Paris 12e Arrondissement","SRC_BAN":"commune","NOM_COLL":"R DE LA GARE DE REUILLY","TYPE_VOIE":"rue","MOT_DIR":"Reuilly","LD_BAN":null,"ID_SUPP":"TRONROUT0000000000200135","INSEEDBAN":null,"COMDEL_BAN":null,"DATE_CREAT":"2023-12-08T13:42:59","DATE_MAJ":"2024-03-12T16:10:18","NOM_NORMA":"R DE LA GARE DE REUILLY","ID_BAN_ODO":null,"Nom_a_verifier":false,"other_tags":"\"wikipedia\"=>\"fr:Rue_de_la_Gare-de-Reuilly\""},"geometry":{"type":"MultiLineString","coordinates":[[[2.397455429907357,48.842717864167895],[2.39586231363995,48.841919293020133],[2.394456291281791,48.841205287520744],[2.394075567251052,48.841020789628232]]]}},
{"type":"Feature","properties":{"ID":"VOIE_NOM0000002338742641","ID_BAN":"75112_3147","name":"Rue Edouard Lartet","INSEE_COM":"75112","NOM_COM":"Paris 12e Arrondissement","SRC_BAN":"commune","NOM_COLL":"R EDOUARD LARTET","TYPE_VOIE":"rue","MOT_DIR":"Lartet","LD_BAN":null,"ID_SUPP":"TRONROUT0000000000200003/TRONROUT0000000000200007/TRONROUT0000002491664153/TRONROUT0000002491664154","INSEEDBAN":null,"COMDEL_BAN":null,"DATE_CREAT":"2023-12-08T13:42:59","DATE_MAJ":"2025-09-02T22:35:31","NOM_NORMA":"R EDOUARD LARTET","ID_BAN_ODO":null,"Nom_a_verifier":false,"other_tags":"\"wikipedia\"=>\"fr:Rue_%C3%89douard-Lartet\""},"geometry":{"type":"MultiLineString","coordinates":[[[2.413006805861291,48.83989385303267],[2.412970881709653,48.839817231206688],[2.412887856002202,48.83956770118192],[2.412796094718178,48.839247078737799],[2.412700581802191,48.838896758824369],[2.412591669384213,48.838526586990675],[2.412564093326663,48.838434716807974],[2.412530743532433,48.83837159779177],[2.412490358964373,48.83832823014319]],[[2.413054829797837,48.839984923958873],[2.413006805861291,48.83989385303267]],[[2.413806331732078,48.839795246732308],[2.413180085174557,48.839872219218371],[2.413006805861291,48.83989385303267]],[[2.413806331732078,48.839795246732308],[2.413896402379053,48.839782197690589]]]}},
{"type":"Feature","properties":{"ID":"VOIE_NOM0000002338742644","ID_BAN":"75112_6070","name":"Rue Marie Benoist","INSEE_COM":"75112","NOM_COM":"Paris 12e Arrondissement","SRC_BAN":"commune","NOM_COLL":"R MARIE BENOIST","TYPE_VOIE":"rue","MOT_DIR":"Benoist","LD_BAN":null,"ID_SUPP":"TRONROUT0000000000197625","INSEEDBAN":null,"COMDEL_BAN":null,"DATE_CREAT":"2023-12-08T13:42:59","DATE_MAJ":"2024-03-12T16:10:18","NOM_NORMA":"R MARIE BENOIST","ID_BAN_ODO":null,"Nom_a_verifier":false,"other_tags":"\"wikipedia\"=>\"fr:Rue_Marie-Benoist\""},"geometry":{"type":"MultiLineString","coordinates":[[[2.393228809176501,48.846927076164349],[2.393689575367786,48.846442860851575]]]}},
{"type":"Feature","properties":{"ID":"VOIE_NOM0000002338742645","ID_BAN":"75112_4179","name":"Rue Gerty Archimede","INSEE_COM":"75112","NOM_COM":"Paris 12e Arrondissement","SRC_BAN":"commune","NOM_COLL":"R GERTY ARCHIMEDE","TYPE_VOIE":"rue","MOT_DIR":"Archimede","LD_BAN":null,"ID_SUPP":"TRONROUT0000000238903516/TRONROUT0000002010472353/TRONROUT0000002010472354","INSEEDBAN":null,"COMDEL_BAN":null,"DATE_CREAT":"2023-12-08T13:42:59","DATE_MAJ":"2024-03-12T16:10:18","NOM_NORMA":"R GERTY ARCHIMEDE","ID_BAN_ODO":null,"Nom_a_verifier":false,"other_tags":"\"wikipedia\"=>\"fr:Rue_Gerty-Archim%C3%A8de\""},"geometry":{"type":"MultiLineString","coordinates":[[[2.387347777487532,48.835197323671437],[2.387698359160153,48.835390683628731],[2.388146511420047,48.835628610535096]],[[2.388146511420047,48.835628610535096],[2.388330686187115,48.835723086444204],[2.388380648046303,48.835761115245717],[2.388387100774486,48.83579172663994],[2.388379993810977,48.835816872510229],[2.38834145892451,48.835849951953087]],[[2.38834145892451,48.835849951953087],[2.388308478734829,48.835874066143276],[2.388270175951047,48.835887360727746],[2.388226624476927,48.835883540527369],[2.388180496182836,48.835867116025881],[2.388142689517665,48.83583814296933],[2.388126700821502,48.835807482781831],[2.388146511420047,48.835628610535096]]]}},
{"type":"Feature","properties":{"ID":"VOIE_NOM0000002338742653","ID_BAN":"75112_9850","name":"Cours de Vincennes","INSEE_COM":"75112","NOM_COM":"Paris 12e Arrondissement","SRC_BAN":"commune","NOM_COLL":"CRS DE VINCENNES","TYPE_VOIE":"cours","MOT_DIR":"Vincennes","LD_BAN":null,"ID_SUPP":"TRONROUT0000000000196690/TRONROUT0000000000196700/TRONROUT0000000000196704/TRONROUT0000000000196711/TRONROUT0000000230033580/TRONROUT0000000230033582/TRONROUT0000000230033585/TRONROUT0000000230033727/TRONROUT0000000289391281/TRONROUT0000000330310608/TRON","INSEEDBAN":null,"COMDEL_BAN":null,"DATE_CREAT":"2023-12-08T13:42:59","DATE_MAJ":"2024-03-12T16:10:18","NOM_NORMA":"CRS DE VINCENNES","ID_BAN_ODO":null,"Nom_a_verifier":false,"other_tags":"nan"},"geometry":{"type":"MultiLineString","coordinates":[[[2.408798606472944,48.846934878491105],[2.40930330667944,48.846889705667358],[2.409606138609135,48.846861521785932],[2.410043917714185,48.846829505889318],[2.410405401358104,48.846796213069403],[2.410622368619285,48.846769402143877],[2.41067974995716,48.846756194500081]],[[2.408583081826314,48.846954498413268],[2.408798606472944,48.846934878491105]],[[2.410757915963817,48.847074051389612],[2.411044356353285,48.847049380553656]],[[2.4077619515024,48.847025082846564],[2.408583081826314,48.846954498413268]],[[2.406238199654513,48.847169521096319],[2.406457998237827,48.847133738225502],[2.4077619515024,48.847025082846564]],[[2.408876904085407,48.847240146312863],[2.40935019600243,48.847201113576915],[2.409736209478359,48.847167943874148],[2.410556027639037,48.847092842669113],[2.410757915963817,48.847074051389612]],[[2.39912112864224,48.848098095635009],[2.403457625643953,48.847707892356269],[2.40588842886544,48.847489753380444],[2.40614897404582,48.847465865011365]],[[2.399206400759364,48.847793642884959],[2.399089081009971,48.84780474529326]],[[2.406279528335497,48.847369382759268],[2.406323131709999,48.847369599135504],[2.40635849798631,48.847375170747178],[2.406391077596286,48.847386124644579],[2.406412705153648,48.847401520964269],[2.406428800352262,48.84742408466208],[2.406436740405797,48.847444809190449]],[[2.40614897404582,48.847465865011365],[2.406150715825861,48.847432597568684],[2.4061618933703,48.847408370497845],[2.406190754038471,48.847386929254732],[2.406230413060617,48.847374535134648],[2.406279528335497,48.847369382759268]],[[2.403436516459978,48.847409201613331],[2.399206400759364,48.847793642884959]],[[2.406238199654513,48.847169521096319],[2.404481341627113,48.847320874068416]],[[2.407821207589403,48.847326659688797],[2.408876904085407,48.847240146312863]],[[2.407702538343551,48.847336864500299],[2.407821207589403,48.847326659688797]],[[2.407702538343551,48.847336864500299],[2.406601810470643,48.847428540307348],[2.406436740405797,48.847444809190449]],[[2.404481341627113,48.847320874068416],[2.403436516459978,48.847409201613331]]]}},
{"type":"Feature","properties":{"ID":"VOIE_NOM0000002338742655","ID_BAN":"75112_2086","name":"Rue Claude Tillier","INSEE_COM":"75112","NOM_COM":"Paris 12e Arrondissement","SRC_BAN":"commune","NOM_COLL":"R CLAUDE TILLIER","TYPE_VOIE":"rue","MOT_DIR":"Tillier","LD_BAN":null,"ID_SUPP":"TRONROUT0000000000196783","INSEEDBAN":null,"COMDEL_BAN":null,"DATE_CREAT":"2023-12-08T13:42:59","DATE_MAJ":"2024-03-12T16:10:18","NOM_NORMA":"R CLAUDE TILLIER","ID_BAN_ODO":null,"Nom_a_verifier":false,"other_tags":"\"wikipedia\"=>\"fr:Rue_Claude-Tillier\""},"geometry":{"type":"MultiLineString","coordinates":[[[2.389496724149868,48.849346240391817],[2.389429866358586,48.849237077424405],[2.389332651180869,48.849160136204148],[2.389109859135369,48.848984524202407],[2.388718310293542,48.848674045880664],[2.387347233595588,48.847646265204297],[2.387208312346908,48.84752414077677],[2.387143183870972,48.847384407089336]]]}},
{"type":"Feature","properties":{"ID":"VOIE_NOM0000002338742680","ID_BAN":"75112_3901","name":"Rue Gabriel Lamé","INSEE_COM":"75112","NOM_COM":"Paris 12e Arrondissement","SRC_BAN":"commune","NOM_COLL":"R GABRIEL LAME","TYPE_VOIE":"rue","MOT_DIR":"Lamé","LD_BAN":null,"ID_SUPP":"TRONROUT0000000000202624/TRONROUT0000000000202627/TRONROUT0000000000202643/TRONROUT0000000000203467/TRONROUT0000002244414339","INSEEDBAN":null,"COMDEL_BAN":null,"DATE_CREAT":"2023-12-08T13:42:59","DATE_MAJ":"2024-03-12T16:10:18","NOM_NORMA":"R GABRIEL LAME","ID_BAN_ODO":null,"Nom_a_verifier":false,"other_tags":"\"wikipedia\"=>\"fr:Rue_Gabriel-Lam%C3%A9\""},"geometry":{"type":"MultiLineString","coordinates":[[[2.388172024652866,48.83345497415413],[2.387586681592192,48.833880076923393]],[[2.386226678223418,48.834607887825463],[2.386272247229911,48.834555958435324],[2.386620446080639,48.834256456985194],[2.386829413771174,48.834095642537761],[2.386901835459288,48.834077127095988],[2.38694545936325,48.834074652601117],[2.386986242417687,48.834082056558422]],[[2.387586681592192,48.833880076923393],[2.387190388876279,48.834215309490098]],[[2.387190388876279,48.834215309490098],[2.386535550459978,48.834756069014041]],[[2.385348012386388,48.835296786626557],[2.385874610431702,48.834888481516415],[2.386210203920243,48.834618595676396],[2.386226678223418,48.834607887825463]]]}},
{"type":"Feature","properties":{"ID":"VOIE_NOM0000002338742689","ID_BAN":"75112_2402","name":"Avenue Courteline","INSEE_COM":"75112","NOM_COM":"Paris 12e Arrondissement","SRC_BAN":"commune","NOM_COLL":"AV COURTELINE","TYPE_VOIE":"avenue","MOT_DIR":"Courteline","LD_BAN":null,"ID_SUPP":"TRONROUT0000000000198348/TRONROUT0000000000198356/TRONROUT0000000000198359/TRONROUT0000000000198360/TRONROUT0000000000198362/TRONROUT0000000000198365/TRONROUT0000000000198366/TRONROUT0000000000198371/TRONROUT0000000230033475","INSEEDBAN":null,"COMDEL_BAN":null,"DATE_CREAT":"2023-12-08T13:42:59","DATE_MAJ":"2024-03-12T16:10:18","NOM_NORMA":"AV COURTELINE","ID_BAN_ODO":null,"Nom_a_verifier":false,"other_tags":"nan"},"geometry":{"type":"MultiLineString","coordinates":[[[2.414626625489727,48.843912924998932],[2.415075387890244,48.843871051570936],[2.415204968101335,48.843859094085268],[2.415299092607447,48.84384966124216]],[[2.414382421843793,48.843939609863085],[2.41449153432666,48.84393025102225],[2.414626625489727,48.843912924998932]],[[2.414308785297372,48.843944645512742],[2.414382421843793,48.843939609863085]],[[2.410432596830375,48.844271857840155],[2.410695818382885,48.844250670847316],[2.410989045739897,48.844226932945574],[2.411373724406686,48.844189254633001],[2.411690144444843,48.844162931059522]],[[2.41297624906743,48.844058627984737],[2.413085341796835,48.8440510690398]],[[2.411690144444843,48.844162931059522],[2.41297624906743,48.844058627984737]],[[2.413085341796835,48.8440510690398],[2.413465788400129,48.844025954227945]],[[2.413576314342515,48.844012106371409],[2.414308785297372,48.843944645512742]],[[2.413465788400129,48.844025954227945],[2.413576314342515,48.844012106371409]]]}},
{"type":"Feature","properties":{"ID":"VOIE_NOM0000002338742699","ID_BAN":"75112_6199","name":"Place Maurice de Fontenay","INSEE_COM":"75112","NOM_COM":"Paris 12e Arrondissement","SRC_BAN":"commune","NOM_COLL":"PL MAURICE DE FONTENAY","TYPE_VOIE":"place","MOT_DIR":"Fontenay","LD_BAN":null,"ID_SUPP":"TRONROUT0000000000197629","INSEEDBAN":null,"COMDEL_BAN":null,"DATE_CREAT":"2023-12-08T13:42:59","DATE_MAJ":"2024-03-12T16:10:18","NOM_NORMA":"PL MAURICE DE FONTENAY","ID_BAN_ODO":null,"Nom_a_verifier":false,"other_tags":"nan"},"geometry":{"type":"MultiLineString","coordinates":[[[2.389248515027734,48.845060444473475],[2.388418758166953,48.845053507490711]]]}},
{"type":"Feature","properties":{"ID":"VOIE_NOM0000002338742733","ID_BAN":"75112_8033","name":"Rue Raoul","INSEE_COM":"75112","NOM_COM":"Paris 12e Arrondissement","SRC_BAN":"commune","NOM_COLL":"R RAOUL","TYPE_VOIE":"rue","MOT_DIR":"Raoul","LD_BAN":null,"ID_SUPP":"TRONROUT0000000000200936/TRONROUT0000000289219330","INSEEDBAN":null,"COMDEL_BAN":null,"DATE_CREAT":"2023-12-08T13:42:59","DATE_MAJ":"2024-03-12T16:10:18","NOM_NORMA":"R RAOUL","ID_BAN_ODO":null,"Nom_a_verifier":false,"other_tags":"\"wikipedia\"=>\"fr:Rue_Raoul\""},"geometry":{"type":"MultiLineString","coordinates":[[[2.396304975244888,48.838639761747231],[2.396391781967541,48.838673476194842],[2.396644465760742,48.838736806942755],[2.397341837455767,48.838872528564544]],[[2.397341837455767,48.838872528564544],[2.397470983071009,48.838897461903805]]]}},
{"type":"Feature","properties":{"ID":"VOIE_NOM0000002338742735","ID_BAN":"75112_7070","name":"Rue Parrot","INSEE_COM":"75112","NOM_COM":"Paris 12e Arrondissement","SRC_BAN":"commune","NOM_COLL":"R PARROT","TYPE_VOIE":"rue","MOT_DIR":"Parrot","LD_BAN":null,"ID_SUPP":"TRONROUT0000000000196847/TRONROUT0000000000196849/TRONROUT0000000000197718/TRONROUT0000000289219265/TRONROUT0000000351733112","INSEEDBAN":null,"COMDEL_BAN":null,"DATE_CREAT":"2023-12-08T13:42:59","DATE_MAJ":"2024-03-12T16:10:18","NOM_NORMA":"R PARROT","ID_BAN_ODO":null,"Nom_a_verifier":false,"other_tags":"\"wikipedia\"=>\"fr:Rue_Parrot\""},"geometry":{"type":"MultiLineString","coordinates":[[[2.372376965251719,48.846717877421412],[2.372019223395208,48.846664736800818]],[[2.373112846683433,48.84682785974563],[2.372376965251719,48.846717877421412]],[[2.375168146884183,48.847136298654306],[2.37483084900438,48.847082373903667]],[[2.373863827758742,48.846928922972346],[2.373112846683433,48.84682785974563]],[[2.37483084900438,48.847082373903667],[2.374460892786171,48.847024680016936],[2.373863827758742,48.846928922972346]]]}},
{"type":"Feature","properties":{"ID":"VOIE_NOM0000002338742739","ID_BAN":"75112_2803","name":"Rue de Dijon","INSEE_COM":"75112","NOM_COM":"Paris 12e Arrondissement","SRC_BAN":"commune","NOM_COLL":"R DE DIJON","TYPE_VOIE":"rue","MOT_DIR":"Dijon","LD_BAN":null,"ID_SUPP":"TRONROUT0000000000202637","INSEEDBAN":null,"COMDEL_BAN":null,"DATE_CREAT":"2023-12-08T13:42:59","DATE_MAJ":"2024-03-12T16:10:18","NOM_NORMA":"R DE DIJON","ID_BAN_ODO":null,"Nom_a_verifier":false,"other_tags":"\"wikipedia\"=>\"fr:Rue_de_Dijon_(Paris)\""},"geometry":{"type":"MultiLineString","coordinates":[[[2.385348012386388,48.835296786626557],[2.385457753300193,48.835348614331252],[2.386098006298313,48.835700855788758]]]}},
{"type":"Feature","properties":{"ID":"VOIE_NOM0000002338742753","ID_BAN":"75112_7859","name":"Rue Proudhon","INSEE_COM":"75112","NOM_COM":"Paris 12e Arrondissement","SRC_BAN":"commune","NOM_COLL":"R PROUDHON","TYPE_VOIE":"rue","MOT_DIR":"Proudhon","LD_BAN":null,"ID_SUPP":"TRONROUT0000000000201776/TRONROUT0000000000201788","INSEEDBAN":null,"COMDEL_BAN":null,"DATE_CREAT":"2023-12-08T13:42:59","DATE_MAJ":"2024-03-12T16:10:18","NOM_NORMA":"R PROUDHON","ID_BAN_ODO":null,"Nom_a_verifier":false,"other_tags":"\"wikipedia\"=>\"fr:Rue_Proudhon_(Paris)\""},"geometry":{"type":"MultiLineString","coordinates":[[[2.387680116776006,48.83647972079671],[2.387749521068934,48.836486371616267],[2.387956171101652,48.836523403754121],[2.388112394455625,48.836561976312346],[2.389956995111144,48.837035469859181],[2.390022187145195,48.837052890230929]],[[2.391204529014181,48.837306238651678],[2.390397286722203,48.837132147720638],[2.390022187145195,48.837052890230929]]]}},
{"type":"Feature","properties":{"ID":"VOIE_NOM0000002338742757","ID_BAN":"75112_4827","name":"Rue des Jardiniers","INSEE_COM":"75112","NOM_COM":"Paris 12e Arrondissement","SRC_BAN":"commune","NOM_COLL":"R DES JARDINIERS","TYPE_VOIE":"rue","MOT_DIR":"Jardiniers","LD_BAN":null,"ID_SUPP":"TRONROUT0000000000202600/TRONROUT0000000000203433","INSEEDBAN":null,"COMDEL_BAN":null,"DATE_CREAT":"2023-12-08T13:42:59","DATE_MAJ":"2024-03-12T16:10:18","NOM_NORMA":"R DES JARDINIERS","ID_BAN_ODO":null,"Nom_a_verifier":false,"other_tags":"\"wikipedia\"=>\"fr:Rue_des_Jardiniers\""},"geometry":{"type":"MultiLineString","coordinates":[[[2.394908266072776,48.833609757642336],[2.395209897170886,48.833796552559321],[2.395760944683071,48.834091631431072]],[[2.395760944683071,48.834091631431072],[2.39581646366652,48.834120691582363],[2.396799708049057,48.834623003145467]]]}},
{"type":"Feature","properties":{"ID":"VOIE_NOM0000002338742761","ID_BAN":"75112_7538","name":"Rue Pleyel","INSEE_COM":"75112","NOM_COM":"Paris 12e Arrondissement","SRC_BAN":"commune","NOM_COLL":"R PLEYEL","TYPE_VOIE":"rue","MOT_DIR":"Pleyel","LD_BAN":null,"ID_SUPP":"TRONROUT0000000000200171","INSEEDBAN":null,"COMDEL_BAN":null,"DATE_CREAT":"2023-12-08T13:42:59","DATE_MAJ":"2024-03-12T16:10:18","NOM_NORMA":"R PLEYEL","ID_BAN_ODO":null,"Nom_a_verifier":false,"other_tags":"\"wikipedia\"=>\"fr:Rue_Pleyel_(Paris)\""},"geometry":{"type":"MultiLineString","coordinates":[[[2.390483768166717,48.840105879906062],[2.390557338495322,48.840106254748648],[2.391333171461407,48.840057142584762],[2.391612749421459,48.840034282070448],[2.39172219366497,48.839996166120763]]]}},
{"type":"Feature","properties":{"ID":"VOIE_NOM0000002338742768","ID_BAN":"75112_4948","name":"Rue Jean Renoir","INSEE_COM":"75112","NOM_COM":"Paris 12e Arrondissement","SRC_BAN":"commune","NOM_COLL":"R JEAN RENOIR","TYPE_VOIE":"rue","MOT_DIR":"Renoir","LD_BAN":null,"ID_SUPP":"TRONROUT0000000000201798","INSEEDBAN":null,"COMDEL_BAN":null,"DATE_CREAT":"2023-12-08T13:42:59","DATE_MAJ":"2024-03-12T16:10:18","NOM_NORMA":"R JEAN RENOIR","ID_BAN_ODO":null,"Nom_a_verifier":false,"other_tags":"\"wikipedia\"=>\"fr:Rue_Jean-Renoir_(Paris)\""},"geometry":{"type":"MultiLineString","coordinates":[[[2.382483831064524,48.83660230191262],[2.383191557355281,48.837008868721405]]]}},
{"type":"Feature","properties":{"ID":"VOIE_NOM0000002338742788","ID_BAN":"75112_r666","name":"Route de la Plaine","INSEE_COM":"75112","NOM_COM":"Paris 12e Arrondissement","SRC_BAN":"commune","NOM_COLL":"RTE DE LA PLAINE","TYPE_VOIE":"route","MOT_DIR":"Plaine","LD_BAN":null,"ID_SUPP":"TRONROUT0000000000205510/TRONROUT0000000000205529/TRONROUT0000000000205541/TRONROUT0000000000205543/TRONROUT0000000000205546/TRONROUT0000000000205557/TRONROUT0000000000205558/TRONROUT0000000000205568/TRONROUT0000000000205571/TRONROUT0000000230033016/TRON","INSEEDBAN":null,"COMDEL_BAN":null,"DATE_CREAT":"2023-12-08T13:42:59","DATE_MAJ":"2024-12-04T21:56:39","NOM_NORMA":"RTE DE LA PLAINE","ID_BAN_ODO":null,"Nom_a_verifier":false,"other_tags":"nan"},"geometry":{"type":"MultiLineString","coordinates":[[[2.409520953553084,48.826959121105041],[2.409292115201183,48.826958890370193],[2.409134094421717,48.826959908478166],[2.408973349491281,48.826960912914465],[2.408815287907859,48.82696552787953],[2.408654471549224,48.826972827124223]],[[2.408654471549224,48.826972827124223],[2.408518182659764,48.826979348094966],[2.408373670270749,48.82699032507854],[2.408220893507275,48.827009355323014],[2.408076268655229,48.827030224461183]],[[2.408076268655229,48.827030224461183],[2.408005318260146,48.827040665707003],[2.407827880858382,48.827072164553428]],[[2.407827880858382,48.827072164553428],[2.407692759552718,48.827095778395858],[2.407543925382337,48.827127418482696],[2.407411456404113,48.827157340736761],[2.407228365427565,48.827206798078699],[2.407063032282864,48.827251846335145],[2.40691820168096,48.827290700451726],[2.406781604751988,48.827324199015656],[2.406686023642205,48.827344410368276],[2.406628662657926,48.827357616325884],[2.406567276816747,48.827365406064999]],[[2.406492567032112,48.827347047923595],[2.406439691562782,48.827325200625729],[2.4063962585476,48.827311494501849]],[[2.406567276816747,48.827365406064999],[2.40651158499391,48.827351639153221],[2.406492567032112,48.827347047923595]],[[2.411875840523471,48.827224347368329],[2.41201599273153,48.827237627695027],[2.412126240087648,48.827245364641477],[2.41225836187232,48.827246014035651],[2.412423214130592,48.827243226621455],[2.412582678848381,48.827235016300733],[2.41265900598862,48.827230894336985],[2.412747601965394,48.827225933201575],[2.412878483163081,48.827215783385789],[2.413108785976675,48.827207020745121]],[[2.409953827966794,48.826984641249226],[2.410034078337335,48.826994930235074],[2.410217714083774,48.827017420880111],[2.410435351005102,48.827044575715746],[2.410636663580035,48.827069850966453],[2.410842062578601,48.827095146008276],[2.41104745161705,48.827121340016397],[2.411236485774901,48.827148352523864],[2.411426902512744,48.827173572796141],[2.411580594054382,48.82719411522487],[2.411730250217321,48.827210140757529],[2.411875840523471,48.827224347368329]],[[2.409953827966794,48.826984641249226],[2.40964210671472,48.826966014824968],[2.409520953553084,48.826959121105041]],[[2.413973610614831,48.826977425653133],[2.413740079165716,48.827031142604582],[2.413338445148306,48.827134399273604],[2.413108785976675,48.827207020745121]],[[2.414499845694685,48.826937732811317],[2.414475308189135,48.826939411415829],[2.414292628816575,48.826952906780157],[2.413973610614831,48.826977425653133]],[[2.416440232537256,48.826876166734849],[2.416178825663571,48.826864997815761],[2.415982717692021,48.826861342182788],[2.415802914285542,48.82686136335434],[2.415598533121975,48.826866660371593],[2.415403646076243,48.826875600928211],[2.41521014121003,48.826882749187263],[2.415008463862838,48.826889857157148],[2.414813485779412,48.826906890633218],[2.414645749011833,48.82692405713113],[2.414499845694685,48.826937732811317]],[[2.419101446111913,48.827524976695514],[2.418772293437454,48.827358792960474],[2.418442591108086,48.8272420709051],[2.417796058401375,48.827076139361836]],[[2.416440232537256,48.826876166734849],[2.416535476871033,48.826885625148265],[2.416762812009854,48.826898425864719],[2.417327127022865,48.826985717372295],[2.417637026958255,48.827045685864832],[2.417796058401375,48.827076139361836]],[[2.419101446111913,48.827524976695514],[2.419230393688738,48.827566074553935],[2.419263043766203,48.827569830580359],[2.419359621920758,48.827581991312918]]]}},
{"type":"Feature","properties":{"ID":"VOIE_NOM0000002338742792","ID_BAN":"75112_8036","name":"Port de la Rapée","INSEE_COM":"75112","NOM_COM":"Paris 12e Arrondissement","SRC_BAN":"commune","NOM_COLL":"PORT DE LA RAPEE","TYPE_VOIE":"port","MOT_DIR":"Rapée","LD_BAN":null,"ID_SUPP":"TRONROUT0000000000199334/TRONROUT0000000000200227/TRONROUT0000000230033460/TRONROUT0000002000654106/TRONROUT0000002009835441/TRONROUT0000002215639323/TRONROUT0000002215640544","INSEEDBAN":null,"COMDEL_BAN":null,"DATE_CREAT":"2023-12-08T13:42:59","DATE_MAJ":"2024-03-12T16:10:18","NOM_NORMA":"PORT DE LA RAPEE","ID_BAN_ODO":null,"Nom_a_verifier":false,"other_tags":"nan"},"geometry":{"type":"MultiLineString","coordinates":[[[2.37505381427616,48.839170969906142],[2.375135244834319,48.839197476836759]],[[2.37338215650067,48.840636280253463],[2.373408334486738,48.840612134600008],[2.373592022849685,48.840406243318554],[2.374346455109508,48.839758153743006],[2.374547265169059,48.839600916017332],[2.374925027306806,48.839230554328893],[2.374975910184517,48.839191248229056],[2.375019722252001,48.839173489879549],[2.37505381427616,48.839170969906142]],[[2.369228279456573,48.843866539192391],[2.369259301532713,48.843892784192597],[2.369293016011127,48.843921741458097]],[[2.371067237419227,48.842556859720759],[2.371079933776223,48.842520952038264],[2.371103627564928,48.842477007920941],[2.371173840659154,48.842417119840228],[2.37135531396512,48.84228316948284],[2.371535413029837,48.842150110980455],[2.371651128565836,48.842045493590923]],[[2.371651128565836,48.842045493590923],[2.372038734247854,48.841766028828495],[2.372371491342364,48.841515054574124],[2.372620584224345,48.84130950804763],[2.373245740793557,48.840763275011497],[2.37338215650067,48.840636280253463]],[[2.37109352110475,48.842637041007556],[2.371069376347653,48.842605436446782],[2.371067237419227,48.842556859720759]],[[2.371651128565836,48.842045493590923],[2.371547592326371,48.842044050353884],[2.371497061955586,48.842053677857919],[2.371458696115964,48.842071463506009],[2.371111915732867,48.842354738411906],[2.370449252534041,48.842844102645898],[2.369899497472208,48.84323512817641],[2.369705602382977,48.843381601845721],[2.369666930409053,48.843424567379458],[2.369639125728296,48.84347028824272],[2.369624815468268,48.843526872527043],[2.369599561653389,48.843586996580107],[2.369294300224245,48.843815623762758],[2.369228279456573,48.843866539192391]]]}},
{"type":"Feature","properties":{"ID":"VOIE_NOM0000002338742793","ID_BAN":"75112_2836","name":"Rue du Docteur Goujon","INSEE_COM":"75112","NOM_COM":"Paris 12e Arrondissement","SRC_BAN":"commune","NOM_COLL":"R DU DOCTEUR GOUJON","TYPE_VOIE":"rue","MOT_DIR":"Goujon","LD_BAN":null,"ID_SUPP":"TRONROUT0000000000200122/TRONROUT0000002010472366","INSEEDBAN":null,"COMDEL_BAN":null,"DATE_CREAT":"2023-12-08T13:42:59","DATE_MAJ":"2024-03-12T16:10:18","NOM_NORMA":"R DU DOCTEUR GOUJON","ID_BAN_ODO":null,"Nom_a_verifier":false,"other_tags":"\"wikipedia\"=>\"fr:Rue_du_Docteur-Goujon\""},"geometry":{"type":"MultiLineString","coordinates":[[[2.397559782011265,48.839701937930492],[2.397543880144301,48.839663185332363],[2.397525700489493,48.839585748743986]],[[2.399339689655799,48.840603953368891],[2.397937482668479,48.839912491176953],[2.39770320957121,48.839788099441016],[2.397598896754457,48.839736310621241],[2.397559782011265,48.839701937930492]]]}},
{"type":"Feature","properties":{"ID":"VOIE_NOM0000002338742796","ID_BAN":"75112_3514","name":"Rue du Faubourg Saint-Antoine","INSEE_COM":"75112","NOM_COM":"Paris 12e Arrondissement","SRC_BAN":"commune","NOM_COLL":"R DU FAUBOURG SAINT-ANTOINE","TYPE_VOIE":"rue","MOT_DIR":"Antoine","LD_BAN":null,"ID_SUPP":"TRONROUT0000000000194329/TRONROUT0000000000195125/TRONROUT0000000000195128/TRONROUT0000000000195129/TRONROUT0000000000195135/TRONROUT0000000000195136/TRONROUT0000000000195137/TRONROUT0000000000195142/TRONROUT0000000000195143/TRONROUT0000000000195144/TRON","INSEEDBAN":null,"COMDEL_BAN":null,"DATE_CREAT":"2023-12-08T13:42:59","DATE_MAJ":"2024-03-12T16:10:18","NOM_NORMA":"R DU FAUBOURG SAINT-ANTOINE","ID_BAN_ODO":null,"Nom_a_verifier":false,"other_tags":"nan"},"geometry":{"type":"MultiLineString","coordinates":[[[2.39433745969329,48.848617184725512],[2.394858884962396,48.848542478747234],[2.395003574805876,48.848521625994479]],[[2.392997014866238,48.848810947459874],[2.393418772422811,48.848752829773431],[2.39422687705951,48.848634611953898],[2.39433745969329,48.848617184725512]],[[2.391973134719696,48.848968531528755],[2.392997014866238,48.848810947459874]],[[2.390105594475957,48.849253114847308],[2.389496724149868,48.849346240391817]],[[2.389496724149868,48.849346240391817],[2.387328789668298,48.849678711685868]],[[2.391973134719696,48.848968531528755],[2.391840716731204,48.84898854364652],[2.390700804579163,48.849162614703545],[2.390202521708579,48.849238319887704]],[[2.390202521708579,48.849238319887704],[2.390105594475957,48.849253114847308]],[[2.381404632384278,48.850392894006326],[2.381744334794651,48.850361373761714]],[[2.380114712394509,48.850455468182119],[2.380752854023529,48.850424597218719],[2.381404632384278,48.850392894006326]],[[2.38445763880411,48.850127141997085],[2.384143745370023,48.850165997612365],[2.383896750212432,48.850194404665373],[2.383720730984199,48.850213283926671],[2.383630666669592,48.850223612228866],[2.383269216669124,48.850250528957076],[2.383064623369047,48.850265662549326],[2.382952777277631,48.850274079319554]],[[2.381744334794651,48.850361373761714],[2.382864107335259,48.850281716176156],[2.382952777277631,48.850274079319554]],[[2.387328789668298,48.849678711685868],[2.384692486077415,48.850088778427057]],[[2.38445763880411,48.850127141997085],[2.384692486077415,48.850088778427057]],[[2.37938717089219,48.850555122286963],[2.378895746743247,48.850624520542738],[2.378800133528353,48.850642910590565]],[[2.378800133528353,48.850642910590565],[2.378555472483217,48.850703695477897]],[[2.378555472483217,48.850703695477897],[2.377805079911062,48.85089045857206]],[[2.377805079911062,48.85089045857206],[2.377635579598155,48.850933645335282]],[[2.380114712394509,48.850455468182119],[2.380065580928028,48.850461509100001],[2.37960559666999,48.850522978982383]],[[2.37960559666999,48.850522978982383],[2.37938717089219,48.850555122286963]],[[2.376760798300426,48.851151232158792],[2.377228260566004,48.851034951570043]],[[2.376142995151505,48.851303600613562],[2.376760798300426,48.851151232158792]],[[2.374866550594997,48.851603617821546],[2.375092088298707,48.851547237371832]],[[2.374776331060795,48.851626529600296],[2.374866550594997,48.851603617821546]],[[2.375375031773587,48.851476766543314],[2.375493953878405,48.851446809302473],[2.376142995151505,48.851303600613562]],[[2.375092088298707,48.851547237371832],[2.375375031773587,48.851476766543314]],[[2.373197292472431,48.852042762676511],[2.373457074935953,48.851972175053859]],[[2.372895102487807,48.852126617772818],[2.373197292472431,48.852042762676511]],[[2.373711395008599,48.851902457627673],[2.373812582082284,48.851874207933342]],[[2.373457074935953,48.851972175053859],[2.373711395008599,48.851902457627673]],[[2.37446598053821,48.85170944667373],[2.374776331060795,48.851626529600296]],[[2.373812582082284,48.851874207933342],[2.37446598053821,48.85170944667373]],[[2.371251318688989,48.852710664729926],[2.371217054845485,48.852726673021984],[2.370990563395252,48.852861284809784],[2.370533206273945,48.853153867216406],[2.370431569453338,48.853218985202808],[2.370371162767173,48.853255540793683],[2.370320425693782,48.853281355013927],[2.370260203621071,48.853302622532226]],[[2.371817296227182,48.852451026517528],[2.372011671463846,48.85238009862686],[2.372318060856589,48.852287274267404]],[[2.371251318688989,48.852710664729926],[2.371718734832672,48.852487382482948],[2.371817296227182,48.852451026517528]],[[2.3726092859165,48.852208759253926],[2.372895102487807,48.852126617772818]],[[2.372318060856589,48.852287274267404],[2.372352237415873,48.852278460021694],[2.3726092859165,48.852208759253926]],[[2.377392278526027,48.850994434916416],[2.377635579598155,48.850933645335282]],[[2.377228260566004,48.851034951570043],[2.377392278526027,48.850994434916416]]]}},
{"type":"Feature","properties":{"ID":"VOIE_NOM0000002338742811","ID_BAN":"75112_8970","name":"Rue Sidi Brahim","INSEE_COM":"75112","NOM_COM":"Paris 12e Arrondissement","SRC_BAN":"commune","NOM_COLL":"R SIDI BRAHIM","TYPE_VOIE":"rue","MOT_DIR":"Brahim","LD_BAN":null,"ID_SUPP":"TRONROUT0000000000200929/TRONROUT0000000289219332","INSEEDBAN":null,"COMDEL_BAN":null,"DATE_CREAT":"2023-12-08T13:42:59","DATE_MAJ":"2024-03-12T16:10:18","NOM_NORMA":"R SIDI BRAHIM","ID_BAN_ODO":null,"Nom_a_verifier":false,"other_tags":"\"wikipedia\"=>\"fr:Rue_Sidi-Brahim\""},"geometry":{"type":"MultiLineString","coordinates":[[[2.399141626826858,48.838283507194987],[2.399209247616106,48.838327016206094]],[[2.399209247616106,48.838327016206094],[2.400317267184215,48.839007097161556],[2.400676034892073,48.839205855254136]]]}},
{"type":"Feature","properties":{"ID":"VOIE_NOM0000002338742845","ID_BAN":"75112_3539","name":"Rue de Fécamp","INSEE_COM":"75112","NOM_COM":"Paris 12e Arrondissement","SRC_BAN":"commune","NOM_COLL":"R DE FECAMP","TYPE_VOIE":"rue","MOT_DIR":"Fécamp","LD_BAN":null,"ID_SUPP":"TRONROUT0000000000201729/TRONROUT0000000000201730/TRONROUT0000000000201734/TRONROUT0000000000202582/TRONROUT0000000000202583/TRONROUT0000000000202593/TRONROUT0000000289219344/TRONROUT0000002479156258","INSEEDBAN":null,"COMDEL_BAN":null,"DATE_CREAT":"2023-12-08T13:42:59","DATE_MAJ":"2024-09-23T22:15:13","NOM_NORMA":"R DE FECAMP","ID_BAN_ODO":null,"Nom_a_verifier":false,"other_tags":"\"wikipedia\"=>\"fr:Rue_de_F%C3%A9camp\""},"geometry":{"type":"MultiLineString","coordinates":[[[2.398780986474744,48.835177093998936],[2.399249450192678,48.835548187064944],[2.39962789946511,48.835810003363832]],[[2.39962789946511,48.835810003363832],[2.399847204976898,48.835931618650569],[2.400363326019559,48.836187827642348]],[[2.400363326019559,48.836187827642348],[2.400936380141021,48.836469501640629],[2.40101091502407,48.836504050705898]],[[2.40101091502407,48.836504050705898],[2.401360503690339,48.83667038423625],[2.401739993583847,48.836843161804119]],[[2.402204508565832,48.837086513356567],[2.402158570783293,48.83705300735641],[2.401739993583847,48.836843161804119]],[[2.402262573372123,48.837131771650157],[2.402204508565832,48.837086513356567]],[[2.397716294054253,48.834175241473424],[2.398221451990017,48.834670636084027],[2.398500443337033,48.834931955782622],[2.398593444532919,48.835018762419928]],[[2.398593444532919,48.835018762419928],[2.398780986474744,48.835177093998936]]]}},
{"type":"Feature","properties":{"ID":"VOIE_NOM0000002338742849","ID_BAN":"75112_9385","name":"Rue Tourneux","INSEE_COM":"75112","NOM_COM":"Paris 12e Arrondissement","SRC_BAN":"commune","NOM_COLL":"R TOURNEUX","TYPE_VOIE":"rue","MOT_DIR":"Tourneux","LD_BAN":null,"ID_SUPP":"TRONROUT0000000000200934/TRONROUT0000000000201746/TRONROUT0000000000201747/TRONROUT0000000289219336","INSEEDBAN":null,"COMDEL_BAN":null,"DATE_CREAT":"2023-12-08T13:42:59","DATE_MAJ":"2024-03-12T16:10:18","NOM_NORMA":"R TOURNEUX","ID_BAN_ODO":null,"Nom_a_verifier":false,"other_tags":"\"wikipedia\"=>\"fr:Rue_Tourneux\""},"geometry":{"type":"MultiLineString","coordinates":[[[2.397815512805455,48.837261458604964],[2.39808612191428,48.837423806534296]],[[2.399357269846909,48.838132598065826],[2.399434416808016,48.838177054151174]],[[2.39808612191428,48.837423806534296],[2.39837713679859,48.837588954541019]],[[2.39837713679859,48.837588954541019],[2.398727754719709,48.837784080376338],[2.399074257084425,48.837981882547275],[2.399357269846909,48.838132598065826]]]}},
{"type":"Feature","properties":{"ID":"VOIE_NOM0000002338742877","ID_BAN":"75112_7152","name":"Rue Paul Dukas","INSEE_COM":"75112","NOM_COM":"Paris 12e Arrondissement","SRC_BAN":"commune","NOM_COLL":"R PAUL DUKAS","TYPE_VOIE":"rue","MOT_DIR":"Dukas","LD_BAN":null,"ID_SUPP":"TRONROUT0000000000200162","INSEEDBAN":null,"COMDEL_BAN":null,"DATE_CREAT":"2023-12-08T13:42:59","DATE_MAJ":"2024-03-12T16:10:18","NOM_NORMA":"R PAUL DUKAS","ID_BAN_ODO":null,"Nom_a_verifier":false,"other_tags":"\"wikipedia\"=>\"fr:Rue_Paul-Dukas\""},"geometry":{"type":"MultiLineString","coordinates":[[[2.392022055157039,48.840453666455296],[2.392021394267902,48.840510322812811],[2.392025480233133,48.840627260445459],[2.39202951906183,48.841215462558679]]]}},
{"type":"Feature","properties":{"ID":"VOIE_NOM0000002338742887","ID_BAN":"75112_r530","name":"Avenue des Canadiens","INSEE_COM":"75112","NOM_COM":"Paris 12e Arrondissement","SRC_BAN":"commune","NOM_COLL":"AV DES CANADIENS","TYPE_VOIE":"avenue","MOT_DIR":"Canadiens","LD_BAN":null,"ID_SUPP":"TRONROUT0000000000207816/TRONROUT0000000000208139/TRONROUT0000000004411546/TRONROUT0000000083297791/TRONROUT0000000230033708/TRONROUT0000000230033711/TRONROUT0000000240162774/TRONROUT0000002490035498","INSEEDBAN":null,"COMDEL_BAN":null,"DATE_CREAT":"2023-12-08T13:42:59","DATE_MAJ":"2025-05-20T22:17:17","NOM_NORMA":"AV DES CANADIENS","ID_BAN_ODO":null,"Nom_a_verifier":false,"other_tags":"nan"},"geometry":{"type":"MultiLineString","coordinates":[[[2.462410746362474,48.818992833993462],[2.462653372042782,48.819105446696653]],[[2.462410746362474,48.818992833993462],[2.462227867689942,48.818897577577388],[2.462054448521657,48.818809558406002],[2.461878343335892,48.818717929396414],[2.461490745068492,48.818532712453333],[2.461149257419275,48.818366588844107],[2.460795608293173,48.818191415655932],[2.460432475156999,48.818011701722249],[2.459989331236615,48.817799247887891],[2.459540902052885,48.817571479118136]],[[2.459540902052885,48.817571479118136],[2.459302142590014,48.817481361703372],[2.45910155246911,48.817387818981565]],[[2.458975677372445,48.817181292924651],[2.459071891024342,48.817227596294316]],[[2.45910155246911,48.817387818981565],[2.459022948949299,48.81735058905651],[2.458768185532602,48.817228020686855]],[[2.458053997051857,48.817019728503297],[2.458158866445697,48.8170193044092],[2.45824465168761,48.817020592503006],[2.458315428899176,48.817024510666052],[2.458361665353767,48.817031015742266],[2.458406530659893,48.817038413963644],[2.458445958040635,48.81704488816451],[2.458481309311527,48.817050444517896],[2.458691971252546,48.817091870236901],[2.45876260857606,48.817109278108056],[2.458975677372445,48.817181292924651]],[[2.45575947521855,48.817256634302005],[2.456254155215532,48.817226507463445],[2.456844227843741,48.817190516336581],[2.457871912113224,48.817111538566856],[2.45822482003036,48.817094251302791],[2.458350004784188,48.817104711575887],[2.458481877282703,48.817126893865776],[2.458659753087043,48.817178064257043],[2.458768185532602,48.817228020686855]],[[2.455667725443218,48.817174373618165],[2.455757671437663,48.81716848744513],[2.456109199858342,48.817152998890002],[2.456286358632708,48.817142112757864],[2.456567137611733,48.817120005498332],[2.456928329338076,48.817091967220847],[2.456946051737126,48.817090248966039],[2.457363143177551,48.817056167631584],[2.457816956427097,48.817026748235193],[2.458053997051857,48.817019728503297]]]}},
{"type":"Feature","properties":{"ID":"VOIE_NOM0000002338742897","ID_BAN":"75112_9353","name":"Rue de Toul","INSEE_COM":"75112","NOM_COM":"Paris 12e Arrondissement","SRC_BAN":"commune","NOM_COLL":"R DE TOUL","TYPE_VOIE":"rue","MOT_DIR":"Toul","LD_BAN":null,"ID_SUPP":"TRONROUT0000000000200071/TRONROUT0000000000200091/TRONROUT0000000000200096/TRONROUT0000000000200098/TRONROUT0000000000200918/TRONROUT0000000000201728","INSEEDBAN":null,"COMDEL_BAN":null,"DATE_CREAT":"2023-12-08T13:42:59","DATE_MAJ":"2024-03-12T16:10:18","NOM_NORMA":"R DE TOUL","ID_BAN_ODO":null,"Nom_a_verifier":false,"other_tags":"\"wikipedia\"=>\"fr:Rue_de_Toul\""},"geometry":{"type":"MultiLineString","coordinates":[[[2.402574744857064,48.839255824358958],[2.402595589480445,48.838982522792271],[2.402635015256598,48.838276721185203],[2.402576720337014,48.838132532211098],[2.402294250741573,48.837458398439658],[2.402203364610364,48.837305052687618]],[[2.402574744857064,48.839255824358958],[2.402571339740878,48.839315165153842],[2.402551999889105,48.839457167528259],[2.402519058144565,48.839716018787364]],[[2.400917170332512,48.840867282010855],[2.402255277404261,48.840856887981076],[2.402311209415783,48.84085087193602],[2.402353589255507,48.840838492642852]],[[2.402353589255507,48.840838492642852],[2.402376987806123,48.84081792427417],[2.402389641545406,48.840783811831507],[2.402435320730883,48.840483653933781],[2.402451276578252,48.840399193826023]],[[2.402468636034508,48.84031114328198],[2.402519058144565,48.839716018787364]],[[2.402451276578252,48.840399193826023],[2.402468636034508,48.84031114328198]]]}},
{"type":"Feature","properties":{"ID":"VOIE_NOM0000002338742910","ID_BAN":"75112_5772","name":"Rue Louis Braille","INSEE_COM":"75112","NOM_COM":"Paris 12e Arrondissement","SRC_BAN":"commune","NOM_COLL":"R LOUIS BRAILLE","TYPE_VOIE":"rue","MOT_DIR":"Braille","LD_BAN":null,"ID_SUPP":"TRONROUT0000000000200070/TRONROUT0000000000200117","INSEEDBAN":null,"COMDEL_BAN":null,"DATE_CREAT":"2023-12-08T13:42:59","DATE_MAJ":"2024-03-12T16:10:18","NOM_NORMA":"R LOUIS BRAILLE","ID_BAN_ODO":null,"Nom_a_verifier":false,"other_tags":"\"wikipedia\"=>\"fr:Rue_Louis-Braille\""},"geometry":{"type":"MultiLineString","coordinates":[[[2.400301949902057,48.839746294905623],[2.400507776556032,48.839738332992503],[2.400608594541791,48.839738838206209],[2.401614369759836,48.839715993469994],[2.402519058144565,48.839716018787364]],[[2.402519058144565,48.839716018787364],[2.403159295795352,48.839727309146753],[2.403697219548522,48.839749777778849],[2.404141281647481,48.839759185442027],[2.404380849332338,48.83977926509592]]]}},
{"type":"Feature","properties":{"ID":"VOIE_NOM0000002338742921","ID_BAN":"75112_1265","name":"Rue de la Brèche aux Loups","INSEE_COM":"75112","NOM_COM":"Paris 12e Arrondissement","SRC_BAN":"commune","NOM_COLL":"R DE LA BRECHE AUX LOUPS","TYPE_VOIE":"rue","MOT_DIR":"Loups","LD_BAN":null,"ID_SUPP":"TRONROUT0000000000200945/TRONROUT0000000000200947/TRONROUT0000000000200948/TRONROUT0000000000201760/TRONROUT0000000000201763/TRONROUT0000000000201764/TRONROUT0000000000201765","INSEEDBAN":null,"COMDEL_BAN":null,"DATE_CREAT":"2023-12-08T13:42:59","DATE_MAJ":"2024-03-12T16:10:18","NOM_NORMA":"R DE LA BRECHE AUX LOUPS","ID_BAN_ODO":null,"Nom_a_verifier":false,"other_tags":"\"wikipedia\"=>\"fr:Rue_de_la_Br%C3%A8che-aux-Loups\""},"geometry":{"type":"MultiLineString","coordinates":[[[2.393034816026528,48.836439560119032],[2.392385463128734,48.836161957300632],[2.392183359723593,48.83608538389575]],[[2.393175681745038,48.836627342482203],[2.393034816026528,48.836439560119032]],[[2.393471824398542,48.83693552743032],[2.393175681745038,48.836627342482203]],[[2.396245705554503,48.838698820479529],[2.395683332272214,48.838436065127837]],[[2.395683332272214,48.838436065127837],[2.394551696918731,48.83791860561557]],[[2.394447349182895,48.837870411199368],[2.394375562304404,48.837834073262684],[2.393471824398542,48.83693552743032]],[[2.394551696918731,48.83791860561557],[2.394447349182895,48.837870411199368]]]}},
{"type":"Feature","properties":{"ID":"VOIE_NOM0000002338742959","ID_BAN":"75112_9979","name":"Passage de l'Yonne","INSEE_COM":"75112","NOM_COM":"Paris 12e Arrondissement","SRC_BAN":"commune","NOM_COLL":"PAS DE L'YONNE","TYPE_VOIE":"passage","MOT_DIR":"Yonne","LD_BAN":null,"ID_SUPP":"TRONROUT0000002000696331","INSEEDBAN":null,"COMDEL_BAN":null,"DATE_CREAT":"2023-12-08T13:42:59","DATE_MAJ":"2024-03-12T16:10:18","NOM_NORMA":"PAS DE L'YONNE","ID_BAN_ODO":null,"Nom_a_verifier":false,"other_tags":"nan"},"geometry":{"type":"MultiLineString","coordinates":[[[2.386163766698681,48.832199060720519],[2.385715220223187,48.832460272555188]]]}},
{"type":"Feature","properties":{"ID":"VOIE_NOM0000002338742990","ID_BAN":"75112_6292","name":"Rue Messidor","INSEE_COM":"75112","NOM_COM":"Paris 12e Arrondissement","SRC_BAN":"commune","NOM_COLL":"R MESSIDOR","TYPE_VOIE":"rue","MOT_DIR":"Messidor","LD_BAN":null,"ID_SUPP":"TRONROUT0000000000200088","INSEEDBAN":null,"COMDEL_BAN":null,"DATE_CREAT":"2023-12-08T13:42:59","DATE_MAJ":"2024-03-12T16:10:18","NOM_NORMA":"R MESSIDOR","ID_BAN_ODO":null,"Nom_a_verifier":false,"other_tags":"\"wikipedia\"=>\"fr:Rue_Messidor\""},"geometry":{"type":"MultiLineString","coordinates":[[[2.404467192330543,48.840092672240829],[2.402451276578252,48.840399193826023]]]}},
{"type":"Feature","properties":{"ID":"VOIE_NOM0000002338742995","ID_BAN":"75112_1425","name":"Rue Cailletet","INSEE_COM":"75112","NOM_COM":"Paris 12e Arrondissement","SRC_BAN":"commune","NOM_COLL":"R CAILLETET","TYPE_VOIE":"rue","MOT_DIR":"Cailletet","LD_BAN":null,"ID_SUPP":"TRONROUT0000000000199195","INSEEDBAN":null,"COMDEL_BAN":null,"DATE_CREAT":"2023-12-08T13:42:59","DATE_MAJ":"2024-03-12T16:10:18","NOM_NORMA":"R CAILLETET","ID_BAN_ODO":null,"Nom_a_verifier":false,"other_tags":"\"wikipedia\"=>\"fr:Rue_Cailletet\""},"geometry":{"type":"MultiLineString","coordinates":[[[2.414618255154033,48.843202392678883],[2.41464103486922,48.843115266565825],[2.414659525025105,48.843046106584957],[2.414685170981895,48.842946403483367],[2.414817062638058,48.842485678673967],[2.414849601173434,48.84237881434931]]]}},
{"type":"Feature","properties":{"ID":"VOIE_NOM0000002338743006","ID_BAN":"75112_2336","name":"Rue Coriolis","INSEE_COM":"75112","NOM_COM":"Paris 12e Arrondissement","SRC_BAN":"commune","NOM_COLL":"R CORIOLIS","TYPE_VOIE":"rue","MOT_DIR":"Coriolis","LD_BAN":null,"ID_SUPP":"TRONROUT0000000000201778/TRONROUT0000000000202616/TRONROUT0000000351733141","INSEEDBAN":null,"COMDEL_BAN":null,"DATE_CREAT":"2023-12-08T13:42:59","DATE_MAJ":"2024-03-12T16:10:18","NOM_NORMA":"R CORIOLIS","ID_BAN_ODO":null,"Nom_a_verifier":false,"other_tags":"\"wikipedia\"=>\"fr:Rue_Coriolis\""},"geometry":{"type":"MultiLineString","coordinates":[[[2.388752692521665,48.838307316801696],[2.388209597424094,48.838843258466888]],[[2.392161111389216,48.834955668952702],[2.392155662272826,48.834955641261075],[2.392106410470965,48.834973378259392],[2.392061088147825,48.835004625684427],[2.391894122471631,48.835186348016691],[2.391567670916816,48.835492270624179],[2.390022187145195,48.837052890230929]],[[2.390022187145195,48.837052890230929],[2.389571174826045,48.837522755208894],[2.389275014514885,48.83779914666458],[2.388752692521665,48.838307316801696]]]}},
{"type":"Feature","properties":{"ID":"VOIE_NOM0000002338743009","ID_BAN":"75112_6624","name":"Cité Moynet","INSEE_COM":"75112","NOM_COM":"Paris 12e Arrondissement","SRC_BAN":"commune","NOM_COLL":"CITE MOYNET","TYPE_VOIE":"cité","MOT_DIR":"Moynet","LD_BAN":null,"ID_SUPP":"TRONROUT0000000000198441/TRONROUT0000000000198454","INSEEDBAN":null,"COMDEL_BAN":null,"DATE_CREAT":"2023-12-08T13:42:59","DATE_MAJ":"2024-03-12T16:10:18","NOM_NORMA":"CITE MOYNET","ID_BAN_ODO":null,"Nom_a_verifier":false,"other_tags":"nan"},"geometry":{"type":"MultiLineString","coordinates":[[[2.386362373525146,48.843680450103648],[2.385344179877231,48.843247128256515]],[[2.386889510907027,48.84392777832192],[2.386697166444828,48.843830561065403],[2.386598253587873,48.843783287301882],[2.386362373525146,48.843680450103648]]]}},
{"type":"Feature","properties":{"ID":"VOIE_NOM0000002338743057","ID_BAN":"75112_8781","name":"Passage Saint-Vivant","INSEE_COM":"75112","NOM_COM":"Paris 12e Arrondissement","SRC_BAN":"commune","NOM_COLL":"PAS SAINT-VIVANT","TYPE_VOIE":"passage","MOT_DIR":"Vivant","LD_BAN":null,"ID_SUPP":"TRONROUT0000000000203480/TRONROUT0000000000203481","INSEEDBAN":null,"COMDEL_BAN":null,"DATE_CREAT":"2023-12-08T13:42:59","DATE_MAJ":"2024-03-12T16:10:18","NOM_NORMA":"PAS SAINT-VIVANT","ID_BAN_ODO":null,"Nom_a_verifier":false,"other_tags":"nan"},"geometry":{"type":"MultiLineString","coordinates":[[[2.386651079041774,48.832579295116538],[2.386195868871061,48.832827883355485]],[[2.386195868871061,48.832827883355485],[2.385716007063357,48.83308713562792]]]}},
{"type":"Feature","properties":{"ID":"VOIE_NOM0000002338743064","ID_BAN":"75112_0966","name":"Rue Bignon","INSEE_COM":"75112","NOM_COM":"Paris 12e Arrondissement","SRC_BAN":"commune","NOM_COLL":"R BIGNON","TYPE_VOIE":"rue","MOT_DIR":"Bignon","LD_BAN":null,"ID_SUPP":"TRONROUT0000000000200182/TRONROUT0000000000200183/TRONROUT0000000289219315/TRONROUT0000000289219316/TRONROUT0000000351733157","INSEEDBAN":null,"COMDEL_BAN":null,"DATE_CREAT":"2023-12-08T13:42:59","DATE_MAJ":"2024-03-12T16:10:18","NOM_NORMA":"R BIGNON","ID_BAN_ODO":null,"Nom_a_verifier":false,"other_tags":"nan"},"geometry":{"type":"MultiLineString","coordinates":[[[2.388353051930143,48.840434962709189],[2.388226155974423,48.840334484738861],[2.388168120902736,48.840287421148027]],[[2.388353051930143,48.840434962709189],[2.388772831338696,48.840772569916425],[2.389038679066561,48.840991573232934],[2.389091318662557,48.84103411200789]],[[2.388353051930143,48.840434962709189],[2.388376477990896,48.84052861602045],[2.38879330142533,48.840885993941328],[2.388871375712785,48.841083352765978]],[[2.389091318662557,48.84103411200789],[2.389150675678228,48.841084779302612]],[[2.388871375712785,48.841083352765978],[2.388896661022708,48.841134745478485]]]}},
{"type":"Feature","properties":{"ID":"VOIE_NOM0000002338743093","ID_BAN":"75112_r171","name":"Cour du Minervois","INSEE_COM":"75112","NOM_COM":"Paris 12e Arrondissement","SRC_BAN":"commune","NOM_COLL":"COUR DU MINERVOIS","TYPE_VOIE":"cour","MOT_DIR":"Minervois","LD_BAN":null,"ID_SUPP":"TRONROUT0000000000204180","INSEEDBAN":null,"COMDEL_BAN":null,"DATE_CREAT":"2023-12-08T13:42:59","DATE_MAJ":"2024-03-12T16:10:18","NOM_NORMA":"COUR DU MINERVOIS","ID_BAN_ODO":null,"Nom_a_verifier":false,"other_tags":"nan"},"geometry":{"type":"MultiLineString","coordinates":[[[2.386889017245664,48.831807958211925],[2.387389953284052,48.832188259558912]]]}},
{"type":"Feature","properties":{"ID":"VOIE_NOM0000002338743102","ID_BAN":"75112_0522","name":"Rue de l'Aubrac","INSEE_COM":"75112","NOM_COM":"Paris 12e Arrondissement","SRC_BAN":"commune","NOM_COLL":"R DE L'AUBRAC","TYPE_VOIE":"rue","MOT_DIR":"Aubrac","LD_BAN":null,"ID_SUPP":"TRONROUT0000000000202620/TRONROUT0000000000202623/TRONROUT0000000000202639/TRONROUT0000002244414338","INSEEDBAN":null,"COMDEL_BAN":null,"DATE_CREAT":"2023-12-08T13:42:59","DATE_MAJ":"2024-03-12T16:10:18","NOM_NORMA":"R DE L'AUBRAC","ID_BAN_ODO":null,"Nom_a_verifier":false,"other_tags":"\"wikipedia\"=>\"fr:Rue_de_l%27Aubrac\""},"geometry":{"type":"MultiLineString","coordinates":[[[2.385504135037104,48.834187771441115],[2.386226678223418,48.834607887825463]],[[2.386959287269016,48.834983982312728],[2.387347777487532,48.835197323671437]],[[2.386226678223418,48.834607887825463],[2.386251199069393,48.834608013651355],[2.386275614032942,48.834617132586992],[2.386535550459978,48.834756069014041]],[[2.386535550459978,48.834756069014041],[2.3867616535313,48.834875944717105],[2.386959287269016,48.834983982312728]]]}},
{"type":"Feature","properties":{"ID":"VOIE_NOM0000002338743106","ID_BAN":"75112_6388","name":"Passage Miriam Makeba","INSEE_COM":"75112","NOM_COM":"Paris 12e Arrondissement","SRC_BAN":"commune","NOM_COLL":"PAS MIRIAM MAKEBA","TYPE_VOIE":"passage","MOT_DIR":"Makeba","LD_BAN":null,"ID_SUPP":"TRONROUT0000000000198457/TRONROUT0000000289219294","INSEEDBAN":null,"COMDEL_BAN":null,"DATE_CREAT":"2023-12-08T13:42:59","DATE_MAJ":"2024-03-12T16:10:18","NOM_NORMA":"PAS MIRIAM MAKEBA","ID_BAN_ODO":null,"Nom_a_verifier":false,"other_tags":"nan"},"geometry":{"type":"MultiLineString","coordinates":[[[2.383051675739307,48.843647233877135],[2.382981357823303,48.843601903277907]],[[2.384246230905709,48.844145337454464],[2.384154015364812,48.844107989088279],[2.383424385737125,48.843816436119567],[2.383159899144101,48.843713445137958],[2.383051675739307,48.843647233877135]]]}},
{"type":"Feature","properties":{"ID":"VOIE_NOM0000002338743117","ID_BAN":"75112_4819","name":"Passage Jacqueline Giraud","INSEE_COM":"75112","NOM_COM":"Paris 12e Arrondissement","SRC_BAN":"commune","NOM_COLL":"PAS JACQUELINE GIRAUD","TYPE_VOIE":"passage","MOT_DIR":"Giraud","LD_BAN":null,"ID_SUPP":"TRONROUT0000002200318175/TRONROUT0000002341410459","INSEEDBAN":null,"COMDEL_BAN":null,"DATE_CREAT":"2023-12-08T13:42:59","DATE_MAJ":"2024-03-12T16:10:18","NOM_NORMA":"PAS JACQUELINE GIRAUD","ID_BAN_ODO":null,"Nom_a_verifier":false,"other_tags":"nan"},"geometry":{"type":"MultiLineString","coordinates":[[[2.384445294130969,48.848634150732209],[2.384642982494297,48.848626174115381]],[[2.384077148684676,48.848652041885977],[2.384379845125763,48.848637411402358],[2.384445294130969,48.848634150732209]]]}},
{"type":"Feature","properties":{"ID":"VOIE_NOM0000002338743157","ID_BAN":"75112_6001","name":"Rue Marcel Dubois","INSEE_COM":"75112","NOM_COM":"Paris 12e Arrondissement","SRC_BAN":"commune","NOM_COLL":"R MARCEL DUBOIS","TYPE_VOIE":"rue","MOT_DIR":"Dubois","LD_BAN":null,"ID_SUPP":"TRONROUT0000000000202551/TRONROUT0000000000202565/TRONROUT0000000230033241/TRONROUT0000000312564817/TRONROUT0000000338524297","INSEEDBAN":null,"COMDEL_BAN":null,"DATE_CREAT":"2023-12-08T13:42:59","DATE_MAJ":"2024-03-12T16:10:18","NOM_NORMA":"R MARCEL DUBOIS","ID_BAN_ODO":null,"Nom_a_verifier":false,"other_tags":"\"wikipedia\"=>\"fr:Rue_Marcel-Dubois\""},"geometry":{"type":"MultiLineString","coordinates":[[[2.406793822409859,48.833912124564229],[2.406352667595586,48.834249895576384],[2.406261897826513,48.834324991632251]],[[2.406261897826513,48.834324991632251],[2.406211033049303,48.834365210521355]],[[2.405709182087057,48.8347683312995],[2.405652857088702,48.834809422173898]],[[2.406211033049303,48.834365210521355],[2.406154667901086,48.834409898900375]],[[2.406154667901086,48.834409898900375],[2.406003301884416,48.834542253190122],[2.405857537949865,48.83466114464327],[2.405709182087057,48.8347683312995]]]}},
{"type":"Feature","properties":{"ID":"VOIE_NOM0000002338743206","ID_BAN":"75112_6616","name":"Rue Mousset-Robert","INSEE_COM":"75112","NOM_COM":"Paris 12e Arrondissement","SRC_BAN":"commune","NOM_COLL":"R MOUSSET-ROBERT","TYPE_VOIE":"rue","MOT_DIR":"Robert","LD_BAN":null,"ID_SUPP":"TRONROUT0000000000199241","INSEEDBAN":null,"COMDEL_BAN":null,"DATE_CREAT":"2023-12-08T13:42:59","DATE_MAJ":"2024-03-12T16:10:18","NOM_NORMA":"R MOUSSET-ROBERT","ID_BAN_ODO":null,"Nom_a_verifier":false,"other_tags":"\"wikipedia\"=>\"fr:Rue_Mousset-Robert\""},"geometry":{"type":"MultiLineString","coordinates":[[[2.405261781839026,48.842935900501274],[2.402339825213677,48.843345835051274]]]}},
{"type":"Feature","properties":{"ID":"VOIE_NOM0000002338743211","ID_BAN":"75112_8546","name":"Rue Sainte-Claire Deville","INSEE_COM":"75112","NOM_COM":"Paris 12e Arrondissement","SRC_BAN":"commune","NOM_COLL":"R SAINTE-CLAIRE DEVILLE","TYPE_VOIE":"rue","MOT_DIR":"Deville","LD_BAN":null,"ID_SUPP":"TRONROUT0000000000198434/TRONROUT0000000000198435/TRONROUT0000000000198436","INSEEDBAN":null,"COMDEL_BAN":null,"DATE_CREAT":"2023-12-08T13:42:59","DATE_MAJ":"2024-03-12T16:10:18","NOM_NORMA":"R SAINTE-CLAIRE DEVILLE","ID_BAN_ODO":null,"Nom_a_verifier":false,"other_tags":"\"wikipedia\"=>\"fr:Rue_Sainte-Claire-Deville\""},"geometry":{"type":"MultiLineString","coordinates":[[[2.387501762754141,48.84423759564018],[2.387469062248027,48.844237428214484],[2.3874324010219,48.844226448203834],[2.387349836981239,48.844179258797489]],[[2.387111598761076,48.844044933518909],[2.386889510907027,48.84392777832192]],[[2.387349836981239,48.844179258797489],[2.387111598761076,48.844044933518909]]]}},
{"type":"Feature","properties":{"ID":"VOIE_NOM0000002338743212","ID_BAN":"75112_6781","name":"Rue du Niger","INSEE_COM":"75112","NOM_COM":"Paris 12e Arrondissement","SRC_BAN":"commune","NOM_COLL":"R DU NIGER","TYPE_VOIE":"rue","MOT_DIR":"Niger","LD_BAN":null,"ID_SUPP":"TRONROUT0000000000198372/TRONROUT0000000000198373/TRONROUT0000000000198380/TRONROUT0000000000198384","INSEEDBAN":null,"COMDEL_BAN":null,"DATE_CREAT":"2023-12-08T13:42:59","DATE_MAJ":"2024-03-12T16:10:18","NOM_NORMA":"R DU NIGER","ID_BAN_ODO":null,"Nom_a_verifier":false,"other_tags":"\"wikipedia\"=>\"fr:Rue_du_Niger\""},"geometry":{"type":"MultiLineString","coordinates":[[[2.409982565096985,48.843703044763011],[2.409768294554466,48.843733465271349],[2.409489873631657,48.843773461682794],[2.40924966380391,48.843808250004123]],[[2.40924966380391,48.843808250004123],[2.408831867848419,48.843882631458975]],[[2.408640901516733,48.843900574117804],[2.408300869520288,48.843966344530457]],[[2.408300869520288,48.843966344530457],[2.407708341510892,48.844068637116251],[2.407334049906387,48.844151322930053],[2.406627117804453,48.844368160942224],[2.406591292754274,48.844403058137075],[2.406579972695535,48.844439875588094],[2.406568693581177,48.844473095815601]]]}},
{"type":"Feature","properties":{"ID":"VOIE_NOM0000002338743224","ID_BAN":"75112_3343","name":"Rue Ernest Lavisse","INSEE_COM":"75112","NOM_COM":"Paris 12e Arrondissement","SRC_BAN":"commune","NOM_COLL":"R ERNEST LAVISSE","TYPE_VOIE":"rue","MOT_DIR":"Lavisse","LD_BAN":null,"ID_SUPP":"TRONROUT0000000000199209/TRONROUT0000000000199212/TRONROUT0000000000200034","INSEEDBAN":null,"COMDEL_BAN":null,"DATE_CREAT":"2023-12-08T13:42:59","DATE_MAJ":"2024-03-12T16:10:18","NOM_NORMA":"R ERNEST LAVISSE","ID_BAN_ODO":null,"Nom_a_verifier":false,"other_tags":"\"wikipedia\"=>\"fr:Rue_Ernest-Lavisse\""},"geometry":{"type":"MultiLineString","coordinates":[[[2.409896413870935,48.841684462163379],[2.410005921161823,48.841519520405797],[2.410108534088911,48.841361739396589],[2.410173841346466,48.841249641624977],[2.410214583642341,48.841141020132135],[2.410232031992761,48.841043975436648]],[[2.409579926472914,48.841717975513419],[2.409765536497519,48.841691011353177],[2.409896413870935,48.841684462163379]],[[2.410657620228739,48.84208573084986],[2.410467871618989,48.841996658848529],[2.410176722575543,48.841837836064393],[2.409896413870935,48.841684462163379]]]}},
{"type":"Feature","properties":{"ID":"VOIE_NOM0000002338743252","ID_BAN":"75112_1884","name":"Passage du Charolais","INSEE_COM":"75112","NOM_COM":"Paris 12e Arrondissement","SRC_BAN":"commune","NOM_COLL":"PAS DU CHAROLAIS","TYPE_VOIE":"passage","MOT_DIR":"Charolais","LD_BAN":null,"ID_SUPP":"TRONROUT0000000000200180","INSEEDBAN":null,"COMDEL_BAN":null,"DATE_CREAT":"2023-12-08T13:42:59","DATE_MAJ":"2024-03-12T16:10:18","NOM_NORMA":"PAS DU CHAROLAIS","ID_BAN_ODO":null,"Nom_a_verifier":false,"other_tags":"nan"},"geometry":{"type":"MultiLineString","coordinates":[[[2.386819587991096,48.840953238217317],[2.387086197123386,48.84064342570354],[2.387085067357613,48.84062363397539],[2.387052675826206,48.840597386540324],[2.386628035722336,48.840442318571597]]]}},
{"type":"Feature","properties":{"ID":"VOIE_NOM0000002338743253","ID_BAN":"75112_1744","name":"Rue Changarnier","INSEE_COM":"75112","NOM_COM":"Paris 12e Arrondissement","SRC_BAN":"commune","NOM_COLL":"R CHANGARNIER","TYPE_VOIE":"rue","MOT_DIR":"Changarnier","LD_BAN":null,"ID_SUPP":"TRONROUT0000000000197552/TRONROUT0000000338524314","INSEEDBAN":null,"COMDEL_BAN":null,"DATE_CREAT":"2023-12-08T13:42:59","DATE_MAJ":"2024-03-12T16:10:18","NOM_NORMA":"R CHANGARNIER","ID_BAN_ODO":null,"Nom_a_verifier":false,"other_tags":"\"wikipedia\"=>\"fr:Rue_Changarnier\""},"geometry":{"type":"MultiLineString","coordinates":[[[2.412403112898106,48.845221378976838],[2.411918616104607,48.845289148041033],[2.411372752357269,48.845361109999295],[2.410908681089268,48.845429874828419]],[[2.410908681089268,48.845429874828419],[2.410784475036876,48.845448149620871]]]}},
{"type":"Feature","properties":{"ID":"VOIE_NOM0000002338743260","ID_BAN":"75112_0267","name":"Rue de l'Ambroisie","INSEE_COM":"75112","NOM_COM":"Paris 12e Arrondissement","SRC_BAN":"commune","NOM_COLL":"R DE L'AMBROISIE","TYPE_VOIE":"rue","MOT_DIR":"Ambroisie","LD_BAN":null,"ID_SUPP":"TRONROUT0000000000202638/TRONROUT0000000000203488","INSEEDBAN":null,"COMDEL_BAN":null,"DATE_CREAT":"2023-12-08T13:42:59","DATE_MAJ":"2024-03-12T16:10:18","NOM_NORMA":"R DE L'AMBROISIE","ID_BAN_ODO":null,"Nom_a_verifier":false,"other_tags":"\"wikipedia\"=>\"fr:Rue_de_l%27Ambroisie\""},"geometry":{"type":"MultiLineString","coordinates":[[[2.385504135037104,48.834187771441115],[2.385947958211852,48.833866278920951],[2.386345152684548,48.833570627098119]],[[2.384621103866538,48.83490002625571],[2.384746323576259,48.834794545271762],[2.384971901100235,48.834612234761657],[2.385504135037104,48.834187771441115]]]}},
{"type":"Feature","properties":{"ID":"VOIE_NOM0000002338743340","ID_BAN":"75112_6061","name":"Rue des Marguettes","INSEE_COM":"75112","NOM_COM":"Paris 12e Arrondissement","SRC_BAN":"commune","NOM_COLL":"R DES MARGUETTES","TYPE_VOIE":"rue","MOT_DIR":"Marguettes","LD_BAN":null,"ID_SUPP":"TRONROUT0000000000198370/TRONROUT0000000000199218/TRONROUT0000000000199226","INSEEDBAN":null,"COMDEL_BAN":null,"DATE_CREAT":"2023-12-08T13:42:59","DATE_MAJ":"2024-03-12T16:10:18","NOM_NORMA":"R DES MARGUETTES","ID_BAN_ODO":null,"Nom_a_verifier":false,"other_tags":"\"wikipedia\"=>\"fr:Rue_des_Marguettes\""},"geometry":{"type":"MultiLineString","coordinates":[[[2.408300869520288,48.843966344530457],[2.408300440695581,48.84400411537608],[2.408375552000611,48.844229325911392],[2.4084058079594,48.844324807280664]],[[2.407921269883996,48.842957186810871],[2.407911217941876,48.842882490409842],[2.407879352423762,48.842688970861353],[2.407846649294655,48.8425691944432]],[[2.408300869520288,48.843966344530457],[2.408300150240928,48.843909681520664],[2.407974257596228,48.843090553907857],[2.407921269883996,48.842957186810871]]]}},
{"type":"Feature","properties":{"ID":"VOIE_NOM0000002338743343","ID_BAN":"75112_1819","name":"Avenue Charles de Foucauld","INSEE_COM":"75112","NOM_COM":"Paris 12e Arrondissement","SRC_BAN":"commune","NOM_COLL":"AV CHARLES DE FOUCAULD","TYPE_VOIE":"avenue","MOT_DIR":"Foucauld","LD_BAN":null,"ID_SUPP":"TRONROUT0000000000203396/TRONROUT0000002206029308/TRONROUT0000002206029309","INSEEDBAN":null,"COMDEL_BAN":null,"DATE_CREAT":"2023-12-08T13:42:59","DATE_MAJ":"2024-03-12T16:10:18","NOM_NORMA":"AV CHARLES DE FOUCAULD","ID_BAN_ODO":null,"Nom_a_verifier":false,"other_tags":"nan"},"geometry":{"type":"MultiLineString","coordinates":[[[2.405714565520153,48.83334016712341],[2.405545229202148,48.83325658402903],[2.405427104420176,48.833221820999313],[2.40532927994453,48.833198850532931],[2.404530463758945,48.833004210749202]],[[2.403894202061208,48.832295039166425],[2.404080778753036,48.83241918207046],[2.404188882208292,48.832496166747362],[2.404230237280066,48.832572818853592],[2.404308789183765,48.832732397855828],[2.404351321874867,48.832825244349451],[2.404431144286395,48.832992923848643]],[[2.404530463758945,48.833004210749202],[2.404486985419138,48.832994101258862],[2.404431144286395,48.832992923848643]]]}},
{"type":"Feature","properties":{"ID":"VOIE_NOM0000002338743353","ID_BAN":"75112_6115","name":"Passage Marie Rogissart","INSEE_COM":"75112","NOM_COM":"Paris 12e Arrondissement","SRC_BAN":"commune","NOM_COLL":"PAS MARIE ROGISSART","TYPE_VOIE":"passage","MOT_DIR":"Rogissart","LD_BAN":null,"ID_SUPP":"TRONROUT0000002200318177","INSEEDBAN":null,"COMDEL_BAN":null,"DATE_CREAT":"2023-12-08T13:42:59","DATE_MAJ":"2024-03-12T16:10:18","NOM_NORMA":"PAS MARIE ROGISSART","ID_BAN_ODO":null,"Nom_a_verifier":false,"other_tags":"nan"},"geometry":{"type":"MultiLineString","coordinates":[[[2.385613526382322,48.847214677607298],[2.385348942465261,48.847580255674629]]]}},
{"type":"Feature","properties":{"ID":"VOIE_NOM0000002338743396","ID_BAN":"75112_8683","name":"Villa de Saint-Mandé","INSEE_COM":"75112","NOM_COM":"Paris 12e Arrondissement","SRC_BAN":"commune","NOM_COLL":"VLA DE SAINT-MANDE","TYPE_VOIE":"villa","MOT_DIR":"Mandé","LD_BAN":null,"ID_SUPP":"TRONROUT0000000000197574/TRONROUT0000000000197577/TRONROUT0000000289391277","INSEEDBAN":null,"COMDEL_BAN":null,"DATE_CREAT":"2023-12-08T13:42:59","DATE_MAJ":"2024-03-12T16:10:18","NOM_NORMA":"VLA DE SAINT-MANDE","ID_BAN_ODO":null,"Nom_a_verifier":false,"other_tags":"nan"},"geometry":{"type":"MultiLineString","coordinates":[[[2.40001567382325,48.846506230954034],[2.400015056699158,48.84644147429546]],[[2.400035521449885,48.84537404193857],[2.400039478554267,48.845267038421596]],[[2.400015056699158,48.84644147429546],[2.400017496046438,48.846347953596819],[2.400035521449885,48.84537404193857]]]}},
{"type":"Feature","properties":{"ID":"VOIE_NOM0000002338743407","ID_BAN":"75112_6434","name":"Rue Mongenot","INSEE_COM":"75112","NOM_COM":"Paris 12e Arrondissement","SRC_BAN":"commune","NOM_COLL":"R MONGENOT","TYPE_VOIE":"rue","MOT_DIR":"Mongenot","LD_BAN":null,"ID_SUPP":"TRONROUT0000000000198347/TRONROUT0000000000198361","INSEEDBAN":null,"COMDEL_BAN":null,"DATE_CREAT":"2023-12-08T13:42:59","DATE_MAJ":"2024-03-12T16:10:18","NOM_NORMA":"R MONGENOT","ID_BAN_ODO":null,"Nom_a_verifier":false,"other_tags":"\"wikipedia\"=>\"fr:Rue_Mongenot\""},"geometry":{"type":"MultiLineString","coordinates":[[[2.414500979333849,48.843210812324315],[2.414618255154033,48.843202392678883]],[[2.414618255154033,48.843202392678883],[2.414807460562503,48.843219506776826],[2.415029345872128,48.843238579090851],[2.415112367454111,48.843247079230288]]]}},
{"type":"Feature","properties":{"ID":"VOIE_NOM0000002338743437","ID_BAN":"75112_8174","name":"Boulevard de Reuilly","INSEE_COM":"75112","NOM_COM":"Paris 12e Arrondissement","SRC_BAN":"commune","NOM_COLL":"BD DE REUILLY","TYPE_VOIE":"boulevard","MOT_DIR":"Reuilly","LD_BAN":null,"ID_SUPP":"TRONROUT0000000000200108/TRONROUT0000000000200121/TRONROUT0000000000200123/TRONROUT0000000000200126/TRONROUT0000000000200134/TRONROUT0000000000200144/TRONROUT0000000000200949/TRONROUT0000000000200950/TRONROUT0000000000200955/TRONROUT0000000000200962/TRON","INSEEDBAN":null,"COMDEL_BAN":null,"DATE_CREAT":"2023-12-08T13:42:59","DATE_MAJ":"2024-03-12T16:10:18","NOM_NORMA":"BD DE REUILLY","ID_BAN_ODO":null,"Nom_a_verifier":false,"other_tags":"nan"},"geometry":{"type":"MultiLineString","coordinates":[[[2.389566067953441,48.838656825537086],[2.38960900048059,48.838713704441503],[2.389671059052631,48.838766184103953],[2.390069651432146,48.838934599144515],[2.390104789262598,48.838959061077631],[2.390124856719109,48.838990641060768],[2.390120559110146,48.839008606388347]],[[2.389853194827936,48.839036022520254],[2.389233868012838,48.838985195722245]],[[2.394598158635749,48.839431567334906],[2.3948223901916,48.839481267464059],[2.394935270847784,48.839498926349385]],[[2.393939417610008,48.839371571869322],[2.393988923891282,48.839332250785581],[2.394033032803851,48.839288405531988],[2.394055259739366,48.839251644309442],[2.394068138094174,48.839198647221586],[2.394074444934703,48.839124931528602]],[[2.394598158635749,48.839431567334906],[2.394529062952405,48.839397941256372],[2.394470856067422,48.839365269618099],[2.394074444934703,48.839124931528602]],[[2.393939417610008,48.839371571869322],[2.393253336019647,48.839319528342642],[2.392093604967152,48.839225502833337]],[[2.394598158635749,48.839431567334906],[2.394424012217874,48.839410000544319],[2.39420757943031,48.839392716163132],[2.393939417610008,48.839371571869322]],[[2.390120559110146,48.839008606388347],[2.390113178947813,48.8390571343038]],[[2.390113178947813,48.8390571343038],[2.389853194827936,48.839036022520254]],[[2.392093604967152,48.839225502833337],[2.390490223363421,48.839087835663484],[2.390113178947813,48.8390571343038]],[[2.397903055852342,48.83970816304295],[2.39794248246656,48.839715556369704],[2.398041896433937,48.839719654123201],[2.399055338759314,48.839740938149127]],[[2.397119902702166,48.839566616393064],[2.39721373158243,48.839464562102258],[2.398194439899845,48.83948838658025],[2.399026699458548,48.839506960498909],[2.399770434709415,48.839522386381532],[2.400014231752753,48.839529904971251],[2.400065650996094,48.839560741125965],[2.400108388713053,48.839635602388633]],[[2.397525700489493,48.839585748743986],[2.39728604274229,48.839573749134189],[2.397178465111654,48.839568710249637],[2.397119902702166,48.839566616393064]],[[2.397874381608826,48.839595598620086],[2.397525700489493,48.839585748743986]],[[2.399126158836033,48.839625276390024],[2.398172726695396,48.839598898718677],[2.397874381608826,48.839595598620086]],[[2.399935052995286,48.839661713815531],[2.399759499771542,48.83964374519698],[2.399666918542937,48.839637884440442],[2.399533454905827,48.839632717761305],[2.399126158836033,48.839625276390024]],[[2.397874381608826,48.839595598620086],[2.397872146516287,48.83967113367261],[2.397878719582819,48.839691852055047],[2.397903055852342,48.83970816304295]],[[2.399055338759314,48.839740938149127],[2.399086871073012,48.839724008703428],[2.399103499863721,48.839699809500459],[2.399126158836033,48.839625276390024]]]}},
{"type":"Feature","properties":{"ID":"VOIE_NOM0000002338743440","ID_BAN":"75112_8441","name":"Place Rutebeuf","INSEE_COM":"75112","NOM_COM":"Paris 12e Arrondissement","SRC_BAN":"commune","NOM_COLL":"PL RUTEBEUF","TYPE_VOIE":"place","MOT_DIR":"Rutebeuf","LD_BAN":null,"ID_SUPP":"TRONROUT0000000000198485","INSEEDBAN":null,"COMDEL_BAN":null,"DATE_CREAT":"2023-12-08T13:42:59","DATE_MAJ":"2024-03-12T16:10:18","NOM_NORMA":"PL RUTEBEUF","ID_BAN_ODO":null,"Nom_a_verifier":false,"other_tags":"nan"},"geometry":{"type":"MultiLineString","coordinates":[[[2.378475884115077,48.844236911396195],[2.378114504844539,48.844375333343685],[2.37805659200905,48.844432591235808],[2.378009675853607,48.844481812044272],[2.377871512356667,48.844641179451934]]]}},
{"type":"Feature","properties":{"ID":"VOIE_NOM0000002338743456","ID_BAN":"75112_2618","name":"Cité Debergue","INSEE_COM":"75112","NOM_COM":"Paris 12e Arrondissement","SRC_BAN":"commune","NOM_COLL":"CITE DEBERGUE","TYPE_VOIE":"cité","MOT_DIR":"Debergue","LD_BAN":null,"ID_SUPP":"TRONROUT0000000000197563/TRONROUT0000000000197566","INSEEDBAN":null,"COMDEL_BAN":null,"DATE_CREAT":"2023-12-08T13:42:59","DATE_MAJ":"2024-03-12T16:10:18","NOM_NORMA":"CITE DEBERGUE","ID_BAN_ODO":null,"Nom_a_verifier":false,"other_tags":"nan"},"geometry":{"type":"MultiLineString","coordinates":[[[2.403707641145057,48.845627132856251],[2.403614272888156,48.845570008057962]],[[2.403707641145057,48.845627132856251],[2.404596733544272,48.846047063079077]]]}},
{"type":"Feature","properties":{"ID":"VOIE_NOM0000002338743464","ID_BAN":"75112_4552","name":"Rue Henri Desgrange","INSEE_COM":"75112","NOM_COM":"Paris 12e Arrondissement","SRC_BAN":"commune","NOM_COLL":"R HENRI DESGRANGE","TYPE_VOIE":"rue","MOT_DIR":"Desgrange","LD_BAN":null,"ID_SUPP":"TRONROUT0000000000200981","INSEEDBAN":null,"COMDEL_BAN":null,"DATE_CREAT":"2023-12-08T13:42:59","DATE_MAJ":"2024-03-12T16:10:18","NOM_NORMA":"R HENRI DESGRANGE","ID_BAN_ODO":null,"Nom_a_verifier":false,"other_tags":"\"wikipedia\"=>\"fr:Rue_Henri-Desgrange\""},"geometry":{"type":"MultiLineString","coordinates":[[[2.380535490966006,48.839132930056437],[2.380683328609244,48.83918945604109],[2.380700954173103,48.839196742194581],[2.380871856663296,48.839261481613313],[2.38090304208964,48.83927423409353],[2.382258016301429,48.839792076835721]]]}},
{"type":"Feature","properties":{"ID":"VOIE_NOM0000002338743469","ID_BAN":"75112_4839","name":"Rue Jaucourt","INSEE_COM":"75112","NOM_COM":"Paris 12e Arrondissement","SRC_BAN":"commune","NOM_COLL":"R JAUCOURT","TYPE_VOIE":"rue","MOT_DIR":"Jaucourt","LD_BAN":null,"ID_SUPP":"TRONROUT0000000000197615","INSEEDBAN":null,"COMDEL_BAN":null,"DATE_CREAT":"2023-12-08T13:42:59","DATE_MAJ":"2024-03-12T16:10:18","NOM_NORMA":"R JAUCOURT","ID_BAN_ODO":null,"Nom_a_verifier":false,"other_tags":"\"wikipedia\"=>\"fr:Rue_Jaucourt\""},"geometry":{"type":"MultiLineString","coordinates":[[[2.394405817973677,48.846370043317904],[2.394515204618257,48.846455136397275],[2.394800394846171,48.847007884196863],[2.394985024183646,48.847419823195011],[2.395035988889367,48.847490230576533]]]}},
{"type":"Feature","properties":{"ID":"VOIE_NOM0000002338743493","ID_BAN":"75112_4527","name":"Rue Antoine-Julien Hénard","INSEE_COM":"75112","NOM_COM":"Paris 12e Arrondissement","SRC_BAN":"commune","NOM_COLL":"R ANTOINE-JULIEN HENARD","TYPE_VOIE":"rue","MOT_DIR":"Hénard","LD_BAN":null,"ID_SUPP":"TRONROUT0000000000199260/TRONROUT0000000000199261/TRONROUT0000000000199262/TRONROUT0000000000199264/TRONROUT0000000000199269/TRONROUT0000000000200169","INSEEDBAN":null,"COMDEL_BAN":null,"DATE_CREAT":"2023-12-08T13:42:59","DATE_MAJ":"2024-03-12T16:10:18","NOM_NORMA":"R ANTOINE-JULIEN HENARD","ID_BAN_ODO":null,"Nom_a_verifier":false,"other_tags":"nan"},"geometry":{"type":"MultiLineString","coordinates":[[[2.389022321785092,48.841108406539931],[2.3891901528638,48.841436630719635],[2.389372625383086,48.841794608166289]],[[2.389372625383086,48.841794608166289],[2.389412561440272,48.841874855026013]],[[2.391316678369798,48.843336123989687],[2.39075957217603,48.843086863888182],[2.390538653397869,48.842985909796234]],[[2.389788214879829,48.842607950967704],[2.389843434283356,48.84266309352418],[2.390130743690988,48.84279586498279],[2.390538653397869,48.842985909796234]],[[2.389412561440272,48.841874855026013],[2.389428594895449,48.841901917651597],[2.389457926397498,48.841956928292966]],[[2.389457926397498,48.841956928292966],[2.389648419429882,48.842328436456818],[2.389788214879829,48.842607950967704]]]}},
{"type":"Feature","properties":{"ID":"VOIE_NOM0000002338743495","ID_BAN":"75112_0032","name":"Passage Abel Leblanc","INSEE_COM":"75112","NOM_COM":"Paris 12e Arrondissement","SRC_BAN":"commune","NOM_COLL":"PAS ABEL LEBLANC","TYPE_VOIE":"passage","MOT_DIR":"Leblanc","LD_BAN":null,"ID_SUPP":"TRONROUT0000000000197661","INSEEDBAN":null,"COMDEL_BAN":null,"DATE_CREAT":"2023-12-08T13:42:59","DATE_MAJ":"2024-03-12T16:10:18","NOM_NORMA":"PAS ABEL LEBLANC","ID_BAN_ODO":null,"Nom_a_verifier":false,"other_tags":"nan"},"geometry":{"type":"MultiLineString","coordinates":[[[2.382094878730848,48.846312489161306],[2.380432926386042,48.845583508815857]]]}},
{"type":"Feature","properties":{"ID":"VOIE_NOM0000002338743501","ID_BAN":"75112_6126","name":"Rue Marsoulan","INSEE_COM":"75112","NOM_COM":"Paris 12e Arrondissement","SRC_BAN":"commune","NOM_COLL":"R MARSOULAN","TYPE_VOIE":"rue","MOT_DIR":"Marsoulan","LD_BAN":null,"ID_SUPP":"TRONROUT0000000000197564/TRONROUT0000000000197570/TRONROUT0000002000685673","INSEEDBAN":null,"COMDEL_BAN":null,"DATE_CREAT":"2023-12-08T13:42:59","DATE_MAJ":"2024-03-12T16:10:18","NOM_NORMA":"R MARSOULAN","ID_BAN_ODO":null,"Nom_a_verifier":false,"other_tags":"\"wikipedia\"=>\"fr:Rue_Marsoulan\""},"geometry":{"type":"MultiLineString","coordinates":[[[2.403436516459978,48.847409201613331],[2.403364874586193,48.847001436922952],[2.403151483043819,48.845763759633286]],[[2.402560905689552,48.845098886089914],[2.402525943452996,48.845058240469854]],[[2.403151483043819,48.845763759633286],[2.402560905689552,48.845098886089914]]]}},
{"type":"Feature","properties":{"ID":"VOIE_NOM0000002338743518","ID_BAN":"75112_7711","name":"Avenue de la Porte de Vincennes","INSEE_COM":"75112","NOM_COM":"Paris 12e Arrondissement","SRC_BAN":"commune","NOM_COLL":"AV DE LA PORTE DE VINCENNES","TYPE_VOIE":"avenue","MOT_DIR":"Vincennes","LD_BAN":null,"ID_SUPP":"TRONROUT0000000000196663/TRONROUT0000000000197508/TRONROUT0000000000197515/TRONROUT0000000000197529/TRONROUT0000000000197530/TRONROUT0000000000197531/TRONROUT0000000000197534/TRONROUT0000000000197536/TRONROUT0000000000197539/TRONROUT0000000230033714/TRON","INSEEDBAN":null,"COMDEL_BAN":null,"DATE_CREAT":"2023-12-08T13:42:59","DATE_MAJ":"2024-03-12T16:10:18","NOM_NORMA":"AV DE LA PORTE DE VINCENNES","ID_BAN_ODO":null,"Nom_a_verifier":false,"other_tags":"nan"},"geometry":{"type":"MultiLineString","coordinates":[[[2.415212744645983,48.846323364438128],[2.415238472198156,48.846337879853188],[2.415303865931144,48.84633909881881],[2.415789337488949,48.846306395643261]],[[2.414826064348025,48.846416805234661],[2.414887259359128,48.846427896782586]],[[2.415549122268388,48.84658402205217],[2.41584354168017,48.846576466436979]],[[2.415152761111765,48.846568594806357],[2.415282095758744,48.846579119874725],[2.415457788651549,48.846587173253383],[2.415549122268388,48.84658402205217]],[[2.415152761111765,48.846568594806357],[2.415174138617893,48.84660647216154],[2.415196707184957,48.846659644344868]],[[2.414887259359128,48.846427896782586],[2.414993258088645,48.846453597049809]],[[2.414088028097851,48.846491436853071],[2.414179695231776,48.846458609654071],[2.414204312698085,48.846450636008981],[2.414330003800941,48.846421572700201],[2.414351855639092,48.846417182901433],[2.414523732883251,48.846400936423748],[2.414542819122799,48.846400130471444],[2.414676352079146,48.84640078385118],[2.414747145706177,48.846406526308613],[2.414758036257938,48.846407478937131],[2.414826064348025,48.846416805234661]],[[2.414993258088645,48.846453597049809],[2.415037960862738,48.846477198827664],[2.415083955606331,48.846507102380798],[2.415115002341758,48.846533335423693],[2.415152761111765,48.846568594806357]],[[2.413898798126181,48.846596633722925],[2.413988023542891,48.846538612804288],[2.414088028097851,48.846491436853071]],[[2.411337567439143,48.846907826367982],[2.411368775051369,48.846919671513845],[2.411410761550828,48.846942361925223],[2.411433671749266,48.846964958476647],[2.411455117808777,48.846996541357058],[2.411464320831761,48.847026265299412]],[[2.411150770121882,48.846917699364006],[2.411182241882615,48.846906162661561],[2.411232739140431,48.846899216349335],[2.411284507545678,48.846900370454527],[2.411337567439143,48.846907826367982]],[[2.411044356353285,48.847049380553656],[2.411043390127528,48.847014301004577],[2.411061490082113,48.846980214665237],[2.4110808204927,48.846957825977427],[2.411102815102118,48.846940846522465],[2.411130270236765,48.846922994586649],[2.411150770121882,48.846917699364006]],[[2.41149038776546,48.846648664941192],[2.411527341924798,48.846754970473512],[2.412974549416877,48.846628975816571],[2.413491506312985,48.84658384548397]],[[2.412947115412612,48.846886955720109],[2.413103281576071,48.84681397490796],[2.41353026872922,48.846772000434221]],[[2.413828102515421,48.84670331046177],[2.413836561272712,48.846678170001944],[2.413851883534523,48.846648566399132],[2.413878096358994,48.846619915502025],[2.413898798126181,48.846596633722925]],[[2.41353026872922,48.846772000434221],[2.413828102515421,48.84670331046177]],[[2.413831016917868,48.846807649763413],[2.413826021740257,48.846767154376735],[2.413828102515421,48.84670331046177]]]}},
{"type":"Feature","properties":{"ID":"VOIE_NOM0000002338743569","ID_BAN":"75112_r633","name":"Cours des Maréchaux","INSEE_COM":"75112","NOM_COM":"Paris 12e Arrondissement","SRC_BAN":"commune","NOM_COLL":"Cours des Maréchaux","TYPE_VOIE":"cours","MOT_DIR":"Maréchaux","LD_BAN":null,"ID_SUPP":"TRONROUT0000000000198306/TRONROUT0000000000198319/TRONROUT0000000000199105/TRONROUT0000000000199118/TRONROUT0000000000199119/TRONROUT0000000000199853/TRONROUT0000000000199865/TRONROUT0000000230033527/TRONROUT0000000230033605/TRONROUT0000000356901135/TRON","INSEEDBAN":null,"COMDEL_BAN":null,"DATE_CREAT":"2023-12-08T13:42:59","DATE_MAJ":"2025-03-04T21:54:12","NOM_NORMA":"CRS DES MARECHAUX","ID_BAN_ODO":null,"Nom_a_verifier":false,"other_tags":"nan"},"geometry":{"type":"MultiLineString","coordinates":[[[2.439080065591214,48.842482290403382],[2.438774566274298,48.840990625301664],[2.438722683409171,48.840747555671157],[2.438696819638025,48.840618826338947]],[[2.439452477396276,48.84434210182247],[2.439080065591214,48.842482290403382]],[[2.439488703517968,48.844521242882188],[2.439452477396276,48.84434210182247]],[[2.438734682314843,48.844441262696215],[2.43860501637265,48.843829093771788]],[[2.438767196121514,48.844585311773912],[2.438742528225702,48.844471877522217],[2.438734682314843,48.844441262696215]],[[2.43860501637265,48.843829093771788],[2.438468676623521,48.843204302068145]],[[2.438468676623521,48.843204302068145],[2.438334032142429,48.842548939733526]],[[2.438334032142429,48.842548939733526],[2.438171181150846,48.841729761656325]],[[2.438171181150846,48.841729761656325],[2.438041000017227,48.841040243516169]],[[2.438041000017227,48.841040243516169],[2.437948320252409,48.840663877124157]],[[2.437948320252409,48.840663877124157],[2.43791450691558,48.840514425049321]]]}},
{"type":"Feature","properties":{"ID":"VOIE_NOM0000002338743606","ID_BAN":"75112_7585","name":"Rue de Pommard","INSEE_COM":"75112","NOM_COM":"Paris 12e Arrondissement","SRC_BAN":"commune","NOM_COLL":"R DE POMMARD","TYPE_VOIE":"rue","MOT_DIR":"Pommard","LD_BAN":null,"ID_SUPP":"TRONROUT0000000000201792/TRONROUT0000000000202636","INSEEDBAN":null,"COMDEL_BAN":null,"DATE_CREAT":"2023-12-08T13:42:59","DATE_MAJ":"2024-03-12T16:10:18","NOM_NORMA":"R DE POMMARD","ID_BAN_ODO":null,"Nom_a_verifier":false,"other_tags":"\"wikipedia\"=>\"fr:Rue_de_Pommard\""},"geometry":{"type":"MultiLineString","coordinates":[[[2.385348012386388,48.835296786626557],[2.385096305668743,48.835499648819273],[2.384536532866632,48.835947351703155],[2.384469132170012,48.836001866132449]],[[2.384469132170012,48.836001866132449],[2.383857070283771,48.836492466097731],[2.383191557355281,48.837008868721405]]]}},
{"type":"Feature","properties":{"ID":"VOIE_NOM0000002338743620","ID_BAN":"75112_r583","name":"Avenue de Gravelle","INSEE_COM":"75112","NOM_COM":"Paris 12e Arrondissement","SRC_BAN":"commune","NOM_COLL":"AV DE GRAVELLE","TYPE_VOIE":"avenue","MOT_DIR":"Gravelle","LD_BAN":null,"ID_SUPP":"TRONROUT0000000000204840/TRONROUT0000000000204842/TRONROUT0000000000205576/TRONROUT0000000000206214/TRONROUT0000000000206215/TRONROUT0000000000206216/TRONROUT0000000000206219/TRONROUT0000000000206698/TRONROUT0000000000206709/TRONROUT0000000000206710/TRON","INSEEDBAN":null,"COMDEL_BAN":null,"DATE_CREAT":"2023-12-08T13:42:59","DATE_MAJ":"2025-05-20T22:17:17","NOM_NORMA":"AV DE GRAVELLE","ID_BAN_ODO":null,"Nom_a_verifier":false,"other_tags":"nan"},"geometry":{"type":"MultiLineString","coordinates":[[[2.407532296517471,48.826472619347072],[2.407588631465793,48.826429728642196],[2.407706677790518,48.826350269371332],[2.407875426181226,48.826244079913671],[2.408085331507646,48.826112012176601],[2.408285568754853,48.825991588045028],[2.408674960546762,48.825766872628506],[2.409175132460023,48.82550223157812],[2.409379135117874,48.825409704684226],[2.409648687584266,48.825302211737011],[2.409730745333062,48.825272937542252]],[[2.4063962585476,48.827311494501849],[2.406550193647732,48.827190843528548],[2.406890894669909,48.826937112605123],[2.407448546501513,48.826530663487382],[2.407532296517471,48.826472619347072]],[[2.411757414268485,48.824802659535983],[2.411931955241783,48.824785530545739],[2.412460883648101,48.824746759315346]],[[2.412460883648101,48.824746759315346],[2.412623085017662,48.824736763662585]],[[2.410907282795905,48.824939676044146],[2.411139313730769,48.824897648996163],[2.41136445297487,48.824862782547271],[2.411578685631939,48.824828761381163],[2.411757414268485,48.824802659535983]],[[2.410822613982786,48.824959045099298],[2.410907282795905,48.824939676044146]],[[2.409955145964196,48.825183208450888],[2.410104166452181,48.825134478206778],[2.410269520772101,48.825086727697553],[2.410449836696662,48.825040849462184],[2.410635549558314,48.82499949440983],[2.410822613982786,48.824959045099298]],[[2.409818302001615,48.825239193572678],[2.409955145964196,48.825183208450888]],[[2.409730745333062,48.825272937542252],[2.409818302001615,48.825239193572678]],[[2.412623085017662,48.824736763662585],[2.413110929286841,48.82471757392905],[2.413785106197646,48.82472267941948],[2.414411400604169,48.824746433443863],[2.414938217958817,48.82477419440098],[2.415082510945974,48.824782095222481]],[[2.415082510945974,48.824782095222481],[2.415248656759778,48.824784706500459]],[[2.419242242363507,48.824179104749838],[2.419386884881163,48.824155524087658],[2.419744259478014,48.8241095920188],[2.419962519541093,48.824080072251441]],[[2.41787247039753,48.824502513930739],[2.418067789813694,48.82445399914856],[2.418233094541387,48.82440983488911],[2.41860331160646,48.824311805170055],[2.418914650479385,48.824241368727719],[2.419242242363507,48.824179104749838]],[[2.417763188274805,48.824530761785745],[2.41787247039753,48.824502513930739]],[[2.415248656759778,48.824784706500459],[2.415420270823091,48.82478554553613],[2.415657291919882,48.824784005833855],[2.415976094429698,48.824777468860525],[2.416233716898834,48.824760739316609],[2.416513222032045,48.824736021650786],[2.416861089157998,48.82468825305822],[2.417131220375362,48.824649098300959],[2.417465596863688,48.8245895703717],[2.417763188274805,48.824530761785745]],[[2.402237349716066,48.829589567211407],[2.402470904475506,48.829535872844531],[2.402681353938132,48.829477565783463],[2.402871422397042,48.829414659751372],[2.403206566386744,48.829292219743031]],[[2.403206566386744,48.829292219743031],[2.403319829253656,48.829274797505121],[2.403471128826662,48.829266558573281],[2.403548904106558,48.829255254687133],[2.403632271906737,48.829231387477172],[2.403708890697082,48.829202090347771]],[[2.403708890697082,48.829202090347771],[2.403787097802401,48.829153014976683],[2.403861259512414,48.829100321913643],[2.403935523897376,48.829038635627228],[2.403998819141512,48.828983190209904],[2.404051299509554,48.828920495916122]],[[2.404051299509554,48.828920495916122],[2.40447207039581,48.828695051561873],[2.404813383430775,48.828508782529305],[2.404928550228594,48.828443701679113],[2.404994403687227,48.82840265834998]],[[2.404994403687227,48.82840265834998],[2.40507677680935,48.828346407885661],[2.40514539528833,48.828301780748696]],[[2.40514539528833,48.828301780748696],[2.40526625586033,48.828215143023357],[2.405376157666399,48.828133846900464],[2.405815894710641,48.827796970197646],[2.406247750587866,48.827433970952079],[2.4063962585476,48.827311494501849]],[[2.401277701981099,48.829527207331942],[2.401391491697593,48.829582638408382],[2.401451198694222,48.82960272334622],[2.40152456844341,48.829619279150052],[2.401607535165077,48.829630486715388],[2.401691956955668,48.829633607186068],[2.401907309411528,48.829622992542539],[2.402237349716066,48.829589567211407]],[[2.402237349716066,48.829589567211407],[2.401991380459234,48.829656689574264],[2.401798802477992,48.829700694915758],[2.401635025323253,48.829727756046154],[2.40146179558994,48.829747574699425],[2.401296914171759,48.829752145631197],[2.401126842423901,48.82973420613547],[2.400993693330716,48.829703860171989]],[[2.445859887030533,48.818667251050201],[2.446543359612542,48.81868750466861],[2.447386246782747,48.818701296249522],[2.448075396312063,48.818699982381531],[2.448226620039318,48.818695284072284],[2.448704861606852,48.818675905044209]],[[2.444800647030373,48.81863535622162],[2.44552498414685,48.81865490602889],[2.445859887030533,48.818667251050201]],[[2.442805552179056,48.81862337773525],[2.443821681235124,48.818611020410493],[2.44406542517492,48.818614852042941],[2.444800647030373,48.81863535622162]],[[2.439860604839101,48.8189199022246],[2.440123840940048,48.81888426074655],[2.440643531686751,48.818810246208592],[2.441081277907287,48.818757431378373],[2.44145354795493,48.818714202223418],[2.441584421454171,48.818702222258167],[2.441835263764093,48.818679110369246],[2.442110600080784,48.818657910987675],[2.442242787048389,48.818650433300284],[2.442723821425431,48.818624795595056],[2.442805552179056,48.81862337773525]],[[2.439860604839101,48.8189199022246],[2.439361291562355,48.818998505777742],[2.438829107999507,48.819094041088988],[2.438620277041037,48.819136230774191],[2.43824620376378,48.819219914464568],[2.438011321734233,48.819278169422098],[2.437757324417599,48.819340830905851],[2.437630310981197,48.819373510436193],[2.437221944751769,48.819479513971245]],[[2.436199553311468,48.819817358988978],[2.435923255031064,48.819926678832672],[2.435391015292641,48.820151708324495],[2.435288376214967,48.820197091673109]],[[2.436399137641037,48.819749048121999],[2.436199553311468,48.819817358988978]],[[2.437221944751769,48.819479513971245],[2.436906291755462,48.8195760596398],[2.436399137641037,48.819749048121999]],[[2.435288376214967,48.820197091673109],[2.435155551081546,48.820263017927452],[2.434918655736764,48.82038061590891],[2.434720009712845,48.820487601762927],[2.434359477090057,48.820702645726399],[2.434207221627362,48.820801755789283],[2.434108441496827,48.820867841942444],[2.433846372237205,48.821045576591843],[2.433757124646556,48.821111707577451],[2.433670581142283,48.821179650045579],[2.433117817390689,48.821661792549577],[2.433010559451307,48.821755718105365],[2.432881373109709,48.821862130771628],[2.432874514488914,48.821866595103835]],[[2.423449922693297,48.824158094103922],[2.423351908353471,48.824153124654131],[2.42305785549442,48.824139115145677],[2.422955755226633,48.824134125657885],[2.422878161027141,48.824130153724241]],[[2.422878161027141,48.824130153724241],[2.421826072954111,48.824058518183421]],[[2.421826072954111,48.824058518183421],[2.421718495045437,48.824056199267474],[2.421462449379508,48.824054061444421],[2.420677968534262,48.824047565509133],[2.420534898797368,48.824052268554297]],[[2.420534898797368,48.824052268554297],[2.420329137132225,48.824060265038135],[2.419962519541093,48.824080072251441]],[[2.425480577413107,48.824175961553088],[2.425131776070185,48.824185977120266],[2.424837534048814,48.824189059128642],[2.424653634008314,48.824190872600838],[2.424516101584393,48.824187512711646],[2.424332280975855,48.824182131104706],[2.423884261913609,48.824172778579396],[2.423625581060776,48.82416253835698],[2.423449922693297,48.824158094103922]],[[2.430269808521484,48.823286912567887],[2.430014105783506,48.823378329267328],[2.429860963974269,48.823432460860367],[2.429694192167297,48.823487426624816],[2.42937581636627,48.823580341783],[2.429226897097741,48.823621901515949],[2.428768027745991,48.823733031181924],[2.428318858027208,48.823828916151314],[2.427958492642778,48.823900041887505],[2.427741530761155,48.82393587803594],[2.427420879060437,48.823987406034455],[2.426982996027741,48.82404736519662],[2.426575194682028,48.824096674557545],[2.426232966554127,48.824128309752389],[2.425670034352096,48.824164280419019],[2.425480577413107,48.824175961553088]],[[2.430269808521484,48.823286912567887],[2.430565164841366,48.823181294211224],[2.430628080921096,48.823157310770576]],[[2.432874514488914,48.821866595103835],[2.432752274297343,48.821960449358045],[2.432660250931806,48.822031063177484],[2.432593006633571,48.82207751146111],[2.43227869211435,48.822299063838798],[2.431948207776807,48.822504349858754],[2.431615153769475,48.822695232782372],[2.431364403941039,48.822832543876743],[2.43124657822321,48.822895838900344],[2.43111929692395,48.822951893852739],[2.430716992303685,48.823122658598052],[2.430628080921096,48.823157310770576]],[[2.456018620303323,48.817611267459355],[2.456245181791374,48.817564631189512],[2.456701027212595,48.81747136973204],[2.456967155455497,48.81741771688251],[2.457323313530531,48.817350082107296],[2.457622058857788,48.81730287144881],[2.457817024421923,48.817282170711124],[2.458028256954595,48.817268738380754],[2.458572026805426,48.817232528844343],[2.458768185532602,48.817228020686855]],[[2.454880415834415,48.817839021521912],[2.456018620303323,48.817611267459355]],[[2.45164285046249,48.818387225412536],[2.451853029734667,48.818345019199668],[2.452547553550159,48.818220490067738],[2.452809500533462,48.81817672043416],[2.45308364710645,48.818138402269327],[2.45346143500099,48.818087066650286],[2.453929329945732,48.81801455642492],[2.454619730659145,48.817892694553493],[2.454880415834415,48.817839021521912]],[[2.45164285046249,48.818387225412536],[2.451319409784058,48.818450496541196],[2.451251175050775,48.818463674009529],[2.451079230943803,48.818496161592485]],[[2.448704861606852,48.818675905044209],[2.449666639248177,48.818651555594521],[2.449903745280806,48.818639156052704],[2.450161345480418,48.818620554670701],[2.450405374298931,48.818597393489583],[2.450574481730487,48.818575686319925],[2.450732684683928,48.818554828193818],[2.451079230943803,48.818496161592485]]]}},
{"type":"Feature","properties":{"ID":"VOIE_NOM0000002338743628","ID_BAN":"75112_0588","name":"Rue d'Austerlitz","INSEE_COM":"75112","NOM_COM":"Paris 12e Arrondissement","SRC_BAN":"commune","NOM_COLL":"R D'AUSTERLITZ","TYPE_VOIE":"rue","MOT_DIR":"Austerlitz","LD_BAN":null,"ID_SUPP":"TRONROUT0000000000197735","INSEEDBAN":null,"COMDEL_BAN":null,"DATE_CREAT":"2023-12-08T13:42:59","DATE_MAJ":"2024-03-12T16:10:18","NOM_NORMA":"R D'AUSTERLITZ","ID_BAN_ODO":null,"Nom_a_verifier":false,"other_tags":"\"wikipedia\"=>\"fr:Rue_d%27Austerlitz_(Paris)\""},"geometry":{"type":"MultiLineString","coordinates":[[[2.371601820261978,48.847604171939246],[2.370622309138958,48.847018038540135],[2.369860955170043,48.846535572724918]]]}},
{"type":"Feature","properties":{"ID":"VOIE_NOM0000002338743668","ID_BAN":"75112_0874","name":"Allée de Bercy","INSEE_COM":"75112","NOM_COM":"Paris 12e Arrondissement","SRC_BAN":"commune","NOM_COLL":"ALL DE BERCY","TYPE_VOIE":"allée","MOT_DIR":"Bercy","LD_BAN":null,"ID_SUPP":"TRONROUT0000000000198509/TRONROUT0000000000199312/TRONROUT0000000000199316/TRONROUT0000000000200208/TRONROUT0000000000200212/TRONROUT0000000230033566/TRONROUT0000000351733118/TRONROUT0000000351733125/TRONROUT0000000351733126/TRONROUT0000000351855300/TRON","INSEEDBAN":null,"COMDEL_BAN":null,"DATE_CREAT":"2023-12-08T13:42:59","DATE_MAJ":"2024-03-12T16:10:18","NOM_NORMA":"ALL DE BERCY","ID_BAN_ODO":null,"Nom_a_verifier":false,"other_tags":"nan"},"geometry":{"type":"MultiLineString","coordinates":[[[2.381532303277959,48.840095009378985],[2.381621618358034,48.840376071968805]],[[2.381621618358034,48.840376071968805],[2.38147787063422,48.840433787296561],[2.380869403437531,48.840615008730829],[2.379837811692007,48.840973007129044]],[[2.378955534249309,48.841034083312408],[2.378550674989555,48.840821530184662]],[[2.378521776131699,48.841188319483685],[2.378955534249309,48.841034083312408]],[[2.37637811120268,48.842361621808664],[2.37670038902586,48.842187926118328],[2.376786772817363,48.842142508786942]],[[2.374658078880907,48.843197142180749],[2.375893933621702,48.842514686157699],[2.376172356625874,48.842362347750274],[2.37637811120268,48.842361621808664]],[[2.374658078880907,48.843197142180749],[2.373515426200947,48.843831507891082],[2.373507381267209,48.843933992742585],[2.373348237828953,48.844023994528015],[2.372966938048898,48.844231547332363],[2.372802364328997,48.844319721196868],[2.372562179992341,48.844463258565476]],[[2.372562179992341,48.844463258565476],[2.372363691205105,48.84465198214604],[2.372289053091822,48.844739727722377]],[[2.379837811692007,48.840973007129044],[2.377900178266188,48.841668944786257],[2.377726417825111,48.841614978748176]],[[2.377726417825111,48.841614978748176],[2.378521776131699,48.841188319483685]],[[2.376786772817363,48.842142508786942],[2.376856731627878,48.842103301359103],[2.377726417825111,48.841614978748176]]]}},
{"type":"Feature","properties":{"ID":"VOIE_NOM0000002338743669","ID_BAN":"75112_5668","name":"Sentier de la Lieutenance","INSEE_COM":"75112","NOM_COM":"Paris 12e Arrondissement","SRC_BAN":"commune","NOM_COLL":"SEN DE LA LIEUTENANCE","TYPE_VOIE":"sentier","MOT_DIR":"Lieutenance","LD_BAN":null,"ID_SUPP":"TRONROUT0000000000199208/TRONROUT0000000000199216/TRONROUT0000000289391325","INSEEDBAN":null,"COMDEL_BAN":null,"DATE_CREAT":"2023-12-08T13:42:59","DATE_MAJ":"2024-03-12T16:10:18","NOM_NORMA":"SEN DE LA LIEUTENANCE","ID_BAN_ODO":null,"Nom_a_verifier":false,"other_tags":"nan"},"geometry":{"type":"MultiLineString","coordinates":[[[2.409223794839457,48.841762983905419],[2.409365735195274,48.841742100200513]],[[2.408324796410202,48.841738754942803],[2.408734794415095,48.841749775679283],[2.409128453278509,48.841759814948787]],[[2.409128453278509,48.841759814948787],[2.409223794839457,48.841762983905419]]]}},
{"type":"Feature","properties":{"ID":"VOIE_NOM0000002338743699","ID_BAN":"75112_2814","name":"Place du Docteur Antoine Béclère","INSEE_COM":"75112","NOM_COM":"Paris 12e Arrondissement","SRC_BAN":"commune","NOM_COLL":"PL DU DOCTEUR ANTOINE BECLERE","TYPE_VOIE":"place","MOT_DIR":"Béclère","LD_BAN":null,"ID_SUPP":"TRONROUT0000000289207139","INSEEDBAN":null,"COMDEL_BAN":null,"DATE_CREAT":"2023-12-08T13:42:59","DATE_MAJ":"2024-03-12T16:10:18","NOM_NORMA":"PL DU DOCTEUR ANTOINE BECLERE","ID_BAN_ODO":null,"Nom_a_verifier":false,"other_tags":"nan"},"geometry":{"type":"MultiLineString","coordinates":[[[2.382952777277631,48.850274079319554],[2.382889190354185,48.850004844645042]]]}},
{"type":"Feature","properties":{"ID":"VOIE_NOM0000002338743705","ID_BAN":"75112_7125","name":"Square Paul Blanchet","INSEE_COM":"75112","NOM_COM":"Paris 12e Arrondissement","SRC_BAN":"commune","NOM_COLL":"SQ PAUL BLANCHET","TYPE_VOIE":"square","MOT_DIR":"Blanchet","LD_BAN":null,"ID_SUPP":"TRONROUT0000000000202567/TRONROUT0000000000203391/TRONROUT0000000230033245/TRONROUT0000000338524294","INSEEDBAN":null,"COMDEL_BAN":null,"DATE_CREAT":"2023-12-08T13:42:59","DATE_MAJ":"2024-03-12T16:10:18","NOM_NORMA":"SQ PAUL BLANCHET","ID_BAN_ODO":null,"Nom_a_verifier":false,"other_tags":"nan"},"geometry":{"type":"MultiLineString","coordinates":[[[2.405454316857603,48.833941448242754],[2.405398741401608,48.833916889129107],[2.405204903712954,48.833831385067796]],[[2.40606631581257,48.83427275683546],[2.406102287944039,48.834224369778745],[2.406081198762844,48.834162208916872],[2.406017695160562,48.834116025983093],[2.405845785080345,48.834018940136978],[2.405691461902776,48.833932733795478],[2.405652161609485,48.83391455121982],[2.405607340548678,48.833902636748263],[2.405548784166391,48.833900547007531],[2.405498257717362,48.833911088256407],[2.405454316857603,48.833941448242754]],[[2.405454316857603,48.833941448242754],[2.405425329979812,48.833974580644025],[2.405422410571082,48.833991654059751],[2.405427623666113,48.834012365360671],[2.405446397788191,48.834038540259172],[2.405508630838913,48.834076622906352],[2.405690086557732,48.834172857300501],[2.405858063821866,48.834256433354504],[2.405944859174228,48.834291040314945],[2.406012972351622,48.834291378590358],[2.40606631581257,48.83427275683546]],[[2.40606631581257,48.83427275683546],[2.406102830516485,48.834296321621828],[2.406211033049303,48.834365210521355]]]}},
{"type":"Feature","properties":{"ID":"VOIE_NOM0000002338743710","ID_BAN":"75112_8136","name":"Cité du Rendez-Vous","INSEE_COM":"75112","NOM_COM":"Paris 12e Arrondissement","SRC_BAN":"commune","NOM_COLL":"CITE DU RENDEZ-VOUS","TYPE_VOIE":"cité","MOT_DIR":"Vous","LD_BAN":null,"ID_SUPP":"TRONROUT0000000000197565","INSEEDBAN":null,"COMDEL_BAN":null,"DATE_CREAT":"2023-12-08T13:42:59","DATE_MAJ":"2024-03-12T16:10:18","NOM_NORMA":"CITE DU RENDEZ-VOUS","ID_BAN_ODO":null,"Nom_a_verifier":false,"other_tags":"nan"},"geometry":{"type":"MultiLineString","coordinates":[[[2.403934654347043,48.845436701410634],[2.403982066065915,48.845461220222433],[2.404270871712619,48.845586769741374],[2.404725969305956,48.845827364189716]]]}},
{"type":"Feature","properties":{"ID":"VOIE_NOM0000002338743730","ID_BAN":"75112_2730","name":"Rue Descos","INSEE_COM":"75112","NOM_COM":"Paris 12e Arrondissement","SRC_BAN":"commune","NOM_COLL":"R DESCOS","TYPE_VOIE":"rue","MOT_DIR":"Descos","LD_BAN":null,"ID_SUPP":"TRONROUT0000000000200192/TRONROUT0000000289219313","INSEEDBAN":null,"COMDEL_BAN":null,"DATE_CREAT":"2023-12-08T13:42:59","DATE_MAJ":"2024-03-12T16:10:18","NOM_NORMA":"R DESCOS","ID_BAN_ODO":null,"Nom_a_verifier":false,"other_tags":"\"wikipedia\"=>\"fr:Rue_Descos\""},"geometry":{"type":"MultiLineString","coordinates":[[[2.387615947560339,48.840897959807108],[2.388066766461721,48.841260910339038]],[[2.388066766461721,48.841260910339038],[2.388127485184376,48.84131158510062]]]}},
{"type":"Feature","properties":{"ID":"VOIE_NOM0000002338743742","ID_BAN":"75112_3815","name":"Rue François Truffaut","INSEE_COM":"75112","NOM_COM":"Paris 12e Arrondissement","SRC_BAN":"commune","NOM_COLL":"R FRANCOIS TRUFFAUT","TYPE_VOIE":"rue","MOT_DIR":"Truffaut","LD_BAN":null,"ID_SUPP":"TRONROUT0000000000202619/TRONROUT0000000000202625/TRONROUT0000000000203463/TRONROUT0000000000203465/TRONROUT0000000000203490/TRONROUT0000000000203506/TRONROUT0000000230033230/TRONROUT0000002000696329/TRONROUT0000002000696330/TRONROUT0000002206029294","INSEEDBAN":null,"COMDEL_BAN":null,"DATE_CREAT":"2023-12-08T13:42:59","DATE_MAJ":"2024-03-12T16:10:18","NOM_NORMA":"R FRANCOIS TRUFFAUT","ID_BAN_ODO":null,"Nom_a_verifier":false,"other_tags":"\"wikipedia\"=>\"fr:Rue_Fran%C3%A7ois-Truffaut\""},"geometry":{"type":"MultiLineString","coordinates":[[[2.384571871279648,48.832261930164485],[2.384482666407633,48.832202112841784]],[[2.384571871279648,48.832261930164485],[2.38495167007147,48.832516606167125]],[[2.38495167007147,48.832516606167125],[2.385208358958874,48.832698698748928],[2.385239414251019,48.83272224192833],[2.385385282811233,48.832829116943053]],[[2.385716007063357,48.83308713562792],[2.385506801530667,48.832921476791782],[2.385385282811233,48.832829116943053]],[[2.386345152684548,48.833570627098119],[2.386214190590402,48.833470125409256]],[[2.386986242417687,48.834082056558422],[2.386923221218549,48.833996293756172],[2.386669403167928,48.833800729354216],[2.386345152684548,48.833570627098119]],[[2.386986242417687,48.834082056558422],[2.387030985349632,48.834100273189264],[2.387190388876279,48.834215309490098]],[[2.387190388876279,48.834215309490098],[2.38722956666674,48.83424339055685],[2.387532124083722,48.834465284864102],[2.387814429553273,48.834671785481468],[2.387902100678368,48.834746881511713]],[[2.385803725480911,48.833157736739494],[2.385716007063357,48.83308713562792]],[[2.386214190590402,48.833470125409256],[2.385803725480911,48.833157736739494]]]}},
{"type":"Feature","properties":{"ID":"VOIE_NOM0000002338743777","ID_BAN":"75112_2584","name":"Avenue Daumesnil","INSEE_COM":"75112","NOM_COM":"Paris 12e Arrondissement","SRC_BAN":"commune","NOM_COLL":"AV DAUMESNIL","TYPE_VOIE":"avenue","MOT_DIR":"Daumesnil","LD_BAN":null,"ID_SUPP":"TRONROUT0000000000196028/TRONROUT0000000000196819/TRONROUT0000000000196826/TRONROUT0000000000196837/TRONROUT0000000000196841/TRONROUT0000000000196846/TRONROUT0000000000197674/TRONROUT0000000000197678/TRONROUT0000000000197679/TRONROUT0000000000197683/TRON","INSEEDBAN":null,"COMDEL_BAN":null,"DATE_CREAT":"2023-12-08T13:42:59","DATE_MAJ":"2025-07-15T21:31:19","NOM_NORMA":"AV DAUMESNIL","ID_BAN_ODO":null,"Nom_a_verifier":false,"other_tags":"nan"},"geometry":{"type":"MultiLineString","coordinates":[[[2.405698045703072,48.835864600132865],[2.406005824771782,48.835755507292468],[2.406212403135366,48.83568008711211],[2.406301331618189,48.835647252106057],[2.406503740318224,48.835579005629256]],[[2.409804497233599,48.834400083932543],[2.409666378676708,48.834446169248082],[2.409613046510024,48.834463893292018],[2.409517310785207,48.834496697169023],[2.408841708236546,48.834726295204391],[2.408475159115669,48.834853092026727],[2.408323384762017,48.83490180634081]],[[2.408323384762017,48.83490180634081],[2.408170135527091,48.834960406163837]],[[2.410762546911125,48.834009986673571],[2.410524812514966,48.83407087138864],[2.410408654369238,48.834102675968836]],[[2.410764468397555,48.834201560690595],[2.410884835292848,48.834158984128955],[2.411009309093309,48.834114628941251],[2.411126961230333,48.834071139402134]],[[2.410762546911125,48.834009986673571],[2.410815796904464,48.833999456622749],[2.410901822333352,48.833981893066294],[2.411058766283229,48.833957483753586]],[[2.410764468397555,48.834201560690595],[2.410532182183489,48.834262472253776],[2.410191788068325,48.834366019787652],[2.410137124425431,48.834381039407752],[2.410053883681882,48.8343932199639],[2.409804497233599,48.834400083932543]],[[2.409804497233599,48.834400083932543],[2.409859670059079,48.834340098778391],[2.409929746218191,48.834287382032507],[2.410277368784556,48.834146996949357],[2.410408654369238,48.834102675968836]],[[2.412586590425243,48.833778828525674],[2.412742018752124,48.833767900026224]],[[2.412586590425243,48.833778828525674],[2.412301504825286,48.833810704555795],[2.412083209826148,48.833839310770294],[2.411844419906812,48.833873211992518],[2.411628818451133,48.833904528716289],[2.411471874927622,48.833928938778136]],[[2.411471874927622,48.833928938778136],[2.411312949474783,48.83400820009232]],[[2.411312949474783,48.83400820009232],[2.411126961230333,48.834071139402134]],[[2.411058766283229,48.833957483753586],[2.411229373265266,48.833929544035549],[2.411471874927622,48.833928938778136]],[[2.412742018752124,48.833767900026224],[2.412954691917735,48.833754554209641],[2.413170099598751,48.833740322067513],[2.413505425613419,48.833723080160823],[2.413921063446627,48.833711627056708],[2.414200304373577,48.833714793746736],[2.41440187689856,48.833719378273173],[2.414633378560053,48.833727706394995],[2.414898855796042,48.833743395188776],[2.415166997155564,48.833764492602789],[2.415470466512807,48.833793856345167],[2.415752049454575,48.833831206683456],[2.41596829499726,48.833863740518694],[2.416198022348806,48.833908930858868],[2.416456276936897,48.833961454846104],[2.416608457114133,48.833997272390796],[2.416996956303084,48.834098096672676],[2.417337888379132,48.834188794968711]],[[2.403500727191159,48.836680177003096],[2.402262573372123,48.837131771650157]],[[2.404068529132845,48.836469858246176],[2.403500727191159,48.836680177003096]],[[2.40422859901,48.836411297684698],[2.404068529132845,48.836469858246176]],[[2.404274311439377,48.836464587763558],[2.40422859901,48.836411297684698]],[[2.404641765480071,48.836260463189234],[2.40422859901,48.836411297684698]],[[2.405736137655788,48.835988901490659],[2.404970042302261,48.836265694140586],[2.404313294574143,48.836510649408119],[2.404274311439377,48.836464587763558]],[[2.405637776156872,48.835893080283853],[2.405394208646802,48.835986302855851],[2.405316228783307,48.836014694802358],[2.404641765480071,48.836260463189234]],[[2.405698045703072,48.835864600132865],[2.405637776156872,48.835893080283853]],[[2.402124399648174,48.83718144538728],[2.400823161049102,48.837666885480161]],[[2.402262573372123,48.837131771650157],[2.402124399648174,48.83718144538728]],[[2.400823161049102,48.837666885480161],[2.399643770075981,48.838098961229193]],[[2.399643770075981,48.838098961229193],[2.399434416808016,48.838177054151174]],[[2.399434416808016,48.838177054151174],[2.399141626826858,48.838283507194987]],[[2.399141626826858,48.838283507194987],[2.398688753652468,48.83844851277054]],[[2.398688753652468,48.83844851277054],[2.397557187390742,48.838865519077608],[2.397470983071009,48.838897461903805]],[[2.397470983071009,48.838897461903805],[2.397139944622228,48.839011811607193],[2.396786887937496,48.839144935946109]],[[2.392747482003146,48.840287372036968],[2.393265199596504,48.840173082164874],[2.393877120101795,48.840042179557706],[2.394463183108045,48.839908444848099],[2.394487779600888,48.839902273829289],[2.394875820864996,48.839808005808578]],[[2.394875820864996,48.839808005808578],[2.394964627819339,48.839786870357479]],[[2.392505694532625,48.840341005386449],[2.392747482003146,48.840287372036968]],[[2.392022055157039,48.840453666455296],[2.392505694532625,48.840341005386449]],[[2.434076864513653,48.840466652485063],[2.434292904994269,48.84052163576704]],[[2.425679781117103,48.837746542977456],[2.425589068146014,48.837694843884329],[2.425349686222717,48.837534507384404]],[[2.423095835199,48.836216887131393],[2.423487415987865,48.836411238419352],[2.423823343135022,48.836587333089689],[2.424137475264236,48.836763321851969],[2.42443663375873,48.836938338341596],[2.424440690973189,48.836941055946006],[2.424938696651208,48.837245636319487],[2.425349686222717,48.837534507384404]],[[2.420846708088572,48.83534263085663],[2.420621447102114,48.835262396057168],[2.420386670788107,48.835180315990321],[2.420222454034239,48.835123759640069],[2.419796237439636,48.834983191087133]],[[2.422138636243513,48.835797660960402],[2.422038224535489,48.835761201345768],[2.421675906213893,48.835631740700698],[2.421016385376026,48.835398313402003],[2.420915945249886,48.835364550773839],[2.420846708088572,48.83534263085663]],[[2.422138636243513,48.835797660960402],[2.422552365932065,48.835959745398704],[2.422831587636039,48.836088802392631],[2.422865466222099,48.836105154368468],[2.423095835199,48.836216887131393]],[[2.429969948952844,48.839376916931201],[2.429661550248655,48.83929630339086],[2.42877721187631,48.839056451769302],[2.427865002060416,48.838749907656961],[2.42720427898302,48.83849582443856],[2.426507302800674,48.838193897625729],[2.426198316398459,48.838044021505468],[2.425951841875007,48.837908834327592],[2.425679781117103,48.837746542977456]],[[2.429969948952844,48.839376916931201],[2.430522883283417,48.839522548494884],[2.43069133998396,48.839567418886226],[2.430790520525782,48.839593072894495],[2.431244307791234,48.839710349156945],[2.431708898336711,48.839836668577114],[2.432101537898987,48.839939261310022],[2.432172177706194,48.83995848315606]],[[2.432325699631453,48.839998783533424],[2.432172177706194,48.83995848315606]],[[2.432325699631453,48.839998783533424],[2.434033413282858,48.840452956559794],[2.434076864513653,48.840466652485063]],[[2.391166951499086,48.840639981836993],[2.392022055157039,48.840453666455296]],[[2.389441665291389,48.84101881282502],[2.391166951499086,48.840639981836993]],[[2.388127485184376,48.84131158510062],[2.388430792107871,48.841241187282179],[2.388896661022708,48.841134745478485]],[[2.388896661022708,48.841134745478485],[2.389022321785092,48.841108406539931]],[[2.389022321785092,48.841108406539931],[2.389150675678228,48.841084779302612]],[[2.389150675678228,48.841084779302612],[2.389441665291389,48.84101881282502]],[[2.387363161953784,48.841538808796308],[2.387572515107252,48.841463435154957]],[[2.387572515107252,48.841463435154957],[2.387945699200492,48.84136011995799],[2.388127485184376,48.84131158510062]],[[2.38694004912025,48.841716513192743],[2.387044124531667,48.8416720785102],[2.387194787507095,48.841605398395856],[2.387363161953784,48.841538808796308]],[[2.38694004912025,48.841716513192743],[2.38658237380528,48.841890954205468]],[[2.385421933726755,48.842430909519372],[2.386065876941529,48.842130232422598],[2.38658237380528,48.841890954205468]],[[2.385153350576497,48.842559936533114],[2.384997104972153,48.842637377660751]],[[2.385421933726755,48.842430909519372],[2.385153350576497,48.842559936533114]],[[2.384997104972153,48.842637377660751],[2.383707579165655,48.84325939350741]],[[2.383707579165655,48.84325939350741],[2.382981357823303,48.843601903277907]],[[2.382981357823303,48.843601903277907],[2.382438566809082,48.843872507575298],[2.382013746476234,48.844076266944839]],[[2.382013746476234,48.844076266944839],[2.381694423780821,48.844231105369047]],[[2.381694423780821,48.844231105369047],[2.381573839044035,48.844288041021649]],[[2.380451391246126,48.844832640682498],[2.380988645647842,48.844571010463973],[2.381573839044035,48.844288041021649]],[[2.38014997551611,48.844970479858617],[2.380451391246126,48.844832640682498]],[[2.379897823742477,48.845090586468395],[2.38014997551611,48.844970479858617]],[[2.379486705391912,48.845286313544975],[2.379614160975132,48.845224918864126],[2.379718303156103,48.845175994182995],[2.379897823742477,48.845090586468395]],[[2.377991429401872,48.846010625747752],[2.379486705391912,48.845286313544975]],[[2.377479991029248,48.846275974086616],[2.377991429401872,48.846010625747752]],[[2.377479991029248,48.846275974086616],[2.377115482867138,48.846446753425496],[2.376733000623197,48.846639022571104]],[[2.376733000623197,48.846639022571104],[2.376180715057604,48.846900555040861]],[[2.376180715057604,48.846900555040861],[2.376021728692924,48.846977070633955],[2.375936752659349,48.847017997820792],[2.375714687643113,48.847127460150539]],[[2.375714687643113,48.847127460150539],[2.375321359114273,48.847314271982576]],[[2.374818285765662,48.847561665318551],[2.375321359114273,48.847314271982576]],[[2.373985003085811,48.847958421004911],[2.374818285765662,48.847561665318551]],[[2.373837019274545,48.848025997664344],[2.373985003085811,48.847958421004911]],[[2.372559523129856,48.84864525661915],[2.372820014681232,48.848514417129351],[2.373181858579747,48.848340939019081],[2.373837019274545,48.848025997664344]],[[2.371986625689372,48.848917453649392],[2.372559523129856,48.84864525661915]],[[2.371986625689372,48.848917453649392],[2.371892061468506,48.848961925018386],[2.371539736647982,48.84913634853347],[2.371471148737195,48.849173761166092]]]}},
{"type":"Feature","properties":{"ID":"VOIE_NOM0000002338743824","ID_BAN":"75112_3894","name":"Rue du Gabon","INSEE_COM":"75112","NOM_COM":"Paris 12e Arrondissement","SRC_BAN":"commune","NOM_COLL":"R DU GABON","TYPE_VOIE":"rue","MOT_DIR":"Gabon","LD_BAN":null,"ID_SUPP":"TRONROUT0000000000197559/TRONROUT0000000000198367","INSEEDBAN":null,"COMDEL_BAN":null,"DATE_CREAT":"2023-12-08T13:42:59","DATE_MAJ":"2024-03-12T16:10:18","NOM_NORMA":"R DU GABON","ID_BAN_ODO":null,"Nom_a_verifier":false,"other_tags":"\"wikipedia\"=>\"fr:Rue_du_Gabon\""},"geometry":{"type":"MultiLineString","coordinates":[[[2.409014200520086,48.8445058867622],[2.409097823543666,48.844821973690877],[2.409174848944491,48.845119141421442],[2.409246496363143,48.845409986976982]],[[2.409246496363143,48.845409986976982],[2.409327967913192,48.845675698977487],[2.409417513792887,48.845950444260716],[2.409504427172836,48.84621708222133],[2.409603136032837,48.846525148553653]]]}},
{"type":"Feature","properties":{"ID":"VOIE_NOM0000002338743851","ID_BAN":"75112_v3t3wd","name":"Avenue de l'Ecole de Joinville","INSEE_COM":"75112","NOM_COM":"Paris 12e Arrondissement","SRC_BAN":"commune","NOM_COLL":"AV DE L'ECOLE DE JOINVILLE","TYPE_VOIE":"avenue","MOT_DIR":"Joinville","LD_BAN":null,"ID_SUPP":"TRONROUT0000000000206993/TRONROUT0000000000206994/TRONROUT0000000000207443/TRONROUT0000000000207444/TRONROUT0000000000207460/TRONROUT0000000000207831/TRONROUT0000000258513263/TRONROUT0000000315494349/TRONROUT0000000357536472/TRONROUT0000000358476540/TRON","INSEEDBAN":null,"COMDEL_BAN":null,"DATE_CREAT":"2023-12-08T13:42:59","DATE_MAJ":"2024-03-12T16:10:18","NOM_NORMA":"AV DE L'ECOLE DE JOINVILLE","ID_BAN_ODO":null,"Nom_a_verifier":false,"other_tags":"nan"},"geometry":{"type":"MultiLineString","coordinates":[[[2.451620550072098,48.818435689298745],[2.45164285046249,48.818387225412536]],[[2.451620550072098,48.818435689298745],[2.451582994920774,48.818510165037516],[2.45156198060831,48.818565829792213]],[[2.45156198060831,48.818565829792213],[2.451551917885052,48.818616148534822],[2.451555700772073,48.81864494582662],[2.451566292969416,48.818673774349733],[2.451725025868629,48.818991081582823],[2.451805442721367,48.819114664363006],[2.451923661632332,48.819269898391504],[2.451972159883164,48.819320485543443],[2.452071956031751,48.819414477629394],[2.452159845200462,48.819475138290869]],[[2.454068218286795,48.819838219120122],[2.454129832947875,48.819807022394343],[2.454181867232725,48.819780278765371],[2.454240673260837,48.819757163509216],[2.454310327291692,48.81973859459071],[2.454386724843884,48.819726352006576],[2.454475285269191,48.819723158584587],[2.454633254987308,48.819724778547105],[2.454795300979105,48.819727316258984],[2.454996700774336,48.819743523707082],[2.455405032838833,48.819767868433424],[2.455847309319819,48.81980225933119],[2.456285500707706,48.819836630014208],[2.456576739437536,48.819857740125641]],[[2.456576739437536,48.819857740125641],[2.457521275556666,48.819921387507854],[2.458034391995732,48.819954292917529],[2.458328383910468,48.819972713118318],[2.458586910696,48.819996368249477]],[[2.452159845200462,48.819475138290869],[2.452242362617994,48.819528579297113],[2.452364280417414,48.819591194422628],[2.452418472496318,48.819618423773605],[2.452465959078006,48.819635729299584],[2.452541950893503,48.819662159040817],[2.452620751530347,48.819680507240903],[2.453080333798185,48.819752761237467],[2.453455828848591,48.819791352379113],[2.453827332981412,48.819820930388659],[2.453918513779838,48.819827642439336]],[[2.453918513779838,48.819827642439336],[2.453966151734352,48.819830558102723],[2.454068218286795,48.819838219120122]],[[2.460200063795033,48.820728554526568],[2.460244709111916,48.820757535923747]],[[2.460244709111916,48.820757535923747],[2.460346247850558,48.820816453312617]],[[2.462265882299653,48.824455854324349],[2.462253826734129,48.824568221064055],[2.462256725503064,48.824683353140117],[2.462282481859753,48.824827367740603],[2.462323174282974,48.824975946307944],[2.462473753766232,48.8254317029539],[2.462592804768445,48.825907103597444],[2.462581519005533,48.825944826271652],[2.4625606803109,48.825984304745425],[2.462522107062049,48.826026401609141],[2.46245486567432,48.826074665165706]],[[2.461950110407221,48.822717753678688],[2.461958864627137,48.822793340065957],[2.461967618872436,48.822868926447512],[2.461999895740067,48.823040851119565],[2.46205212931127,48.823258733334079],[2.462236323079075,48.823888220274959],[2.462270278827284,48.824029573749975],[2.4622972114074,48.824191581078651],[2.46229895228834,48.824286921894746],[2.462265882299653,48.824455854324349]],[[2.460346247850558,48.820816453312617],[2.460442199545502,48.820888835960972],[2.46058428008355,48.820978514664709]],[[2.461950110407221,48.822717753678688],[2.461937613703583,48.822608873788113],[2.461900875695943,48.822209388503495],[2.461877409347457,48.822107654149825],[2.461855035859095,48.82203200641932],[2.461832448938571,48.821977043221096],[2.461793704361127,48.821904019899613],[2.461745454129783,48.821828255664109],[2.461694322310899,48.821767767718868],[2.461608077289521,48.821678341822377],[2.46153251445783,48.821609649467788],[2.461405458322062,48.821515542778386],[2.461314840379712,48.821453977424049],[2.460998257967174,48.821248393798562],[2.46079396444105,48.821116164686963],[2.460700614763958,48.82105548589125],[2.46058428008355,48.820978514664709]],[[2.458586910696,48.819996368249477],[2.458678083077174,48.820003975998993],[2.458762399324392,48.820016049503089],[2.458879326485409,48.820035465500041],[2.459081717454682,48.820087645393727],[2.459275583028606,48.820173962498643],[2.459402893125685,48.820242890349249],[2.460135101538806,48.820688688936514]],[[2.460135101538806,48.820688688936514],[2.460200063795033,48.820728554526568]]]}},
{"type":"Feature","properties":{"ID":"VOIE_NOM0000002338743862","ID_BAN":"75112_2935","name":"Impasse Druinot","INSEE_COM":"75112","NOM_COM":"Paris 12e Arrondissement","SRC_BAN":"commune","NOM_COLL":"IMP DRUINOT","TYPE_VOIE":"impasse","MOT_DIR":"Druinot","LD_BAN":null,"ID_SUPP":"TRONROUT0000000000195994","INSEEDBAN":null,"COMDEL_BAN":null,"DATE_CREAT":"2023-12-08T13:42:59","DATE_MAJ":"2024-03-12T16:10:18","NOM_NORMA":"IMP DRUINOT","ID_BAN_ODO":null,"Nom_a_verifier":false,"other_tags":"nan"},"geometry":{"type":"MultiLineString","coordinates":[[[2.380152966849276,48.849645348496715],[2.380236786705109,48.849930877967594],[2.380594393905872,48.849883265359757],[2.381215432935233,48.849800140878024]]]}},
{"type":"Feature","properties":{"ID":"VOIE_NOM0000002338743868","ID_BAN":"75112_p288","name":"Route du Champ de Manoeuvres","INSEE_COM":"75112","NOM_COM":"Paris 12e Arrondissement","SRC_BAN":"commune","NOM_COLL":"RTE DU CHAMP DE MANOEUVRES","TYPE_VOIE":"route","MOT_DIR":"Manoeuvres","LD_BAN":null,"ID_SUPP":"TRONROUT0000000000201605/TRONROUT0000000000201608/TRONROUT0000000000202373/TRONROUT0000000000202384/TRONROUT0000000000202399/TRONROUT0000000000202408/TRONROUT0000000000202414/TRONROUT0000000356901148/TRONROUT0000000356901149/TRONROUT0000002202484445","INSEEDBAN":null,"COMDEL_BAN":null,"DATE_CREAT":"2023-12-08T13:42:59","DATE_MAJ":"2024-03-12T16:10:18","NOM_NORMA":"RTE DU CHAMP DE MANOEUVRES","ID_BAN_ODO":null,"Nom_a_verifier":false,"other_tags":"nan"},"geometry":{"type":"MultiLineString","coordinates":[[[2.445679109532888,48.834006923560729],[2.445381271919179,48.833958776080991]],[[2.446315520588809,48.834115995916406],[2.445866757405236,48.834040170067361],[2.445679109532888,48.834006923560729]],[[2.446315520588809,48.834115995916406],[2.446758826468958,48.834192694189369],[2.447119197452192,48.834253718341593],[2.447276924900897,48.834282327507545],[2.447805923281707,48.834372008887946]],[[2.447805923281707,48.834372008887946],[2.448181177005851,48.834442991495038],[2.448238278232811,48.834454047247263]],[[2.455788683722269,48.835467142539514],[2.455704578598868,48.835562991290708],[2.45560000101447,48.835662344236624],[2.455498363714748,48.835741025209444],[2.455358271349037,48.835849209846245]],[[2.45315947447118,48.835841875764785],[2.45288658466727,48.835751591298404],[2.452324583098313,48.835559254514024],[2.451735311352105,48.835369488120705],[2.451310303831508,48.835235333363805],[2.450864788351391,48.835108277800067],[2.449992693543668,48.834867739101213],[2.449412518104737,48.834721172201]],[[2.455358271349037,48.835849209846245],[2.455212353750623,48.835862935084386],[2.455039189853636,48.83587653601257],[2.454875590261182,48.835887482201976],[2.454733834623096,48.835894030952247],[2.454562070451395,48.835904040134892]],[[2.454562070451395,48.835904040134892],[2.454356163688596,48.83592198755769],[2.454097079499382,48.83594418873647],[2.453848978400211,48.835958345272147],[2.453613317095888,48.835955470296049],[2.453524842179549,48.83594787124111],[2.453436480446904,48.835929480328268],[2.453302026547463,48.835889294071471],[2.453280295595725,48.835882899232587],[2.45315947447118,48.835841875764785]],[[2.448238278232811,48.834454047247263],[2.448481639854777,48.834501037029639],[2.448840443515327,48.834581834665947],[2.449284786807779,48.834690005906438]],[[2.449284786807779,48.834690005906438],[2.449412518104737,48.834721172201]]]}},
{"type":"Feature","properties":{"ID":"VOIE_NOM0000002338743890","ID_BAN":"75112_3341","name":"Rue Ernest Lacoste","INSEE_COM":"75112","NOM_COM":"Paris 12e Arrondissement","SRC_BAN":"commune","NOM_COLL":"R ERNEST LACOSTE","TYPE_VOIE":"rue","MOT_DIR":"Lacoste","LD_BAN":null,"ID_SUPP":"TRONROUT0000000000202569/TRONROUT0000000000202573","INSEEDBAN":null,"COMDEL_BAN":null,"DATE_CREAT":"2023-12-08T13:42:59","DATE_MAJ":"2024-03-12T16:10:18","NOM_NORMA":"R ERNEST LACOSTE","ID_BAN_ODO":null,"Nom_a_verifier":false,"other_tags":"\"wikipedia\"=>\"fr:Rue_Ernest-Lacoste\""},"geometry":{"type":"MultiLineString","coordinates":[[[2.405464942981803,48.834920908763721],[2.405340318906797,48.834977848529469],[2.405213000778653,48.835032076675681],[2.405087147307917,48.835077318332019]],[[2.403824906778431,48.835018870494487],[2.404008660653977,48.835033276698354],[2.404177501473643,48.83504131278562],[2.404595660712042,48.835048791239068],[2.404798620370204,48.835051600099746],[2.404941577984592,48.835059506305534],[2.405087147307917,48.835077318332019]]]}},
{"type":"Feature","properties":{"ID":"VOIE_NOM0000002338743942","ID_BAN":"75112_x097","name":"Voie Ap/12","INSEE_COM":"75112","NOM_COM":"Paris 12e Arrondissement","SRC_BAN":"commune","NOM_COLL":"VOI AP/12","TYPE_VOIE":"voie","MOT_DIR":"Ap/12","LD_BAN":null,"ID_SUPP":"TRONROUT0000000330310607","INSEEDBAN":null,"COMDEL_BAN":null,"DATE_CREAT":"2023-12-08T13:42:59","DATE_MAJ":"2024-03-12T16:10:18","NOM_NORMA":"VOI AP/12","ID_BAN_ODO":null,"Nom_a_verifier":false,"other_tags":"nan"},"geometry":{"type":"MultiLineString","coordinates":[[[2.404481341627113,48.847320874068416],[2.404440729016816,48.847058959867809]]]}},
{"type":"Feature","properties":{"ID":"VOIE_NOM0000002338743955","ID_BAN":"75112_3582","name":"Rue Ferdinand de Béhagle","INSEE_COM":"75112","NOM_COM":"Paris 12e Arrondissement","SRC_BAN":"commune","NOM_COLL":"R FERDINAND DE BEHAGLE","TYPE_VOIE":"rue","MOT_DIR":"Béhagle","LD_BAN":null,"ID_SUPP":"TRONROUT0000000338524282/TRONROUT0000000338524284","INSEEDBAN":null,"COMDEL_BAN":null,"DATE_CREAT":"2023-12-08T13:42:59","DATE_MAJ":"2024-03-12T16:10:18","NOM_NORMA":"R FERDINAND DE BEHAGLE","ID_BAN_ODO":null,"Nom_a_verifier":false,"other_tags":"\"wikipedia\"=>\"fr:Rue_Ferdinand-de-B%C3%A9hagle\""},"geometry":{"type":"MultiLineString","coordinates":[[[2.398790324433638,48.832005078708526],[2.398855862091118,48.831874100568811],[2.399074921224539,48.831424618497351],[2.399308023211205,48.830938332322461]],[[2.39876796908809,48.832053532139184],[2.398790324433638,48.832005078708526]]]}},
{"type":"Feature","properties":{"ID":"VOIE_NOM0000002338743960","ID_BAN":"75112_7121","name":"Rue Paul Belmondo","INSEE_COM":"75112","NOM_COM":"Paris 12e Arrondissement","SRC_BAN":"commune","NOM_COLL":"R PAUL BELMONDO","TYPE_VOIE":"rue","MOT_DIR":"Belmondo","LD_BAN":null,"ID_SUPP":"TRONROUT0000000000200980/TRONROUT0000000000201799/TRONROUT0000000000202629/TRONROUT0000000000202641/TRONROUT0000000230033344/TRONROUT0000000230033345","INSEEDBAN":null,"COMDEL_BAN":null,"DATE_CREAT":"2023-12-08T13:42:59","DATE_MAJ":"2025-09-11T00:08:38","NOM_NORMA":"R PAUL BELMONDO","ID_BAN_ODO":null,"Nom_a_verifier":false,"other_tags":"\"wikipedia\"=>\"fr:Rue_Paul-Belmondo\""},"geometry":{"type":"MultiLineString","coordinates":[[[2.381933666946673,48.837041048313338],[2.382137200287215,48.836881113615846],[2.38217846452762,48.836848050275499]],[[2.38217846452762,48.836848050275499],[2.382432935065834,48.836643409915894],[2.382483831064524,48.83660230191262]],[[2.382483831064524,48.83660230191262],[2.382763065815689,48.836377103275247],[2.382904693814342,48.836267212167115]],[[2.383743604066662,48.835603309068389],[2.383456129432324,48.835834763190483],[2.383324103734184,48.835939308298144],[2.382904693814342,48.836267212167115]],[[2.384621103866538,48.83490002625571],[2.38446694657753,48.835033238522207],[2.384256552439818,48.83519853824869],[2.384018688019965,48.835382582795638],[2.383743604066662,48.835603309068389]],[[2.380769157221312,48.83781387472802],[2.38028914142809,48.838194517726002],[2.380239925300871,48.838208652554378],[2.38021945778273,48.838211244597353]]]}},
{"type":"Feature","properties":{"ID":"VOIE_NOM0000002338743991","ID_BAN":"75112_6478","name":"Sentier de Montempoivre","INSEE_COM":"75112","NOM_COM":"Paris 12e Arrondissement","SRC_BAN":"commune","NOM_COLL":"SEN DE MONTEMPOIVRE","TYPE_VOIE":"sentier","MOT_DIR":"Montempoivre","LD_BAN":null,"ID_SUPP":"TRONROUT0000000000200097","INSEEDBAN":null,"COMDEL_BAN":null,"DATE_CREAT":"2023-12-08T13:42:59","DATE_MAJ":"2024-03-12T16:10:18","NOM_NORMA":"SEN DE MONTEMPOIVRE","ID_BAN_ODO":null,"Nom_a_verifier":false,"other_tags":"nan"},"geometry":{"type":"MultiLineString","coordinates":[[[2.402468636034508,48.84031114328198],[2.400693981593675,48.84025190134934]]]}},
{"type":"Feature","properties":{"ID":"VOIE_NOM0000002338743998","ID_BAN":"75112_2324","name":"Rue Corbineau","INSEE_COM":"75112","NOM_COM":"Paris 12e Arrondissement","SRC_BAN":"commune","NOM_COLL":"R CORBINEAU","TYPE_VOIE":"rue","MOT_DIR":"Corbineau","LD_BAN":null,"ID_SUPP":"TRONROUT0000000000200198/TRONROUT0000000000200986/TRONROUT0000002215638838","INSEEDBAN":null,"COMDEL_BAN":null,"DATE_CREAT":"2023-12-08T13:42:59","DATE_MAJ":"2024-03-12T16:10:18","NOM_NORMA":"R CORBINEAU","ID_BAN_ODO":null,"Nom_a_verifier":false,"other_tags":"\"wikipedia\"=>\"fr:Rue_Corbineau\""},"geometry":{"type":"MultiLineString","coordinates":[[[2.38232554859957,48.839957008794471],[2.382295065845875,48.83988490244019]],[[2.382258016301429,48.839792076835721],[2.382063276462075,48.839324302031699],[2.381965114693129,48.839099853646523],[2.381934846220259,48.839009760994081],[2.381905630962043,48.838945755287213],[2.381848072426522,48.838859119034943],[2.381791204472075,48.838829146174994],[2.38154024212564,48.83873701325453],[2.381228400880267,48.838608590371891]],[[2.382295065845875,48.83988490244019],[2.382258016301429,48.839792076835721]]]}},
{"type":"Feature","properties":{"ID":"VOIE_NOM0000002338744009","ID_BAN":"75112_4057","name":"Avenue du Général Laperrine","INSEE_COM":"75112","NOM_COM":"Paris 12e Arrondissement","SRC_BAN":"commune","NOM_COLL":"AV DU GENERAL LAPERRINE","TYPE_VOIE":"avenue","MOT_DIR":"Laperrine","LD_BAN":null,"ID_SUPP":"TRONROUT0000000000202553/TRONROUT0000000000202566/TRONROUT0000000000203380/TRONROUT0000000289219370","INSEEDBAN":null,"COMDEL_BAN":null,"DATE_CREAT":"2023-12-08T13:42:59","DATE_MAJ":"2024-03-12T16:10:18","NOM_NORMA":"AV DU GENERAL LAPERRINE","ID_BAN_ODO":null,"Nom_a_verifier":false,"other_tags":"nan"},"geometry":{"type":"MultiLineString","coordinates":[[[2.406793822409859,48.833912124564229],[2.406434996128199,48.833719679077433],[2.405881229148365,48.833419239867872],[2.405714565520153,48.83334016712341]],[[2.40792831991522,48.834780236039549],[2.40797114671643,48.834847900307473]],[[2.407841202211226,48.834653893834371],[2.40776466634647,48.834555484228808],[2.40768544710992,48.834453463819642],[2.407624880882919,48.834388409659525],[2.407561365416476,48.834343126868227],[2.407239181410971,48.834162557122674],[2.406793822409859,48.833912124564229]],[[2.407841202211226,48.834653893834371],[2.40792831991522,48.834780236039549]]]}},
{"type":"Feature","properties":{"ID":"VOIE_NOM0000002338744065","ID_BAN":"75112_9747","name":"Rue Victor Chevreuil","INSEE_COM":"75112","NOM_COM":"Paris 12e Arrondissement","SRC_BAN":"commune","NOM_COLL":"R VICTOR CHEVREUIL","TYPE_VOIE":"rue","MOT_DIR":"Chevreuil","LD_BAN":null,"ID_SUPP":"TRONROUT0000000000199239","INSEEDBAN":null,"COMDEL_BAN":null,"DATE_CREAT":"2023-12-08T13:42:59","DATE_MAJ":"2024-03-12T16:10:18","NOM_NORMA":"R VICTOR CHEVREUIL","ID_BAN_ODO":null,"Nom_a_verifier":false,"other_tags":"\"wikipedia\"=>\"fr:Rue_Victor-Chevreuil\""},"geometry":{"type":"MultiLineString","coordinates":[[[2.404886263582991,48.841575103031218],[2.403323567103692,48.841802051353191],[2.402279511745503,48.841951528908197]]]}},
{"type":"Feature","properties":{"ID":"VOIE_NOM0000002338744069","ID_BAN":"75112_0687","name":"Impasse Barrier","INSEE_COM":"75112","NOM_COM":"Paris 12e Arrondissement","SRC_BAN":"commune","NOM_COLL":"IMP BARRIER","TYPE_VOIE":"impasse","MOT_DIR":"Barrier","LD_BAN":null,"ID_SUPP":"TRONROUT0000000000196809","INSEEDBAN":null,"COMDEL_BAN":null,"DATE_CREAT":"2023-12-08T13:42:59","DATE_MAJ":"2024-03-12T16:10:18","NOM_NORMA":"IMP BARRIER","ID_BAN_ODO":null,"Nom_a_verifier":false,"other_tags":"nan"},"geometry":{"type":"MultiLineString","coordinates":[[[2.380546813472975,48.847810006102485],[2.37966427124171,48.847883677342864]]]}},
{"type":"Feature","properties":{"ID":"VOIE_NOM0000002338744083","ID_BAN":"75112_4895","name":"Villa Jean Godard","INSEE_COM":"75112","NOM_COM":"Paris 12e Arrondissement","SRC_BAN":"commune","NOM_COLL":"VLA JEAN GODARD","TYPE_VOIE":"villa","MOT_DIR":"Godard","LD_BAN":null,"ID_SUPP":"TRONROUT0000000289219355","INSEEDBAN":null,"COMDEL_BAN":null,"DATE_CREAT":"2023-12-08T13:42:59","DATE_MAJ":"2024-03-12T16:10:18","NOM_NORMA":"VLA JEAN GODARD","ID_BAN_ODO":null,"Nom_a_verifier":false,"other_tags":"nan"},"geometry":{"type":"MultiLineString","coordinates":[[[2.405087147307917,48.835077318332019],[2.405127143462344,48.835153963175728],[2.405241224157759,48.835304724221999],[2.405418635771355,48.835516956680536],[2.405660454893433,48.835815847745558],[2.405698045703072,48.835864600132865]]]}},
{"type":"Feature","properties":{"ID":"VOIE_NOM0000002338744129","ID_BAN":"75112_8804","name":"Square du Sancerrois","INSEE_COM":"75112","NOM_COM":"Paris 12e Arrondissement","SRC_BAN":"commune","NOM_COLL":"SQ DU SANCERROIS","TYPE_VOIE":"square","MOT_DIR":"Sancerrois","LD_BAN":null,"ID_SUPP":"TRONROUT0000000000203411/TRONROUT0000002000696328","INSEEDBAN":null,"COMDEL_BAN":null,"DATE_CREAT":"2023-12-08T13:42:59","DATE_MAJ":"2024-03-12T16:10:18","NOM_NORMA":"SQ DU SANCERROIS","ID_BAN_ODO":null,"Nom_a_verifier":false,"other_tags":"nan"},"geometry":{"type":"MultiLineString","coordinates":[[[2.400263713453125,48.833359726389489],[2.400332570252181,48.833295317311077],[2.400492296271592,48.833147722682568]],[[2.400025481055994,48.833226324842656],[2.400263713453125,48.833359726389489]]]}},
{"type":"Feature","properties":{"ID":"VOIE_NOM0000002338744159","ID_BAN":"75112_4515","name":"Ruelle des Hébrard","INSEE_COM":"75112","NOM_COM":"Paris 12e Arrondissement","SRC_BAN":"commune","NOM_COLL":"RLE DES HEBRARD","TYPE_VOIE":"ruelle","MOT_DIR":"Hébrard","LD_BAN":null,"ID_SUPP":"TRONROUT0000000000199306/TRONROUT0000000289219300/TRONROUT0000000289219301","INSEEDBAN":null,"COMDEL_BAN":null,"DATE_CREAT":"2023-12-08T13:42:59","DATE_MAJ":"2024-03-12T16:10:18","NOM_NORMA":"RLE DES HEBRARD","ID_BAN_ODO":null,"Nom_a_verifier":false,"other_tags":"nan"},"geometry":{"type":"MultiLineString","coordinates":[[[2.384926638142473,48.842604638433059],[2.384997104972153,48.842637377660751]],[[2.384339362246377,48.842374978864939],[2.384430223002571,48.842411420830395]],[[2.384430223002571,48.842411420830395],[2.384546885932676,48.842455190349959],[2.38465404358543,48.842496212781157],[2.384926638142473,48.842604638433059]]]}},
{"type":"Feature","properties":{"ID":"VOIE_NOM0000002338744166","ID_BAN":"75112_r572","name":"Avenue de Fontenay","INSEE_COM":"75112","NOM_COM":"Paris 12e Arrondissement","SRC_BAN":"commune","NOM_COLL":"AV DE FONTENAY","TYPE_VOIE":"avenue","MOT_DIR":"Fontenay","LD_BAN":null,"ID_SUPP":"TRONROUT0000000000199071/TRONROUT0000000000199072/TRONROUT0000000000199805/TRONROUT0000000000199811/TRONROUT0000000000200752/TRONROUT0000000354949908","INSEEDBAN":null,"COMDEL_BAN":null,"DATE_CREAT":"2023-12-08T13:42:59","DATE_MAJ":"2024-03-12T16:10:18","NOM_NORMA":"AV DE FONTENAY","ID_BAN_ODO":null,"Nom_a_verifier":false,"other_tags":"nan"},"geometry":{"type":"MultiLineString","coordinates":[[[2.460421247122574,48.839101748478789],[2.460294262099075,48.838996850308106]],[[2.461405211678708,48.840130548806862],[2.461289893020684,48.839951057850953],[2.461206585146177,48.839838263236032],[2.461055789347685,48.839664008335532],[2.460903381007129,48.83951402854909],[2.460802186653061,48.83941824075054],[2.460719842981911,48.83934412238095],[2.460641530909591,48.839275418262069],[2.460476667839933,48.839144268187368],[2.460421247122574,48.839101748478789]],[[2.462679256753385,48.841969162350878],[2.46276998613472,48.842023531048881],[2.462866156333516,48.842078823457641],[2.462979964788731,48.842141389793483],[2.463106008021659,48.842206708986936],[2.46318597737142,48.842247538763154]],[[2.462163664938383,48.841494684666927],[2.462303699920714,48.841656298524185],[2.462404836446678,48.841758380044901],[2.462511525259712,48.841850593525585],[2.462593986713449,48.841913918752276],[2.462679256753385,48.841969162350878]],[[2.461405211678708,48.840130548806862],[2.461516471721397,48.840307323284556],[2.461570002639026,48.840401097154064],[2.461612708605299,48.840487627433369],[2.461720790140666,48.840708455730443]],[[2.461720790140666,48.840708455730443],[2.461752615660076,48.840793138264971],[2.461789742467897,48.840892234307354],[2.461821661072107,48.840967923683259],[2.461872449752065,48.841063483728128],[2.461932664357983,48.841169878390929],[2.461996975851947,48.841275392083382],[2.462046625471277,48.841349362404401],[2.462104403566651,48.841427866019139],[2.462163664938383,48.841494684666927]]]}},
{"type":"Feature","properties":{"ID":"VOIE_NOM0000002338744167","ID_BAN":"75112_7402","name":"Rue de Picpus","INSEE_COM":"75112","NOM_COM":"Paris 12e Arrondissement","SRC_BAN":"commune","NOM_COLL":"R DE PICPUS","TYPE_VOIE":"rue","MOT_DIR":"Picpus","LD_BAN":null,"ID_SUPP":"TRONROUT0000000000196762/TRONROUT0000000000196763/TRONROUT0000000000197623/TRONROUT0000000000199251/TRONROUT0000000000199253/TRONROUT0000000000199254/TRONROUT0000000000200124/TRONROUT0000000000200128/TRONROUT0000000000200129/TRONROUT0000000000200132/TRON","INSEEDBAN":null,"COMDEL_BAN":null,"DATE_CREAT":"2023-12-08T13:42:59","DATE_MAJ":"2024-04-22T21:16:23","NOM_NORMA":"R DE PICPUS","ID_BAN_ODO":null,"Nom_a_verifier":false,"other_tags":"\"wikipedia\"=>\"fr:Rue_de_Picpus\""},"geometry":{"type":"MultiLineString","coordinates":[[[2.402910572654274,48.836224853006371],[2.402469324556734,48.836804537328455],[2.402351495277057,48.836981123084612],[2.402308458597004,48.83705105832]],[[2.403824906778431,48.835018870494487],[2.403570388107859,48.835354863062456]],[[2.404105521259185,48.834664120664236],[2.403824906778431,48.835018870494487]],[[2.403570388107859,48.835354863062456],[2.403546858704673,48.835387122825864],[2.402978376667543,48.836133456418409],[2.402910572654274,48.836224853006371]],[[2.404420342643465,48.834296049949934],[2.404254692090164,48.834485890250683],[2.404105521259185,48.834664120664236]],[[2.400676034892073,48.839205855254136],[2.400637453597157,48.839243435102631]],[[2.40105095606338,48.838829102133531],[2.400676034892073,48.839205855254136]],[[2.402203364610364,48.837305052687618],[2.402185324961429,48.837452457930169],[2.402120056859217,48.837560055168652],[2.401882471937152,48.837843065789151],[2.401680656866806,48.838095676506484],[2.401500741007562,48.838339402793927],[2.40132796588075,48.838554384942505],[2.401197031902981,48.83868503631529],[2.40105095606338,48.838829102133531]],[[2.402308458597004,48.83705105832],[2.402262573372123,48.837131771650157]],[[2.40215644594274,48.837238265387121],[2.402203364610364,48.837305052687618]],[[2.402124399648174,48.83718144538728],[2.40215644594274,48.837238265387121]],[[2.400637453597157,48.839243435102631],[2.400561684262831,48.839315903658857],[2.400318108973661,48.839526032583088],[2.400195365140111,48.839654925107943]],[[2.399973637089803,48.839860666024137],[2.399862811609305,48.840019296848581]],[[2.399862811609305,48.840019296848581],[2.399743976666728,48.840163497598205],[2.399487324130268,48.840443709165839]],[[2.399339689655799,48.840603953368891],[2.399487324130268,48.840443709165839]],[[2.398891206562138,48.841095449050712],[2.399339689655799,48.840603953368891]],[[2.398739200961987,48.841279953175665],[2.398772335355905,48.841242346617896],[2.398862180416514,48.841131277571336],[2.398891206562138,48.841095449050712]],[[2.39779349855273,48.842350829516647],[2.397945240524537,48.842189708737102],[2.398086040296268,48.842032130125659],[2.398287690764246,48.841796613191804],[2.398508673210803,48.841538709103325],[2.398739200961987,48.841279953175665]],[[2.397455429907357,48.842717864167895],[2.397561682051142,48.842602382064015],[2.397648619997482,48.842507487851705],[2.39779349855273,48.842350829516647]],[[2.396215561404735,48.84424142040772],[2.397047681677502,48.843218550931653],[2.397455429907357,48.842717864167895]],[[2.396215561404735,48.84424142040772],[2.396024781919416,48.844477887667978],[2.395662543607725,48.844929334192294],[2.395409422093145,48.845253622346483],[2.395383043304446,48.845295758786726],[2.395371485597384,48.845352359827395],[2.395370546582572,48.845433297151118],[2.395377375994853,48.845549348622221]],[[2.392842540255945,48.848034021052555],[2.392740406850001,48.848145022645156],[2.392260015486217,48.848674101695472],[2.391973134719696,48.848968531528755]],[[2.393684108140836,48.847147028377776],[2.392930858475049,48.84793913764625],[2.392842540255945,48.848034021052555]],[[2.393684108140836,48.847147028377776],[2.393807000792613,48.847008251076311],[2.394405817973677,48.846370043317904]],[[2.394405817973677,48.846370043317904],[2.394509526348032,48.846240161663481]],[[2.394509526348032,48.846240161663481],[2.395109793038846,48.845592963804194],[2.395131813150496,48.845574188657999],[2.395160593843292,48.8455599444681]]]}},
{"type":"Feature","properties":{"ID":"VOIE_NOM0000002338744178","ID_BAN":null,"name":"Impasse Baronnet","INSEE_COM":"75112","NOM_COM":"Paris 12e Arrondissement","SRC_BAN":null,"NOM_COLL":"IMP BARONNET","TYPE_VOIE":"impasse","MOT_DIR":"BARONNET","LD_BAN":null,"ID_SUPP":"TRONROUT0000000000198428","INSEEDBAN":null,"COMDEL_BAN":null,"DATE_CREAT":"2023-12-08T13:42:59","DATE_MAJ":"2024-03-17T19:26:33","NOM_NORMA":"IMP BARONNET","ID_BAN_ODO":null,"Nom_a_verifier":true,"other_tags":"nan"},"geometry":{"type":"MultiLineString","coordinates":[[[2.389935024524506,48.844500050212915],[2.390006838540348,48.844534591989827],[2.390684349613124,48.844859115163899],[2.391181574969083,48.845103573622616]]]}},
{"type":"Feature","properties":{"ID":"VOIE_NOM0000002338744181","ID_BAN":"75112_8175","name":"Rue de Reuilly","INSEE_COM":"75112","NOM_COM":"Paris 12e Arrondissement","SRC_BAN":"commune","NOM_COLL":"R DE REUILLY","TYPE_VOIE":"rue","MOT_DIR":"Reuilly","LD_BAN":null,"ID_SUPP":"TRONROUT0000000000196787/TRONROUT0000000000196788/TRONROUT0000000000196789/TRONROUT0000000000197630/TRONROUT0000000000197631/TRONROUT0000000000197637/TRONROUT0000000000197640/TRONROUT0000000000197642/TRONROUT0000000000198421/TRONROUT0000000000198423/TRON","INSEEDBAN":null,"COMDEL_BAN":null,"DATE_CREAT":"2023-12-08T13:42:59","DATE_MAJ":"2025-07-15T21:31:19","NOM_NORMA":"R DE REUILLY","ID_BAN_ODO":null,"Nom_a_verifier":false,"other_tags":"\"wikipedia\"=>\"fr:Rue_de_Reuilly\""},"geometry":{"type":"MultiLineString","coordinates":[[[2.395113856610612,48.84007721921094],[2.395120741734622,48.840070958501791],[2.395188668765971,48.839970573564962]],[[2.394075567251052,48.841020789628232],[2.394776316423846,48.840398382351815],[2.394857513730618,48.840328643022026],[2.395113856610612,48.84007721921094]],[[2.394075567251052,48.841020789628232],[2.393975147270059,48.841103022052216],[2.393884201317378,48.841190698549838],[2.393830490810239,48.841239891188351],[2.393740823134749,48.84133476892395],[2.393653848642818,48.841432358315885],[2.393596060783008,48.84148063081431],[2.393476439246932,48.841573557771639]],[[2.393476439246932,48.841573557771639],[2.393344314434794,48.841687106465585],[2.392159850501272,48.842657797979534],[2.391316678369798,48.843336123989687]],[[2.384692486077415,48.850088778427057],[2.384872669726451,48.849832489805721],[2.385147061680206,48.849445379364127],[2.385337993567558,48.849201736109585],[2.385534512098033,48.84894642959204],[2.385955241052276,48.848398184671858]],[[2.386774405168532,48.84734114709574],[2.386665150814748,48.847477289082747],[2.385955241052276,48.848398184671858]],[[2.387132395641445,48.846911290762407],[2.387453790398355,48.846580175029047]],[[2.386774405168532,48.84734114709574],[2.387045367735862,48.847011572766149],[2.387070232885919,48.846982920772454],[2.387132395641445,48.846911290762407]],[[2.387802031103086,48.846283371270651],[2.387453790398355,48.846580175029047]],[[2.388353912031366,48.84581852870275],[2.388148831366683,48.845992854568472],[2.387802031103086,48.846283371270651]],[[2.388397988958666,48.845778282992619],[2.388353912031366,48.84581852870275]],[[2.390269527823669,48.844210363668694],[2.390738762712113,48.843817936205532],[2.391184638932159,48.843441576375675],[2.391316678369798,48.843336123989687]],[[2.390185551194083,48.844283682967188],[2.390269527823669,48.844210363668694]],[[2.389935024524506,48.844500050212915],[2.390185551194083,48.844283682967188]],[[2.38960347430214,48.844769964971654],[2.389935024524506,48.844500050212915]],[[2.38960347430214,48.844769964971654],[2.389248515027734,48.845060444473475]],[[2.389248515027734,48.845060444473475],[2.388882419393413,48.84537065183293]],[[2.388882419393413,48.84537065183293],[2.388663547916378,48.845559297895079],[2.38862086558626,48.845596852765567],[2.388397988958666,48.845778282992619]]]}},
{"type":"Feature","properties":{"ID":"VOIE_NOM0000002338744183","ID_BAN":"75112_6484","name":"Rue Montéra","INSEE_COM":"75112","NOM_COM":"Paris 12e Arrondissement","SRC_BAN":"commune","NOM_COLL":"R MONTERA","TYPE_VOIE":"rue","MOT_DIR":"Montéra","LD_BAN":null,"ID_SUPP":"TRONROUT0000000000197550/TRONROUT0000000000198390","INSEEDBAN":null,"COMDEL_BAN":null,"DATE_CREAT":"2023-12-08T13:42:59","DATE_MAJ":"2024-03-12T16:10:18","NOM_NORMA":"R MONTERA","ID_BAN_ODO":null,"Nom_a_verifier":false,"other_tags":"\"wikipedia\"=>\"fr:Rue_Mont%C3%A9ra\""},"geometry":{"type":"MultiLineString","coordinates":[[[2.40766251178596,48.8446242122833],[2.407850412166112,48.844756448430161],[2.408112895771728,48.844920530730356],[2.408399957900953,48.845080237189812],[2.408805349413549,48.845259414191304],[2.409246496363143,48.845409986976982]],[[2.409246496363143,48.845409986976982],[2.409540897096312,48.845523859731493],[2.409822985149486,48.84564216777882],[2.410053561741854,48.845736837917357],[2.410240771138783,48.845810608666305],[2.410333018557518,48.845847037560979],[2.410365648921767,48.845853493868532],[2.410411925307359,48.8458582187084],[2.410503176571838,48.84586226579335],[2.410667955604995,48.845871171803807]]]}},
{"type":"Feature","properties":{"ID":"VOIE_NOM0000002338744201","ID_BAN":"75112_5095","name":"Rue Jules Lemaître","INSEE_COM":"75112","NOM_COM":"Paris 12e Arrondissement","SRC_BAN":"commune","NOM_COLL":"R JULES LEMAITRE","TYPE_VOIE":"rue","MOT_DIR":"Lemaître","LD_BAN":null,"ID_SUPP":"TRONROUT0000000000199201/TRONROUT0000000000199207","INSEEDBAN":null,"COMDEL_BAN":null,"DATE_CREAT":"2023-12-08T13:42:59","DATE_MAJ":"2024-03-12T16:10:18","NOM_NORMA":"R JULES LEMAITRE","ID_BAN_ODO":null,"Nom_a_verifier":false,"other_tags":"\"wikipedia\"=>\"fr:Rue_Jules-Lema%C3%AEtre\""},"geometry":{"type":"MultiLineString","coordinates":[[[2.41082989161602,48.842395059053302],[2.411179223967227,48.842349113067115],[2.411558621505558,48.842295219737466]],[[2.409855403660123,48.842538649696124],[2.410195180129333,48.842494458154178],[2.410522714068771,48.842448406608156],[2.41082989161602,48.842395059053302]]]}},
{"type":"Feature","properties":{"ID":"VOIE_NOM0000002338744211","ID_BAN":"75112_1490","name":"Rue Cannebière","INSEE_COM":"75112","NOM_COM":"Paris 12e Arrondissement","SRC_BAN":"commune","NOM_COLL":"R CANNEBIERE","TYPE_VOIE":"rue","MOT_DIR":"Cannebière","LD_BAN":null,"ID_SUPP":"TRONROUT0000000000200935/TRONROUT0000000289219333","INSEEDBAN":null,"COMDEL_BAN":null,"DATE_CREAT":"2023-12-08T13:42:59","DATE_MAJ":"2024-03-12T16:10:18","NOM_NORMA":"R CANNEBIERE","ID_BAN_ODO":null,"Nom_a_verifier":false,"other_tags":"\"wikipedia\"=>\"fr:Rue_Cannebi%C3%A8re\""},"geometry":{"type":"MultiLineString","coordinates":[[[2.39727055622607,48.837731778562137],[2.397530745384223,48.83785270451007],[2.397801689158321,48.837986275085299],[2.398247340854748,48.8382106602322],[2.398615673283552,48.838405875382193]],[[2.398615673283552,48.838405875382193],[2.398688753652468,48.83844851277054]]]}},
{"type":"Feature","properties":{"ID":"VOIE_NOM0000002338744214","ID_BAN":"75112_8137","name":"Rue du Rendez-Vous","INSEE_COM":"75112","NOM_COM":"Paris 12e Arrondissement","SRC_BAN":"commune","NOM_COLL":"R DU RENDEZ-VOUS","TYPE_VOIE":"rue","MOT_DIR":"Vous","LD_BAN":null,"ID_SUPP":"TRONROUT0000000000197568/TRONROUT0000000000197569/TRONROUT0000000000197598/TRONROUT0000000000198398/TRONROUT0000000289391256/TRONROUT0000000289391284/TRONROUT0000000330310603","INSEEDBAN":null,"COMDEL_BAN":null,"DATE_CREAT":"2023-12-08T13:42:59","DATE_MAJ":"2024-03-12T16:10:18","NOM_NORMA":"R DU RENDEZ-VOUS","ID_BAN_ODO":null,"Nom_a_verifier":false,"other_tags":"\"wikipedia\"=>\"fr:Rue_du_Rendez-Vous\""},"geometry":{"type":"MultiLineString","coordinates":[[[2.40564872664535,48.844730241467872],[2.405732507911499,48.844672199532276]],[[2.403934654347043,48.845436701410634],[2.403941497976957,48.845434037441137],[2.405426610679012,48.84485055082159],[2.405523904925668,48.844802469109339],[2.40564872664535,48.844730241467872]],[[2.403614272888156,48.845570008057962],[2.403934654347043,48.845436701410634]],[[2.399516590366283,48.847127879253264],[2.399429498080901,48.847117549195467]],[[2.401273388878357,48.846508035009407],[2.400015377916047,48.84700537139728],[2.399833303510096,48.847078205242148],[2.399699126739277,48.847133292056796],[2.399673154492577,48.847140356572439],[2.399637685488284,48.847143776008998],[2.399516590366283,48.847127879253264]],[[2.403614272888156,48.845570008057962],[2.403151483043819,48.845763759633286]],[[2.403151483043819,48.845763759633286],[2.401273388878357,48.846508035009407]]]}},
{"type":"Feature","properties":{"ID":"VOIE_NOM0000002338744285","ID_BAN":"75112_gf2phd","name":"Passage de la Boule Blanche","INSEE_COM":"75112","NOM_COM":"Paris 12e Arrondissement","SRC_BAN":"commune","NOM_COLL":"PAS DE LA BOULE BLANCHE","TYPE_VOIE":"passage","MOT_DIR":"Blanche","LD_BAN":null,"ID_SUPP":"TRONROUT0000000000195173","INSEEDBAN":null,"COMDEL_BAN":null,"DATE_CREAT":"2023-12-08T13:42:59","DATE_MAJ":"2024-03-12T16:10:18","NOM_NORMA":"PAS DE LA BOULE BLANCHE","ID_BAN_ODO":null,"Nom_a_verifier":false,"other_tags":"nan"},"geometry":{"type":"MultiLineString","coordinates":[[[2.372895102487807,48.852126617772818],[2.372838842155132,48.852045381130118],[2.372761135685286,48.851934353379825],[2.372433928121305,48.851492853884842],[2.372354784808954,48.851388113745053],[2.372302473401265,48.851318589099229]]]}},
{"type":"Feature","properties":{"ID":"VOIE_NOM0000002338744308","ID_BAN":"75112_4297","name":"Rue de Gravelle","INSEE_COM":"75112","NOM_COM":"Paris 12e Arrondissement","SRC_BAN":"commune","NOM_COLL":"R DE GRAVELLE","TYPE_VOIE":"rue","MOT_DIR":"Gravelle","LD_BAN":null,"ID_SUPP":"TRONROUT0000000000202586/TRONROUT0000002491651754/TRONROUT0000002491651755","INSEEDBAN":null,"COMDEL_BAN":null,"DATE_CREAT":"2023-12-08T13:42:59","DATE_MAJ":"2025-07-28T21:14:35","NOM_NORMA":"R DE GRAVELLE","ID_BAN_ODO":null,"Nom_a_verifier":false,"other_tags":"\"wikipedia\"=>\"fr:Rue_de_Gravelle\""},"geometry":{"type":"MultiLineString","coordinates":[[[2.398128535912344,48.836464399749318],[2.398440315253286,48.836718689195742]],[[2.397087820161141,48.835626347765064],[2.397342996500668,48.835826393159095]],[[2.397342996500668,48.835826393159095],[2.397530599916148,48.835979330716178],[2.397553561642508,48.835996534278991],[2.398128535912344,48.836464399749318]]]}},
{"type":"Feature","properties":{"ID":"VOIE_NOM0000002338832650","ID_BAN":"75112_6560","name":"Pont Morland","INSEE_COM":"75112","NOM_COM":"Paris 12e Arrondissement","SRC_BAN":"commune","NOM_COLL":"PONT MORLAND","TYPE_VOIE":"pont","MOT_DIR":"Morland","LD_BAN":null,"ID_SUPP":"TRONROUT0000000000196870/TRONROUT0000000000197760","INSEEDBAN":null,"COMDEL_BAN":null,"DATE_CREAT":"2023-12-08T13:42:59","DATE_MAJ":"2024-03-12T16:10:18","NOM_NORMA":"PONT MORLAND","ID_BAN_ODO":null,"Nom_a_verifier":false,"other_tags":"nan"},"geometry":{"type":"MultiLineString","coordinates":[[[2.366400573392798,48.846806889886196],[2.366324964161569,48.846861350262571],[2.366181877012813,48.846973911375187]],[[2.366181877012813,48.846973911375187],[2.36607457765468,48.847056983140433],[2.366038811125954,48.847084673706092]]]}},
{"type":"Feature","properties":{"ID":"VOIE_NOM0000002338833667","ID_BAN":"75112_9ntjul","name":"Route de la Croix Rouge","INSEE_COM":"75112","NOM_COM":"Paris 12e Arrondissement","SRC_BAN":"commune","NOM_COLL":"RTE DE LA CROIX ROUGE","TYPE_VOIE":"route","MOT_DIR":"Rouge","LD_BAN":null,"ID_SUPP":"TRONROUT0000000000203395/TRONROUT0000000230033142/TRONROUT0000000230033144/TRONROUT0000000356869357/TRONROUT0000000356869360/TRONROUT0000002223374228","INSEEDBAN":null,"COMDEL_BAN":null,"DATE_CREAT":"2023-12-08T13:42:59","DATE_MAJ":"2024-03-12T16:10:18","NOM_NORMA":"RTE DE LA CROIX ROUGE","ID_BAN_ODO":null,"Nom_a_verifier":false,"other_tags":"nan"},"geometry":{"type":"MultiLineString","coordinates":[[[2.408786914007003,48.831149248992951],[2.408596030161311,48.831284109618039],[2.408472596703164,48.831357247256626],[2.408401262879891,48.831400963389044]],[[2.407543943956693,48.83180053517161],[2.407761514383435,48.831715273558324],[2.407954503319784,48.831635286065413],[2.408127120042946,48.83154980124624],[2.408223045201879,48.831499911393855],[2.408345035503833,48.831433961811193],[2.408401262879891,48.831400963389044]],[[2.404431772024685,48.832341786145399],[2.404316076460735,48.832333115688506],[2.404179968314327,48.832322544701441],[2.403980710279306,48.832235212760416]],[[2.405109099520146,48.832318176001706],[2.404929071969851,48.832336167123977],[2.404725979103794,48.832345948886619],[2.404584298728419,48.832346143019457],[2.404431772024685,48.832341786145399]],[[2.407543943956693,48.83180053517161],[2.407323679090323,48.831883084935733],[2.407078934789162,48.831961915475084],[2.406824797579131,48.8320281078025],[2.40654347702807,48.832088768515675]],[[2.40654347702807,48.832088768515675],[2.406247243241077,48.83214305897129],[2.405895055782408,48.832206064429407],[2.405542970026335,48.832260075696482],[2.405271448977879,48.832297398608013],[2.405109099520146,48.832318176001706]]]}},
{"type":"Feature","properties":{"ID":"VOIE_NOM0000002338833669","ID_BAN":"75112_5q7fco","name":"Route du Bosquet Mortemart","INSEE_COM":"75112","NOM_COM":"Paris 12e Arrondissement","SRC_BAN":"commune","NOM_COLL":"RTE DU BOSQUET MORTEMART","TYPE_VOIE":"route","MOT_DIR":"Mortemart","LD_BAN":null,"ID_SUPP":"TRONROUT0000000000203964/TRONROUT0000000000204651/TRONROUT0000000356908839/TRONROUT0000000356908854/TRONROUT0000000356908863","INSEEDBAN":null,"COMDEL_BAN":null,"DATE_CREAT":"2023-12-08T13:42:59","DATE_MAJ":"2024-03-12T16:10:18","NOM_NORMA":"RTE DU BOSQUET MORTEMART","ID_BAN_ODO":null,"Nom_a_verifier":false,"other_tags":"nan"},"geometry":{"type":"MultiLineString","coordinates":[[[2.461074140613974,48.829851179827841],[2.461376600195636,48.829978453234723]],[[2.461376600195636,48.829978453234723],[2.461721037529262,48.830130197597136]],[[2.464409117756656,48.83128355658188],[2.464652359087254,48.831342204762819],[2.464925680031122,48.831390194674618],[2.465079460418963,48.831405272346188],[2.465271216332046,48.831436708122851],[2.465400173070254,48.831481353332691]],[[2.461721037529262,48.830130197597136],[2.463694564005465,48.830957483566188],[2.464280356436507,48.831220024561709]],[[2.464280356436507,48.831220024561709],[2.464409117756656,48.83128355658188]]]}},
{"type":"Feature","properties":{"ID":"VOIE_NOM0000002338836622","ID_BAN":null,"name":"Route De La Belle Etoile","INSEE_COM":"75112","NOM_COM":"Paris 12e Arrondissement","SRC_BAN":null,"NOM_COLL":"RTE DE LA BELLE ETOILE","TYPE_VOIE":"route","MOT_DIR":"ETOILE","LD_BAN":null,"ID_SUPP":"TRONROUT0000000000205381/TRONROUT0000000000206113/TRONROUT0000000000206117/TRONROUT0000000000206131/TRONROUT0000000230032982/TRONROUT0000000230033096/TRONROUT0000000356876605","INSEEDBAN":null,"COMDEL_BAN":null,"DATE_CREAT":"2023-12-08T13:42:59","DATE_MAJ":"2024-12-16T22:01:03","NOM_NORMA":"RTE DE LA BELLE ETOILE","ID_BAN_ODO":null,"Nom_a_verifier":true,"other_tags":"nan"},"geometry":{"type":"MultiLineString","coordinates":[[[2.433692800995595,48.824024467026341],[2.433791904614882,48.824054615521952],[2.433999636442837,48.824115856713753],[2.434238480130279,48.824197030877073],[2.434973810898883,48.824465821631343],[2.435778339641212,48.824760116615323]],[[2.440783834305535,48.82655448472461],[2.441364922739265,48.826859388016999],[2.441610562312919,48.826944176359447],[2.443465339649057,48.827625548616311]],[[2.439637460932047,48.82612371764386],[2.439949574166406,48.826233103877115],[2.440783834305535,48.82655448472461]],[[2.438078286138186,48.825575881176341],[2.438887051823569,48.825859382280527],[2.439637460932047,48.82612371764386]],[[2.437395509234712,48.825356822470233],[2.437861174276852,48.825499313838748],[2.438078286138186,48.825575881176341]],[[2.43674015351978,48.825121700310014],[2.436869002203282,48.82517267179405],[2.437395509234712,48.825356822470233]],[[2.435778339641212,48.824760116615323],[2.436600506058822,48.825061684116783],[2.43674015351978,48.825121700310014]]]}},
{"type":"Feature","properties":{"ID":"VOIE_NOM0000002338836623","ID_BAN":null,"name":"Route De La Cascade","INSEE_COM":"75112","NOM_COM":"Paris 12e Arrondissement","SRC_BAN":null,"NOM_COLL":"RTE DE LA CASCADE","TYPE_VOIE":"route","MOT_DIR":"CASCADE","LD_BAN":null,"ID_SUPP":"TRONROUT0000000000200756/TRONROUT0000000000200758/TRONROUT0000000000200763/TRONROUT0000000000201590/TRONROUT0000000000202358/TRONROUT0000000000202367/TRONROUT0000000000202368/TRONROUT0000000000202369/TRONROUT0000000000202370/TRONROUT0000000000203958/TRON","INSEEDBAN":null,"COMDEL_BAN":null,"DATE_CREAT":"2023-12-08T13:42:59","DATE_MAJ":"2024-12-16T22:01:03","NOM_NORMA":"RTE DE LA CASCADE","ID_BAN_ODO":null,"Nom_a_verifier":true,"other_tags":"nan"},"geometry":{"type":"MultiLineString","coordinates":[[[2.459509382717057,48.835984956002576],[2.459497906035551,48.83604066437514],[2.459480774897497,48.8361161330795],[2.459462374649066,48.836182602456908],[2.459450515502883,48.836275182781257],[2.459444973646137,48.836415457635077],[2.459446364647578,48.836544072145848],[2.4594522063737,48.836637631790197],[2.459470122608903,48.836749233150691],[2.459486769839547,48.83685183518363],[2.459500832336861,48.836940935157564],[2.459514671078533,48.837051618697679],[2.459528826926742,48.837131725496953],[2.459549850498527,48.837206467172912],[2.459584413697977,48.837289364229513],[2.45963660365871,48.83738043511643],[2.459702463945,48.837467070933712],[2.459788815705539,48.837548403108009],[2.459890256174431,48.837619910414354],[2.459993077914787,48.837689625150134],[2.460096021028503,48.837747648696975],[2.460199001625354,48.837802074891968],[2.460430522564301,48.83794251979635]],[[2.461623385699441,48.833782065837646],[2.461651048789299,48.833741719140825],[2.46176562961915,48.833595639081288],[2.46192133718484,48.83342456182752],[2.462063189282057,48.833275906049458],[2.46220907162265,48.833132664372677],[2.462346649884481,48.833001976226008],[2.462486970469619,48.83286950151134],[2.462617560044039,48.832755869479215],[2.462782529115844,48.832610914082416],[2.462928259371708,48.832482060556103],[2.463095988202286,48.832333519646646],[2.463262205707211,48.832199361486104],[2.463455712887531,48.832060828700158],[2.463665602555119,48.831918771607121],[2.463841426704639,48.831777460789851]],[[2.459509382717057,48.835984956002576],[2.459687639523864,48.835874240880138],[2.459745611608338,48.835801654681013],[2.45980499243872,48.835724578018052],[2.45987534608834,48.835640355999942],[2.459948452069422,48.835553448285246],[2.460033827831294,48.835465696551609],[2.460132761092912,48.835384301457296],[2.460219172619855,48.835328031823906]],[[2.461355427517993,48.834796236653602],[2.461403971615049,48.834712814825153],[2.461473497910451,48.834576425228363],[2.461488891755887,48.83453692271361],[2.461494647451384,48.834507269759236],[2.461494366313761,48.834270736883049],[2.461478384890966,48.834103383988918]],[[2.460485565259608,48.835257284972343],[2.460582511598048,48.835236137596709],[2.460751761803135,48.83520542318427],[2.460952381758001,48.835171252472904],[2.461000192214203,48.835158876901062],[2.461037160097295,48.835141056299342],[2.461087890341313,48.83510980730594]],[[2.464409117756656,48.83128355658188],[2.464498547110299,48.831197618268419],[2.46458131301769,48.831097260258652],[2.46480780472355,48.830796987626591],[2.464906162592177,48.830637341209709],[2.464962944013611,48.830546759623203]],[[2.461144255622143,48.835060596492482],[2.461199267803078,48.835010480196331],[2.461258515457048,48.834945993201494],[2.46128755102763,48.834904753449123],[2.461313834100384,48.834866199370204],[2.461355427517993,48.834796236653602]],[[2.461478384890966,48.834103383988918],[2.461487264569607,48.834035072608685],[2.461495893383451,48.833991042816017],[2.461533473394341,48.833913867036777],[2.461623385699441,48.833782065837646]],[[2.460556239491635,48.838169724740112],[2.460591841566601,48.838284103593125],[2.460612560014614,48.838388522388129],[2.46062747538889,48.838527090549611],[2.460619872443698,48.838603501564926]],[[2.464037692167107,48.831635341941961],[2.46412859587055,48.831538618191694],[2.464310097298887,48.831374848037299],[2.464409117756656,48.83128355658188]],[[2.460430522564301,48.83794251979635],[2.46048297529891,48.838008409443439],[2.460517838371319,48.838062528095222],[2.460536483380811,48.838103982598085]],[[2.460219172619855,48.835328031823906],[2.460407718916044,48.835275820357666],[2.460485565259608,48.835257284972343]],[[2.464962944013611,48.830546759623203],[2.465037516514103,48.83044816331936]],[[2.463841426704639,48.831777460789851],[2.464037692167107,48.831635341941961]],[[2.461119501965636,48.835082968953301],[2.461144255622143,48.835060596492482]],[[2.461087890341313,48.83510980730594],[2.461119501965636,48.835082968953301]],[[2.460536483380811,48.838103982598085],[2.460556239491635,48.838169724740112]]]}},
{"type":"Feature","properties":{"ID":"VOIE_NOM0000002338836624","ID_BAN":null,"name":"Route Dom Perignon","INSEE_COM":"75112","NOM_COM":"Paris 12e Arrondissement","SRC_BAN":null,"NOM_COLL":"RTE DOM PERIGNON","TYPE_VOIE":"route","MOT_DIR":"PERIGNON","LD_BAN":null,"ID_SUPP":"TRONROUT0000000000204810/TRONROUT0000000000204811/TRONROUT0000000000205556/TRONROUT0000000000206221/TRONROUT0000000230032960/TRONROUT0000000230033042/TRONROUT0000000230033165/TRONROUT0000000312564968/TRONROUT0000000312564969","INSEEDBAN":null,"COMDEL_BAN":null,"DATE_CREAT":"2023-12-08T13:42:59","DATE_MAJ":"2025-04-09T22:52:28","NOM_NORMA":"RTE DOM PERIGNON","ID_BAN_ODO":null,"Nom_a_verifier":true,"other_tags":"nan"},"geometry":{"type":"MultiLineString","coordinates":[[[2.409520953553084,48.826959121105041],[2.409495087238196,48.82683757844022],[2.409483959299012,48.826737693415275],[2.409475861123807,48.826610842234786],[2.409474318627043,48.826506507668469],[2.40948675323246,48.826370764146013],[2.409507258235929,48.826244054160462],[2.409537409530845,48.826107498709213],[2.409577135732386,48.825967393024413],[2.409628855331444,48.825850730159601],[2.409678958089524,48.825756543552508],[2.409745415311082,48.825661538268896],[2.409807735279655,48.825571009378422],[2.409848079254084,48.825496560681472],[2.40988854526234,48.825411320115101],[2.409891574697393,48.825384353929515],[2.409889125469616,48.825360058822064],[2.409874580842561,48.825321314088313],[2.409867953923762,48.825305092704397]],[[2.409619842339074,48.827608954221461],[2.409647952357764,48.827893293679807],[2.40966392594658,48.828166780723784],[2.409659437485023,48.828442864801694],[2.409631792962852,48.828718834506738],[2.409610380863393,48.828925583545171]],[[2.408992835840884,48.830889450381576],[2.409225363918105,48.83044541253998],[2.409272788261634,48.830347615764154],[2.409303672914499,48.830266825252643],[2.409389189501068,48.830053198151113],[2.409458155867222,48.829857476584273]],[[2.409497854579311,48.829720069346429],[2.409524491912319,48.829533132362229],[2.409548251998855,48.829359671656974],[2.409582005171556,48.829145788687761],[2.409610380863393,48.828925583545171]],[[2.409594069778513,48.827358802268037],[2.40961166222379,48.827489297702471],[2.409619842339074,48.827608954221461]],[[2.409539095694277,48.827041053340736],[2.409580064606407,48.827272393640627],[2.409594069778513,48.827358802268037]],[[2.409818302001615,48.825239193572678],[2.409867953923762,48.825305092704397]],[[2.409520953553084,48.826959121105041],[2.409539095694277,48.827041053340736]],[[2.409458155867222,48.829857476584273],[2.409497854579311,48.829720069346429]]]}},
{"type":"Feature","properties":{"ID":"VOIE_NOM0000002338836637","ID_BAN":null,"name":"Route De La Faluere","INSEE_COM":"75112","NOM_COM":"Paris 12e Arrondissement","SRC_BAN":null,"NOM_COLL":"RTE DE LA FALUERE","TYPE_VOIE":"route","MOT_DIR":"FALUERE","LD_BAN":null,"ID_SUPP":"TRONROUT0000000000203219/TRONROUT0000000000203998/TRONROUT0000000000203999/TRONROUT0000000000204001/TRONROUT0000000000204002/TRONROUT0000000000204003/TRONROUT0000000000204005/TRONROUT0000000000204011/TRONROUT0000000000204697/TRONROUT0000000000204700/TRON","INSEEDBAN":null,"COMDEL_BAN":null,"DATE_CREAT":"2023-12-08T13:42:59","DATE_MAJ":"2024-12-16T22:01:03","NOM_NORMA":"RTE DE LA FALUERE","ID_BAN_ODO":null,"Nom_a_verifier":true,"other_tags":"nan"},"geometry":{"type":"MultiLineString","coordinates":[[[2.439228002035025,48.830885741225167],[2.439285107139543,48.830895901967665],[2.439313616173689,48.830905029263917],[2.439354336474182,48.830918710617333],[2.439381357625073,48.830939522657893],[2.439417778671963,48.830972969849832],[2.43944734050463,48.831010881702504],[2.439466140295152,48.831036152010107],[2.439478129187032,48.831061390394368],[2.43947924962743,48.831083879748995],[2.43948034105967,48.831109067059593],[2.439477384616192,48.831130637942515],[2.439470341613032,48.831152189672778],[2.439461936417742,48.831173735018012],[2.439449425314383,48.831197059846815],[2.439432846978362,48.831218566882917],[2.439409448017536,48.8312409413113],[2.439360070734439,48.831272187602544],[2.439291622736703,48.831303344468367],[2.439251916088945,48.831322044955208]],[[2.438831411592008,48.831028678724159],[2.438821576202131,48.83105651286693],[2.438817044320114,48.831097862355804],[2.438821960598539,48.831147350452099],[2.438841967429593,48.831187016345169],[2.438872900832667,48.831224035405164],[2.43891879899456,48.831262923388181],[2.438970262125835,48.831291045088228],[2.439021812411556,48.831311072898075],[2.439074879755173,48.831316717976485]],[[2.433968295572746,48.828759146950752],[2.434267694877199,48.828910757780015],[2.434685123430631,48.829106994737174],[2.435089001973517,48.829296870624596],[2.435496969883579,48.829486764404095],[2.435698975012021,48.829575855541201],[2.435849423639795,48.829645816465366],[2.436134044401492,48.829779365431641],[2.436436355166306,48.829914795787481]],[[2.438831411592008,48.831028678724159],[2.438876944418879,48.830974930500709],[2.438925017605317,48.830938282097001],[2.438979824193412,48.830908860172705],[2.439027713374604,48.830889298785415],[2.439104082474543,48.830881562681867],[2.439162685181312,48.830879139405859],[2.439228002035025,48.830885741225167]],[[2.444318092068889,48.83350056316975],[2.444360120442474,48.833519645019543],[2.444417056902709,48.833545990998147],[2.444467210924921,48.833569607361753],[2.444657015679955,48.833655928146868],[2.444751903924331,48.833700437399706],[2.444823701056312,48.833738543865167]],[[2.440264904174982,48.831625378786519],[2.441583830196128,48.832237714889082],[2.441873919041904,48.832372174644441],[2.443206466775198,48.832988153281661]],[[2.439074879755173,48.831316717976485],[2.439137501792665,48.831320609109625],[2.439167460299902,48.83132164895779],[2.439251916088945,48.831322044955208]],[[2.437549210544839,48.830427276406816],[2.437835202097464,48.830560827637576],[2.438694518678134,48.830964181480645],[2.438831411592008,48.831028678724159]],[[2.444854266699078,48.833810634659535],[2.444870508420121,48.833820603019106],[2.444904382867424,48.833837848102398]],[[2.439554544686629,48.831302778063723],[2.439774204629814,48.831398240382605],[2.440264904174982,48.831625378786519]],[[2.436481072907359,48.82993659126253],[2.436619322539749,48.830001097515172],[2.436748124864966,48.830057464824215]],[[2.444904382867424,48.833837848102398],[2.444987030484762,48.833880501627178]],[[2.444823701056312,48.833738543865167],[2.444854266699078,48.833810634659535]],[[2.443206466775198,48.832988153281661],[2.444318092068889,48.83350056316975]],[[2.439251916088945,48.831322044955208],[2.439554544686629,48.831302778063723]],[[2.436748124864966,48.830057464824215],[2.437549210544839,48.830427276406816]],[[2.436436355166306,48.829914795787481],[2.436481072907359,48.82993659126253]]]}},
{"type":"Feature","properties":{"ID":"VOIE_NOM0000002338836639","ID_BAN":null,"name":"Route Du Grand Prieur","INSEE_COM":"75112","NOM_COM":"Paris 12e Arrondissement","SRC_BAN":null,"NOM_COLL":"RTE DU GRAND PRIEUR","TYPE_VOIE":"route","MOT_DIR":"PRIEUR","LD_BAN":null,"ID_SUPP":"TRONROUT0000000000200759/TRONROUT0000000000200770/TRONROUT0000000000201597/TRONROUT0000000000201602/TRONROUT0000000000202372/TRONROUT0000000000202374/TRONROUT0000000000203183/TRONROUT0000000230033453/TRONROUT0000000230033454/TRONROUT0000000356908873","INSEEDBAN":null,"COMDEL_BAN":null,"DATE_CREAT":"2023-12-08T13:42:59","DATE_MAJ":"2024-12-16T22:01:03","NOM_NORMA":"RTE DU GRAND PRIEUR","ID_BAN_ODO":null,"Nom_a_verifier":true,"other_tags":"nan"},"geometry":{"type":"MultiLineString","coordinates":[[[2.455788683722269,48.835467142539514],[2.455835265801577,48.835572579504536],[2.455874632867699,48.8357166560615],[2.455908419488065,48.835873298227675],[2.455928761509517,48.836012791389933],[2.4559467920114,48.836112702231318],[2.455952495997364,48.836218852506683],[2.455954056719064,48.836330380078302],[2.455948364648418,48.83648414450002],[2.455933155000323,48.836636066893476],[2.455920970321218,48.836759223559987],[2.45591886640254,48.836830263290828]],[[2.455962171486266,48.836988747293255],[2.456004977975967,48.837064488054665],[2.456050556203235,48.837135744609768],[2.456116419603803,48.837221483105147],[2.456180967786041,48.837302718788223],[2.456313052112794,48.837440021595562],[2.456407488255544,48.837529487200612],[2.456534546272263,48.837626295800675],[2.456803715308999,48.837813685421224]],[[2.456980958001657,48.834139710067426],[2.457186768167342,48.833999444689766],[2.457422565637007,48.833857516259535],[2.457604691145277,48.833767506885813],[2.457826396218461,48.83367048176386],[2.458119077761113,48.833560287396409],[2.458325637397603,48.833478481854186],[2.458610040589997,48.833378141753442]],[[2.457104492359223,48.837975136497214],[2.457227858972067,48.838034154558549],[2.457356591078236,48.838101291042449],[2.457468965700095,48.838169252550749],[2.457547356162504,48.838229864983958],[2.457631065294847,48.838303092473986],[2.457682264761053,48.838358185377714]],[[2.455788683722269,48.835467142539514],[2.455945364522612,48.835205242358136],[2.456125005576073,48.834962332874674],[2.45631137194023,48.834727547885294],[2.456406429099754,48.834626352261914],[2.456505507081679,48.834531470345887],[2.456888974070309,48.834207643808632]],[[2.457682264761053,48.838358185377714],[2.457836795888579,48.838564838572985],[2.457895917587138,48.838644249905009],[2.457959033100392,48.838732672864069],[2.458038319820573,48.838838256822065]],[[2.45591886640254,48.836830263290828],[2.455927886470248,48.836879769019461],[2.455942365296678,48.836928400215747],[2.455962171486266,48.836988747293255]],[[2.457040817133469,48.837940671910914],[2.457104492359223,48.837975136497214]],[[2.456888974070309,48.834207643808632],[2.456980958001657,48.834139710067426]],[[2.456803715308999,48.837813685421224],[2.457040817133469,48.837940671910914]]]}},
{"type":"Feature","properties":{"ID":"VOIE_NOM0000002338836641","ID_BAN":null,"name":"Rue Robert Etlin","INSEE_COM":"75112","NOM_COM":"Paris 12e Arrondissement","SRC_BAN":null,"NOM_COLL":"R ROBERT ETLIN","TYPE_VOIE":"rue","MOT_DIR":"ETLIN","LD_BAN":null,"ID_SUPP":"TRONROUT0000000000204875/TRONROUT0000000000205640/TRONROUT0000000000205644/TRONROUT0000000000205651/TRONROUT0000000000205654/TRONROUT0000000317831968","INSEEDBAN":null,"COMDEL_BAN":null,"DATE_CREAT":"2023-12-08T13:42:59","DATE_MAJ":"2024-12-16T22:01:03","NOM_NORMA":"R ROBERT ETLIN","ID_BAN_ODO":null,"Nom_a_verifier":true,"other_tags":"\"wikipedia\"=>\"fr:Rue_Robert-Etlin\""},"geometry":{"type":"MultiLineString","coordinates":[[[2.390258434423298,48.829202623912714],[2.390322080966549,48.829118407623191],[2.390383013572182,48.829033278090868],[2.390431518635198,48.82896247510034],[2.390477499103212,48.828874571188997],[2.390500165702682,48.828800038992057],[2.390510730902653,48.82871195456233],[2.39050351499365,48.828630075099348],[2.390489435978411,48.828552657503948],[2.390456350560835,48.828469746809731],[2.390376601055821,48.828300258676194]],[[2.388336221971388,48.828401362529796],[2.388570239259628,48.828309024633903],[2.388730312030539,48.828249585069948],[2.388876742333519,48.828191874319849],[2.389046486106857,48.828120791928519],[2.389260101018464,48.828025650331014],[2.389401092254451,48.827967011786349],[2.389511832753229,48.827932501670844]],[[2.389511832753229,48.827932501670844],[2.389611349940809,48.82792581466822],[2.389709410258985,48.827927214486273],[2.389812813704285,48.827937635194203],[2.38991201513794,48.827957927455707],[2.390004353553434,48.827982681482972],[2.390111454190894,48.828026397507507]],[[2.390320507471163,48.828204639450711],[2.390376601055821,48.828300258676194]],[[2.390168707310767,48.829303795204105],[2.390258434423298,48.829202623912714]],[[2.390111454190894,48.828026397507507],[2.390320507471163,48.828204639450711]]]}},
{"type":"Feature","properties":{"ID":"VOIE_NOM0000002338836643","ID_BAN":null,"name":"Route Du Point De Vue","INSEE_COM":"75112","NOM_COM":"Paris 12e Arrondissement","SRC_BAN":null,"NOM_COLL":"RTE DU POINT DE VUE","TYPE_VOIE":"route","MOT_DIR":"VUE","LD_BAN":null,"ID_SUPP":"TRONROUT0000000000207479/TRONROUT0000000000207481/TRONROUT0000000000207482/TRONROUT0000000000207486/TRONROUT0000000000207501/TRONROUT0000000000207832/TRONROUT0000000000207837/TRONROUT0000000000207841/TRONROUT0000000230032939/TRONROUT0000000230032948/TRON","INSEEDBAN":null,"COMDEL_BAN":null,"DATE_CREAT":"2023-12-08T13:42:59","DATE_MAJ":"2024-12-16T22:01:03","NOM_NORMA":"RTE DU POINT DE VUE","ID_BAN_ODO":null,"Nom_a_verifier":true,"other_tags":"nan"},"geometry":{"type":"MultiLineString","coordinates":[[[2.444066740699684,48.819257910208243],[2.444152625144289,48.819250215123176],[2.444219251595263,48.819260417930487],[2.444303477031938,48.819280595595593],[2.444399882763095,48.819308024782906],[2.444471851449372,48.819328145375835],[2.444549258123084,48.819349190559059],[2.444632150688324,48.81936666367892],[2.444694663012821,48.819379545229928],[2.444754489916137,48.819388816785789],[2.444815745748678,48.819391799334639],[2.444890620380783,48.819394845077092],[2.444996712950328,48.819407928779405],[2.445072844213932,48.819420873343603]],[[2.447451219889826,48.819510132919604],[2.447542485080318,48.819508755875546],[2.447790490573913,48.819496410870862],[2.448020848606034,48.819478587652171],[2.448304376947104,48.819455613086305],[2.448556686403538,48.819422600778751],[2.44883087117042,48.819381594420101],[2.449094255496411,48.819331543945417],[2.449322240016913,48.819280430493883],[2.449551652422586,48.819223027570828],[2.449761969618637,48.819168234456612],[2.449868518389104,48.819138146037872]],[[2.446027058401436,48.819340756886099],[2.446063752675226,48.819348121866355],[2.446119484597607,48.819358273140992],[2.446214634613714,48.819375801938882],[2.446375011675531,48.819407123274232],[2.446498684979553,48.819431978887394],[2.446656386341169,48.819458790592101],[2.446717556480133,48.819469866124813]],[[2.444799181841051,48.819924151159263],[2.444830426586936,48.819803780288126],[2.44485873676878,48.81970318197466],[2.444890826119142,48.81963138112279],[2.444944743811478,48.819556084094629],[2.444995746136519,48.819498760965637],[2.445072844213932,48.819420873343603]],[[2.45017743968968,48.819031642182217],[2.450247094198247,48.819013075618635],[2.450594506344891,48.818872571468191],[2.450932411990277,48.818729324527062],[2.451147275170728,48.818630480558205]],[[2.446717556480133,48.819469866124813],[2.446909390977734,48.819488741072249],[2.447044131458896,48.819497458598008],[2.447206119168323,48.819505402567223],[2.447451219889826,48.819510132919604]],[[2.445703084414212,48.819324865531307],[2.445855366202527,48.819348955056057],[2.445924755095251,48.819355572220118],[2.446027058401436,48.819340756886099]],[[2.451243135388206,48.818580555635776],[2.45128573156097,48.818544776189086],[2.451331193333807,48.818495519276638]],[[2.445425156190438,48.81933346993808],[2.445575106177658,48.819320674710056],[2.445703084414212,48.819324865531307]],[[2.445072844213932,48.819420873343603],[2.445268100140591,48.819374112576348],[2.445425156190438,48.81933346993808]],[[2.451147275170728,48.818630480558205],[2.451243135388206,48.818580555635776]],[[2.44997240969753,48.819101749689558],[2.45017743968968,48.819031642182217]],[[2.449868518389104,48.819138146037872],[2.44997240969753,48.819101749689558]]]}},
{"type":"Feature","properties":{"ID":"VOIE_NOM0000002338836646","ID_BAN":null,"name":"Avenue De Nogent","INSEE_COM":"75112","NOM_COM":"Paris 12e Arrondissement","SRC_BAN":null,"NOM_COLL":"AV DE NOGENT","TYPE_VOIE":"avenue","MOT_DIR":"NOGENT","LD_BAN":null,"ID_SUPP":"TRONROUT0000000000198276/TRONROUT0000000000198291/TRONROUT0000000000198295/TRONROUT0000000000198302/TRONROUT0000000000198303/TRONROUT0000000000198304/TRONROUT0000000000198305/TRONROUT0000000000198311/TRONROUT0000000000198312/TRONROUT0000000000199086/TRON","INSEEDBAN":null,"COMDEL_BAN":null,"DATE_CREAT":"2023-12-08T13:42:59","DATE_MAJ":"2024-12-17T22:15:57","NOM_NORMA":"AV DE NOGENT","ID_BAN_ODO":null,"Nom_a_verifier":true,"other_tags":"nan"},"geometry":{"type":"MultiLineString","coordinates":[[[2.44761340647335,48.843411458581741],[2.4477821573614,48.843302516518733],[2.447962093323857,48.84316664521296],[2.448139379533701,48.843023566570238],[2.448279601368031,48.842906397983207],[2.448410313688437,48.842786487314129],[2.448490156572845,48.842709510982203],[2.448599068142572,48.842589499583013],[2.448728644744298,48.842447998802399],[2.448833467781501,48.842327968325883],[2.44890927896213,48.842245576986834]],[[2.442774186320178,48.844243401902553],[2.445286471880456,48.844019446716871],[2.445616556348004,48.84398770073382],[2.445878523916576,48.843954738997972],[2.446019112136505,48.843932006917953],[2.446277144488161,48.843884636434609],[2.446544780849003,48.843831014353306],[2.446805737715259,48.843764769839716],[2.446960179207083,48.843720516232281],[2.447092791590487,48.843678859598349],[2.447192627138332,48.843644246189427]],[[2.44987399681757,48.84172569357046],[2.450050323950278,48.841672543028245],[2.45041801160315,48.84156181345395],[2.450789756633088,48.841453799438106],[2.451060318630233,48.841379495485384],[2.452182353433635,48.841055475096582],[2.452615514484518,48.840936944365986],[2.452846456552699,48.840872347969317]],[[2.457321661380611,48.839755049018684],[2.457542915106988,48.839703889921346],[2.457832485352269,48.839634153596158],[2.458245008039992,48.839532596661847],[2.458757292818871,48.839401810986487],[2.459217766492811,48.839274386321264],[2.45935986657681,48.839235456978997]],[[2.460294262099075,48.838996850308106],[2.460690389037524,48.838898808376079],[2.460824247539058,48.838866135626454],[2.461227147240477,48.838771719866841],[2.461235349452729,48.838769058740994],[2.462948537096463,48.838315392855797]],[[2.449230750034038,48.841996137577027],[2.449376045982453,48.841914065813562],[2.449471884224576,48.841870438524829],[2.449563558926666,48.841833986838317],[2.449697574371293,48.841787836960556],[2.44987399681757,48.84172569357046]],[[2.45935986657681,48.839235456978997],[2.459533376213255,48.839189474537029],[2.459903573934717,48.83909581483919],[2.460294262099075,48.838996850308106]],[[2.452846456552699,48.840872347969317],[2.455024272505897,48.840300406439503],[2.455643011000198,48.840153930651482],[2.457321661380611,48.839755049018684]],[[2.465451502478231,48.837634999035878],[2.467893078818792,48.836956078362832],[2.469557260655411,48.836486810527241]],[[2.447192627138332,48.843644246189427],[2.447304915904452,48.843591703162311],[2.447410468173301,48.843531934084098]],[[2.440519707011924,48.844439731022362],[2.440746109479951,48.84442010448241],[2.441014759921373,48.844399775571965]],[[2.469557260655411,48.836486810527241],[2.469851066867315,48.836399076694931]],[[2.462948537096463,48.838315392855797],[2.465451502478231,48.837634999035878]],[[2.449149841515775,48.842045229544908],[2.449230750034038,48.841996137577027]],[[2.44890927896213,48.842245576986834],[2.449149841515775,48.842045229544908]],[[2.447410468173301,48.843531934084098],[2.44761340647335,48.843411458581741]],[[2.442345900180785,48.84428367586959],[2.442774186320178,48.844243401902553]],[[2.441014759921373,48.844399775571965],[2.442345900180785,48.84428367586959]],[[2.440334247985238,48.844453253208819],[2.440519707011924,48.844439731022362]],[[2.440171951937438,48.844466883502214],[2.440334247985238,48.844453253208819]],[[2.439994658265582,48.844481342725835],[2.440171951937438,48.844466883502214]],[[2.439713724857317,48.844503410529619],[2.439994658265582,48.844481342725835]],[[2.439488703517968,48.844521242882188],[2.439713724857317,48.844503410529619]],[[2.438767196121514,48.844585311773912],[2.439488703517968,48.844521242882188]]]}},
{"type":"Feature","properties":{"ID":"VOIE_NOM0000002338836648","ID_BAN":null,"name":"Avenue De La Pepiniere","INSEE_COM":"75112","NOM_COM":"Paris 12e Arrondissement","SRC_BAN":null,"NOM_COLL":"AV DE LA PEPINIERE","TYPE_VOIE":"avenue","MOT_DIR":"PEPINIERE","LD_BAN":null,"ID_SUPP":"TRONROUT0000000000198268/TRONROUT0000000000198270/TRONROUT0000000000198273/TRONROUT0000000000199085/TRONROUT0000000000199090/TRONROUT0000000356670060","INSEEDBAN":null,"COMDEL_BAN":null,"DATE_CREAT":"2023-12-08T13:42:59","DATE_MAJ":"2024-12-16T22:01:03","NOM_NORMA":"AV DE LA PEPINIERE","ID_BAN_ODO":null,"Nom_a_verifier":true,"other_tags":"nan"},"geometry":{"type":"MultiLineString","coordinates":[[[2.450183624665351,48.843114820518814],[2.45024148171131,48.843184336638657],[2.450308620336834,48.84327817791754],[2.450368908735493,48.843375585090754],[2.450422223599655,48.843488249194138],[2.450506108456821,48.843673901285591]],[[2.449420097729521,48.84238732900252],[2.449777946085411,48.842692957119006],[2.449921012567414,48.842822222662136],[2.450080002698681,48.842992032133175],[2.450183624665351,48.843114820518814]],[[2.449149841515775,48.842045229544908],[2.449166688727903,48.842127148380641],[2.449204077675428,48.84219926889007],[2.449420097729521,48.84238732900252]],[[2.450687938814549,48.844133406325646],[2.450748804791151,48.844305462144945],[2.450813502906814,48.844501818012574]],[[2.44890927896213,48.842245576986834],[2.449123998992524,48.842298728498164],[2.449420097729521,48.84238732900252]],[[2.450506108456821,48.843673901285591],[2.450687938814549,48.844133406325646]]]}},
{"type":"Feature","properties":{"ID":"VOIE_NOM0000002338836654","ID_BAN":null,"name":"Cour Du Levant","INSEE_COM":"75112","NOM_COM":"Paris 12e Arrondissement","SRC_BAN":null,"NOM_COLL":"COUR DU LEVANT","TYPE_VOIE":"cour","MOT_DIR":"LEVANT","LD_BAN":null,"ID_SUPP":"TRONROUT0000000238903518/TRONROUT0000000238903519/TRONROUT0000000238903520/TRONROUT0000000238903522/TRONROUT0000000238903525/TRONROUT0000000357553079","INSEEDBAN":null,"COMDEL_BAN":null,"DATE_CREAT":"2023-12-08T13:42:59","DATE_MAJ":"2024-12-16T22:01:03","NOM_NORMA":"COUR DU LEVANT","ID_BAN_ODO":null,"Nom_a_verifier":true,"other_tags":"nan"},"geometry":{"type":"MultiLineString","coordinates":[[[2.390097700010921,48.831880124432715],[2.390785699023401,48.832342308219225],[2.390796512629969,48.832349558236771],[2.390865449442551,48.83239577707451]],[[2.387289808695075,48.830045450749296],[2.387314158287041,48.830059965401446],[2.387621306462001,48.83023691549289]],[[2.388955412950063,48.831126019763254],[2.390097700010921,48.831880124432715]],[[2.387621306462001,48.83023691549289],[2.388955412950063,48.831126019763254]],[[2.387122570839546,48.830018512148641],[2.387289808695075,48.830045450749296]],[[2.387016439506437,48.830008075171058],[2.387122570839546,48.830018512148641]]]}},
{"type":"Feature","properties":{"ID":"VOIE_NOM0000002338836657","ID_BAN":null,"name":"Route Du Lac De Saint-Mande","INSEE_COM":"75112","NOM_COM":"Paris 12e Arrondissement","SRC_BAN":null,"NOM_COLL":"RTE DU LAC DE SAINT-MANDE","TYPE_VOIE":"route","MOT_DIR":"MANDE","LD_BAN":null,"ID_SUPP":"TRONROUT0000000000199952/TRONROUT0000000000199982/TRONROUT0000000000199992/TRONROUT0000000000200855/TRONROUT0000000000200858/TRONROUT0000000000200859/TRONROUT0000000000201650/TRONROUT0000000000201651/TRONROUT0000000000202475/TRONROUT0000000230033482/TRON","INSEEDBAN":null,"COMDEL_BAN":null,"DATE_CREAT":"2023-12-08T13:42:59","DATE_MAJ":"2024-12-16T22:01:03","NOM_NORMA":"RTE DU LAC DE SAINT-MANDE","ID_BAN_ODO":null,"Nom_a_verifier":true,"other_tags":"nan"},"geometry":{"type":"MultiLineString","coordinates":[[[2.423296969140397,48.83946364740207],[2.423516763594368,48.83930102354951],[2.423630767380231,48.839217932534332],[2.423744850344161,48.839127646915877],[2.423931805519903,48.838977455088511],[2.424132443078108,48.838821932668829],[2.424322289656147,48.838656465012569],[2.424502657976073,48.838485555279469],[2.424692790012984,48.838294006943634]],[[2.420977950394825,48.840698056174141],[2.421155655949868,48.840645854080257],[2.42136221180198,48.840572206686481],[2.421542841018786,48.840502030997065],[2.421761857130677,48.840410456000249],[2.421953554193509,48.840325044097021],[2.422165946168211,48.840216348537425],[2.422342784825954,48.840119172570731]],[[2.424692790012984,48.838294006943634],[2.424794756667316,48.838190171599145],[2.424891223841227,48.838090806517783],[2.425005877556698,48.837948359504708],[2.425145241534129,48.837788943283002],[2.425251580939451,48.837659047085566]],[[2.425434117995696,48.837414398713499],[2.425472789095467,48.837366918368986],[2.426160455187532,48.836532914679218],[2.426434684880777,48.836250031903916],[2.426557345913829,48.836122011383488]],[[2.422342784825954,48.840119172570731],[2.42247851120803,48.840043382459939],[2.422633540118517,48.839947000115743],[2.422792805077496,48.839837147628252],[2.422976702222189,48.839717520798686]],[[2.426557345913829,48.836122011383488],[2.42665365752162,48.836036134403855],[2.426916479235616,48.835799063171507],[2.42718037425898,48.835588077947392]],[[2.422976702222189,48.839717520798686],[2.423081230667699,48.839628988471077],[2.423192511059029,48.839545884756554],[2.423296969140397,48.83946364740207]],[[2.42718037425898,48.835588077947392],[2.427228479686536,48.835549635767926],[2.427591059741312,48.83528426106151]],[[2.420737452569348,48.840760746252435],[2.420960178820638,48.840703366299806],[2.420977950394825,48.840698056174141]],[[2.420163679354213,48.840897366939053],[2.420251085458301,48.840878904061555],[2.420378152192777,48.840847142928375]],[[2.425349686222717,48.837534507384404],[2.425434117995696,48.837414398713499]],[[2.425251580939451,48.837659047085566],[2.425349686222717,48.837534507384404]],[[2.420378152192777,48.840847142928375],[2.420737452569348,48.840760746252435]],[[2.420019821334008,48.840846305513232],[2.420163679354213,48.840897366939053]]]}},
{"type":"Feature","properties":{"ID":"VOIE_NOM0000002338836660","ID_BAN":null,"name":"Route De La Gerbe","INSEE_COM":"75112","NOM_COM":"Paris 12e Arrondissement","SRC_BAN":null,"NOM_COLL":"RTE DE LA GERBE","TYPE_VOIE":"route","MOT_DIR":"GERBE","LD_BAN":null,"ID_SUPP":"TRONROUT0000000000207845/TRONROUT0000000000207847/TRONROUT0000000258513274/TRONROUT0000002011495822","INSEEDBAN":null,"COMDEL_BAN":null,"DATE_CREAT":"2023-12-08T13:42:59","DATE_MAJ":"2024-12-16T22:01:03","NOM_NORMA":"RTE DE LA GERBE","ID_BAN_ODO":null,"Nom_a_verifier":true,"other_tags":"nan"},"geometry":{"type":"MultiLineString","coordinates":[[[2.45017743968968,48.819031642182217],[2.450355152682596,48.819098113438535],[2.450523086608128,48.819187923179477],[2.450630153561409,48.819237880641552],[2.450702105606775,48.819259796144209]],[[2.449377387365625,48.818830098594198],[2.449920852617264,48.818954015353818],[2.450087869232564,48.819001550974647],[2.45017743968968,48.819031642182217]],[[2.44882293474027,48.818715122425019],[2.449234657514834,48.818804258795922],[2.449377387365625,48.818830098594198]],[[2.448704861606852,48.818675905044209],[2.44882293474027,48.818715122425019]]]}},
{"type":"Feature","properties":{"ID":"VOIE_NOM0000002338836661","ID_BAN":null,"name":"Route De Bourbon","INSEE_COM":"75112","NOM_COM":"Paris 12e Arrondissement","SRC_BAN":null,"NOM_COLL":"RTE DE BOURBON","TYPE_VOIE":"route","MOT_DIR":"BOURBON","LD_BAN":null,"ID_SUPP":"TRONROUT0000000000203992/TRONROUT0000000000205377/TRONROUT0000000000205378/TRONROUT0000000000205382/TRONROUT0000000000205386/TRONROUT0000000000205389/TRONROUT0000000000206100/TRONROUT0000000000206657/TRONROUT0000000000207076/TRONROUT0000000230033003/TRON","INSEEDBAN":null,"COMDEL_BAN":null,"DATE_CREAT":"2023-12-08T13:42:59","DATE_MAJ":"2024-12-16T22:01:03","NOM_NORMA":"RTE DE BOURBON","ID_BAN_ODO":null,"Nom_a_verifier":true,"other_tags":"nan"},"geometry":{"type":"MultiLineString","coordinates":[[[2.443464734828106,48.82768220589535],[2.443479113073387,48.827738932895407],[2.443492455647537,48.827765076611712],[2.443518076319756,48.827789478725045],[2.44354777371408,48.827814799167186],[2.443585643735497,48.827840157625062],[2.443653441613627,48.827869252763293],[2.443705028699831,48.827885681328858],[2.443767867239479,48.827996595664963],[2.443842907670406,48.827985252893868]],[[2.444854266699078,48.833810634659535],[2.444957355159445,48.83372477438062],[2.445013829916405,48.833666577936654],[2.445047002674883,48.833621763774218],[2.445065123611921,48.833583175298699],[2.445079224790286,48.833538272637519]],[[2.444658895683032,48.83156132162744],[2.444721234899417,48.831847608568722],[2.444867500204539,48.832440068297778],[2.44502323055253,48.833167475748255],[2.445079224790286,48.833538272637519]],[[2.443465339649057,48.827625548616311],[2.443501406875046,48.827564559522997],[2.443557818991992,48.827511759378638],[2.443633165887701,48.827471638429223],[2.443726200633519,48.827433398439688]],[[2.443369082483127,48.825796686857956],[2.44344188173503,48.826122596872473],[2.44351468189709,48.826448506748029],[2.443685022503316,48.827207465825552],[2.443717107423247,48.827391985273103]],[[2.443150767030029,48.824811761387743],[2.443261189724788,48.825313223859133],[2.44329238048331,48.825453670533776],[2.443369082483127,48.825796686857956]],[[2.442883565124871,48.823686305196169],[2.442908261023667,48.823797042725616],[2.443052967423863,48.824403891772114],[2.443150767030029,48.824811761387743]],[[2.442540246351344,48.822292479903787],[2.442609500895309,48.822439400186951],[2.442666007896196,48.822632128900977],[2.442744935363057,48.823021024785824]],[[2.444274428124129,48.829801279076563],[2.444385994736644,48.830325227604021],[2.444514946095995,48.830879834889494]],[[2.443842907670406,48.827985252893868],[2.444135093119645,48.82919895635446],[2.444274428124129,48.829801279076563]],[[2.442744935363057,48.823021024785824],[2.442826414984888,48.823426121030032],[2.442883565124871,48.823686305196169]],[[2.444514946095995,48.830879834889494],[2.444658895683032,48.83156132162744]],[[2.443717107423247,48.827391985273103],[2.443726200633519,48.827433398439688]],[[2.443465339649057,48.827625548616311],[2.443464734828106,48.82768220589535]]]}},
{"type":"Feature","properties":{"ID":"VOIE_NOM0000002338836665","ID_BAN":null,"name":"Route De La Menagerie","INSEE_COM":"75112","NOM_COM":"Paris 12e Arrondissement","SRC_BAN":null,"NOM_COLL":"RTE DE LA MENAGERIE","TYPE_VOIE":"route","MOT_DIR":"MENAGERIE","LD_BAN":null,"ID_SUPP":"TRONROUT0000000000201561/TRONROUT0000000000201567/TRONROUT0000000000201575/TRONROUT0000000000202354/TRONROUT0000000354949916/TRONROUT0000000356908889","INSEEDBAN":null,"COMDEL_BAN":null,"DATE_CREAT":"2023-12-08T13:42:59","DATE_MAJ":"2024-12-16T22:01:03","NOM_NORMA":"RTE DE LA MENAGERIE","ID_BAN_ODO":null,"Nom_a_verifier":true,"other_tags":"nan"},"geometry":{"type":"MultiLineString","coordinates":[[[2.462644906080002,48.835257112371565],[2.462784740590604,48.835304507161275],[2.462919052033308,48.835359071855585],[2.463145648188918,48.835448226266159],[2.463381873823763,48.835528429851543],[2.463513609954133,48.835568592570212],[2.463657644047123,48.835605212851881],[2.463928234068992,48.835655890594289],[2.464170364068414,48.835692050494949],[2.464431640640913,48.835721100766158],[2.464702573727548,48.835738502021222],[2.46484556073629,48.835744537990351],[2.464987268543764,48.835742473841321]],[[2.466081875023804,48.835681711719992],[2.466470362737999,48.835660961237288],[2.466667970838748,48.83565464763624],[2.466858656980611,48.835659095155933],[2.467054728018966,48.835669861872482],[2.467263059904935,48.835680682875903],[2.467454998245274,48.835695927320025],[2.467644193712056,48.835712957964226],[2.46781973866998,48.835732625649783]],[[2.464987268543764,48.835742473841321],[2.465259831784649,48.835733799731763],[2.465741030903182,48.835706271188911],[2.465912783060373,48.835697145269037],[2.466081875023804,48.835681711719992]],[[2.469698469856074,48.836132190415356],[2.46978951656927,48.836155077974631],[2.469841147530554,48.836168797192784]],[[2.468691356204078,48.835895686847159],[2.46954219665283,48.836092825100202],[2.469698469856074,48.836132190415356]],[[2.46781973866998,48.835732625649783],[2.468566280118082,48.835869949182708],[2.468691356204078,48.835895686847159]]]}},
{"type":"Feature","properties":{"ID":"VOIE_NOM0000002338836668","ID_BAN":null,"name":"Route Du Parc","INSEE_COM":"75112","NOM_COM":"Paris 12e Arrondissement","SRC_BAN":null,"NOM_COLL":"RTE DU PARC","TYPE_VOIE":"route","MOT_DIR":"PARC","LD_BAN":null,"ID_SUPP":"TRONROUT0000000000206167/TRONROUT0000000000206176/TRONROUT0000000000206178/TRONROUT0000000000206718/TRONROUT0000000230033656","INSEEDBAN":null,"COMDEL_BAN":null,"DATE_CREAT":"2023-12-08T13:42:59","DATE_MAJ":"2025-04-09T22:52:28","NOM_NORMA":"RTE DU PARC","ID_BAN_ODO":null,"Nom_a_verifier":true,"other_tags":"nan"},"geometry":{"type":"MultiLineString","coordinates":[[[2.421685225351281,48.824722472262401],[2.421929030187238,48.824600437260436],[2.42215901444456,48.824496322389749],[2.422492988467673,48.82434953950662],[2.422746024975979,48.824254528527831],[2.422845839488258,48.824219934837927],[2.422847340865438,48.824207350889942]],[[2.420802665745971,48.82532887355211],[2.420919597105655,48.825225112872346],[2.421061114370071,48.825115175504777],[2.421239595336353,48.824988328820375],[2.421449551567999,48.824848143579871],[2.421685225351281,48.824722472262401]],[[2.420046648954985,48.826190403487367],[2.420328627565044,48.825821230272041],[2.420491417997247,48.825635849654269],[2.420625104853967,48.825495296302336],[2.420802665745971,48.82532887355211]],[[2.419851263781683,48.826122003071461],[2.419957193657033,48.826150397370689],[2.420046648954985,48.826190403487367]],[[2.422847340865438,48.824207350889942],[2.422878161027141,48.824130153724241]]]}},
{"type":"Feature","properties":{"ID":"VOIE_NOM0000002338836669","ID_BAN":null,"name":"Cour Du Ponant","INSEE_COM":"75112","NOM_COM":"Paris 12e Arrondissement","SRC_BAN":null,"NOM_COLL":"COUR DU PONANT","TYPE_VOIE":"cour","MOT_DIR":"PONANT","LD_BAN":null,"ID_SUPP":"TRONROUT0000000238903527","INSEEDBAN":null,"COMDEL_BAN":null,"DATE_CREAT":"2023-12-08T13:42:59","DATE_MAJ":"2024-12-16T22:01:03","NOM_NORMA":"COUR DU PONANT","ID_BAN_ODO":null,"Nom_a_verifier":true,"other_tags":"nan"},"geometry":{"type":"MultiLineString","coordinates":[[[2.387621306462001,48.83023691549289],[2.387392524415648,48.830578403468294],[2.387374572038096,48.830715015584083],[2.387395003428705,48.830831138811931],[2.38749163210692,48.83095484722535],[2.387627743253481,48.831080556443865],[2.387921941963544,48.831316797572285],[2.388512416368188,48.831729030437366],[2.388985832382049,48.832017448870822],[2.389429917027882,48.832251753553919],[2.390048190206957,48.832502234206082],[2.39013511943881,48.832524262303615],[2.390271225261717,48.832534849271191],[2.390370814240971,48.832522765783033],[2.390478439764735,48.832522414940371],[2.390651010102866,48.832560168310962]]]}},
{"type":"Feature","properties":{"ID":"VOIE_NOM0000002338836670","ID_BAN":null,"name":"Port De Bercy","INSEE_COM":"75112","NOM_COM":"Paris 12e Arrondissement","SRC_BAN":null,"NOM_COLL":"PORT DE BERCY","TYPE_VOIE":"port","MOT_DIR":"BERCY","LD_BAN":null,"ID_SUPP":"TRONROUT0000000000201007/TRONROUT0000000000201024/TRONROUT0000000000202681/TRONROUT0000000000203521/TRONROUT0000000000203522/TRONROUT0000000000203538/TRONROUT0000000000204882/TRONROUT0000000000204886/TRONROUT0000000230033208/TRONROUT0000000230033214","INSEEDBAN":null,"COMDEL_BAN":null,"DATE_CREAT":"2023-12-08T13:42:59","DATE_MAJ":"2024-12-16T22:01:03","NOM_NORMA":"PORT DE BERCY","ID_BAN_ODO":null,"Nom_a_verifier":true,"other_tags":"nan"},"geometry":{"type":"MultiLineString","coordinates":[[[2.380640063458995,48.834460373340498],[2.38060224063311,48.834433196486586],[2.380583617768149,48.834395326654224],[2.380577191168377,48.834362916178648],[2.38060505619946,48.834310897222466],[2.380675140529945,48.834259996240675],[2.380807135239891,48.83415815183406],[2.381201903485192,48.833840020273989],[2.381551264864686,48.833559425986969],[2.381699805623859,48.833440578127203],[2.381994192631903,48.833200169802382],[2.382168826880211,48.833063468807403],[2.382503001666103,48.832798981767674],[2.382743690569403,48.832605960742683],[2.383011802868767,48.832397791424782],[2.383095621443511,48.832337066764822],[2.383148960447177,48.832319354511817],[2.383217145381471,48.832313410577761],[2.383247071416195,48.832317162370877],[2.383320268982046,48.832348118310321]],[[2.383320268982046,48.832348118310321],[2.383413856592341,48.83226765770133],[2.383896540647734,48.83188521555563],[2.384408152780451,48.831475039841642],[2.385026855353232,48.830993463021457],[2.385392692719464,48.83069855181796],[2.385721080036947,48.83046010735643],[2.38630533419172,48.830009824605078],[2.386632594219315,48.829750686251067],[2.386744207832094,48.829642434884597],[2.386843783876741,48.829515234925026],[2.386950275855614,48.82937907662226],[2.38702913345138,48.829276053270249],[2.387070515451064,48.829232196227444],[2.387148917987744,48.829167843368161]],[[2.376947941185207,48.837436984480988],[2.377254762633522,48.837185860841927],[2.377813248952758,48.836738185446599],[2.378430809126162,48.836248544142634],[2.378794135412769,48.835941949323306],[2.378859299604307,48.8358469549989],[2.379112490974726,48.835636019275874],[2.379233133354716,48.835572790492655],[2.379367837372738,48.835472760554374],[2.380066480351252,48.834921474839852],[2.380457086583397,48.834610519260508],[2.380640063458995,48.834460373340498]],[[2.382764483518383,48.832920846710856],[2.382732056352605,48.832898195175304],[2.382724138588406,48.832876569492178],[2.382732588804084,48.832853229547389],[2.382765633552511,48.83282372095394],[2.382779394200495,48.832812100188207],[2.383022806574589,48.832619092663258],[2.383230522990542,48.832449284112109],[2.383320268982046,48.832348118310321]],[[2.380640063458995,48.834460373340498],[2.380764841470556,48.83439266755245],[2.381188443290686,48.834055798666206],[2.381255674106141,48.834015674975028],[2.381313016820463,48.834005179200688],[2.381355214638551,48.834008095567228],[2.381374190124786,48.834016288012769]],[[2.376225292102713,48.838167099323776],[2.376246674572866,48.838088066804772],[2.376302212746467,48.838001118097395],[2.376437359011109,48.837865119358291],[2.376947941185207,48.837436984480988]],[[2.387148917987744,48.829167843368161],[2.38722301196765,48.829122355151902],[2.387309629174111,48.829054446791517],[2.38735484348724,48.829032194161492]],[[2.382764483518383,48.832920846710856],[2.382814459926376,48.832957079307455]],[[2.381374190124786,48.834016288012769],[2.381439258127081,48.834043605535697]],[[2.376212040694925,48.838249771691274],[2.376225292102713,48.838167099323776]]]}},
{"type":"Feature","properties":{"ID":"VOIE_NOM0000002338836678","ID_BAN":null,"name":"Route Des Batteries","INSEE_COM":"75112","NOM_COM":"Paris 12e Arrondissement","SRC_BAN":null,"NOM_COLL":"RTE DES BATTERIES","TYPE_VOIE":"route","MOT_DIR":"BATTERIES","LD_BAN":null,"ID_SUPP":"TRONROUT0000000000204733/TRONROUT0000000000204735/TRONROUT0000000000204743/TRONROUT0000000000204754/TRONROUT0000000000205482/TRONROUT0000000230033062/TRONROUT0000000312564907/TRONROUT0000000356856131/TRONROUT0000000356856136/TRONROUT0000000356856139/TRON","INSEEDBAN":null,"COMDEL_BAN":null,"DATE_CREAT":"2023-12-08T13:42:59","DATE_MAJ":"2024-12-16T22:01:03","NOM_NORMA":"RTE DES BATTERIES","ID_BAN_ODO":null,"Nom_a_verifier":true,"other_tags":"nan"},"geometry":{"type":"MultiLineString","coordinates":[[[2.426206146084125,48.830030736086378],[2.426261806377924,48.830048091067916],[2.426537344516467,48.830138449794291],[2.42691851914779,48.830285074779106],[2.427264269742352,48.830432428252678],[2.427529762935635,48.83056950354856],[2.427763907810583,48.830708226978167],[2.42796007088834,48.830832378424013],[2.428173745935863,48.830974600561113],[2.428345411422069,48.83109683547773],[2.428529209226129,48.831230819845011]],[[2.423825018771133,48.829533630637108],[2.424401593708138,48.829624544892461],[2.424763199611398,48.82969193843352],[2.425245710389276,48.829789591058656],[2.425626111193944,48.829882254546277],[2.426206146084125,48.830030736086378]],[[2.419624630327089,48.828004182090261],[2.419789355377619,48.828135389755133],[2.419927179319175,48.828235888184714],[2.420082511142744,48.828354458700062],[2.420273108611775,48.828486690467543],[2.420498932157716,48.828636180590642]],[[2.420498932157716,48.828636180590642],[2.420622105288995,48.828706928039743],[2.420780633959212,48.828783242798551],[2.420912050487731,48.828847734287734],[2.421080044980203,48.828930390041108]],[[2.423406672805599,48.829423690463095],[2.423527216963969,48.829486327867379],[2.423656401555705,48.829506736550087],[2.423825018771133,48.829533630637108]],[[2.422435826764723,48.829386628737673],[2.422742208128394,48.829397101607093],[2.42286336870227,48.829403981918226],[2.423406672805599,48.829423690463095]],[[2.422104202942316,48.829318473627957],[2.422218303391023,48.829347804653274],[2.422343320996019,48.829375389565179],[2.422435826764723,48.829386628737673]],[[2.421080044980203,48.828930390041108],[2.421208857809892,48.828984076180738],[2.421401421440378,48.829062353532933]],[[2.421953604188082,48.829263783814206],[2.422104202942316,48.829318473627957]],[[2.421505866272628,48.829102430942108],[2.421953604188082,48.829263783814206]],[[2.421401421440378,48.829062353532933],[2.421505866272628,48.829102430942108]],[[2.419545568058568,48.827886880505169],[2.419624630327089,48.828004182090261]],[[2.419380794273114,48.827882483177596],[2.419545568058568,48.827886880505169]]]}},
{"type":"Feature","properties":{"ID":"VOIE_NOM0000002338836684","ID_BAN":null,"name":"Route Aimable","INSEE_COM":"75112","NOM_COM":"Paris 12e Arrondissement","SRC_BAN":null,"NOM_COLL":"RTE AIMABLE","TYPE_VOIE":"route","MOT_DIR":"AIMABLE","LD_BAN":null,"ID_SUPP":"TRONROUT0000000000204757/TRONROUT0000000000205454/TRONROUT0000000000205466/TRONROUT0000000000206140/TRONROUT0000000000206145/TRONROUT0000000000206672/TRONROUT0000000000206696/TRONROUT0000000230033177/TRONROUT0000000302592209/TRONROUT0000000356876650/TRON","INSEEDBAN":null,"COMDEL_BAN":null,"DATE_CREAT":"2023-12-08T13:42:59","DATE_MAJ":"2024-12-16T22:01:03","NOM_NORMA":"RTE AIMABLE","ID_BAN_ODO":null,"Nom_a_verifier":true,"other_tags":"nan"},"geometry":{"type":"MultiLineString","coordinates":[[[2.423689241278051,48.828630911298148],[2.423774607085217,48.828548580829377],[2.423853331014012,48.828450929050064],[2.424036080845458,48.828184697123092],[2.424149293407732,48.828047639030792],[2.424283056037402,48.827899887331043],[2.424453852610676,48.827728930129616],[2.424629887994208,48.827576884599679],[2.424812653407334,48.827432066109829]],[[2.428110374323672,48.825575395554232],[2.428488554546386,48.825371247855941],[2.428705135450777,48.825246370955611],[2.429210668469263,48.824979873375575],[2.429670173059637,48.824687072378048],[2.429942162924265,48.824477017266609],[2.430316805982161,48.82409657019678],[2.430612058449518,48.823626706155054]],[[2.42560808361834,48.826943934628417],[2.425913717609959,48.826773622777758],[2.426082252082739,48.826683595454796],[2.426738519181584,48.826337787983938],[2.427148324090999,48.826107714497304],[2.427699294774736,48.825798271351736]],[[2.424812653407334,48.827432066109829],[2.424904696934683,48.827361458669394],[2.425028256570825,48.8272739146825],[2.425180439310748,48.827184709407071],[2.425355885894607,48.827085722666361],[2.425466868298807,48.827026897570008]],[[2.421686847362212,48.831575663887691],[2.421795488149172,48.831483554530912],[2.422163031361158,48.831139075149814],[2.422426287217843,48.830862442774347],[2.422820439875292,48.830451536640624],[2.422968023188192,48.83028676542132]],[[2.42079762376768,48.832280959896288],[2.420941834915221,48.832175533137082],[2.421055827222455,48.832092444046694],[2.421362264934814,48.831853796544216],[2.421686847362212,48.831575663887691]],[[2.430730020015247,48.823301695477504],[2.430727345152302,48.823297185888393],[2.430734734376934,48.823244158169096],[2.430736744413201,48.823184809241525]],[[2.430612058449518,48.823626706155054],[2.430690303587603,48.82344630513763],[2.430730020015247,48.823301695477504]],[[2.422968023188192,48.83028676542132],[2.423077086983322,48.830155984112238],[2.423137638911707,48.830100515481305]],[[2.428082965841325,48.825590553760165],[2.428110374323672,48.825575395554232]],[[2.427699294774736,48.825798271351736],[2.428082965841325,48.825590553760165]],[[2.425466868298807,48.827026897570008],[2.42560808361834,48.826943934628417]],[[2.420379481281955,48.8326413781732],[2.42079762376768,48.832280959896288]]]}},
{"type":"Feature","properties":{"ID":"VOIE_NOM0000002338836686","ID_BAN":null,"name":"Carrefour De La Conservation","INSEE_COM":"75112","NOM_COM":"Paris 12e Arrondissement","SRC_BAN":null,"NOM_COLL":"CAR DE LA CONSERVATION","TYPE_VOIE":"carrefour","MOT_DIR":"CONSERVATION","LD_BAN":null,"ID_SUPP":"TRONROUT0000000356856132/TRONROUT0000000356857105","INSEEDBAN":null,"COMDEL_BAN":null,"DATE_CREAT":"2023-12-08T13:42:59","DATE_MAJ":"2024-12-16T22:01:03","NOM_NORMA":"CAR DE LA CONSERVATION","ID_BAN_ODO":null,"Nom_a_verifier":true,"other_tags":"nan"},"geometry":{"type":"MultiLineString","coordinates":[[[2.41943183304415,48.828192113627885],[2.419451593650203,48.828252467215165],[2.419469942121086,48.828317310781017],[2.419542234687641,48.828553296068577]],[[2.419542234687641,48.828553296068577],[2.41956318745738,48.828628944654639]]]}},
{"type":"Feature","properties":{"ID":"VOIE_NOM0000002338836690","ID_BAN":null,"name":"Route De L'Esplanade","INSEE_COM":"75112","NOM_COM":"Paris 12e Arrondissement","SRC_BAN":null,"NOM_COLL":"RTE DE L'ESPLANADE","TYPE_VOIE":"route","MOT_DIR":"ESPLANADE","LD_BAN":null,"ID_SUPP":"TRONROUT0000000000199890/TRONROUT0000000000199911/TRONROUT0000000000199916/TRONROUT0000000000199921/TRONROUT0000000000199927/TRONROUT0000000000199933","INSEEDBAN":null,"COMDEL_BAN":null,"DATE_CREAT":"2023-12-08T13:42:59","DATE_MAJ":"2024-12-16T22:01:03","NOM_NORMA":"RTE DE L'ESPLANADE","ID_BAN_ODO":null,"Nom_a_verifier":true,"other_tags":"nan"},"geometry":{"type":"MultiLineString","coordinates":[[[2.428953209509703,48.840526843042944],[2.42938558209799,48.840484837762077],[2.42977557115803,48.840456119253908],[2.43018594703432,48.840431993374672],[2.430642605737673,48.840411683814047],[2.431080131220503,48.840396677660927],[2.43148077285569,48.840390488194146]],[[2.432366390169087,48.840516107094913],[2.432504506101255,48.840595006463452],[2.43258968334304,48.840655667434071],[2.432673459192475,48.840719919121383],[2.43270182561542,48.840742537570996],[2.432822957289174,48.84087981419809]],[[2.431847383153037,48.840381437686879],[2.432028272214823,48.840411076116311],[2.432196703691664,48.840458642284098],[2.432366390169087,48.840516107094913]],[[2.428309481946533,48.840584025303514],[2.4284799633099,48.840568651490344],[2.428679104894043,48.840548917531478],[2.428953209509703,48.840526843042944]],[[2.43148077285569,48.840390488194146],[2.431666200109482,48.840378778304718],[2.431847383153037,48.840381437686879]],[[2.427802391119188,48.84060588345951],[2.428073682729558,48.840591891745554],[2.428309481946533,48.840584025303514]]]}},
{"type":"Feature","properties":{"ID":"VOIE_NOM0000002338836694","ID_BAN":null,"name":"Route Circulaire","INSEE_COM":"75112","NOM_COM":"Paris 12e Arrondissement","SRC_BAN":null,"NOM_COLL":"RTE CIRCULAIRE","TYPE_VOIE":"route","MOT_DIR":"CIRCULAIRE","LD_BAN":null,"ID_SUPP":"TRONROUT0000000000200764/TRONROUT0000000000201606/TRONROUT0000000000201607/TRONROUT0000000000202357/TRONROUT0000000000202376/TRONROUT0000000000203180/TRONROUT0000000000203182/TRONROUT0000000000203189/TRONROUT0000000230033442/TRONROUT0000000258579124/TRON","INSEEDBAN":null,"COMDEL_BAN":null,"DATE_CREAT":"2023-12-08T13:42:59","DATE_MAJ":"2024-12-16T22:01:03","NOM_NORMA":"RTE CIRCULAIRE","ID_BAN_ODO":null,"Nom_a_verifier":true,"other_tags":"nan"},"geometry":{"type":"MultiLineString","coordinates":[[[2.455548848876673,48.837950978175584],[2.455945590734738,48.838185716841082],[2.456265318576067,48.838358947807329],[2.456499856226594,48.838470634580169],[2.456712906104709,48.838552544513504],[2.456920685152619,48.838617342351561],[2.457025270114793,48.838648395254687],[2.457333688561147,48.838730736918961],[2.457640951465454,48.838793286695612],[2.45782733664484,48.83881931360618],[2.458038319820573,48.838838256822065]],[[2.455275371890442,48.834525874403354],[2.45533724750573,48.834471295212786],[2.455423850600833,48.834397042649584],[2.455620167657959,48.834253139312658],[2.455825925603414,48.834118272196797],[2.456028770265763,48.834001378675794],[2.456254791185903,48.833882791444502],[2.456475108874245,48.833788460598313],[2.456703533679311,48.833700461692082],[2.456960555639561,48.833613491546615],[2.457237841942605,48.8335428012983]],[[2.461478384890966,48.834103383988918],[2.46170706615591,48.834253707118307],[2.461905713740637,48.834410190191484],[2.462077274732897,48.834551261981154],[2.462171752650608,48.834637125995265],[2.4622701971213,48.834734699431465],[2.46235233164787,48.834828602027223],[2.462430333236905,48.834926982778825]],[[2.459796810375451,48.833490531591067],[2.459958526735212,48.833529035014088],[2.46017591868977,48.833584877359229],[2.460385156209426,48.833638883794663],[2.460606514868893,48.833706434928139],[2.460799257406471,48.833774756005411],[2.46098513336075,48.833848441982745],[2.461075949115223,48.833892919859657]],[[2.457237841942605,48.8335428012983],[2.457430321747025,48.83350500207986],[2.457628194123632,48.833472623169669],[2.457851948961645,48.833440361253729],[2.458106988458324,48.833412737466347],[2.458316961412749,48.833395701373412],[2.458610040589997,48.833378141753442]],[[2.454600371954033,48.836670468438328],[2.454677242048389,48.836875872617505],[2.454726369070856,48.836998409293642],[2.454774275085087,48.83710744999857],[2.454838501235106,48.837219263128397],[2.454928424206572,48.837349180467704],[2.454983537671072,48.837420480866818]],[[2.454713849381683,48.835330041575851],[2.454808592515716,48.835129016907892],[2.454908332660179,48.83497118417506],[2.455009237031709,48.834832243202001],[2.455133468834057,48.83467721991623],[2.455275371890442,48.834525874403354]],[[2.454562070451395,48.835904040134892],[2.454544273461763,48.836042460265666],[2.454532939767292,48.836214186128018],[2.454548890127747,48.836382438949528],[2.454567781688057,48.83653001990821],[2.454600371954033,48.836670468438328]],[[2.462430333236905,48.834926982778825],[2.462470645424419,48.834981125500732],[2.462540408809906,48.835085764656171],[2.462598032360264,48.835178657550202],[2.462644906080002,48.835257112371565]],[[2.460036150523359,48.838792430968965],[2.460109924404085,48.838772978122634],[2.460338122824046,48.83870835484025],[2.460502214160355,48.838650636859278],[2.460619872443698,48.838603501564926]],[[2.459070414503952,48.833386520235095],[2.459277270744753,48.83340724151217],[2.459493588284358,48.833435200071833],[2.459647270588957,48.833460177203783],[2.459796810375451,48.833490531591067]],[[2.458038319820573,48.838838256822065],[2.458177208696302,48.838846080856101],[2.458388266866876,48.838857828941883],[2.458725980683689,48.838874646613363],[2.459095113691329,48.838883511200635]],[[2.454983537671072,48.837420480866818],[2.455151895099902,48.837606515536187],[2.45523551527395,48.837687838576251],[2.455347519748792,48.837790875375809],[2.455489355750033,48.837907538219284]],[[2.454562070451395,48.835904040134892],[2.454585523598352,48.835745859874216],[2.454621227925009,48.835588634807173],[2.454667773980591,48.835436855294873],[2.454713849381683,48.835330041575851]],[[2.459095113691329,48.838883511200635],[2.459249082441128,48.838882408613713],[2.459424905388814,48.838876008454278],[2.459609014518714,48.838858853194786]],[[2.458610040589997,48.833378141753442],[2.458720401210889,48.833376842518767],[2.458843022041851,48.833375598653824],[2.459070414503952,48.833386520235095]],[[2.461075949115223,48.833892919859657],[2.461158637939088,48.833932864252517],[2.461318566914512,48.834012728321639]],[[2.459609014518714,48.838858853194786],[2.45986552586051,48.838823138118549],[2.460036150523359,48.838792430968965]],[[2.461318566914512,48.834012728321639],[2.461478384890966,48.834103383988918]],[[2.455489355750033,48.837907538219284],[2.455548848876673,48.837950978175584]]]}},
{"type":"Feature","properties":{"ID":"VOIE_NOM0000002338836696","ID_BAN":null,"name":"Route Nouvelle","INSEE_COM":"75112","NOM_COM":"Paris 12e Arrondissement","SRC_BAN":null,"NOM_COLL":"RTE NOUVELLE","TYPE_VOIE":"route","MOT_DIR":"NOUVELLE","LD_BAN":null,"ID_SUPP":"TRONROUT0000000000207068/TRONROUT0000000000207523/TRONROUT0000000000207525/TRONROUT0000000000207527/TRONROUT0000000230032936/TRONROUT0000002223374245","INSEEDBAN":null,"COMDEL_BAN":null,"DATE_CREAT":"2023-12-08T13:42:59","DATE_MAJ":"2025-05-20T22:17:17","NOM_NORMA":"RTE NOUVELLE","ID_BAN_ODO":null,"Nom_a_verifier":true,"other_tags":"nan"},"geometry":{"type":"MultiLineString","coordinates":[[[2.437531386393537,48.819579901064202],[2.437731447458147,48.819593433203806],[2.437841643678408,48.819604743808121],[2.437953104891478,48.81962505399099],[2.438156912728917,48.819670081097115],[2.438242459611542,48.819693866734475],[2.438325214985802,48.819723934810547],[2.438493478851821,48.819781385595704],[2.438660294062663,48.819846923697561],[2.438841906611038,48.819929619094644],[2.438973439277531,48.819983299312291]],[[2.440345779129033,48.820666058514725],[2.440565193080465,48.820780406155592],[2.440784820191189,48.820874968186182],[2.441111875897995,48.820985321283985],[2.441472759500581,48.821116517035044],[2.441575813020519,48.821159268818853]],[[2.438973439277531,48.819983299312291],[2.439241836948594,48.82010147678421],[2.439664545332647,48.820308515376688],[2.440032925629262,48.820501807429466],[2.440345779129033,48.820666058514725]],[[2.437233463997417,48.819547920579062],[2.437252433290034,48.819557003591093],[2.437280916357861,48.819567930119774],[2.437324438380686,48.819573531169894],[2.437531386393537,48.819579901064202]],[[2.441575813020519,48.821159268818853],[2.441656969958774,48.82121181136236]],[[2.437221944751769,48.819479513971245],[2.437233463997417,48.819547920579062]]]}},
{"type":"Feature","properties":{"ID":"VOIE_NOM0000002338836698","ID_BAN":null,"name":"Route Saint-Louis","INSEE_COM":"75112","NOM_COM":"Paris 12e Arrondissement","SRC_BAN":null,"NOM_COLL":"RTE SAINT-LOUIS","TYPE_VOIE":"route","MOT_DIR":"LOUIS","LD_BAN":null,"ID_SUPP":"TRONROUT0000000000204027/TRONROUT0000000000204028/TRONROUT0000000000204031/TRONROUT0000000000204034/TRONROUT0000000000204726/TRONROUT0000000000204727/TRONROUT0000000000205462/TRONROUT0000000000205464/TRONROUT0000000000206713/TRONROUT0000000302592210/TRON","INSEEDBAN":null,"COMDEL_BAN":null,"DATE_CREAT":"2023-12-08T13:42:59","DATE_MAJ":"2024-12-16T22:01:03","NOM_NORMA":"RTE SAINT-LOUIS","ID_BAN_ODO":null,"Nom_a_verifier":true,"other_tags":"nan"},"geometry":{"type":"MultiLineString","coordinates":[[[2.426888338663274,48.828941276841007],[2.427086938798446,48.829214736508391],[2.427454741048683,48.829710250018344],[2.427792987497668,48.830168746743979],[2.428140735629804,48.830630885190729],[2.42827742830844,48.830836593994604],[2.42846380302056,48.831108193672719],[2.428529209226129,48.831230819845011]],[[2.425564902696619,48.827154179455654],[2.425817348555155,48.827484560551085],[2.426108654938779,48.82787358639586],[2.426411908019889,48.828291448432189],[2.426725934364304,48.828721052934171]],[[2.424456553995731,48.825633413600073],[2.42454233484598,48.825759738163491],[2.424712813601735,48.825987199503686],[2.424890034676353,48.826220988556514],[2.425073899051553,48.826470098501431]],[[2.425073899051553,48.826470098501431],[2.425189301164461,48.826628042803485],[2.4253261600511,48.826816668614271],[2.425466868298807,48.827026897570008]],[[2.428999729264728,48.83180326430594],[2.429225290300653,48.83210472861947],[2.429347489153444,48.832266297886811]],[[2.428591071338777,48.831303963968935],[2.428632697908649,48.831359024090958],[2.428906939338128,48.831693098813489]],[[2.423609356122501,48.824521309120456],[2.423766683693136,48.824705538926459],[2.424386780411032,48.825537744582284]],[[2.428955377552432,48.83174819132585],[2.428999729264728,48.83180326430594]],[[2.428906939338128,48.831693098813489],[2.428955377552432,48.83174819132585]],[[2.428529209226129,48.831230819845011],[2.428591071338777,48.831303963968935]],[[2.426836006727276,48.828869076698133],[2.426888338663274,48.828941276841007]],[[2.426725934364304,48.828721052934171],[2.426836006727276,48.828869076698133]],[[2.425466868298807,48.827026897570008],[2.425564902696619,48.827154179455654]],[[2.424386780411032,48.825537744582284],[2.424456553995731,48.825633413600073]]]}},
{"type":"Feature","properties":{"ID":"VOIE_NOM0000002338836699","ID_BAN":"75112_0532","name":"Rue Audubon","INSEE_COM":"75112","NOM_COM":"Paris 12e Arrondissement","SRC_BAN":"commune","NOM_COLL":"R AUDUBON","TYPE_VOIE":"rue","MOT_DIR":"Audubon","LD_BAN":null,"ID_SUPP":"TRONROUT0000000000197743","INSEEDBAN":null,"COMDEL_BAN":null,"DATE_CREAT":"2023-12-08T13:42:59","DATE_MAJ":"2024-03-12T16:10:18","NOM_NORMA":"R AUDUBON","ID_BAN_ODO":null,"Nom_a_verifier":false,"other_tags":"nan"},"geometry":{"type":"MultiLineString","coordinates":[[[2.369694832168274,48.845398808285488],[2.369647659943684,48.845581129529826],[2.369513759237806,48.84606158062239],[2.36950499632125,48.846110099777292],[2.369507220978992,48.846151481971042],[2.369519048907199,48.846187518624419],[2.369537820257921,48.846212799570424],[2.369758255248526,48.846351562771254],[2.36995162469093,48.846474893929027]]]}},
{"type":"Feature","properties":{"ID":"VOIE_NOM0000002338836702","ID_BAN":null,"name":"Route Des Barrieres","INSEE_COM":"75112","NOM_COM":"Paris 12e Arrondissement","SRC_BAN":null,"NOM_COLL":"RTE DES BARRIERES","TYPE_VOIE":"route","MOT_DIR":"BARRIERES","LD_BAN":null,"ID_SUPP":"TRONROUT0000000000207842/TRONROUT0000000000207844/TRONROUT0000000000207850/TRONROUT0000000000207851/TRONROUT0000000356885028","INSEEDBAN":null,"COMDEL_BAN":null,"DATE_CREAT":"2023-12-08T13:42:59","DATE_MAJ":"2024-12-16T22:01:03","NOM_NORMA":"RTE DES BARRIERES","ID_BAN_ODO":null,"Nom_a_verifier":true,"other_tags":"nan"},"geometry":{"type":"MultiLineString","coordinates":[[[2.445859887030533,48.818667251050201],[2.445958399650568,48.818624537623442],[2.446002189355386,48.818604954298756],[2.446274847620564,48.818579236060657],[2.446401653195684,48.818565433242703],[2.446663416200081,48.818539663675423],[2.447279557164368,48.81848765160116],[2.447992245766339,48.818449572717142],[2.448208875874845,48.81844157887376],[2.44838055520215,48.818434276647565]],[[2.449985251172182,48.818271687274766],[2.450140739222449,48.818249918067444],[2.450353567016482,48.818214921650181],[2.450836627707186,48.818125405125365],[2.45125299421425,48.818031983091366],[2.451322609152358,48.818017013205655],[2.451620257253014,48.817945529404142],[2.451946673326289,48.817857987996824]],[[2.451946673326289,48.817857987996824],[2.452090063415448,48.817820871450202],[2.45259690124699,48.817671198721477],[2.453337825566746,48.817406575060978]],[[2.44838055520215,48.818434276647565],[2.448857565543294,48.818402300106008],[2.449191552232823,48.818372361024053],[2.449600592302286,48.818328376537679]],[[2.449600592302286,48.818328376537679],[2.449985251172182,48.818271687274766]]]}},
{"type":"Feature","properties":{"ID":"VOIE_NOM0000002338836705","ID_BAN":null,"name":"Cour Du Midi","INSEE_COM":"75112","NOM_COM":"Paris 12e Arrondissement","SRC_BAN":null,"NOM_COLL":"COUR DU MIDI","TYPE_VOIE":"cour","MOT_DIR":"MIDI","LD_BAN":null,"ID_SUPP":"TRONROUT0000000238903521","INSEEDBAN":null,"COMDEL_BAN":null,"DATE_CREAT":"2023-12-08T13:42:59","DATE_MAJ":"2024-12-16T22:01:03","NOM_NORMA":"COUR DU MIDI","ID_BAN_ODO":null,"Nom_a_verifier":true,"other_tags":"nan"},"geometry":{"type":"MultiLineString","coordinates":[[[2.388955412950063,48.831126019763254],[2.388923492497813,48.831176221304226],[2.388935003657668,48.831240135267279],[2.389224329425694,48.831427782350239],[2.389543246362837,48.831647956974969],[2.389856843512461,48.83185731114159],[2.389977710786268,48.83188940554372],[2.390097700010921,48.831880124432715]]]}},
{"type":"Feature","properties":{"ID":"VOIE_NOM0000002338836708","ID_BAN":null,"name":"Route De La Pompadour","INSEE_COM":"75112","NOM_COM":"Paris 12e Arrondissement","SRC_BAN":null,"NOM_COLL":"RTE DE LA POMPADOUR","TYPE_VOIE":"route","MOT_DIR":"POMPADOUR","LD_BAN":null,"ID_SUPP":"TRONROUT0000000000204720/TRONROUT0000000000205449/TRONROUT0000000000205451/TRONROUT0000000000206141/TRONROUT0000000000206142/TRONROUT0000000000206146/TRONROUT0000000000206702/TRONROUT0000000000206703/TRONROUT0000000356856168","INSEEDBAN":null,"COMDEL_BAN":null,"DATE_CREAT":"2023-12-08T13:42:59","DATE_MAJ":"2024-12-16T22:01:03","NOM_NORMA":"RTE DE LA POMPADOUR","ID_BAN_ODO":null,"Nom_a_verifier":true,"other_tags":"nan"},"geometry":{"type":"MultiLineString","coordinates":[[[2.425771753681752,48.82432755500821],[2.426221320663029,48.82444393297969],[2.426405890970962,48.824505076243341],[2.426565856473093,48.82457419556841],[2.426739412875659,48.824646077936045],[2.426895184462877,48.824725069776136],[2.42711465516629,48.824833146423018],[2.427201330373366,48.824878530121694],[2.42738244840934,48.825006208687483],[2.427556905311259,48.825120364526285],[2.427659520942597,48.825202698343389],[2.427778293731019,48.825302197402479],[2.427884838272151,48.82539893972347],[2.427961714425584,48.825468558939605],[2.428082965841325,48.825590553760165]],[[2.429609403823979,48.828374193767573],[2.429679146027217,48.828598468760916],[2.429729917473863,48.828813659541332],[2.429771006883998,48.829042294592369],[2.429807862705012,48.829284399892451],[2.429833787425813,48.829405038575374],[2.429899961822245,48.829457517278399]],[[2.428624889595548,48.826229897598914],[2.42867180269478,48.826299373135278],[2.42880577183921,48.826504169793971],[2.429010306492327,48.826857698990956],[2.429174188256294,48.827192146949486],[2.429279085295037,48.827439973786639]],[[2.428082965841325,48.825590553760165],[2.428212301310218,48.82572068141863],[2.428325322457899,48.825848032824325],[2.428436883516106,48.825984370819093],[2.428624889595548,48.826229897598914]],[[2.429385010755623,48.827718383880011],[2.429419372058491,48.827814780158349],[2.429539435886034,48.828170603056783],[2.429609403823979,48.828374193767573]],[[2.429279085295037,48.827439973786639],[2.429316219620468,48.827531886514706],[2.4293560093555,48.827630107467705]],[[2.4293560093555,48.827630107467705],[2.429385010755623,48.827718383880011]],[[2.425500313770079,48.824239012326217],[2.425771753681752,48.82432755500821]],[[2.425480577413107,48.824175961553088],[2.425500313770079,48.824239012326217]]]}},
{"type":"Feature","properties":{"ID":"VOIE_NOM0000002338836710","ID_BAN":null,"name":"Route Du Donjon","INSEE_COM":"75112","NOM_COM":"Paris 12e Arrondissement","SRC_BAN":null,"NOM_COLL":"RTE DU DONJON","TYPE_VOIE":"route","MOT_DIR":"DONJON","LD_BAN":null,"ID_SUPP":"TRONROUT0000000000198271/TRONROUT0000000000198272/TRONROUT0000000000198282/TRONROUT0000000000198283/TRONROUT0000000000198296/TRONROUT0000000230033543/TRONROUT0000000230033619/TRONROUT0000000356918012/TRONROUT0000000356918014/TRONROUT0000000356918019","INSEEDBAN":null,"COMDEL_BAN":null,"DATE_CREAT":"2023-12-08T13:42:59","DATE_MAJ":"2024-12-16T22:01:03","NOM_NORMA":"RTE DU DONJON","ID_BAN_ODO":null,"Nom_a_verifier":true,"other_tags":"nan"},"geometry":{"type":"MultiLineString","coordinates":[[[2.442571682337614,48.844449309747603],[2.442729380448765,48.844483320498824],[2.442786529980101,48.844490781521081],[2.442850578729043,48.84449018046908],[2.44407346324211,48.844431115945426],[2.444895559442562,48.844389066335808]],[[2.442345900180785,48.84428367586959],[2.442479414866367,48.844412905667966],[2.442518687821192,48.844435572512161],[2.442555380029248,48.844444737020645],[2.442571682337614,48.844449309747603]],[[2.451148832642675,48.844101346301521],[2.452186092839232,48.844070126449239],[2.453129422551628,48.844030374091211],[2.453393846531785,48.844022589023304]],[[2.44686402055705,48.844307349266174],[2.447063064505918,48.844297477166876],[2.447105331565348,48.844294974456702]],[[2.444895559442562,48.844389066335808],[2.446730454383713,48.844310329045769],[2.44686402055705,48.844307349266174]],[[2.450929295482056,48.844116527254961],[2.451148832642675,48.844101346301521]],[[2.450687938814549,48.844133406325646],[2.450929295482056,48.844116527254961]],[[2.450509381487593,48.844138881787444],[2.450687938814549,48.844133406325646]],[[2.449729646061053,48.844170372563347],[2.450509381487593,48.844138881787444]],[[2.447105331565348,48.844294974456702],[2.449729646061053,48.844170372563347]]]}},
{"type":"Feature","properties":{"ID":"VOIE_NOM0000002338836715","ID_BAN":null,"name":"Carrefour De La Patte-D'Oie","INSEE_COM":"75112","NOM_COM":"Paris 12e Arrondissement","SRC_BAN":null,"NOM_COLL":"CAR DE LA PATTE-D'OIE","TYPE_VOIE":"carrefour","MOT_DIR":"OIE","LD_BAN":null,"ID_SUPP":"TRONROUT0000000000207054/TRONROUT0000000000207063/TRONROUT0000000000207071/TRONROUT0000000000207078/TRONROUT0000000312565001/TRONROUT0000000358476544","INSEEDBAN":null,"COMDEL_BAN":null,"DATE_CREAT":"2023-12-08T13:42:59","DATE_MAJ":"2024-12-16T22:01:03","NOM_NORMA":"CAR DE LA PATTE-D'OIE","ID_BAN_ODO":null,"Nom_a_verifier":true,"other_tags":"nan"},"geometry":{"type":"MultiLineString","coordinates":[[[2.442063355110046,48.822182331254318],[2.442067922136343,48.822137384009217],[2.442081955438244,48.822098776526886],[2.442128752463081,48.82205312692863],[2.442189043800747,48.822019232084685],[2.442277810881694,48.82199716185044]],[[2.442063355110046,48.822182331254318],[2.442069808803219,48.822215638094569],[2.442103280248974,48.822269756519844],[2.442172191470378,48.82232134214776],[2.442271229415253,48.822357778944102]],[[2.442540246351344,48.822292479903787],[2.442581778011777,48.822229717542413],[2.442589280016498,48.822164997800094],[2.442568229134066,48.822095648099697]],[[2.442271229415253,48.822357778944102],[2.442373424231793,48.822353758688067],[2.442470363538244,48.822331726423613],[2.442540246351344,48.822292479903787]],[[2.442449300793292,48.822008754016039],[2.442526576013412,48.822042391026777],[2.442568229134066,48.822095648099697]],[[2.442277810881694,48.82199716185044],[2.442367718614929,48.82199578240683],[2.442449300793292,48.822008754016039]]]}},
{"type":"Feature","properties":{"ID":"VOIE_NOM0000002338836720","ID_BAN":null,"name":"Carrefour De Beaute","INSEE_COM":"75112","NOM_COM":"Paris 12e Arrondissement","SRC_BAN":null,"NOM_COLL":"CAR DE BEAUTE","TYPE_VOIE":"carrefour","MOT_DIR":"BEAUTE","LD_BAN":null,"ID_SUPP":"TRONROUT0000000217444743/TRONROUT0000000217444744/TRONROUT0000000217444745/TRONROUT0000000217444746/TRONROUT0000000217444747/TRONROUT0000000217444752","INSEEDBAN":null,"COMDEL_BAN":null,"DATE_CREAT":"2023-12-08T13:42:59","DATE_MAJ":"2024-12-16T22:01:03","NOM_NORMA":"CAR DE BEAUTE","ID_BAN_ODO":null,"Nom_a_verifier":true,"other_tags":"nan"},"geometry":{"type":"MultiLineString","coordinates":[[[2.4643608378046,48.827099500500594],[2.46434021251916,48.827118294792825],[2.464326369916769,48.827139817558326],[2.464320690569151,48.827162276252501],[2.464320441075882,48.827186557998246],[2.464328373337195,48.827209977025852],[2.464344496603811,48.827231634009827],[2.46436612366956,48.827247919450464],[2.464382367076342,48.827257885218557]],[[2.4643608378046,48.827099500500594],[2.464382778960511,48.827085208924835],[2.464410131477062,48.827074539041277],[2.464444257438643,48.827067496945986],[2.464478337202257,48.827064951461018],[2.46451371438445,48.827068707333353],[2.464547692543365,48.827076054392762]],[[2.464598001665879,48.82721747998626],[2.464610398971907,48.827204045008315],[2.464622851683224,48.82718521408534],[2.464628466256932,48.827169050644891],[2.464629966868918,48.827155566883199]],[[2.464547692543365,48.827076054392762],[2.464578891130857,48.827088785190277],[2.464603260847795,48.82710328413836],[2.464620737043831,48.827125846508999],[2.464629966868918,48.827155566883199]],[[2.464492557559454,48.827271869156355],[2.464523987175713,48.827262116869704],[2.464558196372356,48.827246980828242],[2.464580137536232,48.827232689218164],[2.464598001665879,48.82721747998626]],[[2.464382367076342,48.827257885218557],[2.464419041797961,48.82726794248557],[2.464463953725059,48.8272717410713],[2.464492557559454,48.827271869156355]]]}},
{"type":"Feature","properties":{"ID":"VOIE_NOM0000002338836731","ID_BAN":null,"name":"Route De La Demi-Lune","INSEE_COM":"75112","NOM_COM":"Paris 12e Arrondissement","SRC_BAN":null,"NOM_COLL":"RTE DE LA DEMI-LUNE","TYPE_VOIE":"route","MOT_DIR":"LUNE","LD_BAN":null,"ID_SUPP":"TRONROUT0000000000205422/TRONROUT0000000000206118/TRONROUT0000000000206119/TRONROUT0000000000206123/TRONROUT0000000000207053/TRONROUT0000000000207057/TRONROUT0000000000207066/TRONROUT0000000000207092/TRONROUT0000000230032999","INSEEDBAN":null,"COMDEL_BAN":null,"DATE_CREAT":"2023-12-08T13:42:59","DATE_MAJ":"2024-12-16T22:01:03","NOM_NORMA":"RTE DE LA DEMI-LUNE","ID_BAN_ODO":null,"Nom_a_verifier":true,"other_tags":"nan"},"geometry":{"type":"MultiLineString","coordinates":[[[2.437395509234712,48.825356822470233],[2.437629024249186,48.825175348927502],[2.437777345368259,48.825062725830939],[2.437870729178675,48.824992114666692],[2.438444346588129,48.824596389057859],[2.438501977347216,48.824557087414206],[2.439215544502148,48.824065782474179],[2.43945841700188,48.823899638377107],[2.439544880140614,48.82383888648183],[2.439934633104776,48.823566404653114]],[[2.44182463131038,48.821199103527711],[2.441851359600887,48.821246894997408],[2.441952339491925,48.821356190280099],[2.442065461723278,48.821476334579508],[2.442111228592451,48.82152691292206],[2.442151432344234,48.821588257750285],[2.442199394112111,48.821688311723221]],[[2.439934633104776,48.823566404653114],[2.440575419223573,48.823127813254416],[2.440635790000063,48.823086724623522],[2.441579764043547,48.822443589634759],[2.441719714164904,48.822348010407794],[2.441933757931856,48.82220151267186]],[[2.442199394112111,48.821688311723221],[2.442221536900719,48.821782849008514],[2.442245157157112,48.821866600717257],[2.442277810881694,48.82199716185044]],[[2.437093036188497,48.825617115415163],[2.437380041616385,48.825401718145081],[2.437395509234712,48.825356822470233]],[[2.433925680033385,48.827791226529385],[2.434493744000223,48.827410783530759],[2.435050903056435,48.827030286229828]],[[2.441933757931856,48.82220151267186],[2.442063355110046,48.822182331254318]],[[2.435874426214338,48.82645408141132],[2.437093036188497,48.825617115415163]],[[2.435050903056435,48.827030286229828],[2.435874426214338,48.82645408141132]]]}},
{"type":"Feature","properties":{"ID":"VOIE_NOM0000002338836738","ID_BAN":null,"name":"Route Dauphine","INSEE_COM":"75112","NOM_COM":"Paris 12e Arrondissement","SRC_BAN":null,"NOM_COLL":"RTE DAUPHINE","TYPE_VOIE":"route","MOT_DIR":"DAUPHINE","LD_BAN":null,"ID_SUPP":"TRONROUT0000000000201634/TRONROUT0000000000202427/TRONROUT0000000000202428/TRONROUT0000000000202429/TRONROUT0000000000202432/TRONROUT0000000000202433/TRONROUT0000000000202435/TRONROUT0000000000203254/TRONROUT0000000000204006/TRONROUT0000000000204008/TRON","INSEEDBAN":null,"COMDEL_BAN":null,"DATE_CREAT":"2023-12-08T13:42:59","DATE_MAJ":"2024-12-16T22:01:03","NOM_NORMA":"RTE DAUPHINE","ID_BAN_ODO":null,"Nom_a_verifier":true,"other_tags":"nan"},"geometry":{"type":"MultiLineString","coordinates":[[[2.43792006746849,48.834566090270805],[2.437908810464259,48.834599313744079],[2.43791520485601,48.834638016334772],[2.437932565358035,48.83467047492627],[2.437963645630571,48.834694004369439],[2.438002977170494,48.834710377682768],[2.438050472713958,48.834727688700383],[2.438111697717567,48.834735171221617],[2.438177048348456,48.834739075644826]],[[2.437764140791819,48.835002447017281],[2.43782542427094,48.835004533790048],[2.437919509296603,48.834996881706395],[2.437974155880461,48.834982748714182],[2.438019285828869,48.8349667722619],[2.438057652800266,48.834946267213802],[2.438086522530034,48.834922120092116],[2.438112677360138,48.834897060848277]],[[2.441388730458832,48.82489168169689],[2.441439343367385,48.824744421592939],[2.441518284853164,48.824495665030462],[2.441606682570766,48.82425414747545],[2.441731560337591,48.823912970083981],[2.441935085412799,48.823350015117747],[2.442064121774316,48.823001661568618]],[[2.440783834305535,48.82655448472461],[2.440795116679173,48.826518562774531],[2.440802129570589,48.826499708845013],[2.440925733076344,48.826151332025411],[2.44102258826196,48.825883773093551],[2.441144807515268,48.825537188136678],[2.441388730458832,48.82489168169689]],[[2.43748618838643,48.83475291645945],[2.43751143724566,48.834685583096551],[2.437569293335748,48.834626497308371],[2.437650075119475,48.834589103953569],[2.437745696301247,48.834565270722983],[2.437817964755227,48.834559314886626],[2.43792006746849,48.834566090270805]],[[2.442064121774316,48.823001661568618],[2.442144169429823,48.822776293029698],[2.442149838607552,48.822755633953207],[2.44222874483042,48.822509574459119],[2.442245771403411,48.822445798549118],[2.442271229415253,48.822357778944102]],[[2.438336023905331,48.833387182067973],[2.438413272576017,48.833171697806911],[2.438452606853065,48.833061260888542],[2.438830326913549,48.832015275762743],[2.438875321222336,48.831885079158177],[2.439074879755173,48.831316717976485]],[[2.439228002035025,48.830885741225167],[2.439523090361422,48.830047117880952],[2.439970631862421,48.828837769153552],[2.440280670133935,48.828000111891157],[2.440321416581626,48.827884284294782]],[[2.438112677360138,48.834897060848277],[2.438133441195814,48.834866580107111],[2.438148697719563,48.83484146965931],[2.438155761154106,48.834818119446481],[2.438177048348456,48.834739075644826]],[[2.437525620566391,48.83488620736987],[2.437578264445631,48.834931422980006],[2.437622928752873,48.834958613823822],[2.437677197017397,48.834979554273318],[2.437764140791819,48.835002447017281]],[[2.436861657538847,48.837454354191316],[2.437063498396309,48.836930977717891],[2.437241913561389,48.836431773188202],[2.437328969601602,48.836192053587325],[2.437458185000048,48.835832917221317]],[[2.436129652831623,48.83950504050248],[2.436170125646689,48.839416194866779],[2.436192449378578,48.839367734769716],[2.43624309102427,48.839220478768425],[2.43626978386069,48.8391459578609]],[[2.440321416581626,48.827884284294782],[2.440370528507604,48.827750508484876],[2.440751561392963,48.826642471836621],[2.440783834305535,48.82655448472461]],[[2.43748618838643,48.83475291645945],[2.437487133360817,48.834791593440926],[2.437493440120975,48.834838389888283],[2.437525620566391,48.83488620736987]],[[2.437458185000048,48.835832917221317],[2.437734708236211,48.835078754357738],[2.437764140791819,48.835002447017281]],[[2.436492334223866,48.838472487831282],[2.436790175919397,48.837639285630935],[2.436861657538847,48.837454354191316]],[[2.43626978386069,48.8391459578609],[2.436303453924356,48.839056180736719],[2.436335887912917,48.838954706117093]],[[2.439074879755173,48.831316717976485],[2.439228002035025,48.830885741225167]],[[2.43792006746849,48.834566090270805],[2.438336023905331,48.833387182067973]],[[2.436335887912917,48.838954706117093],[2.436492334223866,48.838472487831282]]]}},
{"type":"Feature","properties":{"ID":"VOIE_NOM0000002338836742","ID_BAN":null,"name":"Avenue De La Dame Blanche","INSEE_COM":"75112","NOM_COM":"Paris 12e Arrondissement","SRC_BAN":null,"NOM_COLL":"AV DE LA DAME BLANCHE","TYPE_VOIE":"avenue","MOT_DIR":"BLANCHE","LD_BAN":null,"ID_SUPP":"TRONROUT0000000000197479/TRONROUT0000000000198274/TRONROUT0000000000198289/TRONROUT0000000000199076/TRONROUT0000000004406067/TRONROUT0000000118200296/TRONROUT0000000230033615/TRONROUT0000000230033616/TRONROUT0000000230033627/TRONROUT0000000230033631/TRON","INSEEDBAN":null,"COMDEL_BAN":null,"DATE_CREAT":"2023-12-08T13:42:59","DATE_MAJ":"2024-12-17T22:15:57","NOM_NORMA":"AV DE LA DAME BLANCHE","ID_BAN_ODO":null,"Nom_a_verifier":true,"other_tags":"nan"},"geometry":{"type":"MultiLineString","coordinates":[[[2.456779071761001,48.843707946027983],[2.457843527623447,48.843549991934779],[2.458370345152385,48.843466939756588],[2.458614645467267,48.843428474059444],[2.459336924080816,48.843286045388105],[2.459873497765623,48.843181446219141],[2.461008304467565,48.842938343073264],[2.461464604893391,48.842821683479677],[2.461793922353881,48.842730532157276],[2.462209409518416,48.842607390621652],[2.462445908347604,48.842532008553405],[2.462672906191356,48.842452985928496],[2.462847962202229,48.842389918011591],[2.462992978353152,48.842333010465495],[2.46318597737142,48.842247538763154]],[[2.440956573336389,48.845251190933631],[2.441065635562072,48.845246304405123],[2.441091581961385,48.845241029507932],[2.441125771187313,48.845229497643309],[2.441203812820446,48.845194787435922],[2.441287449174993,48.84514661301526],[2.441364234063279,48.845102003952839],[2.441480648407004,48.845046787625321],[2.441536715295644,48.845028162955025],[2.441594115784967,48.845012242541323],[2.441692431211505,48.844992915636652],[2.441793462027316,48.844974500673821],[2.441868614013018,48.844955065543125],[2.4419096926548,48.844936370771919],[2.441924786595375,48.844926548302887]],[[2.443924342508108,48.844870206449365],[2.443982874368928,48.844875874614651],[2.444287422792471,48.844939344988845],[2.444431603485377,48.844963397800733],[2.444535042062987,48.844974670342879],[2.444652221161317,48.844975214349574],[2.44477765219527,48.844968601718598],[2.44489366989122,48.844950253695572],[2.445281274601564,48.844891794940509],[2.445379511869685,48.844879659469285],[2.445469478133184,48.844876479105494]],[[2.44785282741999,48.844863220176364],[2.448268851168167,48.844822869962293],[2.448653554808405,48.844780575260387],[2.449090129484814,48.844729524674122],[2.449526722303671,48.844676673875],[2.449992003485367,48.844616758561145],[2.450371339412656,48.844566339491585],[2.450813502906814,48.844501818012574]],[[2.442861218517574,48.845024445618783],[2.442945783052437,48.845016745232151],[2.443037189136836,48.845006378579129],[2.443123221868163,48.844988792023294],[2.443332200799675,48.844942098907971],[2.443580721979383,48.844892891286733],[2.44365439543316,48.844884240392204],[2.443737558683139,48.844880130340819]],[[2.452228901075268,48.844275374856004],[2.452620580123383,48.844216911003521],[2.453503390540452,48.844101333159053],[2.454324563365998,48.844016045663082],[2.455169018589405,48.843919166988471],[2.45645703966083,48.84375235030069],[2.456779071761001,48.843707946027983]],[[2.445469478133184,48.844876479105494],[2.445589353410371,48.8448797327503],[2.4457023968458,48.844884753326426],[2.44591746868195,48.844905535372639],[2.446151539884383,48.844933599809892],[2.446397893372466,48.844959921918658],[2.446497282929874,48.844967576616064]],[[2.442208846466103,48.844994425161957],[2.442414379522456,48.845015169033545],[2.442572338954573,48.845024898663198],[2.442722209698911,48.845026496231924],[2.4428094320509,48.845025103790654],[2.442861218517574,48.845024445618783]],[[2.446497282929874,48.844967576616064],[2.446969039372333,48.844940079691213],[2.447455935881398,48.844898261196654],[2.44785282741999,48.844863220176364]],[[2.450813502906814,48.844501818012574],[2.451865891066271,48.84432857267123],[2.452228901075268,48.844275374856004]],[[2.443737558683139,48.844880130340819],[2.44383710125098,48.844873398319798],[2.443924342508108,48.844870206449365]],[[2.44086390998716,48.845251657243828],[2.440956573336389,48.845251190933631]]]}},
{"type":"Feature","properties":{"ID":"VOIE_NOM0000002338836744","ID_BAN":null,"name":"Route De L'Epine","INSEE_COM":"75112","NOM_COM":"Paris 12e Arrondissement","SRC_BAN":null,"NOM_COLL":"RTE DE L'EPINE","TYPE_VOIE":"route","MOT_DIR":"EPINE","LD_BAN":null,"ID_SUPP":"TRONROUT0000000000201655/TRONROUT0000000000201656/TRONROUT0000000000201675/TRONROUT0000000230033377","INSEEDBAN":null,"COMDEL_BAN":null,"DATE_CREAT":"2023-12-08T13:42:59","DATE_MAJ":"2024-12-16T22:01:03","NOM_NORMA":"RTE DE L'EPINE","ID_BAN_ODO":null,"Nom_a_verifier":true,"other_tags":"nan"},"geometry":{"type":"MultiLineString","coordinates":[[[2.422909263700592,48.837194491881924],[2.423140941397801,48.837188414510933],[2.423337327508071,48.837170474869978],[2.423536577407024,48.837139957660469],[2.423746825211175,48.83710049949687],[2.423965206972444,48.837064677577445],[2.424134564157738,48.837026820528912],[2.424247956035528,48.836998586839066]],[[2.421573605148801,48.837116091629795],[2.421820018997041,48.837132572094944],[2.422036381740341,48.837156101738636],[2.422187461966758,48.837169422688035],[2.422387616451422,48.837180282348946],[2.422596004841124,48.83718578525739]],[[2.422596004841124,48.83718578525739],[2.422749909574864,48.837190125523271],[2.422909263700592,48.837194491881924]],[[2.421475736306939,48.837095832387114],[2.421573605148801,48.837116091629795]]]}},
{"type":"Feature","properties":{"ID":"VOIE_NOM0000002338836746","ID_BAN":null,"name":"Esplanade Saint-Louis","INSEE_COM":"75112","NOM_COM":"Paris 12e Arrondissement","SRC_BAN":null,"NOM_COLL":"ESP SAINT-LOUIS","TYPE_VOIE":"esplanade","MOT_DIR":"LOUIS","LD_BAN":null,"ID_SUPP":"TRONROUT0000000000199879/TRONROUT0000000000200833/TRONROUT0000000230033513/TRONROUT0000000230033517/TRONROUT0000000230033676/TRONROUT0000000356876018/TRONROUT0000002206029332/TRONROUT0000002206029349/TRONROUT0000002276160453/TRONROUT0000002276160454","INSEEDBAN":null,"COMDEL_BAN":null,"DATE_CREAT":"2023-12-08T13:42:59","DATE_MAJ":"2024-12-16T22:01:03","NOM_NORMA":"ESP SAINT-LOUIS","ID_BAN_ODO":null,"Nom_a_verifier":true,"other_tags":"nan"},"geometry":{"type":"MultiLineString","coordinates":[[[2.434754404924848,48.840683003498377],[2.434900185391601,48.840683692248092],[2.434969796281709,48.840672329428557],[2.435057216257706,48.840652057107938],[2.435206452400591,48.840585310043579],[2.435354403672378,48.840511361870959],[2.435500573271822,48.840476077452458],[2.435634139998004,48.840472210889317],[2.435706348727485,48.840472551536955],[2.435779803063248,48.840483690298662],[2.435993315182091,48.840520671438306],[2.436051831565015,48.840527242816876],[2.436159483020374,48.840525951560998]],[[2.434584134655315,48.839423098568936],[2.43460818962362,48.839466381442492],[2.434657788893059,48.839541262557816],[2.434677942089156,48.839567439175759],[2.43470881898667,48.839609854904808]],[[2.434357814078425,48.83931140757992],[2.434458446157546,48.839328971189275],[2.434500475620901,48.839348056403914],[2.434545112837982,48.839377946224843],[2.434584134655315,48.839423098568936]],[[2.434518424408297,48.84058205960423],[2.434612159035357,48.840607684658778],[2.434677253399751,48.84063587236389],[2.434754404924848,48.840683003498377]],[[2.434181307580668,48.839254812622571],[2.434205615954959,48.839274713476954],[2.434249017441348,48.839292905913091],[2.434357814078425,48.83931140757992]],[[2.43470881898667,48.839609854904808],[2.434740726737341,48.839682853654303],[2.434739022970536,48.839714323119154]],[[2.434361069472372,48.840392450690786],[2.434704221465319,48.839782509837484],[2.434739022970536,48.839714323119154]],[[2.434146822534073,48.83916831112839],[2.434162614780683,48.839219649239716],[2.434181307580668,48.839254812622571]],[[2.434292904994269,48.84052163576704],[2.434518424408297,48.84058205960423]],[[2.434292904994269,48.84052163576704],[2.434361069472372,48.840392450690786]]]}},
{"type":"Feature","properties":{"ID":"VOIE_NOM0000002338836749","ID_BAN":null,"name":"Route De L'Asile National","INSEE_COM":"75112","NOM_COM":"Paris 12e Arrondissement","SRC_BAN":null,"NOM_COLL":"RTE DE L'ASILE NATIONAL","TYPE_VOIE":"route","MOT_DIR":"NATIONAL","LD_BAN":null,"ID_SUPP":"TRONROUT0000000000204048/TRONROUT0000000000204730/TRONROUT0000000000204734/TRONROUT0000000000204744/TRONROUT0000000000204746/TRONROUT0000000000204747/TRONROUT0000000000205467/TRONROUT0000000000205474/TRONROUT0000000000205476/TRONROUT0000000000206704/TRON","INSEEDBAN":null,"COMDEL_BAN":null,"DATE_CREAT":"2023-12-08T13:42:59","DATE_MAJ":"2024-12-16T22:01:03","NOM_NORMA":"RTE DE L'ASILE NATIONAL","ID_BAN_ODO":null,"Nom_a_verifier":true,"other_tags":"nan"},"geometry":{"type":"MultiLineString","coordinates":[[[2.423609356122501,48.824521309120456],[2.423649918211377,48.824671699515143],[2.423673480119897,48.824758152642367],[2.423687855906921,48.824813083522763],[2.423724362203959,48.824960756194123],[2.423797345601012,48.825258799411785],[2.423866015675056,48.825700720888022],[2.423919196877989,48.826065221765049],[2.423927528851335,48.8261740855976]],[[2.422789625279928,48.833603661365096],[2.422808778379594,48.833473346082137],[2.422819578702035,48.833359179020306],[2.422823221208869,48.833153242297293],[2.422820042576542,48.832948171983908],[2.42281583034151,48.832713417626834],[2.422808298223105,48.832409396139418],[2.422807326324839,48.832251103296755]],[[2.423872068821479,48.827618204678828],[2.423879922786351,48.827523808850046],[2.423939027111997,48.82710588724126],[2.423962439277185,48.826836189401405],[2.423964019191349,48.826693197360946],[2.423961204872711,48.82657806457631],[2.423954463369174,48.826448522957307]],[[2.422807326324839,48.832251103296755],[2.422809090774773,48.83196871130248],[2.422855849411812,48.831559725891502],[2.422913247663033,48.831050962085698],[2.423030829009807,48.830520004226976],[2.423076438733735,48.830337652947996]],[[2.423453213106978,48.824230059645707],[2.423456941102289,48.824262454972725],[2.423478255828504,48.824305727536753],[2.423557142538072,48.824439214707326],[2.423609356122501,48.824521309120456]],[[2.423137638911707,48.830100515481305],[2.423216148481746,48.829899436072125],[2.423311411078336,48.829661563330781],[2.423362159258887,48.829507116957409],[2.423406672805599,48.829423690463095]],[[2.422486352022146,48.834908971831837],[2.422585367763269,48.834579383800737],[2.422707871626734,48.834097017249448],[2.422767538453243,48.833752849102765],[2.422789625279928,48.833603661365096]],[[2.422153595207706,48.835677218744195],[2.422264642643227,48.835491587243084],[2.422396355814598,48.835162157456132],[2.422470789017999,48.834961059709435],[2.422486352022146,48.834908971831837]],[[2.423689241278051,48.828630911298148],[2.423759653076274,48.828299383964413],[2.423827220508076,48.827978635207074],[2.423833066473359,48.827942688654431]],[[2.423507750153847,48.829152568928187],[2.423555663618043,48.829008001781702],[2.42361459312407,48.828852695283736]],[[2.423427701663137,48.829369829835827],[2.423472473571091,48.829263021014043],[2.423507750153847,48.829152568928187]],[[2.423927528851335,48.8261740855976],[2.423954463369174,48.826448522957307]],[[2.423854889385027,48.827816882270824],[2.423872068821479,48.827618204678828]],[[2.423848983816426,48.827858224749328],[2.423854889385027,48.827816882270824]],[[2.423833066473359,48.827942688654431],[2.423848983816426,48.827858224749328]],[[2.42361459312407,48.828852695283736],[2.423689241278051,48.828630911298148]],[[2.423406672805599,48.829423690463095],[2.423427701663137,48.829369829835827]],[[2.423449922693297,48.824158094103922],[2.423453213106978,48.824230059645707]],[[2.423076438733735,48.830337652947996],[2.423137638911707,48.830100515481305]]]}},
{"type":"Feature","properties":{"ID":"VOIE_NOM0000002338858004","ID_BAN":null,"name":"Avenue Saint-Maurice Du Valais","INSEE_COM":"75112","NOM_COM":"Paris 12e Arrondissement","SRC_BAN":null,"NOM_COLL":"AV SAINT-MAURICE DU VALAIS","TYPE_VOIE":"avenue","MOT_DIR":"VALAIS","LD_BAN":null,"ID_SUPP":"TRONROUT0000000313739442","INSEEDBAN":null,"COMDEL_BAN":null,"DATE_CREAT":"2023-12-08T13:42:59","DATE_MAJ":"2024-03-12T16:10:18","NOM_NORMA":"AV SAINT-MAURICE DU VALAIS","ID_BAN_ODO":null,"Nom_a_verifier":true,"other_tags":"nan"},"geometry":{"type":"MultiLineString","coordinates":[[[2.458975677372445,48.817181292924651],[2.459145756079187,48.81706514379281],[2.459278859802648,48.816968613428998],[2.459350308378354,48.81690777909629],[2.45941357657735,48.816847807107486]]]}},
{"type":"Feature","properties":{"ID":"VOIE_NOM0000002338858720","ID_BAN":null,"name":"Avenue Foch","INSEE_COM":"75112","NOM_COM":"Paris 12e Arrondissement","SRC_BAN":null,"NOM_COLL":"AV FOCH","TYPE_VOIE":"avenue","MOT_DIR":"FOCH","LD_BAN":null,"ID_SUPP":"TRONROUT0000000000197476/TRONROUT0000000000197490/TRONROUT0000000000197498/TRONROUT0000002275226188","INSEEDBAN":null,"COMDEL_BAN":null,"DATE_CREAT":"2023-12-08T13:42:59","DATE_MAJ":"2024-03-12T16:10:18","NOM_NORMA":"AV FOCH","ID_BAN_ODO":null,"Nom_a_verifier":true,"other_tags":"nan"},"geometry":{"type":"MultiLineString","coordinates":[[[2.446646486889991,48.845801966183075],[2.444920679114487,48.845868617580692],[2.44448461804802,48.845870190998049]],[[2.441832429345914,48.845916304436756],[2.44085635514205,48.845955814816357],[2.44075815339398,48.845964349333954]],[[2.44448461804802,48.845870190998049],[2.444286978123055,48.845875568586159]],[[2.444286978123055,48.845875568586159],[2.444135703949514,48.84587756387716],[2.442269940068898,48.845906653274348],[2.441832429345914,48.845916304436756]]]}},
{"type":"Feature","properties":{"ID":"VOIE_NOM0000002338858734","ID_BAN":null,"name":"Avenue Francois Fresneau","INSEE_COM":"75112","NOM_COM":"Paris 12e Arrondissement","SRC_BAN":null,"NOM_COLL":"AV FRANCOIS FRESNEAU","TYPE_VOIE":"avenue","MOT_DIR":"FRESNEAU","LD_BAN":null,"ID_SUPP":"TRONROUT0000000000202527","INSEEDBAN":null,"COMDEL_BAN":null,"DATE_CREAT":"2023-12-08T13:42:59","DATE_MAJ":"2024-03-12T16:10:18","NOM_NORMA":"AV FRANCOIS FRESNEAU","ID_BAN_ODO":null,"Nom_a_verifier":true,"other_tags":"nan"},"geometry":{"type":"MultiLineString","coordinates":[[[2.408114727156665,48.834800944617633],[2.408152243822627,48.83473637606955],[2.40821030681071,48.834662016162383],[2.408293084481482,48.834570690574388],[2.408406005284709,48.834464224828743],[2.408517502134151,48.83436314811145],[2.408708917716941,48.834182422981009]]]}},
{"type":"Feature","properties":{"ID":"VOIE_NOM0000002338859773","ID_BAN":null,"name":"Avenue De Paris","INSEE_COM":"75112","NOM_COM":"Paris 12e Arrondissement","SRC_BAN":null,"NOM_COLL":"AV DE PARIS","TYPE_VOIE":"avenue","MOT_DIR":"PARIS","LD_BAN":null,"ID_SUPP":"TRONROUT0000000000198313","INSEEDBAN":null,"COMDEL_BAN":null,"DATE_CREAT":"2023-12-08T13:42:59","DATE_MAJ":"2024-03-12T16:10:18","NOM_NORMA":"AV DE PARIS","ID_BAN_ODO":null,"Nom_a_verifier":true,"other_tags":"nan"},"geometry":{"type":"MultiLineString","coordinates":[[[2.437958319623622,48.84466425489591],[2.438172470882146,48.844643676310874],[2.43837981897427,48.844622166052318],[2.43861442732519,48.84459988400441],[2.438767196121514,48.844585311773912]]]}},
{"type":"Feature","properties":{"ID":"VOIE_NOM0000002338860748","ID_BAN":null,"name":"Allée Des 116 Victimes Du Vol Ah 5017 Du 24 Juillet 2014","INSEE_COM":"75112","NOM_COM":"Paris 12e Arrondissement","SRC_BAN":null,"NOM_COLL":"ALL DES 116 VICTIMES DU VOL AH 5017 DU 24 JUILLET 2014","TYPE_VOIE":"allée","MOT_DIR":"2014","LD_BAN":null,"ID_SUPP":"TRONROUT0000000000203493/TRONROUT0000000000203497/TRONROUT0000000000203513/TRONROUT0000002000696337","INSEEDBAN":null,"COMDEL_BAN":null,"DATE_CREAT":"2023-12-08T13:42:59","DATE_MAJ":"2024-03-12T16:10:18","NOM_NORMA":"ALL DES 116 VICTIMES DU VOL AH 5017 DU 24 JUILLET 2014","ID_BAN_ODO":null,"Nom_a_verifier":true,"other_tags":"nan"},"geometry":{"type":"MultiLineString","coordinates":[[[2.38495167007147,48.832516606167125],[2.384426259825646,48.832941102718117],[2.384360203885539,48.832997422868651]],[[2.383242158416446,48.833883834856763],[2.383156858212681,48.833954444939167],[2.383055146872943,48.83403036650828]],[[2.384360203885539,48.832997422868651],[2.383938046539988,48.833329813761054]],[[2.383938046539988,48.833329813761054],[2.383836295036372,48.833409333285729],[2.383701498600742,48.833518361561801],[2.383557080818967,48.833634535025794],[2.383519959907613,48.833663123440701],[2.383306822521364,48.833830206280098],[2.383242158416446,48.833883834856763]]]}},
{"type":"Feature","properties":{"ID":"VOIE_NOM0000002338860749","ID_BAN":null,"name":"Allée Des 4 Carrefours","INSEE_COM":"75112","NOM_COM":"Paris 12e Arrondissement","SRC_BAN":null,"NOM_COLL":"ALL DES 4 CARREFOURS","TYPE_VOIE":"allée","MOT_DIR":"CARREFOURS","LD_BAN":null,"ID_SUPP":"TRONROUT0000000000205394/TRONROUT0000000000205408/TRONROUT0000000000205418/TRONROUT0000000000206115/TRONROUT0000000000206129/TRONROUT0000000000206130","INSEEDBAN":null,"COMDEL_BAN":null,"DATE_CREAT":"2023-12-08T13:42:59","DATE_MAJ":"2024-03-12T16:10:18","NOM_NORMA":"ALL DES 4 CARREFOURS","ID_BAN_ODO":null,"Nom_a_verifier":true,"other_tags":"nan"},"geometry":{"type":"MultiLineString","coordinates":[[[2.434682182524603,48.826112087688792],[2.434351031873253,48.826000798859667]],[[2.434682182524603,48.826112087688792],[2.435681577928788,48.826401008204989],[2.435874426214338,48.82645408141132]],[[2.438920839466018,48.827402855869543],[2.440000183044499,48.827735284399502],[2.44006106204894,48.827774242223022],[2.440121709351547,48.827834783729841],[2.440161780423639,48.827908719382314]],[[2.438920839466018,48.827402855869543],[2.437880835402289,48.827086790965005],[2.437366364042872,48.826921586144437]],[[2.436439148610903,48.826632120728917],[2.435874426214338,48.82645408141132]],[[2.436439148610903,48.826632120728917],[2.43712612151203,48.82684221065854],[2.437366364042872,48.826921586144437]]]}},
{"type":"Feature","properties":{"ID":"VOIE_NOM0000002338860750","ID_BAN":null,"name":"Chemin Du Cimetiere","INSEE_COM":"75112","NOM_COM":"Paris 12e Arrondissement","SRC_BAN":null,"NOM_COLL":"CHE DU CIMETIERE","TYPE_VOIE":"chemin","MOT_DIR":"CIMETIERE","LD_BAN":null,"ID_SUPP":"TRONROUT0000000000206211/TRONROUT0000000230032961/TRONROUT0000000357923564/TRONROUT0000002276194311","INSEEDBAN":null,"COMDEL_BAN":null,"DATE_CREAT":"2023-12-08T13:42:59","DATE_MAJ":"2024-03-12T16:10:18","NOM_NORMA":"CHE DU CIMETIERE","ID_BAN_ODO":null,"Nom_a_verifier":true,"other_tags":"nan"},"geometry":{"type":"MultiLineString","coordinates":[[[2.412641312312299,48.824811501016868],[2.412623085017662,48.824736763662585]],[[2.413513611791298,48.825367096701108],[2.413476948234065,48.825357023808465]],[[2.413278678695062,48.825303887705736],[2.413229797448828,48.825290157309141],[2.413107781731107,48.825239193785194],[2.41299266751444,48.82518016967088],[2.41289263710377,48.825112225784594],[2.412815649928044,48.825054288039603],[2.412744212307135,48.824987383781348],[2.412702516430281,48.824940411711601],[2.412674511733705,48.824887211268283],[2.412641312312299,48.824811501016868]],[[2.413476948234065,48.825357023808465],[2.413360147496,48.825326771655277],[2.413278678695062,48.825303887705736]]]}},
{"type":"Feature","properties":{"ID":"VOIE_NOM0000002338860751","ID_BAN":null,"name":"Allée Des Buttes","INSEE_COM":"75112","NOM_COM":"Paris 12e Arrondissement","SRC_BAN":null,"NOM_COLL":"ALL DES BUTTES","TYPE_VOIE":"allée","MOT_DIR":"BUTTES","LD_BAN":null,"ID_SUPP":"TRONROUT0000000000205445/TRONROUT0000000000206143/TRONROUT0000000000206144/TRONROUT0000000000206155/TRONROUT0000000000206161/TRONROUT0000000000206714/TRONROUT0000002009936947","INSEEDBAN":null,"COMDEL_BAN":null,"DATE_CREAT":"2023-12-08T13:42:59","DATE_MAJ":"2024-03-12T16:10:18","NOM_NORMA":"ALL DES BUTTES","ID_BAN_ODO":null,"Nom_a_verifier":true,"other_tags":"nan"},"geometry":{"type":"MultiLineString","coordinates":[[[2.424484827167647,48.824306079155285],[2.425235590795456,48.824653249498837],[2.425384698719284,48.82471872073328]],[[2.425384698719284,48.82471872073328],[2.426669392557192,48.825315772964089]],[[2.427699294774736,48.825798271351736],[2.426669392557192,48.825315772964089]],[[2.430373157502404,48.827042273088445],[2.430600788184067,48.827153080004045]],[[2.428684524400177,48.826257163574454],[2.42872924561745,48.82627806269705],[2.429262082648474,48.826504549647929],[2.4301767572035,48.826940608215601],[2.430373157502404,48.827042273088445]],[[2.428624889595548,48.826229897598914],[2.428471825140373,48.826151820458435],[2.427699294774736,48.825798271351736]],[[2.428624889595548,48.826229897598914],[2.428684524400177,48.826257163574454]]]}},
{"type":"Feature","properties":{"ID":"VOIE_NOM0000002338860752","ID_BAN":null,"name":"Allée Des Chenes","INSEE_COM":"75112","NOM_COM":"Paris 12e Arrondissement","SRC_BAN":null,"NOM_COLL":"ALL DES CHENES","TYPE_VOIE":"allée","MOT_DIR":"CHENES","LD_BAN":null,"ID_SUPP":"TRONROUT0000000000200816/TRONROUT0000000000200821/TRONROUT0000000000200824/TRONROUT0000000000201628/TRONROUT0000000230033414/TRONROUT0000002009936928/TRONROUT0000002009936929","INSEEDBAN":null,"COMDEL_BAN":null,"DATE_CREAT":"2023-12-08T13:42:59","DATE_MAJ":"2024-03-12T16:10:18","NOM_NORMA":"ALL DES CHENES","ID_BAN_ODO":null,"Nom_a_verifier":true,"other_tags":"nan"},"geometry":{"type":"MultiLineString","coordinates":[[[2.441503845262705,48.8375417720966],[2.441537418556592,48.837460087195296],[2.441576325523585,48.837389219486077],[2.441633019967497,48.837311239921625],[2.441682719493021,48.837250315497691],[2.441719084430819,48.837162348043009]],[[2.441406951609681,48.837811127260807],[2.441503845262705,48.8375417720966]],[[2.441287478257135,48.838153224848305],[2.441327989426521,48.838059880793438],[2.441366035960754,48.837942242529067],[2.441406951609681,48.837811127260807]],[[2.439467420828023,48.839151990900127],[2.439246074306928,48.839210311087506],[2.438957756833152,48.839288102645071],[2.438807466976665,48.839326969399231],[2.438577925195651,48.8393870486155],[2.43849314631894,48.839415430130671],[2.438420580522997,48.839448365709664],[2.438357503005151,48.839485842580935],[2.438295719959007,48.839529620998633],[2.438258644266092,48.839556427620252]],[[2.439467420828023,48.839151990900127],[2.439631275614482,48.839118583007853],[2.439837441697534,48.83907817817397],[2.440095619867361,48.839015532505549],[2.440345835515388,48.838933063155679],[2.440484180171677,48.838864459786315],[2.440622601675209,48.838788661751039],[2.440838117010754,48.838638577244922],[2.440909578224876,48.838581352359689],[2.441132626949803,48.838363850654041]],[[2.441215285321805,48.838278797784625],[2.441287478257135,48.838153224848305]],[[2.441132626949803,48.838363850654041],[2.441215285321805,48.838278797784625]]]}},
{"type":"Feature","properties":{"ID":"VOIE_NOM0000002338860753","ID_BAN":null,"name":"Allée Des Dahlias","INSEE_COM":"75112","NOM_COM":"Paris 12e Arrondissement","SRC_BAN":null,"NOM_COLL":"ALL DES DAHLIAS","TYPE_VOIE":"allée","MOT_DIR":"DAHLIAS","LD_BAN":null,"ID_SUPP":"TRONROUT0000000000202421","INSEEDBAN":null,"COMDEL_BAN":null,"DATE_CREAT":"2023-12-08T13:42:59","DATE_MAJ":"2024-03-12T16:10:18","NOM_NORMA":"ALL DES DAHLIAS","ID_BAN_ODO":null,"Nom_a_verifier":true,"other_tags":"nan"},"geometry":{"type":"MultiLineString","coordinates":[[[2.444395210717132,48.835467823955021],[2.44438082084816,48.835539705927438],[2.444347598363567,48.835589016406239],[2.444280433279844,48.83562737685989],[2.444203818268929,48.835657599124147],[2.444125879225979,48.835684217745502],[2.444039833414148,48.835704503115309],[2.443868173358616,48.8357046044732],[2.44378090905262,48.835711393590714],[2.443716621566728,48.835735377346715],[2.443580697290399,48.83583367472729],[2.443491436730735,48.835899812105524],[2.443323842254734,48.836029439426824],[2.443237200000723,48.836105481750124],[2.443118849481523,48.83621645141713],[2.443014112062901,48.836328383708654],[2.442956154537865,48.836397364503625],[2.442848268799463,48.836548853790866],[2.44277715576081,48.836701413633158],[2.442758820533787,48.836759786574127],[2.442754560478908,48.836775955195513],[2.442692749402296,48.837077851907452]]]}},
{"type":"Feature","properties":{"ID":"VOIE_NOM0000002338860754","ID_BAN":null,"name":"Allée Des Lapins","INSEE_COM":"75112","NOM_COM":"Paris 12e Arrondissement","SRC_BAN":null,"NOM_COLL":"ALL DES LAPINS","TYPE_VOIE":"allée","MOT_DIR":"LAPINS","LD_BAN":null,"ID_SUPP":"TRONROUT0000000000202479/TRONROUT0000000000203291/TRONROUT0000000000203292/TRONROUT0000000000204032/TRONROUT0000000000204035/TRONROUT0000000000204040/TRONROUT0000000000204046/TRONROUT0000000230033188/TRONROUT0000000230033191/TRONROUT0000000230033263/TRON","INSEEDBAN":null,"COMDEL_BAN":null,"DATE_CREAT":"2023-12-08T13:42:59","DATE_MAJ":"2024-03-12T16:10:18","NOM_NORMA":"ALL DES LAPINS","ID_BAN_ODO":null,"Nom_a_verifier":true,"other_tags":"nan"},"geometry":{"type":"MultiLineString","coordinates":[[[2.42933058119688,48.830948648159584],[2.429396113452216,48.830935470349559],[2.429467291236611,48.830904332132917],[2.42952780771071,48.830851558258523]],[[2.4292488504471,48.830948258157306],[2.42933058119688,48.830948648159584]],[[2.429168452334968,48.830950572554869],[2.4292488504471,48.830948258157306]],[[2.42786917125846,48.831791565972431],[2.427980447023113,48.831706658587045],[2.428591071338777,48.831303963968935]],[[2.427362468764333,48.83215788045036],[2.42786917125846,48.831791565972431]],[[2.428726864237789,48.831219172993535],[2.428967236742726,48.831038649163773],[2.429042747709918,48.830985047762958],[2.429098961498507,48.830952039598486],[2.429168452334968,48.830950572554869]],[[2.428591071338777,48.831303963968935],[2.428726864237789,48.831219172993535]],[[2.42549348071982,48.833388241012074],[2.424168903168197,48.834288429418962]],[[2.424168903168197,48.834288429418962],[2.424061861469185,48.834358963702449]],[[2.42255821395482,48.835431848243005],[2.422366167143455,48.835550536101145],[2.422153595207706,48.835677218744195]],[[2.423172046436125,48.834993223214404],[2.42255821395482,48.835431848243005]],[[2.424061861469185,48.834358963702449],[2.423862762186336,48.834500104149683]],[[2.423862762186336,48.834500104149683],[2.423172046436125,48.834993223214404]],[[2.426387867657378,48.832828632713117],[2.426630831754859,48.832661616651826],[2.426875116965058,48.832498203866223],[2.427362468764333,48.83215788045036]],[[2.42549348071982,48.833388241012074],[2.425834888034017,48.833189322350485],[2.426203893752922,48.832958158001986],[2.426387867657378,48.832828632713117]]]}},
{"type":"Feature","properties":{"ID":"VOIE_NOM0000002338860756","ID_BAN":null,"name":"Allée Des Pivoines","INSEE_COM":"75112","NOM_COM":"Paris 12e Arrondissement","SRC_BAN":null,"NOM_COLL":"ALL DES PIVOINES","TYPE_VOIE":"allée","MOT_DIR":"PIVOINES","LD_BAN":null,"ID_SUPP":"TRONROUT0000000000200818/TRONROUT0000000312565041/TRONROUT0000000312565042/TRONROUT0000000312565050","INSEEDBAN":null,"COMDEL_BAN":null,"DATE_CREAT":"2023-12-08T13:42:59","DATE_MAJ":"2024-03-12T16:10:18","NOM_NORMA":"ALL DES PIVOINES","ID_BAN_ODO":null,"Nom_a_verifier":true,"other_tags":"nan"},"geometry":{"type":"MultiLineString","coordinates":[[[2.441293428858621,48.838487813882416],[2.441204206108954,48.838422643333658],[2.441132626949803,48.838363850654041]],[[2.441213104967427,48.839244697902195],[2.441221790334227,48.839197072528961],[2.441249886638067,48.839118060310355]],[[2.44139739425514,48.838830055429121],[2.441413122618254,48.838760878327548],[2.441408386280804,48.838694303730378],[2.441387301379335,48.838627652783629],[2.441359308247085,48.83856996314627],[2.441329808210893,48.838525756831402],[2.441293428858621,48.838487813882416]],[[2.441249886638067,48.839118060310355],[2.441258244172797,48.839101011555002],[2.441284650216394,48.839052569585057],[2.441324882548967,48.838985305672416],[2.441367984134392,48.838904564776911],[2.44139739425514,48.838830055429121]]]}},
{"type":"Feature","properties":{"ID":"VOIE_NOM0000002338860757","ID_BAN":null,"name":"Allée Des Rhododendrons","INSEE_COM":"75112","NOM_COM":"Paris 12e Arrondissement","SRC_BAN":null,"NOM_COLL":"ALL DES RHODODENDRONS","TYPE_VOIE":"allée","MOT_DIR":"RHODODENDRONS","LD_BAN":null,"ID_SUPP":"TRONROUT0000000000201629/TRONROUT0000000000201630/TRONROUT0000000000201631/TRONROUT0000000000201632","INSEEDBAN":null,"COMDEL_BAN":null,"DATE_CREAT":"2023-12-08T13:42:59","DATE_MAJ":"2024-03-12T16:10:18","NOM_NORMA":"ALL DES RHODODENDRONS","ID_BAN_ODO":null,"Nom_a_verifier":true,"other_tags":"nan"},"geometry":{"type":"MultiLineString","coordinates":[[[2.442692749402296,48.837077851907452],[2.442457054795953,48.837077652897378],[2.442135330588564,48.837095938768989],[2.441941627776147,48.837118418555484],[2.441719084430819,48.837162348043009]],[[2.4441972554569,48.837423011074605],[2.444275456776192,48.837499819897722],[2.444337233378303,48.837583747234028],[2.444370611594638,48.837647756736025],[2.444398425428902,48.837722532680047],[2.444438433485208,48.837803660757189],[2.444501745590172,48.83787140666557],[2.444561057018367,48.837931039734713],[2.444673184634932,48.838020596801037],[2.445085805235499,48.838295017156597]],[[2.443105240881946,48.837107653185946],[2.442936502722359,48.837088880292143],[2.442692749402296,48.837077851907452]],[[2.4441972554569,48.837423011074605],[2.444106611004544,48.837363232183364],[2.443987347879009,48.837304219553054],[2.443874714445488,48.837262325440442],[2.443757878993967,48.837231203985326],[2.44351053706823,48.837173393921766],[2.443284829875823,48.837130973138109],[2.443105240881946,48.837107653185946]]]}},
{"type":"Feature","properties":{"ID":"VOIE_NOM0000002338860758","ID_BAN":null,"name":"Allée Des Terrasses","INSEE_COM":"75112","NOM_COM":"Paris 12e Arrondissement","SRC_BAN":null,"NOM_COLL":"ALL DES TERRASSES","TYPE_VOIE":"allée","MOT_DIR":"TERRASSES","LD_BAN":null,"ID_SUPP":"TRONROUT0000000000200809/TRONROUT0000000000201627","INSEEDBAN":null,"COMDEL_BAN":null,"DATE_CREAT":"2023-12-08T13:42:59","DATE_MAJ":"2024-03-12T16:10:18","NOM_NORMA":"ALL DES TERRASSES","ID_BAN_ODO":null,"Nom_a_verifier":true,"other_tags":"nan"},"geometry":{"type":"MultiLineString","coordinates":[[[2.443024767302818,48.837626208525975],[2.443027023362739,48.837542578678743],[2.443051413355998,48.837427574329695],[2.443080745461168,48.837232550034756],[2.443105240881946,48.837107653185946]],[[2.442657403665027,48.839491564338843],[2.442810233268992,48.83946979238025],[2.442954965217873,48.839440787661118],[2.443109493253083,48.839387545729203],[2.443230028217473,48.83932784988199],[2.443312194835386,48.839288660576692],[2.443413674983379,48.839227077148458],[2.4434854126376,48.839143770687869],[2.443551873307674,48.839044251198594],[2.443604681024961,48.83894736623327],[2.443639931099253,48.83883600985564],[2.443650206946884,48.83876680711397],[2.443644566133006,48.838657059242905],[2.44362366077977,48.83857332173875],[2.443588086142475,48.838459837181048],[2.443528315364742,48.838315661869913],[2.443466808060666,48.838206553395494],[2.44339438286532,48.838099192791425],[2.443303076959562,48.837973757097537],[2.443212941723255,48.837866313934761],[2.443111821513198,48.837766913777337],[2.443052694506442,48.837690193018865],[2.443024767302818,48.837626208525975]]]}},
{"type":"Feature","properties":{"ID":"VOIE_NOM0000002338860759","ID_BAN":null,"name":"Allée Jeanne Villepreux-Power","INSEE_COM":"75112","NOM_COM":"Paris 12e Arrondissement","SRC_BAN":null,"NOM_COLL":"ALL JEANNE VILLEPREUX-POWER","TYPE_VOIE":"allée","MOT_DIR":"POWER","LD_BAN":null,"ID_SUPP":"TRONROUT0000000000203383/TRONROUT0000000000203386/TRONROUT0000000000203390/TRONROUT0000000000203404/TRONROUT0000000230033240/TRONROUT0000000230033242/TRONROUT0000000230033690/TRONROUT0000002206029310/TRONROUT0000002276188677","INSEEDBAN":null,"COMDEL_BAN":null,"DATE_CREAT":"2023-12-08T13:42:59","DATE_MAJ":"2024-03-12T16:10:18","NOM_NORMA":"ALL JEANNE VILLEPREUX-POWER","ID_BAN_ODO":null,"Nom_a_verifier":true,"other_tags":"nan"},"geometry":{"type":"MultiLineString","coordinates":[[[2.40466404926151,48.832520117638232],[2.404534087976831,48.832448420771705],[2.404504314435977,48.832431184583072],[2.404482662832033,48.83241848565654],[2.404453094809659,48.832383263157709],[2.404431772024685,48.832341786145399]],[[2.405300874882385,48.83282277455001],[2.40466404926151,48.832520117638232]],[[2.405501222683895,48.832934392508626],[2.405397028673412,48.832872717711794],[2.405300874882385,48.83282277455001]],[[2.408708917716941,48.834182422981009],[2.408791852446674,48.834197222771941],[2.408878496674591,48.834245317311435],[2.408962406337608,48.834294297636767],[2.409045035456058,48.834336076661138],[2.409123842953042,48.83435445328265],[2.409223196612553,48.834363038331759],[2.409345800540018,48.834363643839168],[2.40942063346361,48.834372107632767],[2.409502216618189,48.834386000888657]],[[2.40755856808552,48.833870047358296],[2.407619440224373,48.833908122165425],[2.407826598228848,48.834020669168439],[2.407937772130964,48.834067986481053]],[[2.407937772130964,48.834067986481053],[2.408030048224279,48.834099920965564],[2.40821609573601,48.834152105379573],[2.408437940037334,48.834171190073604],[2.408708917716941,48.834182422981009]],[[2.407450334131363,48.833803857589203],[2.40755856808552,48.833870047358296]],[[2.405501222683895,48.832934392508626],[2.405739488263326,48.833065984554644],[2.406056651960612,48.833207860942778],[2.406226286010665,48.833265363202422],[2.406423400730381,48.833302316202371],[2.406541464928888,48.833342474131236],[2.406729915438321,48.833422553150875]],[[2.406729915438321,48.833422553150875],[2.40695917243155,48.833508230390301],[2.407171940046926,48.833606416559334],[2.407372294866508,48.833718031305686],[2.407422217577466,48.833760548790721],[2.407450334131363,48.833803857589203]]]}},
{"type":"Feature","properties":{"ID":"VOIE_NOM0000002338860760","ID_BAN":null,"name":"Pont Charles De Gaulle","INSEE_COM":"75112","NOM_COM":"Paris 12e Arrondissement","SRC_BAN":null,"NOM_COLL":"PONT CHARLES DE GAULLE","TYPE_VOIE":"pont","MOT_DIR":"GAULLE","LD_BAN":null,"ID_SUPP":"TRONROUT0000000000198535/TRONROUT0000000000198536/TRONROUT0000000000199329/TRONROUT0000002000654111","INSEEDBAN":null,"COMDEL_BAN":null,"DATE_CREAT":"2023-12-08T13:42:59","DATE_MAJ":"2024-03-12T16:10:18","NOM_NORMA":"PONT CHARLES DE GAULLE","ID_BAN_ODO":null,"Nom_a_verifier":true,"other_tags":"nan"},"geometry":{"type":"MultiLineString","coordinates":[[[2.370208355368979,48.84315940956931],[2.369892863033105,48.842994963996496],[2.369607216759008,48.842841467164789],[2.369207820608729,48.842629810785397]],[[2.370569794386586,48.84335557363805],[2.370701087773183,48.843428213172906]],[[2.370307208711325,48.843210294121917],[2.370208355368979,48.84315940956931]],[[2.370307208711325,48.843210294121917],[2.370569794386586,48.84335557363805]]]}},
{"type":"Feature","properties":{"ID":"VOIE_NOM0000002338860763","ID_BAN":null,"name":"Allée Royale","INSEE_COM":"75112","NOM_COM":"Paris 12e Arrondissement","SRC_BAN":null,"NOM_COLL":"ALL ROYALE","TYPE_VOIE":"allée","MOT_DIR":"ROYALE","LD_BAN":null,"ID_SUPP":"TRONROUT0000000000201647/TRONROUT0000000000201648/TRONROUT0000000000201649/TRONROUT0000000000202440/TRONROUT0000000000202441/TRONROUT0000000000202445/TRONROUT0000000000202450/TRONROUT0000000000202451/TRONROUT0000000000202453/TRONROUT0000000000202454/TRON","INSEEDBAN":null,"COMDEL_BAN":null,"DATE_CREAT":"2023-12-08T13:42:59","DATE_MAJ":"2024-03-12T16:10:18","NOM_NORMA":"ALL ROYALE","ID_BAN_ODO":null,"Nom_a_verifier":true,"other_tags":"nan"},"geometry":{"type":"MultiLineString","coordinates":[[[2.43378034662675,48.828881470461695],[2.433839771666177,48.829179442017029],[2.433904548294185,48.829486432450203],[2.433965307588614,48.829787108188086],[2.43402486164473,48.830073388261454],[2.434067596646004,48.830277746411888]],[[2.432681289235167,48.828985085324142],[2.432698558351416,48.829150650641019],[2.432728705222539,48.829384628834511],[2.432775188317352,48.829619583816346],[2.432825601735814,48.829868947218344],[2.432878818219644,48.830111128909529],[2.432915011862909,48.830290274239488],[2.432929252174303,48.830358693520772]],[[2.434067596646004,48.830277746411888],[2.434123201983497,48.830551416510865],[2.434177348116877,48.830834073258686],[2.434260223399427,48.831231085096285],[2.434328535394507,48.831589355194531],[2.434386760573358,48.831872930231341]],[[2.432929252174303,48.830358693520772],[2.433077057171685,48.831047408429853],[2.43326965887749,48.832001647372223]],[[2.434386760573358,48.831872930231341],[2.434458130428756,48.832200636139397],[2.434533382983147,48.832547246892169],[2.434588729817549,48.832845197779584],[2.434684551129328,48.833305225172666]],[[2.434737399430025,48.833582478634909],[2.434793236083914,48.833835463341998],[2.435055273301257,48.83504904101391]],[[2.434684551129328,48.833305225172666],[2.434737399430025,48.833582478634909]],[[2.43326965887749,48.832001647372223],[2.433553767711661,48.833436578365628]],[[2.435055273301257,48.83504904101391],[2.434453724179134,48.835118147173006]],[[2.433828862779269,48.835326540957702],[2.433906620978663,48.835317016021918]],[[2.431378778897201,48.835626996937798],[2.431508364296059,48.835612323761566]],[[2.427529880867617,48.836016947845557],[2.426557345913829,48.836122011383488]],[[2.427754968312687,48.835990144711701],[2.42770038701942,48.83599797782496]],[[2.42770038701942,48.83599797782496],[2.427529880867617,48.836016947845557]],[[2.431281615504491,48.835541995043627],[2.431040046780582,48.835581317468041],[2.430780738311549,48.835623253068555],[2.430543393287099,48.835650003533992]],[[2.430543393287099,48.835650003533992],[2.429868178310996,48.835726830171623],[2.427754968312687,48.835990144711701]],[[2.433828862779269,48.835326540957702],[2.432572408304519,48.835484270769975],[2.432463277583765,48.835497243430964],[2.431587495453537,48.83560190749602]],[[2.431560426858892,48.83546057914976],[2.431479904187294,48.835473686867566]],[[2.431479904187294,48.835473686867566],[2.431369185278258,48.835507336291677]],[[2.431587495453537,48.83560190749602],[2.431508364296059,48.835612323761566]],[[2.4338848977351,48.835184707106066],[2.433797593925884,48.835195086203605]],[[2.434453724179134,48.835118147173006],[2.4338848977351,48.835184707106066]],[[2.435055273301257,48.83504904101391],[2.43512609064488,48.835177084774926]],[[2.433553767711661,48.833436578365628],[2.433703405608901,48.834208939885855],[2.4338848977351,48.835184707106066]],[[2.433906620978663,48.835317016021918],[2.43512609064488,48.835177084774926]],[[2.433797593925884,48.835195086203605],[2.431827907669183,48.835418680679794],[2.431560426858892,48.83546057914976]]]}},
{"type":"Feature","properties":{"ID":"VOIE_NOM0000002338860764","ID_BAN":"75112_lkcw3z","name":"Avenue Anna Politkovskaïa","INSEE_COM":"75112","NOM_COM":"Paris 12e Arrondissement","SRC_BAN":"commune","NOM_COLL":"AV ANNA POLITOVSKAIA","TYPE_VOIE":"avenue","MOT_DIR":"Politkovskaïa","LD_BAN":null,"ID_SUPP":"TRONROUT0000000000198325/TRONROUT0000000000198328/TRONROUT0000000000198341/TRONROUT0000000000198344/TRONROUT0000000000198346/TRONROUT0000000000199154/TRONROUT0000000000199164/TRONROUT0000000000199172/TRONROUT0000000083763441/TRONROUT0000000230033695/TRON","INSEEDBAN":null,"COMDEL_BAN":null,"DATE_CREAT":"2023-12-08T13:42:59","DATE_MAJ":"2024-06-03T13:23:28","NOM_NORMA":"AV ANNA POLITKOVSKAIA","ID_BAN_ODO":null,"Nom_a_verifier":false,"other_tags":"nan"},"geometry":{"type":"MultiLineString","coordinates":[[[2.422035814411433,48.842982142345171],[2.422209120183185,48.842958696896432],[2.422363051899082,48.842962138329803],[2.422527863645601,48.842967430797145],[2.422655818389996,48.842978840659093],[2.422782360897162,48.842994740349347]],[[2.421945403093893,48.843271298104639],[2.422083244986617,48.843251278895544],[2.422238908928428,48.843221452688084],[2.422381027445235,48.843184366030144],[2.42250406083496,48.843148086429899],[2.422598461706224,48.843113467221222]],[[2.421458920624222,48.843275241919414],[2.421475620020834,48.843243845224059],[2.421497749427701,48.843214273495612],[2.42153903363362,48.843177599538258],[2.421674819045001,48.843097314008624],[2.421772065094576,48.843051916931124]],[[2.419859968239215,48.843456363315184],[2.420023598928423,48.843445465092287],[2.420506425555751,48.843402837099561],[2.420751936077502,48.843380642856154],[2.42084878372094,48.843371218837049]],[[2.422846268611189,48.843006740316262],[2.423003811601772,48.842930155669251],[2.423104924655,48.842904561991375],[2.423173108918613,48.842899494644513]],[[2.421439386389179,48.843316517815339],[2.421631668753382,48.843302158534975],[2.421777625987101,48.843287575046645],[2.421945403093893,48.843271298104639]],[[2.42084878372094,48.843371218837049],[2.421017923889447,48.843354949793095],[2.421165243944759,48.84334037364674],[2.421297556428028,48.843327523433778]],[[2.422598461706224,48.843113467221222],[2.4227106545823,48.843071738949575],[2.422846268611189,48.843006740316262]],[[2.421772065094576,48.843051916931124],[2.421915665674836,48.843004045712703],[2.422035814411433,48.842982142345171]],[[2.423173108918613,48.842899494644513],[2.423283341302334,48.842911717737437]],[[2.422782360897162,48.842994740349347],[2.422846268611189,48.843006740316262]],[[2.421439386389179,48.843316517815339],[2.421458920624222,48.843275241919414]],[[2.421297556428028,48.843327523433778],[2.421439386389179,48.843316517815339]]]}},
{"type":"Feature","properties":{"ID":"VOIE_NOM0000002338860765","ID_BAN":null,"name":"Avenue Carnot","INSEE_COM":"75112","NOM_COM":"Paris 12e Arrondissement","SRC_BAN":null,"NOM_COLL":"AV CARNOT","TYPE_VOIE":"avenue","MOT_DIR":"CARNOT","LD_BAN":null,"ID_SUPP":"TRONROUT0000000004406708","INSEEDBAN":null,"COMDEL_BAN":null,"DATE_CREAT":"2023-12-08T13:42:59","DATE_MAJ":"2024-03-12T16:10:18","NOM_NORMA":"AV CARNOT","ID_BAN_ODO":null,"Nom_a_verifier":true,"other_tags":"nan"},"geometry":{"type":"MultiLineString","coordinates":[[[2.433568082564926,48.841145956879565],[2.433560279288979,48.841111744381919],[2.433522883445893,48.841042316845353]]]}},
{"type":"Feature","properties":{"ID":"VOIE_NOM0000002338860767","ID_BAN":null,"name":"Route Des Bosquets","INSEE_COM":"75112","NOM_COM":"Paris 12e Arrondissement","SRC_BAN":null,"NOM_COLL":"RTE DES BOSQUETS","TYPE_VOIE":"route","MOT_DIR":"BOSQUETS","LD_BAN":null,"ID_SUPP":"TRONROUT0000000000201591/TRONROUT0000000000202361/TRONROUT0000000000202363/TRONROUT0000000356952541","INSEEDBAN":null,"COMDEL_BAN":null,"DATE_CREAT":"2023-12-08T13:42:59","DATE_MAJ":"2024-03-12T16:10:18","NOM_NORMA":"RTE DES BOSQUETS","ID_BAN_ODO":null,"Nom_a_verifier":true,"other_tags":"nan"},"geometry":{"type":"MultiLineString","coordinates":[[[2.46111304870047,48.835180070669558],[2.461087890341313,48.83510980730594]],[[2.460430522564301,48.83794251979635],[2.460417699544586,48.837865117252463],[2.460379196519535,48.837767813000049],[2.460285553957603,48.837601009442551],[2.460250868373414,48.837529803710424],[2.460240435170267,48.837484788765749],[2.460235479333737,48.837437100462623],[2.460235935660131,48.837393034009146],[2.460245965687416,48.837345413324648],[2.460296034581207,48.837246709919796],[2.460344582655859,48.837163288704062],[2.460413770534997,48.837060174702358],[2.460486989310108,48.836962474979877],[2.460568428370867,48.836860315487655],[2.460676095760984,48.836724997951556],[2.460800482672621,48.836553781352862],[2.460872337684681,48.836456075209114],[2.461024378914165,48.836245411219927],[2.461174493768102,48.83595739349726]],[[2.461301990733256,48.835484905104394],[2.461264301728823,48.835440666772278],[2.461198469294441,48.835351333706619],[2.461151616260176,48.835271079690706],[2.461123621651988,48.835211595872714],[2.46111304870047,48.835180070669558]],[[2.461174493768102,48.83595739349726],[2.461239740194152,48.835839871428597],[2.461291539839103,48.835705200937667],[2.461332319969804,48.835582172448241],[2.461333923905174,48.835558796342731],[2.461330004278907,48.835542590232194],[2.461320746969093,48.835515567776774],[2.461301990733256,48.835484905104394]]]}},
{"type":"Feature","properties":{"ID":"VOIE_NOM0000002338860769","ID_BAN":null,"name":"Avenue Des Chataigniers","INSEE_COM":"75112","NOM_COM":"Paris 12e Arrondissement","SRC_BAN":null,"NOM_COLL":"AV DES CHATAIGNIERS","TYPE_VOIE":"avenue","MOT_DIR":"CHATAIGNIERS","LD_BAN":null,"ID_SUPP":"TRONROUT0000000000201568/TRONROUT0000000000202348/TRONROUT0000000000202349/TRONROUT0000000354949919","INSEEDBAN":null,"COMDEL_BAN":null,"DATE_CREAT":"2023-12-08T13:42:59","DATE_MAJ":"2024-03-12T16:10:18","NOM_NORMA":"AV DES CHATAIGNIERS","ID_BAN_ODO":null,"Nom_a_verifier":true,"other_tags":"nan"},"geometry":{"type":"MultiLineString","coordinates":[[[2.469496032469829,48.834471077166853],[2.469325562972943,48.834622312634167]],[[2.467922738020386,48.83565214163302],[2.46781973866998,48.835732625649783]],[[2.469325562972943,48.834622312634167],[2.469272003703564,48.834664344864997],[2.468139652539588,48.835489423141794],[2.468013356993444,48.835583294118493]],[[2.468013356993444,48.835583294118493],[2.467922738020386,48.83565214163302]]]}},
{"type":"Feature","properties":{"ID":"VOIE_NOM0000002338860770","ID_BAN":null,"name":"Avenue Des Tilleuls","INSEE_COM":"75112","NOM_COM":"Paris 12e Arrondissement","SRC_BAN":null,"NOM_COLL":"AV DES TILLEULS","TYPE_VOIE":"avenue","MOT_DIR":"TILLEULS","LD_BAN":null,"ID_SUPP":"TRONROUT0000000000201582/TRONROUT0000000000201585/TRONROUT0000000000201592","INSEEDBAN":null,"COMDEL_BAN":null,"DATE_CREAT":"2023-12-08T13:42:59","DATE_MAJ":"2024-03-12T16:10:18","NOM_NORMA":"AV DES TILLEULS","ID_BAN_ODO":null,"Nom_a_verifier":true,"other_tags":"nan"},"geometry":{"type":"MultiLineString","coordinates":[[[2.461174493768102,48.83595739349726],[2.460175666282801,48.835977172551196],[2.459509382717057,48.835984956002576]],[[2.461800046601907,48.835935927135026],[2.462274187360938,48.835932663446002]],[[2.461800046601907,48.835935927135026],[2.461174493768102,48.83595739349726]]]}},
{"type":"Feature","properties":{"ID":"VOIE_NOM0000002338860771","ID_BAN":null,"name":"Avenue Fayolle","INSEE_COM":"75112","NOM_COM":"Paris 12e Arrondissement","SRC_BAN":null,"NOM_COLL":"AV FAYOLLE","TYPE_VOIE":"avenue","MOT_DIR":"FAYOLLE","LD_BAN":null,"ID_SUPP":"TRONROUT0000000000197480","INSEEDBAN":null,"COMDEL_BAN":null,"DATE_CREAT":"2023-12-08T13:42:59","DATE_MAJ":"2024-03-12T16:10:18","NOM_NORMA":"AV FAYOLLE","ID_BAN_ODO":null,"Nom_a_verifier":true,"other_tags":"nan"},"geometry":{"type":"MultiLineString","coordinates":[[[2.446497282929874,48.844967576616064],[2.446646486889991,48.845801966183075]]]}},
{"type":"Feature","properties":{"ID":"VOIE_NOM0000002338860772","ID_BAN":null,"name":"Chaussée De L'Etang","INSEE_COM":"75112","NOM_COM":"Paris 12e Arrondissement","SRC_BAN":null,"NOM_COLL":"CHS DE L'ETANG","TYPE_VOIE":"chaussée","MOT_DIR":"ETANG","LD_BAN":null,"ID_SUPP":"TRONROUT0000000000198327/TRONROUT0000000000198343/TRONROUT0000000000199171/TRONROUT0000000000199192/TRONROUT0000000000200881/TRONROUT0000000000201676/TRONROUT0000000000201681/TRONROUT0000000000201683/TRONROUT0000000004406742/TRONROUT0000000004406747/TRON","INSEEDBAN":null,"COMDEL_BAN":null,"DATE_CREAT":"2023-12-08T13:42:59","DATE_MAJ":"2024-03-12T16:10:18","NOM_NORMA":"CHS DE L'ETANG","ID_BAN_ODO":null,"Nom_a_verifier":true,"other_tags":"nan"},"geometry":{"type":"MultiLineString","coordinates":[[[2.422138636243513,48.835797660960402],[2.422065137845075,48.835914222883559],[2.421991639117929,48.836030784749418],[2.421801471133152,48.836348239610949],[2.421690280536159,48.836546460921504],[2.421585771008496,48.836756406098793],[2.421512524488783,48.836972797875049],[2.421475736306939,48.837095832387114]],[[2.421447122003682,48.837218906410541],[2.421475736306939,48.837095832387114]],[[2.421073451730373,48.838846738908892],[2.421087684873328,48.83879194686741],[2.421254093592629,48.838161401602605],[2.421399159894271,48.837489381954882],[2.421447122003682,48.837218906410541]],[[2.420019821334008,48.840846305513232],[2.420132581698629,48.840753318937587],[2.420222160312097,48.840662018613919],[2.420303634051087,48.840564383434732],[2.420393582068758,48.840439808508172],[2.420475365118683,48.840314294588318],[2.420522687346351,48.840224588004546],[2.420565932154412,48.840133962286949],[2.420613354031452,48.840035262552213],[2.420719456350945,48.839805540612439],[2.420772547136299,48.8396870823481]],[[2.420930485621125,48.839329002811148],[2.421062063196677,48.838890752401156],[2.421073451730373,48.838846738908892]],[[2.420772547136299,48.8396870823481],[2.420930485621125,48.839329002811148]],[[2.419357555615491,48.842321636271819],[2.419371841680655,48.842140035533056],[2.419382280642246,48.842059144075769],[2.419393871653109,48.841997144700727]],[[2.419390134732613,48.842577211685509],[2.419370138333729,48.842537542943873],[2.419356954364107,48.842497907263173],[2.419354680263449,48.842457425177066],[2.419357555615491,48.842321636271819]],[[2.421847988927573,48.844437291195568],[2.421700291351149,48.844362830224796],[2.421448168812278,48.844243795708834],[2.421003628269745,48.844028497882711]],[[2.421003628269745,48.844028497882711],[2.420262261349782,48.843671460822726],[2.420114528184451,48.843600595071777],[2.420056300570065,48.843567936007709],[2.419859968239215,48.843456363315184]],[[2.419469248987137,48.842691813909646],[2.419441037510714,48.842655702744224],[2.419390134732613,48.842577211685509]],[[2.419859968239215,48.843456363315184],[2.419865327082177,48.843342171110443],[2.41986606785358,48.843275622365034],[2.419865686374399,48.84318748362935],[2.41986206937262,48.843145196355593],[2.419848924917878,48.843101963520553],[2.419823548067881,48.843055973290305],[2.419784646448259,48.843000923895239],[2.419734915066901,48.842939526461421],[2.419582435801276,48.842805682029905],[2.419469248987137,48.842691813909646]],[[2.419538952900591,48.8414492408548],[2.419634904840926,48.841275231048485],[2.419713896051174,48.841155999686841],[2.41977603702379,48.841081654420272],[2.420019821334008,48.840846305513232]],[[2.419393871653109,48.841997144700727],[2.419442499539575,48.841790528573547],[2.419469538255405,48.841687233711866],[2.419538952900591,48.8414492408548]]]}},
{"type":"Feature","properties":{"ID":"VOIE_NOM0000002338860773","ID_BAN":"75112_jh0wsj","name":"Cité Marthe Condat","INSEE_COM":"75112","NOM_COM":"Paris 12e Arrondissement","SRC_BAN":"commune","NOM_COLL":"CITE MARTHE CONDAT","TYPE_VOIE":"cité","MOT_DIR":"Condat","LD_BAN":null,"ID_SUPP":"TRONROUT0000002334356929/TRONROUT0000002487671898","INSEEDBAN":null,"COMDEL_BAN":null,"DATE_CREAT":"2023-12-08T13:42:59","DATE_MAJ":"2024-12-16T22:01:03","NOM_NORMA":"CITE MARTHE CONDAT","ID_BAN_ODO":null,"Nom_a_verifier":false,"other_tags":"nan"},"geometry":{"type":"MultiLineString","coordinates":[[[2.406060174490024,48.846289968263797],[2.405408247001946,48.8463406912784]],[[2.405408247001946,48.8463406912784],[2.40535368229614,48.846345816210771],[2.404919526116688,48.846179974920894]]]}},
{"type":"Feature","properties":{"ID":"VOIE_NOM0000002338860774","ID_BAN":null,"name":"Coulee Verte Rene Dumont","INSEE_COM":"75112","NOM_COM":"Paris 12e Arrondissement","SRC_BAN":null,"NOM_COLL":"COULEE VERTE RENE DUMONT","TYPE_VOIE":null,"MOT_DIR":"DUMONT","LD_BAN":null,"ID_SUPP":"TRONROUT0000000000196021/TRONROUT0000000000196022/TRONROUT0000000000196029/TRONROUT0000000000196032/TRONROUT0000000000196043/TRONROUT0000000000196817/TRONROUT0000000000196822/TRONROUT0000000000196843/TRONROUT0000000000196845/TRONROUT0000000000196848/TRON","INSEEDBAN":null,"COMDEL_BAN":null,"DATE_CREAT":"2023-12-08T13:42:59","DATE_MAJ":"2025-09-02T22:35:31","NOM_NORMA":"COULEE VERTE RENE DUMONT","ID_BAN_ODO":null,"Nom_a_verifier":true,"other_tags":"nan"},"geometry":{"type":"MultiLineString","coordinates":[[[2.395319468829275,48.841144899918639],[2.395482878340196,48.841152920687264],[2.39551698109871,48.841149495579465],[2.395566091566125,48.841144347573454],[2.395650458649285,48.841153767425709],[2.395755022591646,48.841183974510422],[2.395837850112235,48.841208675567422],[2.39591395930263,48.841225248403227],[2.395938472862143,48.841226271549466],[2.396013480205838,48.841220354766868],[2.396110453342248,48.8412001590724],[2.396170473759294,48.841194166533811],[2.396259022117186,48.841195512824498],[2.396397897543161,48.841204307876389],[2.396500070354434,48.841205722733712],[2.396536918791623,48.841200512467985],[2.396562940563964,48.841188952060108],[2.396584822939308,48.84118186756465],[2.396609336491589,48.841182890573464],[2.396640589381972,48.841190243086217],[2.396680006528148,48.84119853612637],[2.396734441788257,48.841204206811405],[2.396876115050999,48.841206719899937],[2.397091485095866,48.84119881195894],[2.397496338580767,48.841182864536897],[2.397887577785158,48.84116594786186],[2.398296507714428,48.841150917611401],[2.398498304790074,48.841138442070459]],[[2.409560278221108,48.840565800259057],[2.409824222667293,48.840599479669251],[2.410072011695546,48.840615991005478],[2.410327894064062,48.840639736593857],[2.410492514153493,48.840661233209488],[2.410644740300633,48.840694360200956],[2.410862190586776,48.840743097336166],[2.411141947472371,48.840824517708242],[2.41135242407554,48.840887609350574],[2.411511321460449,48.84093335907378],[2.411722184668909,48.840962276334714],[2.411943876600152,48.840997541963958],[2.412172391176872,48.841031941347531],[2.412363907207987,48.841085045074365],[2.412465796361802,48.841111626934158],[2.412469883689747,48.841111647008844]],[[2.381977516191689,48.84437376743054],[2.382135112686888,48.844298136010877],[2.382309101599291,48.844218991586366],[2.38259126158381,48.844095437290186],[2.382610848181943,48.844052369164295],[2.382638439387737,48.844023732078817],[2.382690619729247,48.843989825719333],[2.382926388314888,48.843871427377486],[2.383005733344753,48.843844855862791],[2.383053463785632,48.843841504586486],[2.383118864272768,48.843841841842938],[2.383254572234093,48.843773290928283]],[[2.413054829797837,48.839984923958873],[2.413053376238636,48.839993011059221],[2.413066453510012,48.84004164061777],[2.41308225563785,48.840090283541926],[2.413145444192555,48.840286653815014],[2.413165434990325,48.840326323676955],[2.413188322791233,48.840350718644757],[2.413205669796642,48.840383180657639],[2.413216959650262,48.840469574482292],[2.413242497187112,48.840621691367566]],[[2.412153891891314,48.840860072974557],[2.412249485524461,48.840840756804823],[2.412850820933107,48.840920155302918],[2.412939379383824,48.840920589938385],[2.413021247184074,48.84091019937749],[2.413097837357427,48.840884493774304],[2.413101955047789,48.84088181590112],[2.413143233187577,48.84084604407348],[2.413177921853805,48.840790454019007],[2.413242497187112,48.840621691367566]],[[2.409560278221108,48.840565800259057],[2.409872233514365,48.84057093703931],[2.410041184790846,48.840570871031282],[2.410263260592186,48.840571966055549],[2.410417031874853,48.840588912498696],[2.410684993102383,48.840628905314823],[2.410996511877681,48.840672709438572],[2.411400564849163,48.840726861034391],[2.411648162099652,48.840760455969587],[2.41192831603545,48.840806801462897]],[[2.399705997811481,48.841095043760347],[2.400082176338053,48.841084339851783],[2.401131927156568,48.841031141380107],[2.401254763627936,48.841012869717332],[2.401435916326744,48.841018273081431],[2.401576237197209,48.841019874479201],[2.401630868970998,48.84100845609148],[2.401725073368311,48.840991839442616],[2.401869625977893,48.840980870630169],[2.402361682619397,48.840964443385047]],[[2.399705997811481,48.841095043760347],[2.399756004190242,48.841130369705084],[2.399821163197293,48.841151381901973],[2.399874236307663,48.841157044322919],[2.399986008334449,48.841153108203123],[2.400309124421558,48.841135841902606],[2.40034048127464,48.841134200374512],[2.400434355261714,48.841146362582762],[2.400547044901649,48.841181102987576],[2.40064659631027,48.84117350757429]],[[2.383480620170357,48.843670130467721],[2.383791737845912,48.843517043697659],[2.38427411150791,48.843284794719686],[2.384786646727195,48.843036510420042],[2.385023715667267,48.842922611373837],[2.385137459832416,48.84286743576989],[2.385268863006179,48.84281684759754],[2.385365885698048,48.842793063422747],[2.38576344935186,48.842703370731357]],[[2.413054829797837,48.839984923958873],[2.413061986188211,48.839954380860512],[2.413129048180286,48.839927729111828],[2.413738936446429,48.839851576082367],[2.413763328328564,48.839863387292844],[2.413791908598865,48.839866225431486],[2.413817824736272,48.839863654353124]],[[2.380153771941786,48.845224118459107],[2.380548355090165,48.845043592563385],[2.380864971777915,48.844887843905397],[2.381239122606071,48.844706310600344],[2.381591320987492,48.844537253649548],[2.381699515511202,48.844491046252493],[2.381747299969863,48.844483198983617]],[[2.371310761870832,48.849591118684849],[2.371386467486126,48.849528561608125],[2.371475875402575,48.849459780977163],[2.371584479527061,48.849381208195716],[2.371747665273131,48.849296626445195],[2.371861502445239,48.849236067989793],[2.372076955521929,48.849111289186965]],[[2.412469883689747,48.841111647008844],[2.412671109705833,48.841149508836246],[2.413013756800301,48.841212347012842],[2.413118482817416,48.841229049291222],[2.413163554911361,48.84121937746648],[2.413195154412282,48.841196149165057]],[[2.412153891891314,48.840860072974557],[2.412443492630955,48.840914557900724],[2.412726271648134,48.840969907988899],[2.412898875933299,48.841008528282138],[2.413085185900536,48.841040020702138]],[[2.41192831603545,48.840806801462897],[2.412086767335925,48.840892120006309],[2.412273688402973,48.84099016922648],[2.412451215010065,48.841075580984509],[2.412469883689747,48.841111647008844]],[[2.406126868125559,48.840676513345159],[2.406511462660838,48.840644246397261],[2.407116933879254,48.840598683386851],[2.407388445724758,48.840565853105495],[2.407522239661231,48.840542233143132]],[[2.40484081271834,48.8407825417193],[2.405105391618696,48.840760474430652],[2.405393182936852,48.840734025143952],[2.405798245574733,48.840699164146315],[2.406126868125559,48.840676513345159]],[[2.378088535726657,48.846208989179736],[2.37845581779859,48.84603372448975],[2.378820350837221,48.845860243098741],[2.379139692053371,48.845705412572158],[2.379641289482842,48.845464288703504]],[[2.402361682619397,48.840964443385047],[2.402437783216582,48.840981911381604],[2.40270368535934,48.84096345344571],[2.403110093417411,48.840930406975943]],[[2.381747299969863,48.844483198983617],[2.381847625616233,48.844525987252915],[2.381866797003576,48.844517992087319],[2.381832861815208,48.844507024443622]],[[2.372959672334101,48.84868602673771],[2.37323926156537,48.84855348772097],[2.373494235567198,48.848428013994308],[2.373906796244787,48.848229617294898]],[[2.371174647912305,48.849577812409457],[2.371109919223394,48.849634131564095],[2.371221093084491,48.849681482336209],[2.371310761870832,48.849591118684849]],[[2.408432381889027,48.840543140039465],[2.408691243076283,48.840544419889667],[2.409560278221108,48.840565800259057]],[[2.407967773780798,48.84054264025751],[2.408076767957506,48.8405431796334],[2.408432381889027,48.840543140039465]],[[2.403110093417411,48.840930406975943],[2.40383422626934,48.840874660276853],[2.404363467852996,48.840823335105704]],[[2.389412561440272,48.841874855026013],[2.390285582390658,48.841673354462394],[2.392800472666599,48.841118649973218]],[[2.388588740718082,48.842063110293701],[2.389219927696592,48.841918839632243],[2.389412561440272,48.841874855026013]],[[2.388445270417965,48.842097451959468],[2.388553221689785,48.842071022988101],[2.388588740718082,48.842063110293701]],[[2.375500839065703,48.847460904722006],[2.375944907290806,48.847247376301212],[2.376308083820476,48.847074794947012]],[[2.37499781908127,48.847703802280471],[2.375173225157855,48.84762197769431],[2.375326796651507,48.847542736914839]],[[2.374031518751208,48.848170013061321],[2.374638710880758,48.847877300226735],[2.374908720864112,48.847747405255234]],[[2.371174647912305,48.849577812409457],[2.371330570332934,48.849417647225877],[2.371186953700657,48.84934854151097]],[[2.413817824736272,48.839863654353124],[2.413913294575755,48.839855128552401]],[[2.412413100929596,48.841193209714348],[2.412469883689747,48.841111647008844]],[[2.41192831603545,48.840806801462897],[2.412153891891314,48.840860072974557]],[[2.407522239661231,48.840542233143132],[2.407967773780798,48.84054264025751]],[[2.404671686123824,48.840797888620585],[2.40484081271834,48.8407825417193]],[[2.404363467852996,48.840823335105704],[2.404671686123824,48.840797888620585]],[[2.399397972259758,48.841103390603969],[2.399705997811481,48.841095043760347]],[[2.398653706135328,48.841132028486811],[2.399397972259758,48.841103390603969]],[[2.398498304790074,48.841138442070459],[2.398653706135328,48.841132028486811]],[[2.393599647463986,48.841055251806999],[2.395319468829275,48.841144899918639]],[[2.38685775891016,48.84245716387052],[2.387371508123233,48.842335684335538]],[[2.38576344935186,48.842703370731357],[2.386174572872188,48.842619142452605]],[[2.383403883625233,48.843706608689658],[2.383480620170357,48.843670130467721]],[[2.383254572234093,48.843773290928283],[2.383403883625233,48.843706608689658]],[[2.381821281764958,48.844449405678034],[2.381977516191689,48.84437376743054]],[[2.381747299969863,48.844483198983617],[2.381821281764958,48.844449405678034]],[[2.380078414721602,48.84525880295196],[2.380153771941786,48.845224118459107]],[[2.379641289482842,48.845464288703504],[2.380078414721602,48.84525880295196]],[[2.377597921229981,48.846442069376359],[2.378088535726657,48.846208989179736]],[[2.376977222603417,48.846727532242255],[2.377597921229981,48.846442069376359]],[[2.376851112071901,48.846789830429032],[2.376977222603417,48.846727532242255]],[[2.376807218946726,48.846813884433729],[2.376851112071901,48.846789830429032]],[[2.376373864979185,48.847043660370076],[2.376807218946726,48.846813884433729]],[[2.376308083820476,48.847074794947012],[2.376373864979185,48.847043660370076]],[[2.375326796651507,48.847542736914839],[2.375500839065703,48.847460904722006]],[[2.374908720864112,48.847747405255234],[2.37499781908127,48.847703802280471]],[[2.373906796244787,48.848229617294898],[2.374031518751208,48.848170013061321]],[[2.372633405509771,48.848847099719535],[2.372959672334101,48.84868602673771]],[[2.372189331753192,48.84905881694516],[2.372633405509771,48.848847099719535]],[[2.372076955521929,48.849111289186965],[2.372189331753192,48.84905881694516]]]}},
{"type":"Feature","properties":{"ID":"VOIE_NOM0000002338860775","ID_BAN":null,"name":"Passage Dubuffet","INSEE_COM":"75112","NOM_COM":"Paris 12e Arrondissement","SRC_BAN":null,"NOM_COLL":"PAS DUBUFFET","TYPE_VOIE":"passage","MOT_DIR":"DUBUFFET","LD_BAN":null,"ID_SUPP":"TRONROUT0000000000203452/TRONROUT0000000000203455/TRONROUT0000000000203482","INSEEDBAN":null,"COMDEL_BAN":null,"DATE_CREAT":"2023-12-08T13:42:59","DATE_MAJ":"2024-03-12T16:10:18","NOM_NORMA":"PAS DUBUFFET","ID_BAN_ODO":null,"Nom_a_verifier":true,"other_tags":"nan"},"geometry":{"type":"MultiLineString","coordinates":[[[2.388172024652866,48.83345497415413],[2.388248964403527,48.833399606974176],[2.388577302929904,48.833165651809622]],[[2.388959629726595,48.832858223448049],[2.389266303140373,48.832612463854268],[2.38933231115166,48.832559738228568]],[[2.388577302929904,48.833165651809622],[2.388959629726595,48.832858223448049]]]}},
{"type":"Feature","properties":{"ID":"VOIE_NOM0000002338860776","ID_BAN":null,"name":"Passage Moulin","INSEE_COM":"75112","NOM_COM":"Paris 12e Arrondissement","SRC_BAN":null,"NOM_COLL":"PAS MOULIN","TYPE_VOIE":"passage","MOT_DIR":"MOULIN","LD_BAN":null,"ID_SUPP":"TRONROUT0000000224528244/TRONROUT0000000224528246","INSEEDBAN":null,"COMDEL_BAN":null,"DATE_CREAT":"2023-12-08T13:42:59","DATE_MAJ":"2024-03-12T16:10:18","NOM_NORMA":"PAS MOULIN","ID_BAN_ODO":null,"Nom_a_verifier":true,"other_tags":"nan"},"geometry":{"type":"MultiLineString","coordinates":[[[2.375600551008036,48.844825408402528],[2.375782802108334,48.844967558758306]],[[2.375782802108334,48.844967558758306],[2.375994620958154,48.845144038654105]]]}},
{"type":"Feature","properties":{"ID":"VOIE_NOM0000002338860779","ID_BAN":null,"name":"Petite Ceinture Du 12Eme","INSEE_COM":"75112","NOM_COM":"Paris 12e Arrondissement","SRC_BAN":null,"NOM_COLL":"PETITE CEINTURE DU 12EME","TYPE_VOIE":null,"MOT_DIR":"12EME","LD_BAN":null,"ID_SUPP":"TRONROUT0000002206029295/TRONROUT0000002206029296/TRONROUT0000002206029297/TRONROUT0000002206029298/TRONROUT0000002206029299/TRONROUT0000002206029300/TRONROUT0000002206029301/TRONROUT0000002206029302/TRONROUT0000002206029303/TRONROUT0000002206029304/TRON","INSEEDBAN":null,"COMDEL_BAN":null,"DATE_CREAT":"2023-12-08T13:42:59","DATE_MAJ":"2025-05-14T21:46:56","NOM_NORMA":"PETITE CEINTURE DU 12EME","ID_BAN_ODO":null,"Nom_a_verifier":true,"other_tags":"nan"},"geometry":{"type":"MultiLineString","coordinates":[[[2.406962616259262,48.838594144379122],[2.407074999584953,48.838775472996325],[2.407189975496085,48.838968506009287],[2.407308906490232,48.839173250154836],[2.407383615530703,48.839313021135446],[2.407439506992963,48.839430214833719],[2.407560408397281,48.839701521026932],[2.407646511798877,48.839917793776749],[2.407707332957975,48.840080879029031],[2.40774682585895,48.840202488096828],[2.407774486326983,48.840286265465465]],[[2.399222110429939,48.833073896866487],[2.399540370051835,48.833237380904123],[2.399628247063942,48.833177564535426],[2.399786613621639,48.833266497207127],[2.400152192397925,48.833461694816584],[2.40049467778223,48.833651379320344],[2.400831747665475,48.833838337574804],[2.40119865529909,48.834037135963051]],[[2.405490069898136,48.836779117899233],[2.405637046018173,48.836912953935233],[2.405987327127007,48.837259149642804],[2.40630742607597,48.837624080989748],[2.406429638513319,48.83777937769316],[2.406712284315895,48.83820347973586],[2.406851401640396,48.838429909276378]],[[2.403627264792892,48.835384825660583],[2.403763889319158,48.835470046962982],[2.403954605090728,48.835590612834942],[2.404131729581609,48.835708412588787],[2.404302053633323,48.83582527883307],[2.404454740388547,48.835935761462785],[2.404538453420236,48.83600183174466]],[[2.405000318197177,48.836358479116754],[2.405173155446863,48.83649424314968],[2.405378166173382,48.836676034343348],[2.405387610123512,48.836684175552627],[2.405490069898136,48.836779117899233]],[[2.401492457938135,48.834195995338561],[2.401941808470382,48.834452763197511],[2.402897470767749,48.834989961441536],[2.40334838264224,48.83523054301105],[2.403540592644494,48.835339425303474]],[[2.408251145132082,48.842105328709316],[2.408340700500258,48.842138148552678],[2.408381038282303,48.842305628593948],[2.40846366942869,48.842348307027599]],[[2.408251145132082,48.842105328709316],[2.408500823237773,48.84303649912939],[2.408777052135457,48.844150368742639]],[[2.407895037526447,48.840708661686222],[2.408034137700577,48.841297530748761],[2.408251145132082,48.842105328709316]],[[2.407825566990982,48.84046728956119],[2.407946914775515,48.840459795976926],[2.407967773780798,48.84054264025751]],[[2.40119865529909,48.834037135963051],[2.4012731364558,48.833957465335686],[2.401412643137222,48.834028314058493]],[[2.407825566990982,48.84046728956119],[2.407895037526447,48.840708661686222]],[[2.407774486326983,48.840286265465465],[2.407825566990982,48.84046728956119]],[[2.406851401640396,48.838429909276378],[2.406962616259262,48.838594144379122]],[[2.404859869342316,48.836249856853591],[2.405000318197177,48.836358479116754]],[[2.404592473207046,48.836043471357677],[2.404859869342316,48.836249856853591]],[[2.404538453420236,48.83600183174466],[2.404592473207046,48.836043471357677]],[[2.403570388107859,48.835354863062456],[2.403627264792892,48.835384825660583]],[[2.403540592644494,48.835339425303474],[2.403570388107859,48.835354863062456]],[[2.401332692403104,48.834109756120505],[2.401492457938135,48.834195995338561]],[[2.40119865529909,48.834037135963051],[2.401332692403104,48.834109756120505]]]}},
{"type":"Feature","properties":{"ID":"VOIE_NOM0000002338860781","ID_BAN":null,"name":"Place Saint-Estephe","INSEE_COM":"75112","NOM_COM":"Paris 12e Arrondissement","SRC_BAN":null,"NOM_COLL":"PL SAINT-ESTEPHE","TYPE_VOIE":"place","MOT_DIR":"ESTEPHE","LD_BAN":null,"ID_SUPP":"TRONROUT0000002000134430/TRONROUT0000002000654116","INSEEDBAN":null,"COMDEL_BAN":null,"DATE_CREAT":"2023-12-08T13:42:59","DATE_MAJ":"2024-03-12T16:10:18","NOM_NORMA":"PL SAINT-ESTEPHE","ID_BAN_ODO":null,"Nom_a_verifier":true,"other_tags":"nan"},"geometry":{"type":"MultiLineString","coordinates":[[[2.386441646055655,48.830696742693789],[2.386364538999621,48.830766497878038],[2.386452614261468,48.830806521965997],[2.386423796994864,48.830824361507119]],[[2.386423796994864,48.830824361507119],[2.385536929001276,48.831521315919652],[2.385456416620966,48.831648612554581]]]}},
{"type":"Feature","properties":{"ID":"VOIE_NOM0000002338860782","ID_BAN":null,"name":"Pont D'Austerlitz","INSEE_COM":"75112","NOM_COM":"Paris 12e Arrondissement","SRC_BAN":null,"NOM_COLL":"PONT D'AUSTERLITZ","TYPE_VOIE":"pont","MOT_DIR":"AUSTERLITZ","LD_BAN":null,"ID_SUPP":"TRONROUT0000000000197755/TRONROUT0000000000197757/TRONROUT0000000000197763/TRONROUT0000000227749096/TRONROUT0000000227749097/TRONROUT0000000227749100/TRONROUT0000000227749102/TRONROUT0000002000654090","INSEEDBAN":null,"COMDEL_BAN":null,"DATE_CREAT":"2023-12-08T13:42:59","DATE_MAJ":"2024-03-12T16:10:18","NOM_NORMA":"PONT D'AUSTERLITZ","ID_BAN_ODO":null,"Nom_a_verifier":true,"other_tags":"nan"},"geometry":{"type":"MultiLineString","coordinates":[[[2.366992603249265,48.845408823580563],[2.36612774270312,48.844926684649927]],[[2.366045191953107,48.844991900460357],[2.36690188843889,48.845473097395924]],[[2.367540026440741,48.845775059722193],[2.36763586239049,48.845850213076666]],[[2.367402191669173,48.845679898325827],[2.367540026440741,48.845775059722193]],[[2.366992603249265,48.845408823580563],[2.367155038924642,48.845497820104427]],[[2.36690188843889,48.845473097395924],[2.367090059764025,48.845574821212168],[2.367228133909717,48.84565019835798]],[[2.367402191669173,48.845679898325827],[2.367311806585929,48.845604773596094],[2.367155038924642,48.845497820104427]],[[2.367402191669173,48.845679898325827],[2.367228133909717,48.84565019835798]]]}},
{"type":"Feature","properties":{"ID":"VOIE_NOM0000002338860783","ID_BAN":null,"name":"Pont De Bercy","INSEE_COM":"75112","NOM_COM":"Paris 12e Arrondissement","SRC_BAN":null,"NOM_COLL":"PONT DE BERCY","TYPE_VOIE":"pont","MOT_DIR":"BERCY","LD_BAN":null,"ID_SUPP":"TRONROUT0000000000201004/TRONROUT0000000000201009/TRONROUT0000000000201011/TRONROUT0000000000201020/TRONROUT0000002215639326","INSEEDBAN":null,"COMDEL_BAN":null,"DATE_CREAT":"2023-12-08T13:42:59","DATE_MAJ":"2024-03-12T16:10:18","NOM_NORMA":"PONT DE BERCY","ID_BAN_ODO":null,"Nom_a_verifier":true,"other_tags":"nan"},"geometry":{"type":"MultiLineString","coordinates":[[[2.374949694829279,48.837968876078811],[2.375824047332986,48.838451903307472]],[[2.375824047332986,48.838451903307472],[2.37593108221465,48.838501926773198]],[[2.375741125698852,48.838663720392297],[2.375688380903723,48.838631068033521]],[[2.375642404944979,48.838602048434957],[2.375099651756043,48.838302424242258],[2.37478562204487,48.83813080351365]],[[2.375688380903723,48.838631068033521],[2.375642404944979,48.838602048434957]]]}},
{"type":"Feature","properties":{"ID":"VOIE_NOM0000002338860784","ID_BAN":null,"name":"Pont De Tolbiac","INSEE_COM":"75112","NOM_COM":"Paris 12e Arrondissement","SRC_BAN":null,"NOM_COLL":"PONT DE TOLBIAC","TYPE_VOIE":"pont","MOT_DIR":"TOLBIAC","LD_BAN":null,"ID_SUPP":"TRONROUT0000000000203530/TRONROUT0000000000203533/TRONROUT0000000000203534/TRONROUT0000000000203544","INSEEDBAN":null,"COMDEL_BAN":null,"DATE_CREAT":"2023-12-08T13:42:59","DATE_MAJ":"2024-03-12T16:10:18","NOM_NORMA":"PONT DE TOLBIAC","ID_BAN_ODO":null,"Nom_a_verifier":true,"other_tags":"nan"},"geometry":{"type":"MultiLineString","coordinates":[[[2.380999115413511,48.832905427733259],[2.381753021253441,48.833318539272184],[2.381822057977131,48.833355770161091],[2.381993953105782,48.833450192652315]],[[2.382104942437319,48.833511023677111],[2.382492050218665,48.833723474737823]],[[2.381993953105782,48.833450192652315],[2.382058914118546,48.833486502972029]],[[2.382058914118546,48.833486502972029],[2.382071099648796,48.833492861496914],[2.382104942437319,48.833511023677111]]]}},
{"type":"Feature","properties":{"ID":"VOIE_NOM0000002338860785","ID_BAN":null,"name":"Pont National","INSEE_COM":"75112","NOM_COM":"Paris 12e Arrondissement","SRC_BAN":null,"NOM_COLL":"PONT NATIONAL","TYPE_VOIE":"pont","MOT_DIR":"NATIONAL","LD_BAN":null,"ID_SUPP":"TRONROUT0000000317831972","INSEEDBAN":null,"COMDEL_BAN":null,"DATE_CREAT":"2023-12-08T13:42:59","DATE_MAJ":"2024-03-12T16:10:18","NOM_NORMA":"PONT NATIONAL","ID_BAN_ODO":null,"Nom_a_verifier":true,"other_tags":"nan"},"geometry":{"type":"MultiLineString","coordinates":[[[2.387096933637721,48.827912055601047],[2.387313663877337,48.828015694425268],[2.387523626741042,48.828115700701453],[2.387730845081777,48.828217491286885],[2.387942171663519,48.828317503783651],[2.388135812765553,48.828415626672268],[2.388344385052708,48.828518322452716]]]}},
{"type":"Feature","properties":{"ID":"VOIE_NOM0000002338860786","ID_BAN":null,"name":"Promenade Maurice Boitel","INSEE_COM":"75112","NOM_COM":"Paris 12e Arrondissement","SRC_BAN":null,"NOM_COLL":"PROM MAURICE BOITEL","TYPE_VOIE":"promenade","MOT_DIR":"BOITEL","LD_BAN":null,"ID_SUPP":"TRONROUT0000000000203323/TRONROUT0000000000203331/TRONROUT0000000000203332/TRONROUT0000000000203333/TRONROUT0000000000203340/TRONROUT0000000000203352/TRONROUT0000000000203357/TRONROUT0000000000203368/TRONROUT0000000000203374/TRONROUT0000000000204068/TRON","INSEEDBAN":null,"COMDEL_BAN":null,"DATE_CREAT":"2023-12-08T13:42:59","DATE_MAJ":"2024-03-12T16:10:18","NOM_NORMA":"PROM MAURICE BOITEL","ID_BAN_ODO":null,"Nom_a_verifier":true,"other_tags":"nan"},"geometry":{"type":"MultiLineString","coordinates":[[[2.41791801145912,48.828231522364156],[2.417985936077469,48.828248041571072],[2.418110768125073,48.828291818681578]],[[2.417184112273044,48.828325079888259],[2.417346796266516,48.828272809857282],[2.417471079684922,48.828243736139875],[2.417581581151283,48.828228985068257],[2.41774245035458,48.828217177230982],[2.41791801145912,48.828231522364156]],[[2.418392120207474,48.828469463412134],[2.418335513499221,48.828415226031751]],[[2.418335513499221,48.828415226031751],[2.418228639297985,48.828349052319112],[2.418110768125073,48.828291818681578]],[[2.416637430663849,48.828608413573477],[2.416854123817685,48.828477263264283],[2.417000744872372,48.828399733075209],[2.417184112273044,48.828325079888259]],[[2.418479120565816,48.828729803787624],[2.418478470686384,48.828665945515326],[2.418472171709784,48.828620047127913],[2.418461676047027,48.828584021378312],[2.418431029578106,48.828522715336867],[2.418392120207474,48.828469463412134]],[[2.415030717613972,48.8293983047949],[2.414769682030827,48.829352958730283],[2.414584785046342,48.829320575954213]],[[2.41513947668889,48.829417723422047],[2.415105493883593,48.829411261660027],[2.415030717613972,48.8293983047949]],[[2.416637430663849,48.828608413573477],[2.416502674988342,48.828721076548895],[2.416403736604371,48.828797939434288]],[[2.418479120565816,48.828729803787624],[2.418467210400506,48.828820582014544],[2.418441528464599,48.828924783780039],[2.418414674919935,48.829011891850421],[2.418387741020006,48.829106194457339]],[[2.417877627456537,48.829652326664181],[2.418071868152186,48.829458109276125],[2.418281432063887,48.829233387589113],[2.418387741020006,48.829106194457339]],[[2.416403736604371,48.828797939434288],[2.416178253888519,48.82898390742865],[2.415757432034406,48.829339800716497],[2.415515225921886,48.829558962289319],[2.415445212187138,48.829607185939892],[2.415353716679709,48.829627424151639],[2.415258336416641,48.829629655954029],[2.415173954176585,48.829622947787549]],[[2.410823436207997,48.830551326717838],[2.410752217276048,48.83058515179863],[2.410635772186696,48.830643036885562],[2.410528902707257,48.830697371585579]],[[2.414257352474529,48.832153775958389],[2.414356613594725,48.832049036284211]],[[2.409021365004033,48.831977824679626],[2.40901386690332,48.832158560170917],[2.409014766329475,48.8323195510822]],[[2.411423628026041,48.83325507740021],[2.411673242229334,48.833227525808674],[2.411939304450645,48.833191060919837],[2.412272399703161,48.833129742637304]],[[2.41106919236631,48.833275816832547],[2.411161834687395,48.833275373594745],[2.411423628026041,48.83325507740021]],[[2.41070569858419,48.833254240443232],[2.410807734222829,48.833266434866623],[2.41106919236631,48.833275816832547]],[[2.413150958687963,48.832899322330249],[2.413220746136412,48.832871784414429],[2.413385012923186,48.832801540362567],[2.413585091638131,48.832696396437896],[2.413777137812835,48.832578621691894],[2.413876006351525,48.832508955763181],[2.413981786805313,48.832430329964254],[2.414156728743981,48.832258508868037],[2.414257352474529,48.832153775958389]],[[2.409014766329475,48.8323195510822],[2.409051817426347,48.832415966275349],[2.409103954992489,48.832503462327345],[2.409180398638433,48.832609965092018],[2.409262464740325,48.832701206355253],[2.409351586808537,48.832770897631633],[2.409466581222957,48.8328416159451],[2.409580356323529,48.832899737010827]],[[2.412272399703161,48.833129742637304],[2.412624656626766,48.833060423247851],[2.412887005402886,48.832990661519077],[2.413134530954402,48.832906436644542],[2.413150958687963,48.832899322330249]],[[2.409580356323529,48.832899737010827],[2.409906851296701,48.83306053589132],[2.409967846356034,48.833087817753821],[2.41018508112087,48.833152744116184],[2.410433739397267,48.833209730692005],[2.41070569858419,48.833254240443232]],[[2.409504951339652,48.831378537230293],[2.409639596608276,48.831277573517504],[2.409735845670178,48.831198904320161],[2.409848511882056,48.831114020484108],[2.409974850408721,48.831024707154384],[2.410107897620643,48.830944420441746],[2.410223114061167,48.83087483805194],[2.410330014740696,48.830817805683921],[2.41042052844011,48.8307642899059],[2.410528902707257,48.830697371585579]],[[2.414356613594725,48.832049036284211],[2.414400719417582,48.832003384604313],[2.414573146231922,48.831812663855132],[2.414751030660727,48.831621070171138],[2.414848695404242,48.831537007650738],[2.414947560535459,48.831467340771496],[2.415070944806344,48.831397793724264],[2.415275202165524,48.831283673660103]],[[2.409021365004033,48.831977824679626],[2.409058127994331,48.831859290015096],[2.409106742840872,48.831776788526575],[2.409163367624976,48.831708716440865],[2.409242082928653,48.831614671819764],[2.409328920148154,48.831525164083288],[2.409416946056081,48.831450951375544],[2.409504951339652,48.831378537230293]],[[2.416494161525048,48.830698743339823],[2.416694477465828,48.830571111083387],[2.416774117056492,48.830514839384854],[2.417276469824956,48.83017732748678],[2.417415213554624,48.830073676869887],[2.417562310502071,48.829953878162009],[2.41764752741352,48.829885941251646],[2.41774258047383,48.829791071156194],[2.417877627456537,48.829652326664181]],[[2.414584785046342,48.829320575954213],[2.414432891088378,48.829381888714913],[2.414207491851919,48.829438344433363],[2.413848248577672,48.829525621688319],[2.41355731354682,48.829595245480945],[2.412615676998331,48.829867629658168],[2.412332688284613,48.829957075575081],[2.412141175843108,48.830028083773541],[2.411937302040356,48.830108024555635],[2.411825209613844,48.830142548668874]],[[2.410823436207997,48.830551326717838],[2.411054709139492,48.830458032269298],[2.41123683170002,48.830374388460072],[2.411465429551988,48.830276583205674],[2.411825209613844,48.830142548668874]],[[2.415275202165524,48.831283673660103],[2.415439370419632,48.831221520537632],[2.41566930612252,48.83112551261366],[2.415765152730691,48.831081911911667],[2.415850091662672,48.831039157223763],[2.41619126860132,48.830862748599372],[2.416494161525048,48.830698743339823]]]}},
{"type":"Feature","properties":{"ID":"VOIE_NOM0000002338860787","ID_BAN":null,"name":"Porte Doree","INSEE_COM":"75112","NOM_COM":"Paris 12e Arrondissement","SRC_BAN":null,"NOM_COLL":"PTE DOREE","TYPE_VOIE":"porte","MOT_DIR":"DOREE","LD_BAN":null,"ID_SUPP":"TRONROUT0000000000202557/TRONROUT0000000000202564/TRONROUT0000000312564823/TRONROUT0000000317831951/TRONROUT0000000317831954","INSEEDBAN":null,"COMDEL_BAN":null,"DATE_CREAT":"2023-12-08T13:42:59","DATE_MAJ":"2024-03-12T16:10:18","NOM_NORMA":"PTE DOREE","ID_BAN_ODO":null,"Nom_a_verifier":true,"other_tags":"nan"},"geometry":{"type":"MultiLineString","coordinates":[[[2.406592073342996,48.83535909987183],[2.406542856789228,48.835374144869931],[2.406505839401486,48.835394646559372],[2.406485169500459,48.835415229354936],[2.406456008373846,48.835463650275834],[2.406444587756163,48.835509461133896]],[[2.406932690030943,48.835596422421666],[2.406846567263409,48.83550246159151],[2.40680204135903,48.835464467519927],[2.406745244644447,48.835427311932747],[2.406592073342996,48.83535909987183]],[[2.406503740318224,48.835579005629256],[2.406476781090969,48.835553689686542],[2.406459306760375,48.835532917620249],[2.406444587756163,48.835509461133896]],[[2.406660825022397,48.835662526374193],[2.406606629937251,48.835636175992427],[2.406549761504126,48.83560531550529],[2.406503740318224,48.835579005629256]],[[2.406660825022397,48.835662526374193],[2.406712704997322,48.83565289072029],[2.406789218914931,48.835633484222399],[2.406849344262735,48.835617593859162],[2.406932690030943,48.835596422421666]]]}},
{"type":"Feature","properties":{"ID":"VOIE_NOM0000002338860790","ID_BAN":null,"name":"Rue Du Marechal Leclerc","INSEE_COM":"75112","NOM_COM":"Paris 12e Arrondissement","SRC_BAN":null,"NOM_COLL":"R DU MARECHAL LECLERC","TYPE_VOIE":"rue","MOT_DIR":"LECLERC","LD_BAN":null,"ID_SUPP":"TRONROUT0000000004411562/TRONROUT0000000004411566/TRONROUT0000000241604029/TRONROUT0000000245917371/TRONROUT0000000313739452/TRONROUT0000000315085419/TRONROUT0000002006108140","INSEEDBAN":null,"COMDEL_BAN":null,"DATE_CREAT":"2023-12-08T13:42:59","DATE_MAJ":"2024-03-12T16:10:18","NOM_NORMA":"R DU MARECHAL LECLERC","ID_BAN_ODO":null,"Nom_a_verifier":true,"other_tags":"nan"},"geometry":{"type":"MultiLineString","coordinates":[[[2.452700355199984,48.817286740242444],[2.452698908422295,48.81729482798719],[2.452693366728198,48.817303796362154],[2.452682387168387,48.81731184047127],[2.452667331566902,48.817318966546885]],[[2.452667331566902,48.817318966546885],[2.452648190482819,48.817326073918416],[2.452629068274286,48.817331382625078],[2.452604517637743,48.817334867728718],[2.452581366589228,48.817334761738671],[2.452560967518238,48.817331970221723],[2.452546025196169,48.817328304311495],[2.452533825412474,48.817322852208413],[2.452525711109092,48.817317418810575]],[[2.449836898946705,48.817875280335642],[2.450169681068156,48.817830043627183],[2.450558421156089,48.817773371282158],[2.450806758669985,48.817728644108669],[2.451239473535737,48.817634397817798],[2.451314544744705,48.817618553601328],[2.452244419215034,48.817388080440359],[2.452525711109092,48.817317418810575]],[[2.437576383457783,48.818186082925251],[2.43745251361453,48.818180103965517],[2.437328614686424,48.818176822864338]],[[2.442096739080841,48.817916761997353],[2.441855394935067,48.817943516267952],[2.441012128685444,48.818093370009215],[2.44013736126348,48.818259259051239],[2.439936889337019,48.818284402073083],[2.439853739221728,48.818291207567313],[2.439727077526854,48.81829151350847],[2.439400339937337,48.818280088945336],[2.438447510274185,48.818232447882252],[2.437576383457783,48.818186082925251]],[[2.442686608207405,48.817901525341036],[2.443731293079062,48.817892000060105],[2.44418090156304,48.817875204049571],[2.444713170131853,48.817897463350199],[2.445957624591825,48.817928418656045],[2.446618136646436,48.81792967865627],[2.446707989538549,48.817932792594057],[2.447409099584877,48.817958519177829],[2.447573825309133,48.817964676587316],[2.447786272701002,48.817965657930188],[2.448385683123888,48.817949537855732],[2.448934733550395,48.817930484570844],[2.449422529215229,48.817908448603049],[2.449670555127019,48.817893401690917],[2.449753722306276,48.817884790707339],[2.449836898946705,48.817875280335642]],[[2.442686608207405,48.817901525341036],[2.442325672531203,48.817904339348516],[2.442096739080841,48.817916761997353]]]}},
{"type":"Feature","properties":{"ID":"VOIE_NOM0000002338860791","ID_BAN":null,"name":"Résidence Des Tourelles","INSEE_COM":"75112","NOM_COM":"Paris 12e Arrondissement","SRC_BAN":null,"NOM_COLL":"RES DES TOURELLES","TYPE_VOIE":"résidence","MOT_DIR":"TOURELLES","LD_BAN":null,"ID_SUPP":"TRONROUT0000000240161634","INSEEDBAN":null,"COMDEL_BAN":null,"DATE_CREAT":"2023-12-08T13:42:59","DATE_MAJ":"2024-03-12T16:10:18","NOM_NORMA":"RES DES TOURELLES","ID_BAN_ODO":null,"Nom_a_verifier":true,"other_tags":"nan"},"geometry":{"type":"MultiLineString","coordinates":[[[2.415370024071251,48.843842813052433],[2.415405975404325,48.844039048298193],[2.415448305898052,48.844273986954981],[2.415522854406257,48.844673664963139],[2.415556112060602,48.844867188786814],[2.415629307326572,48.845023134748899],[2.415650151392895,48.845230088167376],[2.415630178217503,48.845310033175252]]]}},
{"type":"Feature","properties":{"ID":"VOIE_NOM0000002338860793","ID_BAN":null,"name":"Route Brulee","INSEE_COM":"75112","NOM_COM":"Paris 12e Arrondissement","SRC_BAN":null,"NOM_COLL":"RTE BRULEE","TYPE_VOIE":"route","MOT_DIR":"BRULEE","LD_BAN":null,"ID_SUPP":"TRONROUT0000000000202468/TRONROUT0000000000202476/TRONROUT0000000000203286/TRONROUT0000000230033267/TRONROUT0000000230033274/TRONROUT0000000230033275/TRONROUT0000000356856163/TRONROUT0000000358476570","INSEEDBAN":null,"COMDEL_BAN":null,"DATE_CREAT":"2023-12-08T13:42:59","DATE_MAJ":"2024-03-12T16:10:18","NOM_NORMA":"RTE BRULEE","ID_BAN_ODO":null,"Nom_a_verifier":true,"other_tags":"nan"},"geometry":{"type":"MultiLineString","coordinates":[[[2.42956843727967,48.833238664558458],[2.429500353022345,48.833484765323568],[2.429435986817376,48.833640048085783],[2.429363643602342,48.833777305480609],[2.429250028590736,48.833951239751237],[2.429153183449452,48.834086581338454],[2.429084114979545,48.834173489846052]],[[2.429084114979545,48.834173489846052],[2.428944881086735,48.834323018703031],[2.428775715849027,48.834468806991651],[2.428521635089835,48.834655560002041],[2.428307315095306,48.834819119085758],[2.427976745611101,48.835023492523348],[2.427674771767236,48.835228901214478],[2.427591059741312,48.83528426106151]],[[2.427591059741312,48.83528426106151],[2.427429785703349,48.83533115533448],[2.427066041686306,48.835454424841139]],[[2.423620585510399,48.836072820986352],[2.423458460394436,48.836072939005618],[2.423320866849152,48.83607227571796],[2.423105611554973,48.836072137095648]],[[2.425742379974457,48.835774545507476],[2.42553346169012,48.835817611023678]],[[2.42553346169012,48.835817611023678],[2.425254896830004,48.835875630684264],[2.424807226421546,48.83594902512796],[2.424532876053611,48.835995371675708],[2.42427492260221,48.836037299710924],[2.424063555652327,48.836055168755486],[2.423901351077027,48.836062481883509],[2.423620585510399,48.836072820986352]],[[2.427066041686306,48.835454424841139],[2.426684853116273,48.835553326860946],[2.4260946863604,48.835700690042522],[2.425929461436437,48.835734972270153]],[[2.425929461436437,48.835734972270153],[2.425742379974457,48.835774545507476]]]}},
{"type":"Feature","properties":{"ID":"VOIE_NOM0000002338860794","ID_BAN":null,"name":"Route De La Cavalerie","INSEE_COM":"75112","NOM_COM":"Paris 12e Arrondissement","SRC_BAN":null,"NOM_COLL":"RTE DE LA CAVALERIE","TYPE_VOIE":"route","MOT_DIR":"CAVALERIE","LD_BAN":null,"ID_SUPP":"TRONROUT0000000000202438/TRONROUT0000000230033387/TRONROUT0000000357923576","INSEEDBAN":null,"COMDEL_BAN":null,"DATE_CREAT":"2023-12-08T13:42:59","DATE_MAJ":"2024-03-12T16:10:18","NOM_NORMA":"RTE DE LA CAVALERIE","ID_BAN_ODO":null,"Nom_a_verifier":true,"other_tags":"nan"},"geometry":{"type":"MultiLineString","coordinates":[[[2.436335887912917,48.838954706117093],[2.436197089086424,48.83881285277311],[2.435928358966695,48.838465332902054]],[[2.43512609064488,48.835177084774926],[2.435179227751841,48.835302346907277],[2.435236140205573,48.835456406378007],[2.435306421050746,48.8357598228014],[2.435377501509969,48.835989495311068]],[[2.435928358966695,48.838465332902054],[2.435878651830559,48.838400344680593],[2.435850110439968,48.838268004361559],[2.435836107481276,48.838177103091311],[2.435624441945976,48.837089678715188],[2.435540749473655,48.836640503259368],[2.435420957734643,48.836128201946508],[2.435377501509969,48.835989495311068]]]}},
{"type":"Feature","properties":{"ID":"VOIE_NOM0000002338860795","ID_BAN":null,"name":"Route De La Porte Jaune","INSEE_COM":"75112","NOM_COM":"Paris 12e Arrondissement","SRC_BAN":null,"NOM_COLL":"RTE DE LA PORTE JAUNE","TYPE_VOIE":"route","MOT_DIR":"JAUNE","LD_BAN":null,"ID_SUPP":"TRONROUT0000000000198264/TRONROUT0000000000199078/TRONROUT0000000000199079/TRONROUT0000000000199819/TRONROUT0000000000199823/TRONROUT0000000000200766/TRONROUT0000000000200771/TRONROUT0000000230033450/TRONROUT0000000315111010/TRONROUT0000000356918010","INSEEDBAN":null,"COMDEL_BAN":null,"DATE_CREAT":"2023-12-08T13:42:59","DATE_MAJ":"2024-03-12T16:10:18","NOM_NORMA":"RTE DE LA PORTE JAUNE","ID_BAN_ODO":null,"Nom_a_verifier":true,"other_tags":"nan"},"geometry":{"type":"MultiLineString","coordinates":[[[2.458038319820573,48.838838256822065],[2.457888107739822,48.839002158378555]],[[2.457888107739822,48.839002158378555],[2.457712501394891,48.839249584729636],[2.457610233274651,48.839388521256701],[2.457557713206704,48.839460231586727]],[[2.457557713206704,48.839460231586727],[2.457451609787235,48.839574867955456],[2.45738677145017,48.839651918464796],[2.457321661380611,48.839755049018684]],[[2.457204217336367,48.83991190340975],[2.457321661380611,48.839755049018684]],[[2.456438439045045,48.842530944297728],[2.456399637445013,48.842332010828144],[2.45636502675006,48.842123203461362],[2.456333216317925,48.841907213937837],[2.456319232944915,48.841810919495437]],[[2.456562905291142,48.843008167063608],[2.456553780409271,48.842968554071305],[2.456493281341793,48.842759629258239],[2.456438439045045,48.842530944297728]],[[2.456750033814621,48.843617878905434],[2.456706242714001,48.843505260949904],[2.456609873658646,48.843208036803283],[2.456562905291142,48.843008167063608]],[[2.456779071761001,48.843707946027983],[2.456750033814621,48.843617878905434]],[[2.456345335880468,48.841267828077171],[2.456390294423809,48.841137625964087],[2.456431231059941,48.8410011100611],[2.456498203918836,48.840850322745105],[2.456567901264875,48.840699547749914],[2.456675943212847,48.840530060401797],[2.456801649165759,48.840365149921773],[2.457204217336367,48.83991190340975]],[[2.456319232944915,48.841810919495437],[2.45631316173201,48.841739842921314],[2.456301647910431,48.841537435872915],[2.456315364123599,48.841398098273061],[2.456324233049879,48.841331586345881],[2.456345335880468,48.841267828077171]]]}},
{"type":"Feature","properties":{"ID":"VOIE_NOM0000002338860796","ID_BAN":null,"name":"Route De La Porte Noire","INSEE_COM":"75112","NOM_COM":"Paris 12e Arrondissement","SRC_BAN":null,"NOM_COLL":"RTE DE LA PORTE NOIRE","TYPE_VOIE":"route","MOT_DIR":"NOIRE","LD_BAN":null,"ID_SUPP":"TRONROUT0000000000203184/TRONROUT0000000000203187/TRONROUT0000000356908858","INSEEDBAN":null,"COMDEL_BAN":null,"DATE_CREAT":"2023-12-08T13:42:59","DATE_MAJ":"2025-04-09T22:52:28","NOM_NORMA":"RTE DE LA PORTE NOIRE","ID_BAN_ODO":null,"Nom_a_verifier":true,"other_tags":"nan"},"geometry":{"type":"MultiLineString","coordinates":[[[2.457169922471105,48.833131485129648],[2.457137318129219,48.832991936174182],[2.457094462368568,48.832790284727203],[2.457092281146042,48.832738111866028],[2.457094195977857,48.832685058233587],[2.457102903206518,48.83263383415305],[2.457109911022396,48.832614979370497],[2.457126463777993,48.832595268549525],[2.457288301842945,48.832490777704102]],[[2.457169922471105,48.833131485129648],[2.457184279674442,48.833191807479501],[2.457216500337283,48.833368228452009],[2.457237841942605,48.8335428012983]],[[2.456980958001657,48.834139710067426],[2.457123430702875,48.833802197288634],[2.457237841942605,48.8335428012983]]]}},
{"type":"Feature","properties":{"ID":"VOIE_NOM0000002338860797","ID_BAN":null,"name":"Route De L'Artillerie","INSEE_COM":"75112","NOM_COM":"Paris 12e Arrondissement","SRC_BAN":null,"NOM_COLL":"RTE DE L'ARTILLERIE","TYPE_VOIE":"route","MOT_DIR":"ARTILLERIE","LD_BAN":null,"ID_SUPP":"TRONROUT0000000000199851/TRONROUT0000000000199856/TRONROUT0000000000199858/TRONROUT0000000000199860/TRONROUT0000000000200823","INSEEDBAN":null,"COMDEL_BAN":null,"DATE_CREAT":"2023-12-08T13:42:59","DATE_MAJ":"2024-03-12T16:10:18","NOM_NORMA":"RTE DE L'ARTILLERIE","ID_BAN_ODO":null,"Nom_a_verifier":true,"other_tags":"nan"},"geometry":{"type":"MultiLineString","coordinates":[[[2.438258644266092,48.839556427620252],[2.437781725903535,48.839308662451664]],[[2.438526540464317,48.839730361965316],[2.438381876996183,48.839626256774913],[2.438258644266092,48.839556427620252]],[[2.438528214452132,48.840333838381746],[2.438559459569936,48.840468888539419]],[[2.438496918640424,48.839950565432616],[2.438561853081707,48.839867230002987],[2.438573323920906,48.839814221767007],[2.438556106615588,48.839768273741498],[2.438526540464317,48.839730361965316]],[[2.438496918640424,48.839950565432616],[2.438460962944255,48.839999861291425],[2.438456236217836,48.840059196666601],[2.438471761693091,48.840135714889115],[2.438528214452132,48.840333838381746]]]}},
{"type":"Feature","properties":{"ID":"VOIE_NOM0000002338860798","ID_BAN":null,"name":"Route De La Terrasse","INSEE_COM":"75112","NOM_COM":"Paris 12e Arrondissement","SRC_BAN":null,"NOM_COLL":"RTE DE LA TERRASSE","TYPE_VOIE":"route","MOT_DIR":"TERRASSE","LD_BAN":null,"ID_SUPP":"TRONROUT0000000000207532/TRONROUT0000000000207545/TRONROUT0000000004410949/TRONROUT0000000356876039","INSEEDBAN":null,"COMDEL_BAN":null,"DATE_CREAT":"2023-12-08T13:42:59","DATE_MAJ":"2024-03-12T16:10:18","NOM_NORMA":"RTE DE LA TERRASSE","ID_BAN_ODO":null,"Nom_a_verifier":true,"other_tags":"nan"},"geometry":{"type":"MultiLineString","coordinates":[[[2.434353594907106,48.819361652154797],[2.434407640770513,48.81940148026186],[2.43446171597879,48.819438610359889],[2.434655187346717,48.819557343222108],[2.434768951783175,48.819616340339749],[2.434901851098009,48.819669132161103]],[[2.436199553311468,48.819817358988978],[2.436114639326052,48.819735115597972],[2.43610111771417,48.819726058097096],[2.436080757495322,48.819719666463975]],[[2.434901851098009,48.819669132161103],[2.435054002229156,48.819704926692388]],[[2.436080757495322,48.819719666463975],[2.436043996282372,48.819718593716232],[2.435973129537541,48.819722756328275],[2.435873653428197,48.819727683301885],[2.435737377155666,48.81973513466118],[2.435587511176391,48.819739823599342],[2.435497616890249,48.819740298620403],[2.435406370453202,48.819739867815841],[2.435237603602826,48.81972917771904],[2.435054002229156,48.819704926692388]]]}},
{"type":"Feature","properties":{"ID":"VOIE_NOM0000002338860799","ID_BAN":null,"name":"Route De Mortemart","INSEE_COM":"75112","NOM_COM":"Paris 12e Arrondissement","SRC_BAN":null,"NOM_COLL":"RTE DE MORTEMART","TYPE_VOIE":"route","MOT_DIR":"MORTEMART","LD_BAN":null,"ID_SUPP":"TRONROUT0000000000204652/TRONROUT0000000000204653/TRONROUT0000000000204656/TRONROUT0000000000204665/TRONROUT0000000000205363/TRONROUT0000000356952548/TRONROUT0000002008693176","INSEEDBAN":null,"COMDEL_BAN":null,"DATE_CREAT":"2023-12-08T13:42:59","DATE_MAJ":"2024-03-12T16:10:18","NOM_NORMA":"RTE DE MORTEMART","ID_BAN_ODO":null,"Nom_a_verifier":true,"other_tags":"nan"},"geometry":{"type":"MultiLineString","coordinates":[[[2.454884805670441,48.827189789069827],[2.454758686773304,48.82713615153984],[2.454659696875151,48.827093429978461]],[[2.457971324289836,48.828510595690865],[2.45732318968091,48.828223457153932],[2.455885612389453,48.827617048600978],[2.455560202790619,48.827472568491004],[2.455184529323109,48.827315267374303],[2.455046216843726,48.827255279044742],[2.454884805670441,48.827189789069827]],[[2.458702088872199,48.828843072847413],[2.458542095699832,48.828771298811056],[2.458215337450753,48.828624121940507],[2.457971324289836,48.828510595690865]],[[2.461074140613974,48.829851179827841],[2.4606551236887,48.82966672015462]],[[2.4606551236887,48.82966672015462],[2.460515436528269,48.82960673213335],[2.460222516217345,48.82947949954108]],[[2.459236472412325,48.829066733914274],[2.458805153119661,48.828887608132113],[2.458702088872199,48.828843072847413]],[[2.460222516217345,48.82947949954108],[2.459521271117465,48.829188536102691],[2.459236472412325,48.829066733914274]]]}},
{"type":"Feature","properties":{"ID":"VOIE_NOM0000002338860800","ID_BAN":null,"name":"Route De Reuilly","INSEE_COM":"75112","NOM_COM":"Paris 12e Arrondissement","SRC_BAN":null,"NOM_COLL":"RTE DE REUILLY","TYPE_VOIE":"route","MOT_DIR":"REUILLY","LD_BAN":null,"ID_SUPP":"TRONROUT0000000000204830/TRONROUT0000000230033011/TRONROUT0000000230033143/TRONROUT0000000312564948/TRONROUT0000000357923583/TRONROUT0000000357923584/TRONROUT0000002008493166","INSEEDBAN":null,"COMDEL_BAN":null,"DATE_CREAT":"2023-12-08T13:42:59","DATE_MAJ":"2024-03-12T16:10:18","NOM_NORMA":"RTE DE REUILLY","ID_BAN_ODO":null,"Nom_a_verifier":true,"other_tags":"nan"},"geometry":{"type":"MultiLineString","coordinates":[[[2.404994403687227,48.82840265834998],[2.405045671216415,48.828446083123417]],[[2.405074601117166,48.828537063316482],[2.405084412998008,48.828512829160886],[2.405083317712682,48.828489440116549],[2.405060459437771,48.828463244703485],[2.405045671216415,48.828446083123417]],[[2.405074601117166,48.828537063316482],[2.405023453689505,48.828602462810977],[2.404961142319002,48.828691190327845],[2.404898892331292,48.828774521898524],[2.404824095572387,48.828882973318734],[2.404760318720493,48.828980687106274],[2.404688307249478,48.829083756075271],[2.404603779549167,48.829209246896866]],[[2.403980710279306,48.832235212760416],[2.403837442781646,48.832016852093993],[2.403836234849585,48.832003355577577],[2.403807686931818,48.831640768569677]],[[2.403807686931818,48.831640768569677],[2.403796702574487,48.831529192342444],[2.403795855897608,48.83124588755836],[2.403813246615059,48.831035522355442],[2.403844186928248,48.83083152022202],[2.403894197344849,48.830627613094819],[2.403971707668071,48.830401358770743],[2.404058598199901,48.830188641611755],[2.404171553897875,48.829959865586567],[2.404281609613069,48.829746364226629],[2.404288564207387,48.829733807713303]],[[2.404388703829243,48.829553533451424],[2.404448354572578,48.82945939683195],[2.404499739837317,48.829373313336291],[2.404545542865801,48.829298893810062],[2.404603779549167,48.829209246896866]],[[2.404288564207387,48.829733807713303],[2.404388703829243,48.829553533451424]]]}},
{"type":"Feature","properties":{"ID":"VOIE_NOM0000002338860802","ID_BAN":null,"name":"Route Des Chenes","INSEE_COM":"75112","NOM_COM":"Paris 12e Arrondissement","SRC_BAN":null,"NOM_COLL":"RTE DES CHENES","TYPE_VOIE":"route","MOT_DIR":"CHENES","LD_BAN":null,"ID_SUPP":"TRONROUT0000000000200748/TRONROUT0000000000201580/TRONROUT0000000000201584/TRONROUT0000000000201587/TRONROUT0000000000202366/TRONROUT0000000327910205/TRONROUT0000000356917998","INSEEDBAN":null,"COMDEL_BAN":null,"DATE_CREAT":"2023-12-08T13:42:59","DATE_MAJ":"2024-03-12T16:10:18","NOM_NORMA":"RTE DES CHENES","ID_BAN_ODO":null,"Nom_a_verifier":true,"other_tags":"nan"},"geometry":{"type":"MultiLineString","coordinates":[[[2.461800046601907,48.835935927135026],[2.461693389728017,48.835841913898214],[2.461586733238853,48.835747900558395],[2.461471977627378,48.835646655779819],[2.461301990733256,48.835484905104394]],[[2.462311882770774,48.836372619087918],[2.462229569598733,48.836295803606312],[2.462157997486413,48.836234325448793],[2.462067455158242,48.836162868991067],[2.461994548948478,48.836098686652001],[2.461800046601907,48.835935927135026]],[[2.462706186515874,48.836845654425545],[2.462605225823793,48.836727385020772],[2.462513662807579,48.8366226481129],[2.462416734319399,48.836509792787929],[2.462311882770774,48.836372619087918]],[[2.462926182896206,48.838237048474809],[2.462948537096463,48.838315392855797]],[[2.46296626591637,48.838049262906445],[2.462926182896206,48.838237048474809]],[[2.462706186515874,48.836845654425545],[2.462763969881525,48.836923258722209],[2.462823023079915,48.837009862262718],[2.462884643622906,48.837111766371336],[2.462934142277033,48.837200125651847]],[[2.462934142277033,48.837200125651847],[2.462996856922846,48.837328115956467],[2.463024576865587,48.8374145786916],[2.463000166475271,48.837668087805191],[2.462981038530254,48.837937808994724],[2.46296626591637,48.838049262906445]]]}},
{"type":"Feature","properties":{"ID":"VOIE_NOM0000002338860804","ID_BAN":null,"name":"Route Des Dames","INSEE_COM":"75112","NOM_COM":"Paris 12e Arrondissement","SRC_BAN":null,"NOM_COLL":"RTE DES DAMES","TYPE_VOIE":"route","MOT_DIR":"DAMES","LD_BAN":null,"ID_SUPP":"TRONROUT0000000000199825/TRONROUT0000000000199826/TRONROUT0000000000199828/TRONROUT0000000000200776/TRONROUT0000000000200777/TRONROUT0000000000201595/TRONROUT0000000356670059","INSEEDBAN":null,"COMDEL_BAN":null,"DATE_CREAT":"2023-12-08T13:42:59","DATE_MAJ":"2024-03-12T16:10:18","NOM_NORMA":"RTE DES DAMES","ID_BAN_ODO":null,"Nom_a_verifier":true,"other_tags":"nan"},"geometry":{"type":"MultiLineString","coordinates":[[[2.455962171486266,48.836988747293255],[2.455919328771765,48.83704701070112],[2.45589269326619,48.837118838185127],[2.455867016343713,48.837229342409501],[2.455838417452139,48.837358719839024],[2.455792004541689,48.837497909136609],[2.455741607605794,48.837627187339329],[2.455688654742652,48.837740265441688],[2.455618037895789,48.837848766335284],[2.455548848876673,48.837950978175584]],[[2.455126098844383,48.838510252101962],[2.455234976961287,48.838391133524759],[2.455370228319351,48.83822536835001],[2.455515466322796,48.838016479310994],[2.455548848876673,48.837950978175584]],[[2.45368515105627,48.839370659647678],[2.453734470871166,48.839344803549075],[2.454512936246425,48.838906771952885],[2.454958459082893,48.838646190618512],[2.45505179693995,48.83858006346621],[2.455126098844383,48.838510252101962]],[[2.452779822457726,48.840989858697391],[2.452686810487216,48.841154015155546],[2.452516234707456,48.841438330109177],[2.452417638986694,48.841615051709738],[2.452246160882207,48.841855293676879],[2.452124259635748,48.84204539857793],[2.452070102142274,48.842142280794391]],[[2.452846456552699,48.840872347969317],[2.452779822457726,48.840989858697391]],[[2.452928945598599,48.840672169013352],[2.453002740328093,48.840521414763593],[2.453091112008979,48.840279892177975],[2.45318896319933,48.840043808946042],[2.453271213783986,48.839866112427096],[2.453320001922093,48.83976111074778],[2.453370020230286,48.839668705646879],[2.453394949152613,48.83963014724673],[2.453432215154445,48.839584450361158],[2.453488667938472,48.83952804884732],[2.453557457671172,48.839464508811403],[2.4536219620548,48.839419835642104],[2.45368515105627,48.839370659647678]],[[2.452928945598599,48.840672169013352],[2.452846456552699,48.840872347969317]]]}},
{"type":"Feature","properties":{"ID":"VOIE_NOM0000002338860805","ID_BAN":null,"name":"Route Des Iles","INSEE_COM":"75112","NOM_COM":"Paris 12e Arrondissement","SRC_BAN":null,"NOM_COLL":"RTE DES ILES","TYPE_VOIE":"route","MOT_DIR":"ILES","LD_BAN":null,"ID_SUPP":"TRONROUT0000000000204785/TRONROUT0000000000204788/TRONROUT0000000000204792/TRONROUT0000000000204793/TRONROUT0000000000204797/TRONROUT0000000000204798/TRONROUT0000000000204799/TRONROUT0000000000205521/TRONROUT0000000000205539/TRONROUT0000000356872447","INSEEDBAN":null,"COMDEL_BAN":null,"DATE_CREAT":"2023-12-08T13:42:59","DATE_MAJ":"2024-03-12T16:10:18","NOM_NORMA":"RTE DES ILES","ID_BAN_ODO":null,"Nom_a_verifier":true,"other_tags":"nan"},"geometry":{"type":"MultiLineString","coordinates":[[[2.416527575846217,48.827956735039592],[2.416673186013858,48.827847722387965]],[[2.416527575846217,48.827956735039592],[2.416384840287202,48.828052271007365],[2.416247633181833,48.828140638837084],[2.416062318741021,48.828267444461346]],[[2.415209167387585,48.829276863504681],[2.415399430397551,48.828952222572077],[2.415522514742648,48.828787340469603],[2.415644034583954,48.828640437937118],[2.415908311794049,48.82839620143276],[2.416062318741021,48.828267444461346]],[[2.41513947668889,48.829417723422047],[2.415164600492979,48.829363884231221],[2.415188271314787,48.829318132235976],[2.415209167387585,48.829276863504681]],[[2.415240255954599,48.829905673281232],[2.415188403057269,48.829670684907647]],[[2.415261001279339,48.829999308883508],[2.415240255954599,48.829905673281232]],[[2.415261001279339,48.829999308883508],[2.415260557437688,48.830038878861032],[2.415245250945203,48.830067583766599]],[[2.414979549822799,48.830194893845857],[2.415028718686532,48.83018344257696],[2.415112153343766,48.830153272162036],[2.415179302567051,48.830117625854733],[2.415216353148935,48.830093524114147],[2.415245250945203,48.830067583766599]],[[2.41513947668889,48.829417723422047],[2.415132131263096,48.829465353976367],[2.415135703121573,48.829511239182587],[2.415173954176585,48.829622947787549]],[[2.415188403057269,48.829670684907647],[2.415173954176585,48.829622947787549]]]}},
{"type":"Feature","properties":{"ID":"VOIE_NOM0000002338860806","ID_BAN":null,"name":"Route Des Pelouses","INSEE_COM":"75112","NOM_COM":"Paris 12e Arrondissement","SRC_BAN":null,"NOM_COLL":"RTE DES PELOUSES","TYPE_VOIE":"route","MOT_DIR":"PELOUSES","LD_BAN":null,"ID_SUPP":"TRONROUT0000000000199807/TRONROUT0000000000199809/TRONROUT0000000000199812/TRONROUT0000000000200746/TRONROUT0000000327910206","INSEEDBAN":null,"COMDEL_BAN":null,"DATE_CREAT":"2023-12-08T13:42:59","DATE_MAJ":"2024-03-12T16:10:18","NOM_NORMA":"RTE DES PELOUSES","ID_BAN_ODO":null,"Nom_a_verifier":true,"other_tags":"nan"},"geometry":{"type":"MultiLineString","coordinates":[[[2.462982958187494,48.83841267788474],[2.462948537096463,48.838315392855797]],[[2.462982958187494,48.83841267788474],[2.462922448279316,48.838467266954794],[2.462882781809856,48.838614583281192],[2.462718163499322,48.839252386746054],[2.462613090590406,48.839532513716073]],[[2.462234630373055,48.840955391197539],[2.462163664938383,48.841494684666927]],[[2.462613090590406,48.839532513716073],[2.462539834313314,48.83976601700806],[2.462411597146083,48.840178244796945]],[[2.462411597146083,48.840178244796945],[2.462306455779883,48.840464666457088],[2.462288076155694,48.840529337384432],[2.462243333931382,48.840904167121757],[2.462234630373055,48.840955391197539]]]}},
{"type":"Feature","properties":{"ID":"VOIE_NOM0000002338860807","ID_BAN":null,"name":"Route Des Sabotiers","INSEE_COM":"75112","NOM_COM":"Paris 12e Arrondissement","SRC_BAN":null,"NOM_COLL":"RTE DES SABOTIERS","TYPE_VOIE":"route","MOT_DIR":"SABOTIERS","LD_BAN":null,"ID_SUPP":"TRONROUT0000000000199087/TRONROUT0000002000104141","INSEEDBAN":null,"COMDEL_BAN":null,"DATE_CREAT":"2023-12-08T13:42:59","DATE_MAJ":"2024-03-12T16:10:18","NOM_NORMA":"RTE DES SABOTIERS","ID_BAN_ODO":null,"Nom_a_verifier":true,"other_tags":"nan"},"geometry":{"type":"MultiLineString","coordinates":[[[2.447039669158057,48.84200761420675],[2.446619627061757,48.839990216010271],[2.44660262221979,48.83992358496802]],[[2.447410468173301,48.843531934084098],[2.447372557395426,48.843380667567814],[2.447362115072219,48.84333745035552],[2.447155730107226,48.842498298846948],[2.447059133035675,48.842099438353891],[2.447039669158057,48.84200761420675]]]}},
{"type":"Feature","properties":{"ID":"VOIE_NOM0000002338860809","ID_BAN":null,"name":"Route Du Bac","INSEE_COM":"75112","NOM_COM":"Paris 12e Arrondissement","SRC_BAN":null,"NOM_COLL":"RTE DU BAC","TYPE_VOIE":"route","MOT_DIR":"BAC","LD_BAN":null,"ID_SUPP":"TRONROUT0000000000204813/TRONROUT0000000000205554/TRONROUT0000000000205555/TRONROUT0000000000205559/TRONROUT0000000000206193/TRONROUT0000000000206733/TRONROUT0000000312564911/TRONROUT0000000312564921/TRONROUT0000000312564930","INSEEDBAN":null,"COMDEL_BAN":null,"DATE_CREAT":"2023-12-08T13:42:59","DATE_MAJ":"2025-04-09T22:52:28","NOM_NORMA":"RTE DU BAC","ID_BAN_ODO":null,"Nom_a_verifier":true,"other_tags":"nan"},"geometry":{"type":"MultiLineString","coordinates":[[[2.415880208953682,48.826162930615503],[2.415992783761364,48.82608433585677],[2.416094381265521,48.82601288235189],[2.416197390889719,48.825936938800247],[2.416283914714589,48.825873505872757],[2.416395166513576,48.825791306782193],[2.416522903355622,48.825696596831598],[2.416656258945652,48.825586624849805],[2.41682675104726,48.825444456476198],[2.417005464681181,48.825297831073662],[2.417229425746204,48.825124444776122],[2.417420505885756,48.824967985907108],[2.41757455925021,48.824833830662975],[2.417683193253909,48.824741724488049],[2.41776306390798,48.824663868106782],[2.417779759569075,48.824632471405323],[2.417795133368369,48.824597470780766]],[[2.410307229808679,48.828857971442154],[2.410402192643024,48.82877210027651],[2.41048744746115,48.828701470441544],[2.41058915928703,48.828621028596565],[2.410694977472279,48.828538808157965],[2.41079803044437,48.828460171472607],[2.410909235440055,48.828383373586767],[2.411013599088284,48.828309240007535],[2.411119324545672,48.828235113039312],[2.411227733284415,48.828164596659569],[2.411354031837873,48.828077979594696]],[[2.414341614701791,48.826836228638115],[2.414533011429123,48.826774209916273],[2.414758691559847,48.826691673161939],[2.41497479616182,48.826612686615881],[2.415174565452693,48.826532720424524],[2.415404521300747,48.826433115326004],[2.415546951773439,48.826364560009459],[2.415674399256778,48.826295931313574],[2.415792402722481,48.826219162014695],[2.415880208953682,48.826162930615503]],[[2.409497854579311,48.829720069346429],[2.409589922886498,48.829649473838082],[2.409656263026061,48.82956526074441],[2.409672842935658,48.829544657123044],[2.409743259038926,48.829461363461206],[2.409835784691664,48.829350298449718],[2.409940701464742,48.829227602707981],[2.410057927785394,48.829100470743342],[2.41018881548406,48.828969808553765],[2.410307229808679,48.828857971442154]],[[2.411354031837873,48.828077979594696],[2.411524110036598,48.827974489813492],[2.411733911609657,48.827851409067272],[2.411940906853371,48.827735509098041],[2.412087512845019,48.827659783519856],[2.412249131807267,48.827581433435164],[2.412349111709111,48.827533358818229]],[[2.412349111709111,48.827533358818229],[2.41245453977276,48.827485310882956],[2.412596936467955,48.827420356422195],[2.412878913480041,48.827298527483762]],[[2.413973610614831,48.826977425653133],[2.414189818642467,48.826889447344982],[2.414341614701791,48.826836228638115]],[[2.412878913480041,48.827298527483762],[2.413041760587154,48.82723187414588],[2.413108785976675,48.827207020745121]],[[2.417763188274805,48.824530761785745],[2.417795133368369,48.824597470780766]]]}},
{"type":"Feature","properties":{"ID":"VOIE_NOM0000002338860810","ID_BAN":null,"name":"Route Du Camp De Saint-Maur","INSEE_COM":"75112","NOM_COM":"Paris 12e Arrondissement","SRC_BAN":null,"NOM_COLL":"RTE DU CAMP DE SAINT-MAUR","TYPE_VOIE":"route","MOT_DIR":"MAUR","LD_BAN":null,"ID_SUPP":"TRONROUT0000000000202375/TRONROUT0000000000202377/TRONROUT0000000312565034/TRONROUT0000000356908860","INSEEDBAN":null,"COMDEL_BAN":null,"DATE_CREAT":"2023-12-08T13:42:59","DATE_MAJ":"2024-03-12T16:10:18","NOM_NORMA":"RTE DU CAMP DE SAINT-MAUR","ID_BAN_ODO":null,"Nom_a_verifier":true,"other_tags":"nan"},"geometry":{"type":"MultiLineString","coordinates":[[[2.455009383454059,48.834166717355544],[2.454935540221642,48.834062954416154]],[[2.45568063818536,48.835246307847903],[2.455723264420154,48.835339135845395],[2.455788683722269,48.835467142539514]],[[2.455275371890442,48.834525874403354],[2.455009383454059,48.834166717355544]],[[2.455275371890442,48.834525874403354],[2.455374808466706,48.834657633782392],[2.455476641306423,48.834820881565442],[2.455548692316118,48.834966006481409],[2.455607242914439,48.835099378213755],[2.45568063818536,48.835246307847903]]]}},
{"type":"Feature","properties":{"ID":"VOIE_NOM0000002338860811","ID_BAN":null,"name":"Route Du Grand Marechal","INSEE_COM":"75112","NOM_COM":"Paris 12e Arrondissement","SRC_BAN":null,"NOM_COLL":"RTE DU GRAND MARECHAL","TYPE_VOIE":"route","MOT_DIR":"MARECHAL","LD_BAN":null,"ID_SUPP":"TRONROUT0000000000198277/TRONROUT0000000000198279/TRONROUT0000000000198280/TRONROUT0000000000198285/TRONROUT0000000000199081/TRONROUT0000000000199806/TRONROUT0000000000199810/TRONROUT0000000000199820/TRONROUT0000000000200738/TRONROUT0000000000200745/TRON","INSEEDBAN":null,"COMDEL_BAN":null,"DATE_CREAT":"2023-12-08T13:42:59","DATE_MAJ":"2024-03-12T16:10:18","NOM_NORMA":"RTE DU GRAND MARECHAL","ID_BAN_ODO":null,"Nom_a_verifier":true,"other_tags":"nan"},"geometry":{"type":"MultiLineString","coordinates":[[[2.46756551351888,48.837147083172198],[2.467540596266912,48.837185644610457],[2.467385640251802,48.837283884007334],[2.465553252594548,48.838341448570333],[2.465472429682397,48.838384256532194]],[[2.464858621986898,48.838718770651901],[2.465472429682397,48.838384256532194]],[[2.464560346832202,48.838841547013111],[2.464002161351137,48.839065684856045],[2.463702677100952,48.839173164593667],[2.463456575210307,48.839256600424918],[2.463226923239359,48.839330216651746],[2.462823698446231,48.839456115087799],[2.462613090590406,48.839532513716073]],[[2.461405211678708,48.840130548806862],[2.461335439981792,48.84015811465283],[2.46131628239785,48.840166122580392]],[[2.457279365000154,48.840938408666688],[2.457139899307216,48.840985441654126],[2.456930620646949,48.841063634980294],[2.456819812576289,48.841106300913786],[2.456606473728747,48.841181777168806],[2.456464263118025,48.841230595604593],[2.456345335880468,48.841267828077171]],[[2.456345335880468,48.841267828077171],[2.45624284235174,48.841297040940013]],[[2.46131628239785,48.840166122580392],[2.461052088491423,48.840285446157921],[2.460912497727429,48.840345073954275],[2.460760663381541,48.840402847685148],[2.460615668777164,48.840457953997678],[2.460468023474995,48.840505853338776],[2.460247991952593,48.840570513649602]],[[2.460247991952593,48.840570513649602],[2.459992480641677,48.840640409525903],[2.459865466526179,48.840669514800908],[2.459711147580833,48.840703892749403],[2.459555568569467,48.840728371903289],[2.459402816895329,48.840742970729458],[2.459301931118855,48.840748810255882],[2.459152044173575,48.840749931388643],[2.459009044093011,48.84074388864056],[2.458731256019247,48.840728242369373],[2.458607367547086,48.840718688194436],[2.458416588841746,48.840721422041561],[2.458211933330832,48.840748375318135],[2.457760114702293,48.840828169439902],[2.457530700483865,48.840877493192934],[2.457279365000154,48.840938408666688]],[[2.462613090590406,48.839532513716073],[2.46250365283522,48.839575191093225],[2.462254497563121,48.839690088158648],[2.461668218053735,48.839994131346991],[2.461576406412306,48.840044981383194],[2.461487375185986,48.840090447733289]],[[2.461487375185986,48.840090447733289],[2.461454509798246,48.840106488169653],[2.461405211678708,48.840130548806862]],[[2.451077884956161,48.842557730426208],[2.450910856417662,48.842633408978585],[2.450775202552772,48.842705633926428],[2.45064358838849,48.842782374037668],[2.450510526009499,48.842867201532584],[2.450345708487006,48.842991454539153]],[[2.448139584179955,48.843776326421377],[2.448389505368441,48.843722618498028],[2.449184361778884,48.843549108276157],[2.449408469125121,48.843488084539224],[2.449528702402239,48.843457160474287],[2.449650383513036,48.843418148768379],[2.449758448870714,48.843378174959895],[2.449861120997757,48.843332780131043],[2.450057297282919,48.843206873273594]],[[2.446497282929874,48.844967576616064],[2.446485812766556,48.844892877295784],[2.446483632106041,48.844841604115011],[2.446489722221131,48.844781375672952],[2.446502529517774,48.844730171831173],[2.446523521580848,48.8446781064996],[2.446552746135676,48.844620683131332],[2.446612185171654,48.844540915701721],[2.44668113312321,48.844463890276351],[2.446751300202875,48.844400360737417],[2.446818646593617,48.844345811640515],[2.44686402055705,48.844307349266174]],[[2.447192627138332,48.843644246189427],[2.447283895114855,48.843775074132715],[2.447299949663198,48.843803028257867],[2.447313269655699,48.843831869100022]],[[2.448139584179955,48.843776326421377],[2.44790748953187,48.843819323853445],[2.447703959747771,48.843866949478056],[2.44743475210835,48.843940352658223],[2.447302196555682,48.843976613807015]],[[2.447302196555682,48.843976613807015],[2.44732180592229,48.843926340623604],[2.447327780521825,48.843876903799377],[2.447321282639183,48.843847195124034],[2.447313269655699,48.843831869100022]],[[2.44686402055705,48.844307349266174],[2.447056282373242,48.844166140289545],[2.447211487939292,48.84404994165633],[2.447262311446385,48.844011504304],[2.447302196555682,48.843976613807015]],[[2.450345708487006,48.842991454539153],[2.450183624665351,48.843114820518814]],[[2.450057297282919,48.843206873273594],[2.450183624665351,48.843114820518814]],[[2.45624284235174,48.841297040940013],[2.456141711161776,48.84132625990847],[2.455862981952239,48.841400538173453],[2.455640319346572,48.841455285133065],[2.455576133566861,48.84146938271023],[2.455420569121852,48.841492057846125],[2.455224083787297,48.841519043206439],[2.455028988918635,48.841543336515294],[2.454821603508991,48.841570271558176],[2.454603195861222,48.841608847598323],[2.454369697247589,48.841657247308198],[2.454095164168824,48.841720748337742],[2.453794658757139,48.841792224341816],[2.453588332480964,48.841847941423701],[2.45343949350152,48.841878738893072],[2.453187059560161,48.841913559464111],[2.452859651693977,48.841951634035112],[2.452612695229562,48.841983780384538],[2.452421505297065,48.842025175044263],[2.452256145331452,48.842072083795422],[2.452070102142274,48.842142280794391]],[[2.452070102142274,48.842142280794391],[2.45195783075942,48.84219392905144],[2.451775732272115,48.842277633972571],[2.451555408047655,48.842368358203203],[2.451354366086419,48.842439384669945],[2.451158659869506,48.842521227524706],[2.451077884956161,48.842557730426208]]]}},
{"type":"Feature","properties":{"ID":"VOIE_NOM0000002338860812","ID_BAN":null,"name":"Route Du Moulin Rouge","INSEE_COM":"75112","NOM_COM":"Paris 12e Arrondissement","SRC_BAN":null,"NOM_COLL":"RTE DU MOULIN ROUGE","TYPE_VOIE":"route","MOT_DIR":"ROUGE","LD_BAN":null,"ID_SUPP":"TRONROUT0000000000207531/TRONROUT0000000000207535/TRONROUT0000000000207536/TRONROUT0000000230032934/TRONROUT0000002223374255","INSEEDBAN":null,"COMDEL_BAN":null,"DATE_CREAT":"2023-12-08T13:42:59","DATE_MAJ":"2024-03-12T16:10:18","NOM_NORMA":"RTE DU MOULIN ROUGE","ID_BAN_ODO":null,"Nom_a_verifier":true,"other_tags":"nan"},"geometry":{"type":"MultiLineString","coordinates":[[[2.435288376214967,48.820197091673109],[2.435291731417466,48.820264560506232]],[[2.435291731417466,48.820264560506232],[2.435350515598492,48.820370064759338]],[[2.435726922066735,48.82120466071234],[2.435728750520304,48.821287411594213],[2.435706949258008,48.821414120200792],[2.435656722481899,48.821524505942477],[2.435598469896943,48.821621363191881],[2.435511353497418,48.821742367195924],[2.43539555799195,48.821870430692343],[2.435285472692082,48.8219742379937],[2.435117620021392,48.822129935870336],[2.434951186778946,48.822280243972401]],[[2.435350515598492,48.820370064759338],[2.435371867819499,48.820410637371751]],[[2.435371867819499,48.820410637371751],[2.435422441932107,48.820519700298334],[2.435553835212003,48.82071188701488],[2.435633904896765,48.820864258933518],[2.435701805362135,48.821008478995687],[2.435720822927934,48.821138977747118],[2.435726922066735,48.82120466071234]]]}},
{"type":"Feature","properties":{"ID":"VOIE_NOM0000002338860813","ID_BAN":null,"name":"Route Lemoine","INSEE_COM":"75112","NOM_COM":"Paris 12e Arrondissement","SRC_BAN":null,"NOM_COLL":"RTE LEMOINE","TYPE_VOIE":"route","MOT_DIR":"LEMOINE","LD_BAN":null,"ID_SUPP":"TRONROUT0000000000199956/TRONROUT0000000000199976/TRONROUT0000000000200871/TRONROUT0000000000200879/TRONROUT0000000000200880/TRONROUT0000000230033379","INSEEDBAN":null,"COMDEL_BAN":null,"DATE_CREAT":"2023-12-08T13:42:59","DATE_MAJ":"2024-03-12T16:10:18","NOM_NORMA":"RTE LEMOINE","ID_BAN_ODO":null,"Nom_a_verifier":true,"other_tags":"nan"},"geometry":{"type":"MultiLineString","coordinates":[[[2.421073451730373,48.838846738908892],[2.421261335347473,48.838981652607885]],[[2.421550002033154,48.839242963665463],[2.421409700596714,48.83911727421048],[2.421261335347473,48.838981652607885]],[[2.424872117873115,48.840069304246008],[2.424751011646118,48.840055231552206],[2.424641998464863,48.840056505989196],[2.424534327836415,48.840059585501756],[2.424417219590707,48.840053625925741]],[[2.424417219590707,48.840053625925741],[2.424251104120282,48.840043832938306],[2.424097320013389,48.840027803580277],[2.423942332616975,48.839997378497515],[2.42371956276543,48.839936048507582],[2.42347369212405,48.839869210613216],[2.423256422767738,48.8398034094661],[2.422976702222189,48.839717520798686]],[[2.422430628824923,48.839569189339386],[2.422304333964651,48.839531705773716],[2.422171237247909,48.839493289857685],[2.422019186789893,48.839443989906748],[2.421875320988306,48.839393829956549],[2.421728760600944,48.839340958726716],[2.421620327644298,48.83929007038784],[2.421550002033154,48.839242963665463]],[[2.422976702222189,48.839717520798686],[2.42285442412232,48.839686352708206],[2.422675084501877,48.839640519373084],[2.422430628824923,48.839569189339386]]]}},
{"type":"Feature","properties":{"ID":"VOIE_NOM0000002338860814","ID_BAN":null,"name":"Route Odette","INSEE_COM":"75112","NOM_COM":"Paris 12e Arrondissement","SRC_BAN":null,"NOM_COLL":"RTE ODETTE","TYPE_VOIE":"route","MOT_DIR":"ODETTE","LD_BAN":null,"ID_SUPP":"TRONROUT0000000000200739/TRONROUT0000000000200740/TRONROUT0000000000200741/TRONROUT0000000000200742/TRONROUT0000000322493338/TRONROUT0000002276188508","INSEEDBAN":null,"COMDEL_BAN":null,"DATE_CREAT":"2023-12-08T13:42:59","DATE_MAJ":"2024-03-12T16:10:18","NOM_NORMA":"RTE ODETTE","ID_BAN_ODO":null,"Nom_a_verifier":true,"other_tags":"nan"},"geometry":{"type":"MultiLineString","coordinates":[[[2.466522289582963,48.838840420002001],[2.466870086359535,48.838937302294219],[2.467247461860075,48.8390729875874],[2.467319402317011,48.839099389275745]],[[2.464560346832202,48.838841547013111],[2.464365414206701,48.838851466573459],[2.464170536977916,48.838855989928987],[2.463872377074721,48.838834868139834],[2.463752662599446,48.838817243764893],[2.46364533000625,48.83878798316001],[2.463491954066813,48.83873153527454],[2.463350932519063,48.838666149052678],[2.463157436022164,48.838536672873772],[2.462982958187494,48.83841267788474]],[[2.465439515177494,48.838671004042865],[2.46512885441237,48.838673212771077],[2.465037528442615,48.838677301158228],[2.464959724767618,48.838691342875734],[2.464858621986898,48.838718770651901]],[[2.466158016499635,48.838756054136823],[2.465970366355554,48.838720141660474],[2.465872449613965,48.838702616718891],[2.465767684139195,48.838688658533513],[2.465642446059639,48.838678206227577],[2.465521239855247,48.838673167941188],[2.465439515177494,48.838671004042865]],[[2.464858621986898,48.838718770651901],[2.464649253165255,48.838807769414984],[2.464560346832202,48.838841547013111]],[[2.466158016499635,48.838756054136823],[2.466250437838879,48.838778051101499],[2.466322469463853,48.838795460249074],[2.466455688975438,48.838824833911822],[2.466522289582963,48.838840420002001]]]}},
{"type":"Feature","properties":{"ID":"VOIE_NOM0000002338860815","ID_BAN":null,"name":"Route Ronde Des Minimes","INSEE_COM":"75112","NOM_COM":"Paris 12e Arrondissement","SRC_BAN":null,"NOM_COLL":"RTE RONDE DES MINIMES","TYPE_VOIE":"route","MOT_DIR":"MINIMES","LD_BAN":null,"ID_SUPP":"TRONROUT0000000000201579/TRONROUT0000000000201589/TRONROUT0000000000202355","INSEEDBAN":null,"COMDEL_BAN":null,"DATE_CREAT":"2023-12-08T13:42:59","DATE_MAJ":"2024-03-12T16:10:18","NOM_NORMA":"RTE RONDE DES MINIMES","ID_BAN_ODO":null,"Nom_a_verifier":true,"other_tags":"nan"},"geometry":{"type":"MultiLineString","coordinates":[[[2.460619872443698,48.838603501564926],[2.460730718605252,48.838556335443478],[2.460953847110536,48.838454814509113],[2.461122284434449,48.838371933272214],[2.461274289069014,48.838297071997239],[2.461434579012755,48.83821145554986],[2.461593682559414,48.838108745765631],[2.461747419590177,48.837997917403911],[2.461897106010665,48.837883473187304],[2.462059303623592,48.837744802401801],[2.462232640468077,48.837582798178033],[2.462382779142831,48.837424286851359],[2.462497505123057,48.837264716836678],[2.462589089095646,48.837103244007075],[2.462660116882133,48.8369533703939],[2.462706186515874,48.836845654425545]],[[2.462727115951962,48.835476025873369],[2.46271002710534,48.835415692073411],[2.462644906080002,48.835257112371565]],[[2.462706186515874,48.836845654425545],[2.462735602050579,48.836767542432668],[2.462771968196778,48.836675971278211],[2.462793079792824,48.836610412974196],[2.462806017358955,48.836544817953182],[2.462824700777911,48.8364504692764],[2.462840779959595,48.836344417239324],[2.4628477954685,48.836192457221941],[2.462848944635969,48.836080941962557],[2.462845376665117,48.836030561875432],[2.462835219551884,48.835958567594524],[2.462826545260522,48.835874888307664],[2.462803043148934,48.835775853326169],[2.462779448440778,48.835685811500987],[2.462762498497862,48.835611987964533],[2.462745455911468,48.835547157591584],[2.462727115951962,48.835476025873369]]]}},
{"type":"Feature","properties":{"ID":"VOIE_NOM0000002338860816","ID_BAN":null,"name":"Square Courteline","INSEE_COM":"75112","NOM_COM":"Paris 12e Arrondissement","SRC_BAN":null,"NOM_COLL":"SQ COURTELINE","TYPE_VOIE":"square","MOT_DIR":"COURTELINE","LD_BAN":null,"ID_SUPP":"TRONROUT0000000000197572/TRONROUT0000000000197578/TRONROUT0000000000197587/TRONROUT0000000000197591/TRONROUT0000000000198402/TRONROUT0000000000198407/TRONROUT0000000000198411","INSEEDBAN":null,"COMDEL_BAN":null,"DATE_CREAT":"2023-12-08T13:42:59","DATE_MAJ":"2024-03-12T16:10:18","NOM_NORMA":"SQ COURTELINE","ID_BAN_ODO":null,"Nom_a_verifier":true,"other_tags":"nan"},"geometry":{"type":"MultiLineString","coordinates":[[[2.402011798926306,48.844858712657086],[2.40205707226233,48.844831958260734],[2.402110427925262,48.844813338445775],[2.402199178581037,48.844797593546744],[2.402278277966201,48.844791693280442],[2.402325956466689,48.844792830841328],[2.402369464855516,48.844801142401074]],[[2.402369464855516,48.844801142401074],[2.40243321540961,48.844826642822852],[2.402465689491734,48.84484659086074],[2.402496718575723,48.84487372652147],[2.402526323292018,48.844906251196413],[2.402546307778629,48.844945922668337]],[[2.402276495727104,48.845184702971821],[2.402215160445433,48.845186195222404],[2.40215532182118,48.845176003293922],[2.402100995313427,48.845160442747797],[2.402041342471347,48.845134063283176]],[[2.401932586164509,48.844993220107611],[2.401941236143124,48.844951892969227],[2.401956574973843,48.844921391539792],[2.401975939490311,48.844896306368135],[2.401995283349961,48.84487301980198],[2.402011798926306,48.844858712657086]],[[2.402546307778629,48.844945922668337],[2.402551273398101,48.844988217200815],[2.402545410842534,48.845024162164002],[2.402525943452996,48.845058240469854]],[[2.402525943452996,48.845058240469854],[2.402458570414561,48.845110965980695],[2.402417415617637,48.845135043027128],[2.402376271095259,48.84515822075447],[2.402324288035303,48.845175948184938],[2.402276495727104,48.845184702971821]],[[2.402041342471347,48.845134063283176],[2.40200204532387,48.84511498038615],[2.401968311902532,48.845086032371952],[2.401950877452348,48.845061662606618],[2.401936271307681,48.845028313416641],[2.401932586164509,48.844993220107611]]]}},
{"type":"Feature","properties":{"ID":"VOIE_NOM0000002338860817","ID_BAN":null,"name":"Square Van Vollenhoven","INSEE_COM":"75112","NOM_COM":"Paris 12e Arrondissement","SRC_BAN":null,"NOM_COLL":"SQ VAN VOLLENHOVEN","TYPE_VOIE":"square","MOT_DIR":"VOLLENHOVEN","LD_BAN":null,"ID_SUPP":"TRONROUT0000000000202544/TRONROUT0000000000202545/TRONROUT0000000000202554/TRONROUT0000000000202560/TRONROUT0000000000202561/TRONROUT0000000000202562/TRONROUT0000000289219368/TRONROUT0000000338524300","INSEEDBAN":null,"COMDEL_BAN":null,"DATE_CREAT":"2023-12-08T13:42:59","DATE_MAJ":"2024-03-12T16:10:18","NOM_NORMA":"SQ VAN VOLLENHOVEN","ID_BAN_ODO":null,"Nom_a_verifier":true,"other_tags":"nan"},"geometry":{"type":"MultiLineString","coordinates":[[[2.406618023571344,48.834515625391163],[2.406261897826513,48.834324991632251]],[[2.406501166662633,48.834847810282611],[2.406472026723481,48.835014047989702],[2.406446051508655,48.835141628735322]],[[2.406154667901086,48.834409898900375],[2.406530008981183,48.834588037209272]],[[2.406618023571344,48.834515625391163],[2.406765055518355,48.834404833573245],[2.406846033016028,48.834352172689044],[2.406914125814851,48.834354309078229],[2.406984574836499,48.834388834221791],[2.407260677347953,48.834548490887656],[2.407279513938861,48.834569269605865],[2.407271013079967,48.834598007127902],[2.407226960178829,48.834638260192996],[2.407019096749981,48.834707380249682]],[[2.406530008981183,48.834588037209272],[2.406618023571344,48.834515625391163]],[[2.406501166662633,48.834847810282611],[2.40641812914024,48.834842002042492],[2.406344883632753,48.834813758248096],[2.406305684874612,48.834786582770676],[2.406304476239309,48.83477308631258],[2.406327901235367,48.834749819120191],[2.406530008981183,48.834588037209272]],[[2.407019096749981,48.834707380249682],[2.406686712872359,48.834824447985859],[2.406592500726995,48.834842867259731],[2.406501166662633,48.834847810282611]],[[2.407019096749981,48.834707380249682],[2.407180636679805,48.834878160762692],[2.407292171982515,48.835013618065865]]]}},
{"type":"Feature","properties":{"ID":"VOIE_NOM0000002338860818","ID_BAN":null,"name":"Terrasse De Champagne","INSEE_COM":"75112","NOM_COM":"Paris 12e Arrondissement","SRC_BAN":null,"NOM_COLL":"TSSE DE CHAMPAGNE","TYPE_VOIE":"terrasse","MOT_DIR":"CHAMPAGNE","LD_BAN":null,"ID_SUPP":"TRONROUT0000000227203110/TRONROUT0000000238903528/TRONROUT0000000238903530/TRONROUT0000000238903531","INSEEDBAN":null,"COMDEL_BAN":null,"DATE_CREAT":"2023-12-08T13:42:59","DATE_MAJ":"2024-03-12T16:10:18","NOM_NORMA":"TSSE DE CHAMPAGNE","ID_BAN_ODO":null,"Nom_a_verifier":true,"other_tags":"nan"},"geometry":{"type":"MultiLineString","coordinates":[[[2.387157514941144,48.830522337974223],[2.386800321584462,48.830546588839525]],[[2.390160265072318,48.832587346217238],[2.390179909289804,48.832654898907329],[2.390207453360004,48.832745875407902],[2.390212739072027,48.832876310557879]],[[2.388385732300466,48.831728382676211],[2.388082014962479,48.831490295361995],[2.387472033328323,48.830999715283809],[2.387322966924351,48.83081727928019],[2.387217247722962,48.830655750642798],[2.387157514941144,48.830522337974223]],[[2.388385732300466,48.831728382676211],[2.38860487838968,48.83185991146992],[2.388931059674817,48.832041451968308],[2.389456529215417,48.832305851448773],[2.389830688498487,48.83246245201385],[2.390160265072318,48.832587346217238]]]}},
{"type":"Feature","properties":{"ID":"VOIE_NOM0000002338860819","ID_BAN":null,"name":"Tunnel Van Gogh","INSEE_COM":"75112","NOM_COM":"Paris 12e Arrondissement","SRC_BAN":null,"NOM_COLL":"TUNNEL VAN GOGH","TYPE_VOIE":null,"MOT_DIR":"GOGH","LD_BAN":null,"ID_SUPP":"TRONROUT0000000000197708/TRONROUT0000000000197729/TRONROUT0000000000198524/TRONROUT0000000000198529/TRONROUT0000000224528233/TRONROUT0000000224528236","INSEEDBAN":null,"COMDEL_BAN":null,"DATE_CREAT":"2023-12-08T13:42:59","DATE_MAJ":"2024-03-12T16:10:18","NOM_NORMA":"TUNNEL VAN GOGH","ID_BAN_ODO":null,"Nom_a_verifier":true,"other_tags":"nan"},"geometry":{"type":"MultiLineString","coordinates":[[[2.37207755997031,48.844198102996209],[2.371696137937517,48.843963166281142],[2.371328203374948,48.843739990838529],[2.370966780545356,48.843542030522883],[2.370701087773183,48.843428213172906]],[[2.373968353707701,48.845714438017581],[2.374046755576179,48.845767011014473],[2.374133451767298,48.845809734411439],[2.374202542789599,48.845843372076345]],[[2.372000565427177,48.844255257842455],[2.371705693678084,48.84407473705032],[2.371627253345173,48.844025759649867],[2.371504132231335,48.843953164119149],[2.371107835536079,48.843709153708694],[2.370914506184549,48.843583126205118],[2.370701087773183,48.843428213172906]],[[2.374236862023037,48.845595328798623],[2.374128019642229,48.845581269069655],[2.3739827448474,48.845537339789452],[2.373782308055743,48.845434663321072],[2.373489034662225,48.845233470306141],[2.372261400094661,48.84432048129532],[2.37207755997031,48.844198102996209]],[[2.374416999932121,48.845572887579657],[2.374320053443693,48.845589468402729],[2.374236862023037,48.845595328798623]],[[2.372000565427177,48.844255257842455],[2.372093896670122,48.844312407375625],[2.37237084167033,48.844510820292534],[2.372758325765264,48.84480874160613],[2.373491392535906,48.845377379988456],[2.373968353707701,48.845714438017581]]]}},
{"type":"Feature","properties":{"ID":"VOIE_NOM0000002338860820","ID_BAN":null,"name":"Voie Communale Ao/12","INSEE_COM":"75112","NOM_COM":"Paris 12e Arrondissement","SRC_BAN":null,"NOM_COLL":"VC AO/12","TYPE_VOIE":"voie communale","MOT_DIR":"AO/12","LD_BAN":null,"ID_SUPP":"TRONROUT0000000330310602/TRONROUT0000002341410569","INSEEDBAN":null,"COMDEL_BAN":null,"DATE_CREAT":"2023-12-08T13:42:59","DATE_MAJ":"2024-06-17T16:42:27","NOM_NORMA":"VC AO/12","ID_BAN_ODO":null,"Nom_a_verifier":true,"other_tags":"nan"},"geometry":{"type":"MultiLineString","coordinates":[[[2.401273388878357,48.846508035009407],[2.401321852971575,48.846559540766265],[2.401438962014364,48.846685137049931],[2.401570761184076,48.846718173150215]],[[2.401570761184076,48.846718173150215],[2.401599684354105,48.846928766803785],[2.401627916757952,48.846962184128614]]]}},
{"type":"Feature","properties":{"ID":"VOIE_NOM0000002338860821","ID_BAN":null,"name":"Voie Communale By/12","INSEE_COM":"75112","NOM_COM":"Paris 12e Arrondissement","SRC_BAN":null,"NOM_COLL":"VC BY/12","TYPE_VOIE":"voie communale","MOT_DIR":"BY/12","LD_BAN":null,"ID_SUPP":"TRONROUT0000000000200994","INSEEDBAN":null,"COMDEL_BAN":null,"DATE_CREAT":"2023-12-08T13:42:59","DATE_MAJ":"2024-03-12T16:10:18","NOM_NORMA":"VC BY/12","ID_BAN_ODO":null,"Nom_a_verifier":true,"other_tags":"nan"},"geometry":{"type":"MultiLineString","coordinates":[[[2.382655920628453,48.837716602944852],[2.382727560722741,48.837764638930466],[2.382855834120065,48.837862432067624]]]}},
{"type":"Feature","properties":{"ID":"VOIE_NOM0000002338860822","ID_BAN":null,"name":"Voie Communale D/12","INSEE_COM":"75112","NOM_COM":"Paris 12e Arrondissement","SRC_BAN":null,"NOM_COLL":"VC D/12","TYPE_VOIE":"voie communale","MOT_DIR":"D/12","LD_BAN":null,"ID_SUPP":"TRONROUT0000000000197562","INSEEDBAN":null,"COMDEL_BAN":null,"DATE_CREAT":"2023-12-08T13:42:59","DATE_MAJ":"2024-03-12T16:10:18","NOM_NORMA":"VC D/12","ID_BAN_ODO":null,"Nom_a_verifier":true,"other_tags":"nan"},"geometry":{"type":"MultiLineString","coordinates":[[[2.407860275205979,48.846047072020831],[2.408190243665042,48.845788791199872]]]}},
{"type":"Feature","properties":{"ID":"VOIE_NOM0000002338860823","ID_BAN":null,"name":"Voie Communale Y/12","INSEE_COM":"75112","NOM_COM":"Paris 12e Arrondissement","SRC_BAN":null,"NOM_COLL":"VC Y/12","TYPE_VOIE":"voie communale","MOT_DIR":"Y/12","LD_BAN":null,"ID_SUPP":"TRONROUT0000000330310600","INSEEDBAN":null,"COMDEL_BAN":null,"DATE_CREAT":"2023-12-08T13:42:59","DATE_MAJ":"2024-03-12T16:10:18","NOM_NORMA":"VC Y/12","ID_BAN_ODO":null,"Nom_a_verifier":true,"other_tags":"nan"},"geometry":{"type":"MultiLineString","coordinates":[[[2.405083874379501,48.842287478335649],[2.404666218212764,48.842350154354577],[2.404587529808391,48.84243969852718]]]}},
{"type":"Feature","properties":{"ID":"VOIE_NOM0000002338860824","ID_BAN":null,"name":"Villa De La Porte Doree","INSEE_COM":"75112","NOM_COM":"Paris 12e Arrondissement","SRC_BAN":null,"NOM_COLL":"VLA DE LA PORTE DOREE","TYPE_VOIE":"villa","MOT_DIR":"DOREE","LD_BAN":null,"ID_SUPP":"TRONROUT0000000000202575","INSEEDBAN":null,"COMDEL_BAN":null,"DATE_CREAT":"2023-12-08T13:42:59","DATE_MAJ":"2024-03-12T16:10:18","NOM_NORMA":"VLA DE LA PORTE DOREE","ID_BAN_ODO":null,"Nom_a_verifier":true,"other_tags":"nan"},"geometry":{"type":"MultiLineString","coordinates":[[[2.404105521259185,48.834664120664236],[2.404028221283758,48.834633157147103],[2.403992956444844,48.834619490965864],[2.403775980438812,48.834532070616028],[2.403470828286933,48.834411833010975],[2.403188763942267,48.834298005363067]]]}},
{"type":"Feature","properties":{"ID":"VOIE_NOM0000002338860825","ID_BAN":null,"name":"Voie Mazas","INSEE_COM":"75112","NOM_COM":"Paris 12e Arrondissement","SRC_BAN":null,"NOM_COLL":"VOI MAZAS","TYPE_VOIE":"voie","MOT_DIR":"MAZAS","LD_BAN":null,"ID_SUPP":"TRONROUT0000000000198545/TRONROUT0000000338524318","INSEEDBAN":null,"COMDEL_BAN":null,"DATE_CREAT":"2023-12-08T13:42:59","DATE_MAJ":"2024-03-12T16:10:18","NOM_NORMA":"VOI MAZAS","ID_BAN_ODO":null,"Nom_a_verifier":true,"other_tags":"nan"},"geometry":{"type":"MultiLineString","coordinates":[[[2.368113090918464,48.844476715444465],[2.367857545163912,48.844649841141369],[2.367604722778965,48.844822980670578],[2.36736289727008,48.844988083568239],[2.366994569417331,48.8452469493796],[2.366649324775589,48.845512231732862],[2.366437327144089,48.845689182258219],[2.366218362156091,48.845878686497173],[2.366043435276889,48.846032449341756]],[[2.366043435276889,48.846032449341756],[2.365891922714026,48.846165650777792],[2.365776131747187,48.846274758711019],[2.365680975937495,48.846367787486365],[2.365588446411784,48.84646892432982],[2.36542952719527,48.84665065119745],[2.365379762440006,48.846708845498497],[2.365311988262174,48.84679122689991]]]}},
{"type":"Feature","properties":{"ID":"VOIE_NOM0000002338873147","ID_BAN":"75112_8037","name":"Quai de la Rapée","INSEE_COM":"75112","NOM_COM":"Paris 12e Arrondissement","SRC_BAN":"commune","NOM_COLL":"QU DE LA RAPEE","TYPE_VOIE":"quai","MOT_DIR":"Rapée","LD_BAN":null,"ID_SUPP":"TRONROUT0000000000197756/TRONROUT0000000000197758/TRONROUT0000000000197759/TRONROUT0000000000198519/TRONROUT0000000000198526/TRONROUT0000000000198527/TRONROUT0000000000198530/TRONROUT0000000000198531/TRONROUT0000000000198533/TRONROUT0000000000198534/TRON","INSEEDBAN":null,"COMDEL_BAN":null,"DATE_CREAT":"2023-12-08T13:42:59","DATE_MAJ":"2024-11-06T22:53:19","NOM_NORMA":"QU DE LA RAPEE","ID_BAN_ODO":null,"Nom_a_verifier":false,"other_tags":"nan"},"geometry":{"type":"MultiLineString","coordinates":[[[2.366876572963144,48.846435276933363],[2.366496872662324,48.84673185378918],[2.366400573392798,48.846806889886196]],[[2.366533742774854,48.846613333777761],[2.366629433065429,48.846476238637855],[2.366687623013997,48.846397403177704]],[[2.366400573392798,48.846806889886196],[2.366486584197934,48.846681435270312],[2.366533742774854,48.846613333777761]],[[2.367228133909717,48.84565019835798],[2.367289686886546,48.845743157840182],[2.367298831743355,48.845775583110949],[2.367305185985463,48.845813389772864],[2.367300421393133,48.84586912480038],[2.36728774345281,48.845903233372567],[2.36726694471206,48.845932802201411],[2.367233871957721,48.845963205466774],[2.367041321794247,48.846109681666228],[2.366740089302381,48.846341021341637],[2.366687623013997,48.846397403177704]],[[2.366942642979498,48.846380765717825],[2.366876572963144,48.846435276933363]],[[2.36763586239049,48.845850213076666],[2.367027952719998,48.846312865886539],[2.366942642979498,48.846380765717825]],[[2.367594246600953,48.845686309852148],[2.36756423762318,48.845688849293794],[2.367506999343623,48.845689446057357],[2.367402191669173,48.845679898325827]],[[2.370547010882075,48.843549715543084],[2.370600669719953,48.843506828582761]],[[2.370600669719953,48.843506828582761],[2.370701087773183,48.843428213172906]],[[2.370981424516274,48.843006088839232],[2.370809593731698,48.843131095672717]],[[2.370809593731698,48.843131095672717],[2.370310576814414,48.843495409034894]],[[2.370488687006378,48.843076345174389],[2.370520295786041,48.84305402749078],[2.37066188086532,48.842951345963392]],[[2.370855549173255,48.84293617615679],[2.370698803414634,48.843053167928574]],[[2.370698803414634,48.843053167928574],[2.370199699529576,48.843424675277625]],[[2.370307208711325,48.843210294121917],[2.370488687006378,48.843076345174389]],[[2.370239827206758,48.843261202965671],[2.370307208711325,48.843210294121917]],[[2.369423097556324,48.844432364091915],[2.36949597498159,48.844377887277119],[2.369743556362478,48.84418672892415],[2.370059968094834,48.843937474110312],[2.370547010882075,48.843549715543084]],[[2.369423097556324,48.844432364091915],[2.369540089654918,48.844448269802797],[2.369594634134006,48.844444959800079],[2.369634354003202,48.844428081269108],[2.370043110793151,48.844092075211506],[2.370545294765332,48.843691805388104],[2.370585350438497,48.84364704814368],[2.370583103309897,48.843607464482723],[2.370547010882075,48.843549715543084]],[[2.369293016011127,48.843921741458097],[2.369387627712316,48.843872775429674],[2.369502883564485,48.84380683029044],[2.369601865201597,48.843734503761958],[2.369715953738114,48.843652363780954],[2.369835546288752,48.843565755879617],[2.370117445822797,48.843353192765036],[2.370239827206758,48.843261202965671]],[[2.370310576814414,48.843495409034894],[2.3702486884137,48.843542749345794],[2.370076734536617,48.843677647396753],[2.369730283975786,48.843932140209446],[2.369500634052073,48.844105405885166],[2.369317667404582,48.844249238351502],[2.369255788090725,48.844295678814603],[2.369188251764727,48.844359177246048],[2.369145251581868,48.844421905665257],[2.369104802160811,48.844499037268051]],[[2.36913143392597,48.844662861106471],[2.369114091178208,48.844632191435636],[2.369106351466893,48.844596176248189],[2.369104159853564,48.844552096083461],[2.369104802160811,48.844499037268051]],[[2.36913143392597,48.844662861106471],[2.369348813924202,48.84449043088506],[2.369423097556324,48.844432364091915]],[[2.370199699529576,48.843424675277625],[2.370099302465238,48.843501491661137],[2.369869666539086,48.843673858809403],[2.369613869493006,48.843868571644009],[2.369527411315434,48.843919379540367],[2.369439623099637,48.843967482283063],[2.369334176467591,48.844010995072225],[2.369256164961431,48.844039363303565],[2.369182317108709,48.844061457920624],[2.369007403577274,48.844102805382541],[2.368863947435972,48.844134425594078],[2.368712217981276,48.8441740962136],[2.36859051816621,48.844209428340051]],[[2.369293016011127,48.843921741458097],[2.369125886206176,48.843995507084649],[2.368997156756466,48.844048789751362],[2.36859051816621,48.844209428340051]],[[2.368363752628902,48.845268575845076],[2.368610143281525,48.845063923274793],[2.368863181311198,48.844872795625385],[2.36913143392597,48.844662861106471]],[[2.369104802160811,48.844499037268051],[2.369090663551244,48.844428812671318],[2.36906703087622,48.84435494055964],[2.369046930564576,48.844326954405247],[2.369022710050181,48.844301644594211],[2.368972721463778,48.844266305905528],[2.368915713447774,48.844248017998432],[2.368824566273738,48.844235845468944],[2.368812281824085,48.844237579375253],[2.368760473442052,48.844240004098445],[2.368655287153945,48.844261933027518],[2.368506216828537,48.84430701357482],[2.36833373268407,48.844372655582028],[2.368113090918464,48.844476715444465]],[[2.36859051816621,48.844209428340051],[2.368458986318935,48.844268991149733],[2.36833832163871,48.844331309271325],[2.368291668910616,48.844358043722565],[2.368113090918464,48.844476715444465]],[[2.36763586239049,48.845850213076666],[2.368044534168519,48.845523207286526],[2.368363752628902,48.845268575845076]],[[2.368363752628902,48.845268575845076],[2.368160961995295,48.845361038315033],[2.367882063240375,48.845549329708071],[2.367711906517455,48.845647359978557],[2.367642045190684,48.845677568924806],[2.367594246600953,48.845686309852148]],[[2.367521607177766,48.845608581011035],[2.367634906509924,48.845592092124079],[2.367705999348334,48.845572681992891],[2.367753939646212,48.845552250106984],[2.367803351551006,48.845522832391467],[2.367959882200612,48.84542472999636],[2.368178173884373,48.845290079870828],[2.368219268303937,48.84527230971716],[2.368261583524153,48.845266237660809],[2.368363752628902,48.845268575845076]],[[2.367155038924642,48.845497820104427],[2.367355626656298,48.845587018155697],[2.36740723995345,48.845600781460739],[2.367469808287784,48.845610105871366],[2.367498421927118,48.845610257152359],[2.367521607177766,48.845608581011035]],[[2.37066188086532,48.842951345963392],[2.370762210895052,48.842879924890497],[2.371070152802602,48.842654006007606],[2.37109352110475,48.842637041007556]],[[2.37066188086532,48.842951345963392],[2.370666820420042,48.842993641891447],[2.370681384266894,48.843028793563875],[2.370698803414634,48.843053167928574]],[[2.370698803414634,48.843053167928574],[2.370706837179834,48.843064901874541],[2.370754057380342,48.84310382275649],[2.370797396464972,48.843125635358689],[2.370809593731698,48.843131095672717]],[[2.370809593731698,48.843131095672717],[2.370825856757976,48.843138376089463],[2.370867941969219,48.843151188467431],[2.370910092331893,48.843158605011133],[2.370949582851552,48.843160611391831],[2.371008159098213,48.843161818750083],[2.371073634619861,48.843155867468944]],[[2.370701087773183,48.843428213172906],[2.370868788890899,48.843306782245051],[2.371073634619861,48.843155867468944]],[[2.372489297042714,48.841689249348981],[2.372280200508689,48.841854534170217],[2.372057315511897,48.8420332366479],[2.371672205201857,48.842331601099247],[2.371262500805465,48.8426352311605],[2.370855549173255,48.84293617615679]],[[2.372856499119894,48.841746036018499],[2.372608637634585,48.841962381753497],[2.372280938764718,48.84224576011146],[2.371888376342232,48.842597148380847],[2.371742349463271,48.842729486946979],[2.371629433454763,48.842827823549122],[2.371497247026261,48.842942247285436],[2.371328034187056,48.843076262220492],[2.37126620145309,48.843119106559101],[2.371225088070816,48.843138676400201],[2.371160888272028,48.843151829352372],[2.371073634619861,48.843155867468944]],[[2.371073634619861,48.843155867468944],[2.371204405782463,48.84304593357782],[2.371492039666277,48.842809114575971],[2.37181839473264,48.842524832063745],[2.372103352186479,48.842283500652407],[2.372492936845889,48.841952781285158],[2.372656489007036,48.841722503261408]],[[2.372656489007036,48.841722503261408],[2.371991987415189,48.842253237162872],[2.371366326821483,48.842725712864357],[2.371076304274289,48.842934638850117],[2.370981424516274,48.843006088839232]],[[2.37109352110475,48.842637041007556],[2.371294276131366,48.842486104274677],[2.371427650782277,48.842386076737199],[2.371622910637709,48.842238707998938],[2.371862060839418,48.842067286646362],[2.372110844179798,48.841887821108912],[2.372255223688708,48.84177885675976],[2.372489297042714,48.841689249348981]],[[2.372952920398324,48.84165930342489],[2.372856499119894,48.841746036018499]],[[2.373817181741197,48.840717702090636],[2.373678085247408,48.840841085847494],[2.373413687636517,48.841073535317442],[2.373035025770254,48.841403415764667],[2.372656489007036,48.841722503261408]],[[2.372489297042714,48.841689249348981],[2.372900901141304,48.84133975742386],[2.373279563393978,48.841009877382376],[2.373543982898477,48.840775629584854],[2.373683101148545,48.840650447365711],[2.373838751465463,48.840510062354632],[2.373953031505739,48.840410831287549]],[[2.373904443157731,48.840826082272237],[2.373817670075267,48.840903872567189],[2.373547823015869,48.841136293793411],[2.373014890654203,48.841604767197857],[2.372952920398324,48.84165930342489]],[[2.374756371800219,48.840001326194106],[2.374478521005564,48.840220217391909],[2.374328474087045,48.840348041494671],[2.373817181741197,48.840717702090636]],[[2.374756371800219,48.840001326194106],[2.374477301400867,48.840321838955383],[2.374473160184693,48.840326314111721],[2.3741496122066,48.840606122154085],[2.373904443157731,48.840826082272237]]]}},
{"type":"Feature","properties":{"ID":"VOIE_NOM0000002338873150","ID_BAN":"75112_0476","name":"Rue d'Artagnan","INSEE_COM":"75112","NOM_COM":"Paris 12e Arrondissement","SRC_BAN":"commune","NOM_COLL":"R D'ARTAGNAN","TYPE_VOIE":"rue","MOT_DIR":"Artagnan","LD_BAN":null,"ID_SUPP":"TRONROUT0000000000197652/TRONROUT0000000351733148/TRONROUT0000000351733150/TRONROUT0000000351733151","INSEEDBAN":null,"COMDEL_BAN":null,"DATE_CREAT":"2023-12-08T13:42:59","DATE_MAJ":"2025-09-19T21:55:40","NOM_NORMA":"R D'ARTAGNAN","ID_BAN_ODO":null,"Nom_a_verifier":false,"other_tags":"\"wikipedia\"=>\"fr:Rue_d%27Artagnan\""},"geometry":{"type":"MultiLineString","coordinates":[[[2.387085858425256,48.845422617467648],[2.387108916048887,48.845431729164289],[2.387213832573918,48.845432266605336]],[[2.386967654913401,48.845393232404405],[2.386973242637633,48.845381569394888],[2.38697877746783,48.845374402899381]],[[2.38697877746783,48.845374402899381],[2.386985664268873,48.845368142688208],[2.386988410526316,48.845366358045915]],[[2.386988410526316,48.845366358045915],[2.386999374398304,48.84536101808191],[2.387013042213135,48.845357490685565],[2.387028040843969,48.845356668177622]],[[2.387028040843969,48.845356668177622],[2.387040293219314,48.845357630311341],[2.387053876414424,48.845361297333476],[2.387064713356783,48.845366748998146],[2.387075518571494,48.845374898570476],[2.387082236136636,48.845383027199851],[2.387086218025027,48.845392041170484],[2.387087421929692,48.84540553769407],[2.387087400776811,48.845407336299779]],[[2.387087400776811,48.845407336299779],[2.387085858425256,48.845422617467648]],[[2.386911155544406,48.845446904300914],[2.386944301122159,48.845409301160139],[2.386970517535775,48.845381555431068],[2.38697877746783,48.845374402899381]],[[2.38697877746783,48.845374402899381],[2.386982907433008,48.845370826633307],[2.386988410526316,48.845366358045915]],[[2.386988410526316,48.845366358045915],[2.386993903040635,48.845362788761186],[2.387004856333455,48.845358348099531],[2.387015777891413,48.845356605345529],[2.387028040843969,48.845356668177622]],[[2.387028040843969,48.845356668177622],[2.387029403394257,48.845356675158875],[2.387041655769627,48.845357637292466],[2.387052524441046,48.845360391049589],[2.387064745087252,48.845364051089483],[2.387071515532853,48.845367683205126],[2.387078275402806,48.845372214623254],[2.38708365157012,48.8453785376661],[2.387087654611275,48.845385753030989],[2.387088900821818,48.845395652343157],[2.387088816210509,48.845402846766071],[2.387087400776811,48.845407336299779]],[[2.387087400776811,48.845407336299779],[2.387084591061666,48.84541451676138],[2.387077683113155,48.84542257558369],[2.387068050058059,48.845430620443928],[2.387055723626103,48.845435953432954],[2.38704069324113,48.845439473852807],[2.387027067716624,48.845439404040739],[2.387005288033218,48.845437493732568],[2.386991715399765,48.845432927402342],[2.386980889029565,48.845426576428544],[2.386971488684599,48.845414836618623],[2.38696751739282,48.845404923341505],[2.386967654913401,48.845393232404405]],[[2.384530458041838,48.845461661089821],[2.384854501449172,48.845484012922952],[2.385309647315309,48.845481855557018],[2.385581198327839,48.845449074915763],[2.386039100747379,48.845444230862043],[2.386911155544406,48.845446904300914]]]}},
{"type":"Feature","properties":{"ID":"VOIE_NOM0000002338873154","ID_BAN":"75112_0880","name":"Quai de Bercy","INSEE_COM":"75112","NOM_COM":"Paris 12e Arrondissement","SRC_BAN":"commune","NOM_COLL":"QU DE BERCY","TYPE_VOIE":"quai","MOT_DIR":"Bercy","LD_BAN":null,"ID_SUPP":"TRONROUT0000000000200998/TRONROUT0000000000201002/TRONROUT0000000000201005/TRONROUT0000000000201010/TRONROUT0000000000201012/TRONROUT0000000000201013/TRONROUT0000000000201015/TRONROUT0000000000201016/TRONROUT0000000000201018/TRONROUT0000000000201019/TRON","INSEEDBAN":null,"COMDEL_BAN":null,"DATE_CREAT":"2023-12-08T13:42:59","DATE_MAJ":"2024-11-06T22:53:19","NOM_NORMA":"QU DE BERCY","ID_BAN_ODO":null,"Nom_a_verifier":false,"other_tags":"nan"},"geometry":{"type":"MultiLineString","coordinates":[[[2.388579716720916,48.827965513441384],[2.388700688400132,48.827871697895937],[2.388857369197942,48.827752882318244],[2.388982447228494,48.827657288716999],[2.389100630068191,48.827568854727204],[2.389199616903261,48.827491115031506]],[[2.390856801309236,48.826257535193278],[2.390693130101369,48.826392506583154],[2.3903560403831,48.82668038640243]],[[2.390129764110558,48.826810540963237],[2.3903560403831,48.82668038640243]],[[2.389199616903261,48.827491115031506],[2.38931644745087,48.827401774541151],[2.389558353515972,48.827216839688475],[2.389639463572041,48.827153398303778],[2.389785180340196,48.827039921727952],[2.390129764110558,48.826810540963237]],[[2.385916249511833,48.831007026570035],[2.385879868874047,48.831088682321948],[2.385654362763716,48.831266498547549],[2.385600728910368,48.831309392728755],[2.385460397436741,48.83142648902669],[2.385313264991828,48.831542650829633]],[[2.386129963971749,48.830673558474302],[2.385919592702186,48.830838861769543],[2.385487747304723,48.831186498155255],[2.38500784820962,48.83156536371451],[2.384753486865086,48.831763715284936]],[[2.384753486865086,48.831763715284936],[2.385034444848722,48.831620361940118],[2.385144194452036,48.831555272307718],[2.385199169909794,48.83151418397059],[2.385322763634473,48.831430278596706],[2.385471321532873,48.83130872788518],[2.385820537014442,48.831037113637208],[2.385916249511833,48.831007026570035]],[[2.384094879632568,48.831932104861743],[2.384632627027053,48.831500477951813],[2.38503409904501,48.831187763916532],[2.385610300270044,48.830728449683306],[2.385941697119505,48.830465737119432]],[[2.386189205064523,48.830270045782775],[2.386284051385164,48.830197683604837],[2.386480786831047,48.830033209013905],[2.386685852611421,48.829855286257185],[2.386782165416681,48.829773937488774],[2.386874497268026,48.829683574532751],[2.387151037968385,48.829335137057896]],[[2.386423305350949,48.830287435661099],[2.386712574462667,48.830015511062754]],[[2.386333170257337,48.830653915812405],[2.386454236892563,48.830552908246325],[2.386525767869555,48.830493916820487]],[[2.386527577574882,48.830340133977899],[2.386129963971749,48.830673558474302]],[[2.385916249511833,48.831007026570035],[2.386027719017044,48.830911366395476],[2.386165355258759,48.830791557452116],[2.386333170257337,48.830653915812405]],[[2.385941697119505,48.830465737119432],[2.386072362729831,48.83035938298957],[2.386189205064523,48.830270045782775]],[[2.38601351673355,48.830613602373582],[2.386423305350949,48.830287435661099]],[[2.386986632884486,48.82987841319072],[2.38690791178687,48.829969745361012],[2.386758980209682,48.830123673347082],[2.386592286814002,48.830282006880523],[2.386527577574882,48.830340133977899]],[[2.386808269990549,48.830681534937213],[2.386795653279757,48.830596030199864],[2.386800321584462,48.830546588839525]],[[2.386525767869555,48.830493916820487],[2.386608291201464,48.830426887404656],[2.386734964097877,48.830312417754072],[2.386843854392285,48.830204152379437],[2.386907264415965,48.830140622230417],[2.387001001149394,48.83004666892824]],[[2.386800321584462,48.830546588839525],[2.386813712914685,48.830450425007832],[2.386842035047034,48.8303588345604],[2.386883862292983,48.830277206394804],[2.386943682957647,48.830171387472731],[2.387001001149394,48.83004666892824]],[[2.387016439506437,48.830008075171058],[2.386986632884486,48.82987841319072]],[[2.387151037968385,48.829335137057896],[2.386905551516492,48.829707117342913],[2.386837579598321,48.829811095758011],[2.386712574462667,48.830015511062754]],[[2.387001001149394,48.83004666892824],[2.387016439506437,48.830008075171058]],[[2.386712574462667,48.830015511062754],[2.386957987618717,48.829765845163429],[2.387262985023355,48.829430144497337],[2.38765908298521,48.828992381251929],[2.387912976253847,48.828715775520351],[2.38831826040349,48.828306836745959],[2.388367823722531,48.828262121699453]],[[2.38735484348724,48.829032194161492],[2.38731045226533,48.82910031888634],[2.387151037968385,48.829335137057896]],[[2.388336221971388,48.828401362529796],[2.3880064026912,48.828763920269274],[2.387424033866539,48.829403988403016],[2.386986632884486,48.82987841319072]],[[2.38735484348724,48.829032194161492],[2.387483866704402,48.828833194832164],[2.387571000762029,48.828721219766436],[2.387638663454231,48.828643321009068],[2.387717180587799,48.828569075262578],[2.38802559789126,48.828289150849542],[2.388124524366597,48.828216807994238],[2.388220631385688,48.828152544968404],[2.388302895585315,48.828107097848481],[2.388476926588415,48.828018950138741],[2.388579716720916,48.827965513441384]],[[2.38248669064808,48.833370895203601],[2.382756276625701,48.833153740510674],[2.383428630195114,48.832631078452017]],[[2.383611286450343,48.832852364969916],[2.383384392106921,48.833031068927816],[2.383094205595478,48.833262508666316],[2.38276438377448,48.833504535536932],[2.382643345737567,48.833601941853829]],[[2.382643345737567,48.833601941853829],[2.382492050218665,48.833723474737823]],[[2.382814459926376,48.832957079307455],[2.382480264400342,48.833223365804521],[2.382258920086598,48.833393102579485]],[[2.382492050218665,48.833723474737823],[2.382331175628406,48.83384855542073]],[[2.382628820142992,48.833448075120593],[2.38210488242361,48.833860877099639]],[[2.382331175628406,48.83384855542073],[2.382190904585123,48.83395935243545],[2.381737286964269,48.834300566546162],[2.381059499197977,48.834818693566127]],[[2.381949527209535,48.833635232708076],[2.381509394635415,48.833988207495189],[2.381439258127081,48.834043605535697]],[[2.382104942437319,48.833511023677111],[2.381949527209535,48.833635232708076]],[[2.381962741916423,48.833784595900255],[2.38248669064808,48.833370895203601]],[[2.382258920086598,48.833393102579485],[2.382104942437319,48.833511023677111]],[[2.384094879632568,48.831932104861743],[2.383503795058438,48.832380542308876],[2.383158464251749,48.832667458860016],[2.382954748237772,48.832844482837075],[2.382814459926376,48.832957079307455]],[[2.384217216817795,48.832185457204552],[2.383906446106054,48.832430283581942],[2.383876190453597,48.832454410657483],[2.383590127894123,48.832683174831566],[2.383440231381194,48.83280201809707],[2.383205056903825,48.832989672714582],[2.383111574100283,48.833061139983926],[2.382898384635204,48.833232718746878],[2.382628820142992,48.833448075120593]],[[2.383428630195114,48.832631078452017],[2.383744936859058,48.832263967836084],[2.384094879632568,48.831932104861743]],[[2.383611286450343,48.832852364969916],[2.383823800755356,48.832622322525857],[2.383886078395854,48.83253990152668],[2.383960690148156,48.83245124844516],[2.384217216817795,48.832185457204552]],[[2.384482666407633,48.832202112841784],[2.384184231122792,48.832440707838302],[2.38389956409511,48.83266678183044],[2.383611286450343,48.832852364969916]],[[2.384753486865086,48.831763715284936],[2.384511489565031,48.831953136235583],[2.384217216817795,48.832185457204552]],[[2.385313264991828,48.831542650829633],[2.385148253681451,48.831673110424809],[2.384829200464891,48.831927789743773],[2.384482666407633,48.832202112841784]],[[2.383428630195114,48.832631078452017],[2.3837724057065,48.832360341728403],[2.384095489591794,48.832111082250968],[2.384388357782988,48.83188235180868],[2.384633132667506,48.831688448544099],[2.384895571725265,48.831498233075173],[2.38514163085232,48.831310630907176],[2.385394721756213,48.83110417760318],[2.385706956314687,48.830849461606583],[2.38592008441533,48.830681474731108],[2.38601351673355,48.830613602373582]],[[2.380254788965083,48.83501058856114],[2.380144961817158,48.835081069369338],[2.380046075416332,48.835148009317628],[2.379967708602736,48.835207860624664],[2.378442480517787,48.836412289244883],[2.378018820339253,48.836750946314552],[2.377896339169924,48.836853736314659],[2.377797145938464,48.836945854945824],[2.377700730703001,48.837033491118454]],[[2.380090863627237,48.835276850771393],[2.378565582760953,48.836485777434149],[2.37813104563494,48.836822579638856]],[[2.38210488242361,48.833860877099639],[2.381693655102989,48.834188819555543],[2.381527210746011,48.834323763360977],[2.38144336580658,48.834386285436516],[2.381349803370757,48.834464046417907],[2.38106237778162,48.834690998467671],[2.380971645573885,48.834759780121708],[2.380894781535365,48.834807948066214],[2.380398281907119,48.835087778074033],[2.380377708721209,48.835099363256987],[2.380263858855653,48.835164427134423],[2.380169134159585,48.835225093181378],[2.380136171973469,48.835247406510788],[2.380090863627237,48.835276850771393]],[[2.380254788965083,48.83501058856114],[2.380762229535545,48.834727218308167],[2.380837741989242,48.834678144082616],[2.380929825819631,48.834610268886934],[2.38130807883419,48.834306441474332],[2.381562465695833,48.834108097681749],[2.381962741916423,48.833784595900255]],[[2.381439258127081,48.834043605535697],[2.381073481698728,48.834329510652871],[2.380711723958572,48.834620831604184],[2.380464356498596,48.834801222561161],[2.380254788965083,48.83501058856114]],[[2.381059499197977,48.834818693566127],[2.380945533313493,48.834893650527427],[2.380815315909036,48.834960428954695],[2.380664653294405,48.835028000741453],[2.380426280519484,48.835139186965947],[2.380300266294712,48.835196093572023],[2.380090863627237,48.835276850771393]],[[2.377858254892383,48.837305019251986],[2.377870709148199,48.837288895468937],[2.378005152489816,48.837097130646349],[2.37813104563494,48.836822579638856]],[[2.373953031505739,48.840410831287549],[2.374238107880223,48.840157803357506],[2.374756038835672,48.839688346259528],[2.375085275426951,48.839387880764065],[2.375291865525194,48.839202791695477],[2.375670604841943,48.838863910383701]],[[2.375795114427919,48.838933811145395],[2.375735982731062,48.838979370092687],[2.375628661194004,48.839066947555878],[2.375409714337896,48.839260066967505],[2.375205903120582,48.839440673929047],[2.37487806165089,48.839738448942995],[2.374369527861804,48.840219647403707],[2.374096821570573,48.840463746733981],[2.373817181741197,48.840717702090636]],[[2.373953031505739,48.840410831287549],[2.374169315924506,48.840099884280505],[2.374526421709498,48.83974830252987],[2.374885945461864,48.839421914426588],[2.375135244834319,48.839197476836759]],[[2.375926920807863,48.838963278495328],[2.376047251785159,48.838927032326438],[2.376160620005131,48.838903340809949]],[[2.375608958857093,48.838778149098388],[2.375695860137073,48.838802885487731],[2.375728406400377,48.838815646432565]],[[2.375728406400377,48.838815646432565],[2.375777225825216,48.838834787832909],[2.375835420398701,48.838867468581832],[2.375857003087421,48.838885568462793]],[[2.375857003087421,48.838885568462793],[2.375885333081215,48.838909099723431],[2.375926920807863,48.838963278495328]],[[2.374756371800219,48.840001326194106],[2.37504161456516,48.839733907355331],[2.375322605545681,48.83947995602739],[2.375770209150327,48.839079378020926],[2.375847299604886,48.839013227413616],[2.375926920807863,48.838963278495328]],[[2.375135244834319,48.839197476836759],[2.375608958857093,48.838778149098388]],[[2.375608958857093,48.838778149098388],[2.375639243552047,48.838752225636242],[2.375741125698852,48.838663720392297]],[[2.375741125698852,48.838663720392297],[2.375873281191777,48.838550190835818]],[[2.375873281191777,48.838550190835818],[2.37593108221465,48.838501926773198]],[[2.375670604841943,48.838863910383701],[2.375728406400377,48.838815646432565]],[[2.375728406400377,48.838815646432565],[2.376245804779836,48.838388449773745]],[[2.37593108221465,48.838501926773198],[2.376077129674622,48.838365985363112]],[[2.376387938715145,48.838465636760226],[2.375857003087421,48.838885568462793]],[[2.375857003087421,48.838885568462793],[2.375795114427919,48.838933811145395]],[[2.376077129674622,48.838365985363112],[2.376089541675873,48.83835345901106],[2.376212040694925,48.838249771691274]],[[2.376212040694925,48.838249771691274],[2.376341415590599,48.838140723905262],[2.376622230317759,48.837900258781794]],[[2.376403848625528,48.838730132566845],[2.376452424734463,48.838655738630806],[2.376519088046344,48.838549961224516]],[[2.376245804779836,48.838388449773745],[2.376413670429633,48.83825082298754],[2.376592595409638,48.83809976313362],[2.376783898829498,48.837938874486717],[2.376949004658382,48.837803930622108],[2.377041174312029,48.837729763452963],[2.37711138493641,48.837668972324806],[2.377207942027131,48.837569645669298],[2.377363917413518,48.837400477815187],[2.377539232987869,48.837208926270129],[2.377700730703001,48.837033491118454]],[[2.376319344799695,48.838846609236882],[2.376348352886248,48.838813484035832],[2.376403848625528,48.838730132566845]],[[2.376160620005131,48.838903340809949],[2.376256309474329,48.838876858913437],[2.376319344799695,48.838846609236882]],[[2.37813104563494,48.836822579638856],[2.378030469087207,48.836916490001222],[2.377934011367707,48.837007723599456],[2.377838851237824,48.83710436005083],[2.377691148937408,48.83726547731807],[2.377517314212972,48.837447143773218],[2.377364128333773,48.83761093015346],[2.377257863109096,48.837724596214443],[2.377190334300107,48.837788998844758],[2.377088510060891,48.837873008852085],[2.376938444049629,48.838003534420821],[2.376751260212055,48.838161746677393],[2.376564129020977,48.838315462080502],[2.376387938715145,48.838465636760226]],[[2.376519088046344,48.838549961224516],[2.376526050502768,48.838537406425097],[2.37654265711756,48.838515908255971],[2.376602196309204,48.83843617520504],[2.37669584823766,48.838352123060346],[2.37695866155235,48.838135846214904],[2.377374305419087,48.83778545976665],[2.377602818178665,48.837588788892255],[2.377700725790987,48.837490368228877],[2.377735235295956,48.837452774459287]],[[2.376622230317759,48.837900258781794],[2.376875634233857,48.837673140634323],[2.377075334976763,48.837493408566715],[2.377294193034732,48.837306580960863],[2.377444137996063,48.837185947259329],[2.377700730703001,48.837033491118454]],[[2.377858254892383,48.837305019251986],[2.377783572137022,48.83739816468433],[2.377735235295956,48.837452774459287]]]}},
{"type":"Feature","properties":{"ID":"VOIE_NOM0000002338873162","ID_BAN":null,"name":"Passerelle Simone De Beauvoir","INSEE_COM":"75112","NOM_COM":"Paris 12e Arrondissement","SRC_BAN":null,"NOM_COLL":"PLE SIMONE DE BEAUVOIR","TYPE_VOIE":"passerelle","MOT_DIR":"BEAUVOIR","LD_BAN":null,"ID_SUPP":"TRONROUT0000000081787113/TRONROUT0000000081787114/TRONROUT0000000081787115/TRONROUT0000000081787116/TRONROUT0000000081787118/TRONROUT0000000215422922","INSEEDBAN":null,"COMDEL_BAN":null,"DATE_CREAT":"2023-12-08T13:42:59","DATE_MAJ":"2024-11-06T22:53:19","NOM_NORMA":"PLE SIMONE DE BEAUVOIR","ID_BAN_ODO":null,"Nom_a_verifier":true,"other_tags":"nan"},"geometry":{"type":"MultiLineString","coordinates":[[[2.378601157864966,48.835558716570652],[2.37867344515329,48.835551897165878],[2.378761479722565,48.835595523986363],[2.378880600759226,48.835659997578944],[2.378992932031698,48.83572263706526],[2.379116044134218,48.835795225423439],[2.37923649623693,48.835862403651035],[2.379362376445855,48.835931408647561],[2.379501847918884,48.836003182107895],[2.379649450804541,48.836078595032291],[2.379717965298052,48.836159893217229]],[[2.378110497340824,48.835233294151926],[2.378134857528849,48.835246911295307],[2.378212025027004,48.835287783939997],[2.37829189576786,48.83533046931548],[2.37836227352217,48.835369507835487],[2.378435343789035,48.835411258401592],[2.378520631896452,48.835456669866602],[2.378577472848548,48.835488442991945],[2.378601157864966,48.835558716570652]],[[2.378071956369128,48.835266370303351],[2.378132851512093,48.835300862825903],[2.378208667528806,48.835340829077971],[2.37828309992083,48.835382586819918],[2.378357543157133,48.835423445203865],[2.378430624219591,48.835464296460749],[2.378503716119115,48.83550424836141],[2.378560546391234,48.835536920803484],[2.378601157864966,48.835558716570652]],[[2.379025628843945,48.83583702623806],[2.379108193559106,48.835882423121859],[2.379205658064526,48.835935092200685],[2.379296375498846,48.835982329992355],[2.379395149150555,48.836039502530014],[2.37949400866339,48.836089480505713],[2.379599722722516,48.836135896488713],[2.379717965298052,48.836159893217229]],[[2.378601157864966,48.835558716570652],[2.378602166370519,48.835588400878677],[2.378637221521823,48.835619161423161],[2.378729257312411,48.835670003974975],[2.378836192818278,48.835728118754865],[2.378929580578923,48.835779867532082],[2.379012102264639,48.835828861723918],[2.379025628843945,48.83583702623806]],[[2.378036182843069,48.835295863368138],[2.378137699844629,48.83535125252638],[2.378216197605735,48.835394830177513],[2.378287926953752,48.835434775130835],[2.378358304845917,48.83547381364955],[2.378430055859103,48.83551195989471],[2.37849636852877,48.835549178471616],[2.378601157864966,48.835558716570652]],[[2.378601157864966,48.835558716570652],[2.378644547560417,48.835576029927154],[2.378694609404278,48.835605069679204],[2.378748726034041,48.835636828566429],[2.378828597749212,48.835679513570213],[2.379031656573361,48.835788491794965],[2.379025628843945,48.83583702623806]],[[2.379025628843945,48.83583702623806],[2.379025564562432,48.835842422097137],[2.379036227271663,48.835862263492828]]]}},
{"type":"Feature","properties":{"ID":"VOIE_NOM0000002341329241","ID_BAN":null,"name":"Cour De Châlon","INSEE_COM":"75112","NOM_COM":"Paris 12e Arrondissement","SRC_BAN":null,"NOM_COLL":"Cour de Châlon","TYPE_VOIE":"cour","MOT_DIR":"Châlon","LD_BAN":null,"ID_SUPP":"TRONROUT0000000224528245","INSEEDBAN":null,"COMDEL_BAN":null,"DATE_CREAT":"2024-02-06T08:55:06","DATE_MAJ":"2024-12-16T22:01:03","NOM_NORMA":"COUR DE CHALON","ID_BAN_ODO":null,"Nom_a_verifier":true,"other_tags":"nan"},"geometry":{"type":"MultiLineString","coordinates":[[[2.374105828260681,48.845500210745065],[2.374222152734165,48.845458549429082],[2.375512805223079,48.844756599150706],[2.375600551008036,48.844825408402528]]]}},
{"type":"Feature","properties":{"ID":"VOIE_NOM0000002341416819","ID_BAN":null,"name":"Boulevard Porte De Bercy/Bld Poniatowski - Peripherique Interieur","INSEE_COM":"75112","NOM_COM":"Paris 12e Arrondissement","SRC_BAN":null,"NOM_COLL":"BOULEVARD PORTE DE BERCY/BLD PONIATOWSKI - PERIPHERIQUE INTERIEUR","TYPE_VOIE":"boulevard","MOT_DIR":"INTERIEUR","LD_BAN":null,"ID_SUPP":"TRONROUT0000000000204862/TRONROUT0000000000205617/TRONROUT0000000000205618/TRONROUT0000002009866996","INSEEDBAN":null,"COMDEL_BAN":null,"DATE_CREAT":"2024-02-14T08:42:50","DATE_MAJ":"2024-03-17T19:26:33","NOM_NORMA":"BD PORTE DE BERCY/BLD PONIATOWSKI - PERIPHERIQUE INTERIEUR","ID_BAN_ODO":null,"Nom_a_verifier":true,"other_tags":"nan"},"geometry":{"type":"MultiLineString","coordinates":[[[2.390414134337934,48.828002758315876],[2.390406140521072,48.827987428267093],[2.390350814930145,48.827826158868959],[2.390317125338085,48.827678490287887],[2.390294511412948,48.827515588833961]],[[2.390383182367911,48.829251825821451],[2.39043150887119,48.829196311220031],[2.390490995147662,48.829118369226038],[2.390542203365146,48.829049378712462],[2.390586621858835,48.828978554835921],[2.390621494873708,48.828908581672081],[2.390646864496618,48.828835861963483],[2.390662856899957,48.828749603916805],[2.390663750366261,48.828673162005629],[2.390652416349927,48.828593959678898]],[[2.390523250466195,48.828223660256604],[2.39046336480518,48.82810283938894],[2.390414134337934,48.828002758315876]],[[2.390652416349927,48.828593959678898],[2.390617068959479,48.828471465213767],[2.390570951039784,48.828338123394424],[2.390523250466195,48.828223660256604]]]}},
{"type":"Feature","properties":{"ID":"VOIE_NOM0000002341416820","ID_BAN":null,"name":"Route De Bourdon","INSEE_COM":"75112","NOM_COM":"Paris 12e Arrondissement","SRC_BAN":null,"NOM_COLL":"ROUTE DE BOURDON","TYPE_VOIE":"route","MOT_DIR":"BOURDON","LD_BAN":null,"ID_SUPP":"TRONROUT0000000000205387/TRONROUT0000000000206664/TRONROUT0000002275645960","INSEEDBAN":null,"COMDEL_BAN":null,"DATE_CREAT":"2024-02-14T08:42:50","DATE_MAJ":"2024-03-17T19:26:33","NOM_NORMA":"RTE DE BOURDON","ID_BAN_ODO":null,"Nom_a_verifier":true,"other_tags":"nan"},"geometry":{"type":"MultiLineString","coordinates":[[[2.442744935363057,48.823021024785824],[2.442647555820842,48.822956715658442],[2.442558204114358,48.822905934426522],[2.442450964258603,48.822872157761708],[2.442415601132016,48.822867496023399],[2.442347483411925,48.822868977125765],[2.442279202149571,48.822885746724836],[2.442201223488087,48.822917760348858],[2.442132720798599,48.822955214351452],[2.442064121774316,48.823001661568618]],[[2.443726200633519,48.827433398439688],[2.44376052066941,48.827663795927641]],[[2.44376052066941,48.827663795927641],[2.443842907670406,48.827985252893868]]]}},
{"type":"Feature","properties":{"ID":"VOIE_NOM0000002341416821","ID_BAN":null,"name":"Quai De Charenton","INSEE_COM":"75112","NOM_COM":"Paris 12e Arrondissement","SRC_BAN":null,"NOM_COLL":"QUAI DE CHARENTON","TYPE_VOIE":"quai","MOT_DIR":"CHARENTON","LD_BAN":null,"ID_SUPP":"TRONROUT0000000000206235","INSEEDBAN":null,"COMDEL_BAN":null,"DATE_CREAT":"2024-02-14T08:42:50","DATE_MAJ":"2024-03-17T19:26:33","NOM_NORMA":"QU DE CHARENTON","ID_BAN_ODO":null,"Nom_a_verifier":true,"other_tags":"nan"},"geometry":{"type":"MultiLineString","coordinates":[[[2.390856801309236,48.826257535193278],[2.390887596498972,48.826186641650068],[2.390925170325746,48.826118480735794],[2.390939253073785,48.826078980081391]]]}},
{"type":"Feature","properties":{"ID":"VOIE_NOM0000002341416822","ID_BAN":null,"name":"Allée Des Cedres","INSEE_COM":"75112","NOM_COM":"Paris 12e Arrondissement","SRC_BAN":null,"NOM_COLL":"ALLEE(S) DES CEDRES","TYPE_VOIE":null,"MOT_DIR":"CEDRES","LD_BAN":null,"ID_SUPP":"TRONROUT0000000230033014","INSEEDBAN":null,"COMDEL_BAN":null,"DATE_CREAT":"2024-02-14T08:42:50","DATE_MAJ":"2025-03-19T21:55:37","NOM_NORMA":"ALLEE(S) DES CEDRES","ID_BAN_ODO":null,"Nom_a_verifier":true,"other_tags":"nan"},"geometry":{"type":"MultiLineString","coordinates":[[[2.404702680295786,48.829614454990235],[2.404762464029969,48.829508627095898],[2.40483121778027,48.829452309061502],[2.404917299315554,48.829429353834442],[2.405165505719176,48.829404506904375],[2.405389152423961,48.829383134829932],[2.405695960927459,48.82935588003847],[2.406137866234831,48.829307710525683],[2.406566118692689,48.829262169742918],[2.407043386663569,48.829218669193097],[2.407471586491372,48.829177621752727],[2.407795269478108,48.829103678030478]]]}},
{"type":"Feature","properties":{"ID":"VOIE_NOM0000002341416823","ID_BAN":null,"name":"Allée Des Oiseaux","INSEE_COM":"75112","NOM_COM":"Paris 12e Arrondissement","SRC_BAN":null,"NOM_COLL":"ALLEE(S) DES OISEAUX","TYPE_VOIE":null,"MOT_DIR":"OISEAUX","LD_BAN":null,"ID_SUPP":"TRONROUT0000000230033021/TRONROUT0000000230033147","INSEEDBAN":null,"COMDEL_BAN":null,"DATE_CREAT":"2024-02-14T08:42:50","DATE_MAJ":"2025-03-19T21:55:37","NOM_NORMA":"ALLEE(S) DES OISEAUX","ID_BAN_ODO":null,"Nom_a_verifier":true,"other_tags":"nan"},"geometry":{"type":"MultiLineString","coordinates":[[[2.408338948150599,48.830289936999762],[2.408469986291962,48.829906555255143],[2.408645054461319,48.829364202824102],[2.408774542317648,48.828997001416894]],[[2.408245605413958,48.830592561955399],[2.408338948150599,48.830289936999762]]]}},
{"type":"Feature","properties":{"ID":"VOIE_NOM0000002341416826","ID_BAN":null,"name":"Allée Du Bois","INSEE_COM":"75112","NOM_COM":"Paris 12e Arrondissement","SRC_BAN":null,"NOM_COLL":"ALLEE(S) DU BOIS","TYPE_VOIE":null,"MOT_DIR":"BOIS","LD_BAN":null,"ID_SUPP":"TRONROUT0000000230033027/TRONROUT0000000230033038/TRONROUT0000000230033040/TRONROUT0000000230033041/TRONROUT0000002489271553","INSEEDBAN":null,"COMDEL_BAN":null,"DATE_CREAT":"2024-02-14T08:42:50","DATE_MAJ":"2025-03-19T21:55:37","NOM_NORMA":"ALLEE(S) DU BOIS","ID_BAN_ODO":null,"Nom_a_verifier":true,"other_tags":"nan"},"geometry":{"type":"MultiLineString","coordinates":[[[2.408968675904425,48.828094095414677],[2.409119995285599,48.827963535248259],[2.409272747335363,48.827826686370791],[2.409512033556292,48.827626409352824],[2.40955433982426,48.827619423277078],[2.409619842339074,48.827608954221461]],[[2.408803602132859,48.828236279182747],[2.408968675904425,48.828094095414677]],[[2.40841171797783,48.828559013480508],[2.408803602132859,48.828236279182747]],[[2.408142027810944,48.828796911192995],[2.40841171797783,48.828559013480508]],[[2.407795269478108,48.829103678030478],[2.408142027810944,48.828796911192995]]]}},
{"type":"Feature","properties":{"ID":"VOIE_NOM0000002341416828","ID_BAN":null,"name":"Allée Des Acacias","INSEE_COM":"75112","NOM_COM":"Paris 12e Arrondissement","SRC_BAN":null,"NOM_COLL":"ALLEE(S) DES ACACIAS","TYPE_VOIE":null,"MOT_DIR":"ACACIAS","LD_BAN":null,"ID_SUPP":"TRONROUT0000000230033130/TRONROUT0000000230033138/TRONROUT0000000230033156","INSEEDBAN":null,"COMDEL_BAN":null,"DATE_CREAT":"2024-02-14T08:42:50","DATE_MAJ":"2025-03-19T21:55:37","NOM_NORMA":"ALLEE(S) DES ACACIAS","ID_BAN_ODO":null,"Nom_a_verifier":true,"other_tags":"nan"},"geometry":{"type":"MultiLineString","coordinates":[[[2.404702680295786,48.829614454990235],[2.405111545689009,48.829716319286149],[2.405539534007364,48.829813780379091],[2.405927837133174,48.829927231426467],[2.406288888656587,48.830041445281573],[2.406600289287923,48.830089757852299]],[[2.404388703829243,48.829553533451424],[2.404479751442239,48.829572873580538],[2.404531389497038,48.829583923113894],[2.404702680295786,48.829614454990235]],[[2.406600289287923,48.830089757852299],[2.406765540776714,48.83017242010277],[2.406901122024586,48.830228853325153]]]}},
{"type":"Feature","properties":{"ID":"VOIE_NOM0000002341416829","ID_BAN":null,"name":"Allée Marchande","INSEE_COM":"75112","NOM_COM":"Paris 12e Arrondissement","SRC_BAN":null,"NOM_COLL":"ALLEE(S) MARCHANDE","TYPE_VOIE":null,"MOT_DIR":"MARCHANDE","LD_BAN":null,"ID_SUPP":"TRONROUT0000000230033131/TRONROUT0000000230033135/TRONROUT0000000230033145/TRONROUT0000000230033152/TRONROUT0000000356869356","INSEEDBAN":null,"COMDEL_BAN":null,"DATE_CREAT":"2024-02-14T08:42:50","DATE_MAJ":"2025-03-19T21:55:37","NOM_NORMA":"ALLEE(S) MARCHANDE","ID_BAN_ODO":null,"Nom_a_verifier":true,"other_tags":"nan"},"geometry":{"type":"MultiLineString","coordinates":[[[2.403980710279306,48.832235212760416],[2.404181962417241,48.832148077601332],[2.404326258178718,48.832038174290176],[2.404766486763294,48.831661732741459],[2.405009976583062,48.831454291229612]],[[2.405009976583062,48.831454291229612],[2.405379944539613,48.831145849611509],[2.405716918648817,48.830863324493897]],[[2.403894202061208,48.832295039166425],[2.403932652467804,48.832268249812998],[2.403980710279306,48.832235212760416]],[[2.406152917843679,48.830497648939613],[2.406600289287923,48.830089757852299]],[[2.405716918648817,48.830863324493897],[2.406152917843679,48.830497648939613]]]}},
{"type":"Feature","properties":{"ID":"VOIE_NOM0000002341416830","ID_BAN":null,"name":"Allée Du Lac","INSEE_COM":"75112","NOM_COM":"Paris 12e Arrondissement","SRC_BAN":null,"NOM_COLL":"ALLEE(S) DU LAC","TYPE_VOIE":null,"MOT_DIR":"LAC","LD_BAN":null,"ID_SUPP":"TRONROUT0000000230033148/TRONROUT0000000230033150","INSEEDBAN":null,"COMDEL_BAN":null,"DATE_CREAT":"2024-02-14T08:42:50","DATE_MAJ":"2025-03-19T21:55:37","NOM_NORMA":"ALLEE(S) DU LAC","ID_BAN_ODO":null,"Nom_a_verifier":true,"other_tags":"nan"},"geometry":{"type":"MultiLineString","coordinates":[[[2.408245605413958,48.830592561955399],[2.408750505882006,48.830756045725948],[2.408821022647086,48.830784274683268],[2.408853133496024,48.830835697314761],[2.408992835840884,48.830889450381576]],[[2.406901122024586,48.830228853325153],[2.407043841692543,48.830256542021566],[2.407941348135312,48.830514609957184],[2.408245605413958,48.830592561955399]]]}},
{"type":"Feature","properties":{"ID":"VOIE_NOM0000002341416831","ID_BAN":null,"name":"Allée Paul Ramadier","INSEE_COM":"75112","NOM_COM":"Paris 12e Arrondissement","SRC_BAN":null,"NOM_COLL":"ALLEE(S) PAUL RAMADIER","TYPE_VOIE":null,"MOT_DIR":"RAMADIER","LD_BAN":null,"ID_SUPP":"TRONROUT0000000351733130","INSEEDBAN":null,"COMDEL_BAN":null,"DATE_CREAT":"2024-02-14T08:42:50","DATE_MAJ":"2024-03-17T19:26:33","NOM_NORMA":"ALLEE(S) PAUL RAMADIER","ID_BAN_ODO":null,"Nom_a_verifier":true,"other_tags":"nan"},"geometry":{"type":"MultiLineString","coordinates":[[[2.374756371800219,48.840001326194106],[2.374930990082031,48.840096671822415],[2.377266074874353,48.841370655109749],[2.377532758023189,48.841515940858898]]]}},
{"type":"Feature","properties":{"ID":"VOIE_NOM0000002341416832","ID_BAN":null,"name":"Passage Des Mousquetaires","INSEE_COM":"75112","NOM_COM":"Paris 12e Arrondissement","SRC_BAN":null,"NOM_COLL":"PASSAGE DES MOUSQUETAIRES","TYPE_VOIE":"passage","MOT_DIR":"MOUSQUETAIRES","LD_BAN":null,"ID_SUPP":"TRONROUT0000002341410425","INSEEDBAN":null,"COMDEL_BAN":null,"DATE_CREAT":"2024-02-14T08:42:50","DATE_MAJ":"2024-03-17T19:26:33","NOM_NORMA":"PAS DES MOUSQUETAIRES","ID_BAN_ODO":null,"Nom_a_verifier":true,"other_tags":"nan"},"geometry":{"type":"MultiLineString","coordinates":[[[2.376389291273484,48.84142724418858],[2.377080161973272,48.841763607290346]]]}},
{"type":"Feature","properties":{"ID":"VOIE_NOM0000002341416833","ID_BAN":null,"name":"Cour Constant","INSEE_COM":"75112","NOM_COM":"Paris 12e Arrondissement","SRC_BAN":null,"NOM_COLL":"COUR CONSTANT","TYPE_VOIE":"cour","MOT_DIR":"CONSTANT","LD_BAN":null,"ID_SUPP":"TRONROUT0000002341410498","INSEEDBAN":null,"COMDEL_BAN":null,"DATE_CREAT":"2024-02-14T08:42:50","DATE_MAJ":"2024-03-17T19:26:33","NOM_NORMA":"COUR CONSTANT","ID_BAN_ODO":null,"Nom_a_verifier":true,"other_tags":"nan"},"geometry":{"type":"MultiLineString","coordinates":[[[2.390024471335275,48.845938578050216],[2.39010838771166,48.845870654790119],[2.390479742396951,48.846042525675777]]]}},
{"type":"Feature","properties":{"ID":"VOIE_NOM0000002344941073","ID_BAN":null,"name":"Allée Des Pins","INSEE_COM":"75112","NOM_COM":"Paris 12e Arrondissement","SRC_BAN":null,"NOM_COLL":"ALL DES PINS","TYPE_VOIE":"allée","MOT_DIR":"PINS","LD_BAN":null,"ID_SUPP":"TRONROUT0000000000200806/TRONROUT0000000000200807/TRONROUT0000000000200808/TRONROUT0000000000200815/TRONROUT0000000000200825/TRONROUT0000000314077153","INSEEDBAN":null,"COMDEL_BAN":null,"DATE_CREAT":"2024-04-09T23:12:41","DATE_MAJ":"2024-06-17T16:42:27","NOM_NORMA":"ALL DES PINS","ID_BAN_ODO":null,"Nom_a_verifier":true,"other_tags":"nan"},"geometry":{"type":"MultiLineString","coordinates":[[[2.438496918640424,48.839950565432616],[2.438596374977632,48.839951032235298],[2.438659046095144,48.839951326342465],[2.438803694543819,48.839930420463276],[2.438963658565233,48.839879008100091],[2.439127796605043,48.839819520878663],[2.439573702893891,48.839657927762666],[2.439789833305734,48.839577997982801],[2.440090538366693,48.839488570775977],[2.440380439741906,48.839390098695112],[2.440588210021344,48.839327216144405],[2.44083116094736,48.839286981625122],[2.441213104967427,48.839244697902195]],[[2.444025650610879,48.839333349134385],[2.444098462085012,48.839277028024497],[2.44416184211638,48.839210770114313],[2.444234921768807,48.839129268159091],[2.444334250976119,48.839013712513285],[2.444428024744208,48.838908023905084],[2.444528667567668,48.838796970967621],[2.444654024497983,48.838668045524486],[2.444768462612962,48.838540867972497],[2.444862071820292,48.838450467305904],[2.444987044051109,48.838357514010589],[2.445085805235499,48.838295017156597]],[[2.442657403665027,48.839491564338843],[2.442806893174618,48.839527335676785],[2.442944198127659,48.839555855228859],[2.44307889372816,48.839573570189401],[2.443220564768717,48.839576028395953],[2.443350051000841,48.83957123487825],[2.443491904487063,48.839556605829564],[2.443621592242261,48.839532926458674],[2.443740486217655,48.839499303827616],[2.44385828631636,48.839440493994935],[2.443952867761623,48.839386972259611],[2.444025650610879,48.839333349134385]],[[2.441213104967427,48.839244697902195],[2.441388979538731,48.839233827692567],[2.441472066493956,48.839236014382131],[2.441612287433987,48.839246561944663],[2.441855742499883,48.839286370507345],[2.44191012289314,48.839297416518868]],[[2.442183223987283,48.839367940867639],[2.44241144349817,48.839431060530224],[2.442657403665027,48.839491564338843]],[[2.44191012289314,48.839297416518868],[2.442183223987283,48.839367940867639]]]}},
{"type":"Feature","properties":{"ID":"VOIE_NOM0000002479552532","ID_BAN":null,"name":"Cours Des Marechaux","INSEE_COM":"75112","NOM_COM":"Paris 12e Arrondissement","SRC_BAN":null,"NOM_COLL":"CRS DES MARECHAUX","TYPE_VOIE":"cours","MOT_DIR":"MARECHAUX","LD_BAN":null,"ID_SUPP":"TRONROUT0000000000199108/TRONROUT0000000000199116/TRONROUT0000000000199117/TRONROUT0000000230033521/TRONROUT0000000356901126","INSEEDBAN":null,"COMDEL_BAN":null,"DATE_CREAT":"2024-10-08T22:05:18","DATE_MAJ":"2024-12-08T02:06:24","NOM_NORMA":"CRS DES MARECHAUX","ID_BAN_ODO":null,"Nom_a_verifier":true,"other_tags":"nan"},"geometry":{"type":"MultiLineString","coordinates":[[[2.438954591413842,48.842493393623528],[2.439080065591214,48.842482290403382]],[[2.438455428825657,48.8425369186686],[2.438954591413842,48.842493393623528]],[[2.438334032142429,48.842548939733526],[2.438455428825657,48.8425369186686]],[[2.437712147872895,48.842600878980065],[2.438334032142429,48.842548939733526]],[[2.437541681997126,48.842614467303306],[2.437712147872895,48.842600878980065]]]}},
{"type":"Feature","properties":{"ID":"VOIE_NOM0000002488684737","ID_BAN":null,"name":"Passerelle Jim Morrison","INSEE_COM":"75112","NOM_COM":"Paris 12e Arrondissement","SRC_BAN":null,"NOM_COLL":"passerelle Jim Morrison","TYPE_VOIE":"passerelle","MOT_DIR":"Morrison","LD_BAN":null,"ID_SUPP":"TRONROUT0000000000196055","INSEEDBAN":null,"COMDEL_BAN":null,"DATE_CREAT":"2025-02-24T21:33:10","DATE_MAJ":null,"NOM_NORMA":"PLE JIM MORRISON","ID_BAN_ODO":null,"Nom_a_verifier":true,"other_tags":"nan"},"geometry":{"type":"MultiLineString","coordinates":[[[2.367271054521595,48.849185798518235],[2.367836641659968,48.84906917392928]]]}},
{"type":"Feature","properties":{"ID":"VOIE_NOM0000002492435980","ID_BAN":null,"name":"Allée Georges Delerue","INSEE_COM":"75112","NOM_COM":"Paris 12e Arrondissement","SRC_BAN":null,"NOM_COLL":"allée Georges Delerue","TYPE_VOIE":"allée","MOT_DIR":"Delerue","LD_BAN":null,"ID_SUPP":"TRONROUT0000000230033219/TRONROUT0000000230033353/TRONROUT0000002000696342/TRONROUT0000002000696343/TRONROUT0000002008464404","INSEEDBAN":null,"COMDEL_BAN":null,"DATE_CREAT":"2025-09-03T22:18:11","DATE_MAJ":null,"NOM_NORMA":"ALL GEORGES DELERUE","ID_BAN_ODO":null,"Nom_a_verifier":true,"other_tags":"nan"},"geometry":{"type":"MultiLineString","coordinates":[[[2.381825490949469,48.836972137620108],[2.381933666946673,48.837041048313338]],[[2.381372557765769,48.836679301263949],[2.381825490949469,48.836972137620108]],[[2.381157560684561,48.836542385073606],[2.381372557765769,48.836679301263949]],[[2.380915521364003,48.836388240582473],[2.381157560684561,48.836542385073606]],[[2.380465344358246,48.836093616120472],[2.380915521364003,48.836388240582473]]]}},
{"type":"Feature","properties":{"ID":"VOIE_NOM0000002492622124","ID_BAN":null,"name":"Allée Michel Magne","INSEE_COM":"75112","NOM_COM":"Paris 12e Arrondissement","SRC_BAN":null,"NOM_COLL":"allée Michel Magne","TYPE_VOIE":"allée","MOT_DIR":"Magne","LD_BAN":null,"ID_SUPP":"TRONROUT0000000000201833","INSEEDBAN":null,"COMDEL_BAN":null,"DATE_CREAT":"2025-09-11T00:08:38","DATE_MAJ":null,"NOM_NORMA":"ALL MICHEL MAGNE","ID_BAN_ODO":null,"Nom_a_verifier":true,"other_tags":"nan"},"geometry":{"type":"MultiLineString","coordinates":[[[2.380018358697427,48.836447448674363],[2.380500179651244,48.836716157041444]]]}}
]
}
