{
"type": "FeatureCollection",
"name": "rues_paris_19",
"crs": { "type": "name", "properties": { "name": "urn:ogc:def:crs:OGC:1.3:CRS84" } },
"features": [
{"type":"Feature","properties":{"ID":"VOIE_NOM0000002338634603","ID_BAN":"75120_x585","name":"Voie Fs/20","INSEE_COM":"75120","NOM_COM":"Paris 20e Arrondissement","SRC_BAN":"commune","NOM_COLL":"VOI FS/20","TYPE_VOIE":"voie","MOT_DIR":"Fs/20","LD_BAN":null,"ID_SUPP":"TRONROUT0000002334847327","INSEEDBAN":null,"COMDEL_BAN":null,"DATE_CREAT":"2023-12-08T13:42:59","DATE_MAJ":"2024-03-12T16:10:18","NOM_NORMA":"VOI FS/20","ID_BAN_ODO":null,"Nom_a_verifier":false,"other_tags":"nan"},"geometry":{"type":"MultiLineString","coordinates":[[[2.414501467960258,48.849838152657505],[2.414553882129762,48.850145987170151]]]}},
{"type":"Feature","properties":{"ID":"VOIE_NOM0000002338634604","ID_BAN":"75120_3444","name":"Rue Eugénie Legrand","INSEE_COM":"75120","NOM_COM":"Paris 20e Arrondissement","SRC_BAN":"commune","NOM_COLL":"R EUGENIE LEGRAND","TYPE_VOIE":"rue","MOT_DIR":"Legrand","LD_BAN":null,"ID_SUPP":"TRONROUT0000000000189990","INSEEDBAN":null,"COMDEL_BAN":null,"DATE_CREAT":"2023-12-08T13:42:59","DATE_MAJ":"2024-03-12T16:10:18","NOM_NORMA":"R EUGENIE LEGRAND","ID_BAN_ODO":null,"Nom_a_verifier":false,"other_tags":"\"wikipedia\"=>\"fr:Rue_Eug%C3%A9nie-Legrand\""},"geometry":{"type":"MultiLineString","coordinates":[[[2.399493532973167,48.862136990641119],[2.398871877331948,48.861909034047478]]]}},
{"type":"Feature","properties":{"ID":"VOIE_NOM0000002338636469","ID_BAN":"75120_3776","name":"Rue Francis Picabia","INSEE_COM":"75120","NOM_COM":"Paris 20e Arrondissement","SRC_BAN":"commune","NOM_COLL":"R FRANCIS PICABIA","TYPE_VOIE":"rue","MOT_DIR":"Picabia","LD_BAN":null,"ID_SUPP":"TRONROUT0000000000186233","INSEEDBAN":null,"COMDEL_BAN":null,"DATE_CREAT":"2023-12-08T13:42:59","DATE_MAJ":"2025-09-02T22:35:31","NOM_NORMA":"R FRANCIS PICABIA","ID_BAN_ODO":null,"Nom_a_verifier":false,"other_tags":"\"wikipedia\"=>\"fr:Rue_Francis-Picabia\""},"geometry":{"type":"MultiLineString","coordinates":[[[2.381805737676558,48.87034244820051],[2.381823832850487,48.870311064849901],[2.381958741656974,48.87008602783299],[2.382045137493689,48.869928190495528],[2.382149574252619,48.869743466070567],[2.382161002407779,48.869699457510116],[2.382166988469092,48.869654521518235]]]}},
{"type":"Feature","properties":{"ID":"VOIE_NOM0000002338636694","ID_BAN":"75120_5659","name":"Rue du Liban","INSEE_COM":"75120","NOM_COM":"Paris 20e Arrondissement","SRC_BAN":"commune","NOM_COLL":"R DU LIBAN","TYPE_VOIE":"rue","MOT_DIR":"Liban","LD_BAN":null,"ID_SUPP":"TRONROUT0000000000187080","INSEEDBAN":null,"COMDEL_BAN":null,"DATE_CREAT":"2023-12-08T13:42:59","DATE_MAJ":"2024-03-12T16:10:18","NOM_NORMA":"R DU LIBAN","ID_BAN_ODO":null,"Nom_a_verifier":false,"other_tags":"\"wikipedia\"=>\"fr:Rue_du_Liban\""},"geometry":{"type":"MultiLineString","coordinates":[[[2.386233768897493,48.868484720873191],[2.38619448111952,48.868463834617451],[2.386155066206502,48.868453739757776],[2.386088335236372,48.868448001472089],[2.386044650709289,48.868453173430218],[2.386006333992872,48.868465567616227],[2.38529913656736,48.868784800201652]]]}},
{"type":"Feature","properties":{"ID":"VOIE_NOM0000002338636736","ID_BAN":"75120_0133","name":"Rue Albert Willemetz","INSEE_COM":"75120","NOM_COM":"Paris 20e Arrondissement","SRC_BAN":"commune","NOM_COLL":"R ALBERT WILLEMETZ","TYPE_VOIE":"rue","MOT_DIR":"Willemetz","LD_BAN":null,"ID_SUPP":"TRONROUT0000000356704157","INSEEDBAN":null,"COMDEL_BAN":null,"DATE_CREAT":"2023-12-08T13:42:59","DATE_MAJ":"2024-03-12T16:10:18","NOM_NORMA":"R ALBERT WILLEMETZ","ID_BAN_ODO":null,"Nom_a_verifier":false,"other_tags":"\"wikipedia\"=>\"fr:Rue_Albert-Willemetz\""},"geometry":{"type":"MultiLineString","coordinates":[[[2.415349026182048,48.847050708186778],[2.415600432684097,48.848327218673752]]]}},
{"type":"Feature","properties":{"ID":"VOIE_NOM0000002338636753","ID_BAN":"75120_6801","name":"Rue de Noisy Le Sec","INSEE_COM":"75120","NOM_COM":"Paris 20e Arrondissement","SRC_BAN":"commune","NOM_COLL":"R DE NOISY- LE-SEC","TYPE_VOIE":"rue","MOT_DIR":"Sec","LD_BAN":null,"ID_SUPP":"TRONROUT0000000000185207/TRONROUT0000000000185210/TRONROUT0000000255863744/TRONROUT0000000355961026/TRONROUT0000002006627097/TRONROUT0000002101961723/TRONROUT0000002345459534","INSEEDBAN":null,"COMDEL_BAN":null,"DATE_CREAT":"2023-12-08T13:42:59","DATE_MAJ":"2024-04-22T21:16:23","NOM_NORMA":"R DE NOISY LE SEC","ID_BAN_ODO":null,"Nom_a_verifier":false,"other_tags":"\"wikipedia\"=>\"fr:Rue_de_Noisy-le-Sec\""},"geometry":{"type":"MultiLineString","coordinates":[[[2.412854122990528,48.872677863056261],[2.413113560278267,48.872884183175067],[2.41328252094782,48.873013615996257],[2.413373131288423,48.873078812018001]],[[2.412352753722837,48.872285092254224],[2.412602806487057,48.87247697817466],[2.412854122990528,48.872677863056261]],[[2.410776684400966,48.871084827949836],[2.410705827150661,48.871081781123074]],[[2.410758575930032,48.871239424275764],[2.410671553022246,48.871219210502126]],[[2.412040716902095,48.872149559315403],[2.411093789108303,48.871374175406388],[2.411046614826156,48.871326278603561],[2.410999318604309,48.871289173187563],[2.410951808886431,48.871270952715115],[2.410857959525946,48.871251604818106],[2.410758575930032,48.871239424275764]],[[2.412352753722837,48.872285092254224],[2.41227879937763,48.872193896520535],[2.411880192831622,48.87187717205525],[2.411518195384972,48.871578612812094],[2.410965847451933,48.871114537670778],[2.410941461910038,48.87110092765397],[2.410907513454718,48.871089069236547],[2.410776684400966,48.871084827949836]],[[2.412352753722837,48.872285092254224],[2.41225893245673,48.872263047623591],[2.412040716902095,48.872149559315403]]]}},
{"type":"Feature","properties":{"ID":"VOIE_NOM0000002338636765","ID_BAN":"75120_2844","name":"Rue du Docteur Labbé","INSEE_COM":"75120","NOM_COM":"Paris 20e Arrondissement","SRC_BAN":"commune","NOM_COLL":"R DU DOCTEUR LABBE","TYPE_VOIE":"rue","MOT_DIR":"Labbé","LD_BAN":null,"ID_SUPP":"TRONROUT0000000000186083","INSEEDBAN":null,"COMDEL_BAN":null,"DATE_CREAT":"2023-12-08T13:42:59","DATE_MAJ":"2024-03-12T16:10:18","NOM_NORMA":"R DU DOCTEUR LABBE","ID_BAN_ODO":null,"Nom_a_verifier":false,"other_tags":"\"wikipedia\"=>\"fr:Rue_du_Docteur-Labb%C3%A9\""},"geometry":{"type":"MultiLineString","coordinates":[[[2.410806734842825,48.869874471407265],[2.410556008782358,48.869864243596865],[2.41009267546276,48.8698484709479],[2.409614367680533,48.869830823973274],[2.409258676194625,48.869820075659518],[2.408969750690887,48.869812353992522]]]}},
{"type":"Feature","properties":{"ID":"VOIE_NOM0000002338636783","ID_BAN":"75120_0275","name":"Square Amicie Lebaudy","INSEE_COM":"75120","NOM_COM":"Paris 20e Arrondissement","SRC_BAN":"commune","NOM_COLL":"SQ AMICIE LEBAUDY","TYPE_VOIE":"square","MOT_DIR":"Lebaudy","LD_BAN":null,"ID_SUPP":"TRONROUT0000000000187002","INSEEDBAN":null,"COMDEL_BAN":null,"DATE_CREAT":"2023-12-08T13:42:59","DATE_MAJ":"2024-04-09T23:12:41","NOM_NORMA":"SQ AMICIE LEBAUDY","ID_BAN_ODO":null,"Nom_a_verifier":false,"other_tags":"nan"},"geometry":{"type":"MultiLineString","coordinates":[[[2.403351307391604,48.868895934932148],[2.403220906871984,48.868854814682692],[2.402468373821108,48.868619031315248]]]}},
{"type":"Feature","properties":{"ID":"VOIE_NOM0000002338636809","ID_BAN":"75120_5632","name":"Rue Leuck Mathieu","INSEE_COM":"75120","NOM_COM":"Paris 20e Arrondissement","SRC_BAN":"commune","NOM_COLL":"R LEUCK-MATHIEU","TYPE_VOIE":"rue","MOT_DIR":"Mathieu","LD_BAN":null,"ID_SUPP":"TRONROUT0000000000189968","INSEEDBAN":null,"COMDEL_BAN":null,"DATE_CREAT":"2023-12-08T13:42:59","DATE_MAJ":"2024-03-12T16:10:18","NOM_NORMA":"R LEUCK MATHIEU","ID_BAN_ODO":null,"Nom_a_verifier":false,"other_tags":"\"wikipedia\"=>\"fr:Rue_Leuck-Mathieu\""},"geometry":{"type":"MultiLineString","coordinates":[[[2.403423136164982,48.863695417244529],[2.402714254386785,48.862987697380674]]]}},
{"type":"Feature","properties":{"ID":"VOIE_NOM0000002338636815","ID_BAN":"75120_6752","name":"Rue Nicolas","INSEE_COM":"75120","NOM_COM":"Paris 20e Arrondissement","SRC_BAN":"commune","NOM_COLL":"R NICOLAS","TYPE_VOIE":"rue","MOT_DIR":"Nicolas","LD_BAN":null,"ID_SUPP":"TRONROUT0000000000191718","INSEEDBAN":null,"COMDEL_BAN":null,"DATE_CREAT":"2023-12-08T13:42:59","DATE_MAJ":"2024-03-12T16:10:18","NOM_NORMA":"R NICOLAS","ID_BAN_ODO":null,"Nom_a_verifier":false,"other_tags":"\"wikipedia\"=>\"fr:Rue_Nicolas\""},"geometry":{"type":"MultiLineString","coordinates":[[[2.409563135272698,48.858595118275915],[2.409367937988982,48.858500623187787],[2.409145656896236,48.858390705187787]]]}},
{"type":"Feature","properties":{"ID":"VOIE_NOM0000002338636817","ID_BAN":"75120_0525","name":"Cité Aubry","INSEE_COM":"75120","NOM_COM":"Paris 20e Arrondissement","SRC_BAN":"commune","NOM_COLL":"CITE AUBRY","TYPE_VOIE":"cité","MOT_DIR":"Aubry","LD_BAN":null,"ID_SUPP":"TRONROUT0000000000192722","INSEEDBAN":null,"COMDEL_BAN":null,"DATE_CREAT":"2023-12-08T13:42:59","DATE_MAJ":"2024-03-12T16:10:18","NOM_NORMA":"CITE AUBRY","ID_BAN_ODO":null,"Nom_a_verifier":false,"other_tags":"nan"},"geometry":{"type":"MultiLineString","coordinates":[[[2.395634730685083,48.856727791438907],[2.395610539955646,48.856815805275751],[2.395553928954174,48.856996288080708],[2.395441384028804,48.857298799415211],[2.395427097992256,48.85735538607976],[2.39542671189977,48.857388659954729],[2.395433192315549,48.857417471786846],[2.395458752884308,48.857446380011915],[2.395504819107924,48.857469995739308],[2.39557139100024,48.85748831894567],[2.395647596903861,48.85749859665183],[2.395789210132315,48.857510103929066],[2.39592817066831,48.857515302222069],[2.396060441972464,48.85750967443596],[2.396181945779774,48.857492300668063],[2.396289862502113,48.857471260844505],[2.396387001215551,48.85743937439954],[2.396508890151922,48.857388726421547],[2.396628115606721,48.857332668809072],[2.396862674953461,48.857203446022474]]]}},
{"type":"Feature","properties":{"ID":"VOIE_NOM0000002338639487","ID_BAN":null,"name":"Chemin Bion","INSEE_COM":"75120","NOM_COM":"Paris 20e Arrondissement","SRC_BAN":null,"NOM_COLL":"CHE BION","TYPE_VOIE":"chemin","MOT_DIR":"BION","LD_BAN":null,"ID_SUPP":"TRONROUT0000000216627728","INSEEDBAN":null,"COMDEL_BAN":null,"DATE_CREAT":"2023-12-08T13:42:59","DATE_MAJ":"2024-03-12T16:10:18","NOM_NORMA":"CHE BION","ID_BAN_ODO":null,"Nom_a_verifier":true,"other_tags":"nan"},"geometry":{"type":"MultiLineString","coordinates":[[[2.388700647782404,48.860983349306501],[2.390125134155241,48.861323374532546]]]}},
{"type":"Feature","properties":{"ID":"VOIE_NOM0000002338648226","ID_BAN":"75120_5862","name":"Villa des Lyanes","INSEE_COM":"75120","NOM_COM":"Paris 20e Arrondissement","SRC_BAN":"commune","NOM_COLL":"VLA DES LYANES","TYPE_VOIE":"villa","MOT_DIR":"Lyanes","LD_BAN":null,"ID_SUPP":"TRONROUT0000000000188862","INSEEDBAN":null,"COMDEL_BAN":null,"DATE_CREAT":"2023-12-08T13:42:59","DATE_MAJ":"2024-03-12T16:10:18","NOM_NORMA":"VLA DES LYANES","ID_BAN_ODO":null,"Nom_a_verifier":false,"other_tags":"nan"},"geometry":{"type":"MultiLineString","coordinates":[[[2.405135561943949,48.86342514544512],[2.405517378028007,48.863770590811328]]]}},
{"type":"Feature","properties":{"ID":"VOIE_NOM0000002338648265","ID_BAN":"75120_9771","name":"Rue Victor Letalle","INSEE_COM":"75120","NOM_COM":"Paris 20e Arrondissement","SRC_BAN":"commune","NOM_COLL":"R VICTOR LETALLE","TYPE_VOIE":"rue","MOT_DIR":"Letalle","LD_BAN":null,"ID_SUPP":"TRONROUT0000000000187967","INSEEDBAN":null,"COMDEL_BAN":null,"DATE_CREAT":"2023-12-08T13:42:59","DATE_MAJ":"2024-03-12T16:10:18","NOM_NORMA":"R VICTOR LETALLE","ID_BAN_ODO":null,"Nom_a_verifier":false,"other_tags":"\"wikipedia\"=>\"fr:Rue_Victor-Letalle\""},"geometry":{"type":"MultiLineString","coordinates":[[[2.385084679421186,48.867550705144559],[2.385463206098867,48.866895232089547],[2.385471681822886,48.866870094093933],[2.385470573319127,48.866848504246796],[2.385417900431959,48.866575733785822],[2.385412745081839,48.86655052579156],[2.385406141754963,48.866532505081757],[2.385297783197401,48.866473491497977]]]}},
{"type":"Feature","properties":{"ID":"VOIE_NOM0000002338648360","ID_BAN":"75120_x550","name":"Voie T/20","INSEE_COM":"75120","NOM_COM":"Paris 20e Arrondissement","SRC_BAN":"commune","NOM_COLL":"VOI T/20","TYPE_VOIE":"voie","MOT_DIR":"T/20","LD_BAN":null,"ID_SUPP":"TRONROUT0000000000191764","INSEEDBAN":null,"COMDEL_BAN":null,"DATE_CREAT":"2023-12-08T13:42:59","DATE_MAJ":"2024-03-12T16:10:18","NOM_NORMA":"VOI T/20","ID_BAN_ODO":null,"Nom_a_verifier":false,"other_tags":"nan"},"geometry":{"type":"MultiLineString","coordinates":[[[2.400532105953844,48.859419884909002],[2.400891985134488,48.859060150591993],[2.401029878662127,48.858921442414363],[2.401130507912841,48.858823018107103],[2.401231116113323,48.85872639229315],[2.401267047611575,48.858683403512607]]]}},
{"type":"Feature","properties":{"ID":"VOIE_NOM0000002338648371","ID_BAN":"75120_0138","name":"Rue Albert Marquet","INSEE_COM":"75120","NOM_COM":"Paris 20e Arrondissement","SRC_BAN":"commune","NOM_COLL":"R ALBERT MARQUET","TYPE_VOIE":"rue","MOT_DIR":"Marquet","LD_BAN":null,"ID_SUPP":"TRONROUT0000000000192682","INSEEDBAN":null,"COMDEL_BAN":null,"DATE_CREAT":"2023-12-08T13:42:59","DATE_MAJ":"2024-03-12T16:10:18","NOM_NORMA":"R ALBERT MARQUET","ID_BAN_ODO":null,"Nom_a_verifier":false,"other_tags":"\"wikipedia\"=>\"fr:Rue_Albert-Marquet\""},"geometry":{"type":"MultiLineString","coordinates":[[[2.404614403588615,48.858097543414907],[2.404639264367298,48.858068888056223],[2.404665405798052,48.858047433825355],[2.405096883794103,48.857740204832055],[2.405250850208042,48.857624954588253],[2.405271539672412,48.857603473121642],[2.405284123739233,48.857575655949404],[2.405326754803979,48.857422979046795]]]}},
{"type":"Feature","properties":{"ID":"VOIE_NOM0000002338648383","ID_BAN":"75120_9187","name":"Passage du Télégraphe","INSEE_COM":"75120","NOM_COM":"Paris 20e Arrondissement","SRC_BAN":"commune","NOM_COLL":"PAS DU TELEGRAPHE","TYPE_VOIE":"passage","MOT_DIR":"Télégraphe","LD_BAN":null,"ID_SUPP":"TRONROUT0000000000184486/TRONROUT0000000356712908","INSEEDBAN":null,"COMDEL_BAN":null,"DATE_CREAT":"2023-12-08T13:42:59","DATE_MAJ":"2024-03-12T16:10:18","NOM_NORMA":"PAS DU TELEGRAPHE","ID_BAN_ODO":null,"Nom_a_verifier":false,"other_tags":"nan"},"geometry":{"type":"MultiLineString","coordinates":[[[2.39918731848658,48.874151502949736],[2.398190659394222,48.87415369109538]],[[2.398190659394222,48.87415369109538],[2.39805021818743,48.874154783615744],[2.39791796720061,48.874155017833566]]]}},
{"type":"Feature","properties":{"ID":"VOIE_NOM0000002338648385","ID_BAN":"75120_p4zq4p","name":"Voie Dm/20","INSEE_COM":"75120","NOM_COM":"Paris 20e Arrondissement","SRC_BAN":"commune","NOM_COLL":"VOI DM/20","TYPE_VOIE":"voie","MOT_DIR":"Dm/20","LD_BAN":null,"ID_SUPP":"TRONROUT0000002334848456","INSEEDBAN":null,"COMDEL_BAN":null,"DATE_CREAT":"2023-12-08T13:42:59","DATE_MAJ":"2024-04-09T23:12:41","NOM_NORMA":"VOI DM/20","ID_BAN_ODO":null,"Nom_a_verifier":false,"other_tags":"nan"},"geometry":{"type":"MultiLineString","coordinates":[[[2.387239192343872,48.872132186640172],[2.387190695643019,48.872198489183461],[2.387059017276952,48.87238217870312]]]}},
{"type":"Feature","properties":{"ID":"VOIE_NOM0000002338648389","ID_BAN":"75120_5509","name":"Rue Lemon","INSEE_COM":"75120","NOM_COM":"Paris 20e Arrondissement","SRC_BAN":"commune","NOM_COLL":"R LEMON","TYPE_VOIE":"rue","MOT_DIR":"Lemon","LD_BAN":null,"ID_SUPP":"TRONROUT0000000000185427/TRONROUT0000000256426105","INSEEDBAN":null,"COMDEL_BAN":null,"DATE_CREAT":"2023-12-08T13:42:59","DATE_MAJ":"2024-03-12T16:10:18","NOM_NORMA":"R LEMON","ID_BAN_ODO":null,"Nom_a_verifier":false,"other_tags":"\"wikipedia\"=>\"fr:Rue_Lemon\""},"geometry":{"type":"MultiLineString","coordinates":[[[2.377751282678359,48.871486980342098],[2.377662898197043,48.871467634771264]],[[2.378533263804735,48.871648426818282],[2.377751282678359,48.871486980342098]]]}},
{"type":"Feature","properties":{"ID":"VOIE_NOM0000002338648390","ID_BAN":"75120_9333","name":"Rue Tolain","INSEE_COM":"75120","NOM_COM":"Paris 20e Arrondissement","SRC_BAN":"commune","NOM_COLL":"R TOLAIN","TYPE_VOIE":"rue","MOT_DIR":"Tolain","LD_BAN":null,"ID_SUPP":"TRONROUT0000000000195031/TRONROUT0000000000195032","INSEEDBAN":null,"COMDEL_BAN":null,"DATE_CREAT":"2023-12-08T13:42:59","DATE_MAJ":"2024-03-12T16:10:18","NOM_NORMA":"R TOLAIN","ID_BAN_ODO":null,"Nom_a_verifier":false,"other_tags":"\"wikipedia\"=>\"fr:Rue_Tolain\""},"geometry":{"type":"MultiLineString","coordinates":[[[2.404271850102738,48.851223020647375],[2.404027997004821,48.852168822329276]],[[2.404027997004821,48.852168822329276],[2.403985387005704,48.852319700893688]]]}},
{"type":"Feature","properties":{"ID":"VOIE_NOM0000002338648404","ID_BAN":"75120_8323","name":"Square Roland Garros","INSEE_COM":"75120","NOM_COM":"Paris 20e Arrondissement","SRC_BAN":"commune","NOM_COLL":"SQ ROLAND GARROS","TYPE_VOIE":"square","MOT_DIR":"Garros","LD_BAN":null,"ID_SUPP":"TRONROUT0000000000186957/TRONROUT0000000000186962/TRONROUT0000000000186967","INSEEDBAN":null,"COMDEL_BAN":null,"DATE_CREAT":"2023-12-08T13:42:59","DATE_MAJ":"2024-03-12T16:10:18","NOM_NORMA":"SQ ROLAND GARROS","ID_BAN_ODO":null,"Nom_a_verifier":false,"other_tags":"nan"},"geometry":{"type":"MultiLineString","coordinates":[[[2.408480928020253,48.867839493619407],[2.408279065073926,48.867968899680164]],[[2.408279065073926,48.867968899680164],[2.408173485643263,48.86790272607211]],[[2.408385977279043,48.868037777788139],[2.408279065073926,48.867968899680164]]]}},
{"type":"Feature","properties":{"ID":"VOIE_NOM0000002338648409","ID_BAN":"75120_8192","name":"Villa Riberolle","INSEE_COM":"75120","NOM_COM":"Paris 20e Arrondissement","SRC_BAN":"commune","NOM_COLL":"VLA RIBEROLLE","TYPE_VOIE":"villa","MOT_DIR":"Riberolle","LD_BAN":null,"ID_SUPP":"TRONROUT0000000000192712/TRONROUT0000000000192715","INSEEDBAN":null,"COMDEL_BAN":null,"DATE_CREAT":"2023-12-08T13:42:59","DATE_MAJ":"2024-04-09T23:12:41","NOM_NORMA":"VLA RIBEROLLE","ID_BAN_ODO":null,"Nom_a_verifier":false,"other_tags":"nan"},"geometry":{"type":"MultiLineString","coordinates":[[[2.396862674953461,48.857203446022474],[2.396873892658212,48.856823078864849]],[[2.396866964049836,48.858245809917229],[2.396863257056797,48.857270899953079],[2.396862674953461,48.857203446022474]]]}},
{"type":"Feature","properties":{"ID":"VOIE_NOM0000002338648411","ID_BAN":"75120_3460","name":"Impasse Eveillard","INSEE_COM":"75120","NOM_COM":"Paris 20e Arrondissement","SRC_BAN":"commune","NOM_COLL":"IMP EVEILLARD","TYPE_VOIE":"impasse","MOT_DIR":"Eveillard","LD_BAN":null,"ID_SUPP":"TRONROUT0000000000188852","INSEEDBAN":null,"COMDEL_BAN":null,"DATE_CREAT":"2023-12-08T13:42:59","DATE_MAJ":"2024-03-12T16:10:18","NOM_NORMA":"IMP EVEILLARD","ID_BAN_ODO":null,"Nom_a_verifier":false,"other_tags":"nan"},"geometry":{"type":"MultiLineString","coordinates":[[[2.403554661352853,48.864708730081475],[2.40342776963979,48.864600176832724],[2.403191449893026,48.864405640485266],[2.40308588705157,48.864458175107231]]]}},
{"type":"Feature","properties":{"ID":"VOIE_NOM0000002338648416","ID_BAN":"75120_3840","name":"Rue Frédéric Loliée","INSEE_COM":"75120","NOM_COM":"Paris 20e Arrondissement","SRC_BAN":"commune","NOM_COLL":"R FREDERIC LOLIEE","TYPE_VOIE":"rue","MOT_DIR":"Loliée","LD_BAN":null,"ID_SUPP":"TRONROUT0000000000195873/TRONROUT0000000000195901","INSEEDBAN":null,"COMDEL_BAN":null,"DATE_CREAT":"2023-12-08T13:42:59","DATE_MAJ":"2024-03-12T16:10:18","NOM_NORMA":"R FREDERIC LOLIEE","ID_BAN_ODO":null,"Nom_a_verifier":false,"other_tags":"\"wikipedia\"=>\"fr:Rue_Fr%C3%A9d%C3%A9ric-Loli%C3%A9e\""},"geometry":{"type":"MultiLineString","coordinates":[[[2.405092436089595,48.849415809557264],[2.405800844391337,48.849434618846772]],[[2.405800844391337,48.849434618846772],[2.406503669416007,48.849465087820576]]]}},
{"type":"Feature","properties":{"ID":"VOIE_NOM0000002338648418","ID_BAN":"75120_9764","name":"Rue Victor Ségalen","INSEE_COM":"75120","NOM_COM":"Paris 20e Arrondissement","SRC_BAN":"commune","NOM_COLL":"R VICTOR SEGALEN","TYPE_VOIE":"rue","MOT_DIR":"Ségalen","LD_BAN":null,"ID_SUPP":"TRONROUT0000000000190938/TRONROUT0000000000190941/TRONROUT0000002330783732","INSEEDBAN":null,"COMDEL_BAN":null,"DATE_CREAT":"2023-12-08T13:42:59","DATE_MAJ":"2024-03-12T16:10:18","NOM_NORMA":"R VICTOR SEGALEN","ID_BAN_ODO":null,"Nom_a_verifier":false,"other_tags":"\"wikipedia\"=>\"fr:Rue_Victor-S%C3%A9galen\""},"geometry":{"type":"MultiLineString","coordinates":[[[2.406232258687961,48.860368331944223],[2.406353540336558,48.86037073232697],[2.406649996742438,48.860430659882368],[2.406793885493401,48.860482635778844]],[[2.405741981793364,48.859973784598644],[2.405642104890448,48.860245789680398],[2.405644676887558,48.860259292605733],[2.405667672510987,48.860274695650936]],[[2.405667672510987,48.860274695650936],[2.406165464113356,48.860368899857249],[2.406232258687961,48.860368331944223]]]}},
{"type":"Feature","properties":{"ID":"VOIE_NOM0000002338648419","ID_BAN":"75120_x590","name":"Voie V/20","INSEE_COM":"75120","NOM_COM":"Paris 20e Arrondissement","SRC_BAN":"commune","NOM_COLL":"VOI FV/20","TYPE_VOIE":"voie","MOT_DIR":"V/20","LD_BAN":null,"ID_SUPP":"TRONROUT0000002334848331/TRONROUT0000002334848332","INSEEDBAN":null,"COMDEL_BAN":null,"DATE_CREAT":"2023-12-08T13:42:59","DATE_MAJ":"2024-03-12T16:10:18","NOM_NORMA":"VOI V/20","ID_BAN_ODO":null,"Nom_a_verifier":false,"other_tags":"nan"},"geometry":{"type":"MultiLineString","coordinates":[[[2.413070640229734,48.854309902292975],[2.412133610000013,48.854617375992937]],[[2.412133610000013,48.854617375992937],[2.412060712104391,48.854676374759407]]]}},
{"type":"Feature","properties":{"ID":"VOIE_NOM0000002338648429","ID_BAN":"75120_5841","name":"Rue Lucien Lambeau","INSEE_COM":"75120","NOM_COM":"Paris 20e Arrondissement","SRC_BAN":"commune","NOM_COLL":"R LUCIEN LAMBEAU","TYPE_VOIE":"rue","MOT_DIR":"Lambeau","LD_BAN":null,"ID_SUPP":"TRONROUT0000000000191709/TRONROUT0000000000192646/TRONROUT0000000331464229","INSEEDBAN":null,"COMDEL_BAN":null,"DATE_CREAT":"2023-12-08T13:42:59","DATE_MAJ":"2024-03-12T16:10:18","NOM_NORMA":"R LUCIEN LAMBEAU","ID_BAN_ODO":null,"Nom_a_verifier":false,"other_tags":"\"wikipedia\"=>\"fr:Rue_Lucien-Lambeau\""},"geometry":{"type":"MultiLineString","coordinates":[[[2.413765308573701,48.857857630697339],[2.414432070595024,48.85783301559136]],[[2.411470940887068,48.857179054607059],[2.411534832922269,48.85719375834978]],[[2.411534832922269,48.85719375834978],[2.412129859408656,48.857365759918331],[2.412663520025035,48.857541054682642],[2.413190228049854,48.857728903755593],[2.413469988661504,48.857818411097021],[2.41360187422683,48.857846937137168],[2.413765308573701,48.857857630697339]]]}},
{"type":"Feature","properties":{"ID":"VOIE_NOM0000002338648435","ID_BAN":"75120_7511","name":"Passage Planchard","INSEE_COM":"75120","NOM_COM":"Paris 20e Arrondissement","SRC_BAN":"commune","NOM_COLL":"PAS PLANCHARD","TYPE_VOIE":"passage","MOT_DIR":"Planchard","LD_BAN":null,"ID_SUPP":"TRONROUT0000000000186125","INSEEDBAN":null,"COMDEL_BAN":null,"DATE_CREAT":"2023-12-08T13:42:59","DATE_MAJ":"2024-04-09T23:12:41","NOM_NORMA":"PAS PLANCHARD","ID_BAN_ODO":null,"Nom_a_verifier":false,"other_tags":"nan"},"geometry":{"type":"MultiLineString","coordinates":[[[2.401339114655213,48.871390537575259],[2.401415570292127,48.871262315064591],[2.40142252078591,48.871250658469563],[2.401425309249873,48.871245276404871],[2.401485075089963,48.871145749090523],[2.401490620994147,48.871137682806889],[2.401578167639213,48.870993327592942],[2.40169185253872,48.870828418245964],[2.401847135364022,48.870602561851847],[2.402018919855714,48.870364196960821],[2.402181098448671,48.870131179817314]]]}},
{"type":"Feature","properties":{"ID":"VOIE_NOM0000002338648461","ID_BAN":"75120_5265","name":"Passage de Lagny","INSEE_COM":"75120","NOM_COM":"Paris 20e Arrondissement","SRC_BAN":"commune","NOM_COLL":"PAS DE LAGNY","TYPE_VOIE":"passage","MOT_DIR":"Lagny","LD_BAN":null,"ID_SUPP":"TRONROUT0000000000195870","INSEEDBAN":null,"COMDEL_BAN":null,"DATE_CREAT":"2023-12-08T13:42:59","DATE_MAJ":"2024-03-12T16:10:18","NOM_NORMA":"PAS DE LAGNY","ID_BAN_ODO":null,"Nom_a_verifier":false,"other_tags":"nan"},"geometry":{"type":"MultiLineString","coordinates":[[[2.408934985572615,48.850529364772605],[2.40923144447219,48.849021716952613]]]}},
{"type":"Feature","properties":{"ID":"VOIE_NOM0000002338648464","ID_BAN":"75120_6943","name":"Passage Ormeaux-Grands Champs","INSEE_COM":"75120","NOM_COM":"Paris 20e Arrondissement","SRC_BAN":"commune","NOM_COLL":"PAS ORMEAUX-GRANDS CHAMPS","TYPE_VOIE":"passage","MOT_DIR":"Champs","LD_BAN":null,"ID_SUPP":"TRONROUT0000000000195042","INSEEDBAN":null,"COMDEL_BAN":null,"DATE_CREAT":"2023-12-08T13:42:59","DATE_MAJ":"2024-03-12T16:10:18","NOM_NORMA":"PAS ORMEAUX-GRANDS CHAMPS","ID_BAN_ODO":null,"Nom_a_verifier":false,"other_tags":"nan"},"geometry":{"type":"MultiLineString","coordinates":[[[2.400622920132486,48.851525865478834],[2.400677769992356,48.851496461651692],[2.401034904355096,48.850777869683903]]]}},
{"type":"Feature","properties":{"ID":"VOIE_NOM0000002338648469","ID_BAN":"75120_7905","name":"Villa des Pyrénées","INSEE_COM":"75120","NOM_COM":"Paris 20e Arrondissement","SRC_BAN":"commune","NOM_COLL":"VLA DES PYRENEES","TYPE_VOIE":"villa","MOT_DIR":"Pyrénées","LD_BAN":null,"ID_SUPP":"TRONROUT0000000000194140","INSEEDBAN":null,"COMDEL_BAN":null,"DATE_CREAT":"2023-12-08T13:42:59","DATE_MAJ":"2024-03-12T16:10:18","NOM_NORMA":"VLA DES PYRENEES","ID_BAN_ODO":null,"Nom_a_verifier":false,"other_tags":"nan"},"geometry":{"type":"MultiLineString","coordinates":[[[2.405199306671855,48.853305133140815],[2.405868481635734,48.853542288454776]]]}},
{"type":"Feature","properties":{"ID":"VOIE_NOM0000002338648509","ID_BAN":"75120_7264","name":"Rue du Père Julien Dhuit","INSEE_COM":"75120","NOM_COM":"Paris 20e Arrondissement","SRC_BAN":"commune","NOM_COLL":"R DU PERE JULIEN DHUIT","TYPE_VOIE":"rue","MOT_DIR":"Dhuit","LD_BAN":null,"ID_SUPP":"TRONROUT0000000000185344","INSEEDBAN":null,"COMDEL_BAN":null,"DATE_CREAT":"2023-12-08T13:42:59","DATE_MAJ":"2024-03-12T16:10:18","NOM_NORMA":"R DU PERE JULIEN DHUIT","ID_BAN_ODO":null,"Nom_a_verifier":false,"other_tags":"\"wikipedia\"=>\"fr:Rue_du_P%C3%A8re-Julien-Dhuit\""},"geometry":{"type":"MultiLineString","coordinates":[[[2.384650670134613,48.872209740479811],[2.384750977212895,48.872258820211528],[2.385124963470316,48.872453199662104],[2.385386459513902,48.87259124157945],[2.385518048823628,48.872646776607077]]]}},
{"type":"Feature","properties":{"ID":"VOIE_NOM0000002338648510","ID_BAN":"75120_2798","name":"Passage Dieu","INSEE_COM":"75120","NOM_COM":"Paris 20e Arrondissement","SRC_BAN":"commune","NOM_COLL":"PAS DIEU","TYPE_VOIE":"passage","MOT_DIR":"Dieu","LD_BAN":null,"ID_SUPP":"TRONROUT0000000000192697/TRONROUT0000000000193431/TRONROUT0000000000193439/TRONROUT0000002334847326","INSEEDBAN":null,"COMDEL_BAN":null,"DATE_CREAT":"2023-12-08T13:42:59","DATE_MAJ":"2024-03-12T16:10:18","NOM_NORMA":"PAS DIEU","ID_BAN_ODO":null,"Nom_a_verifier":false,"other_tags":"nan"},"geometry":{"type":"MultiLineString","coordinates":[[[2.404278671644076,48.855752176256047],[2.40422380905365,48.85578248091722],[2.404048338850783,48.855871541854754]],[[2.403526850941597,48.856184614329493],[2.403590095059063,48.856374691742609]],[[2.404048338850783,48.855871541854754],[2.403782087755778,48.856032997352273]],[[2.403782087755778,48.856032997352273],[2.403526850941597,48.856184614329493]]]}},
{"type":"Feature","properties":{"ID":"VOIE_NOM0000002338648545","ID_BAN":"75120_4382","name":"Place du Guignier","INSEE_COM":"75120","NOM_COM":"Paris 20e Arrondissement","SRC_BAN":"commune","NOM_COLL":"PL DU GUIGNIER","TYPE_VOIE":"place","MOT_DIR":"Guignier","LD_BAN":null,"ID_SUPP":"TRONROUT0000000000185299","INSEEDBAN":null,"COMDEL_BAN":null,"DATE_CREAT":"2023-12-08T13:42:59","DATE_MAJ":"2024-03-12T16:10:18","NOM_NORMA":"PL DU GUIGNIER","ID_BAN_ODO":null,"Nom_a_verifier":false,"other_tags":"nan"},"geometry":{"type":"MultiLineString","coordinates":[[[2.39248993493028,48.87150063752842],[2.392653177092495,48.871531143997373],[2.393351173100227,48.87141597131901]]]}},
{"type":"Feature","properties":{"ID":"VOIE_NOM0000002338648549","ID_BAN":"75120_5911","name":"Passage Maigrot-Delaunay","INSEE_COM":"75120","NOM_COM":"Paris 20e Arrondissement","SRC_BAN":"commune","NOM_COLL":"PAS MAIGROT-DELAUNAY","TYPE_VOIE":"passage","MOT_DIR":"Delaunay","LD_BAN":null,"ID_SUPP":"TRONROUT0000000000195911","INSEEDBAN":null,"COMDEL_BAN":null,"DATE_CREAT":"2023-12-08T13:42:59","DATE_MAJ":"2024-03-12T16:10:18","NOM_NORMA":"PAS MAIGROT-DELAUNAY","ID_BAN_ODO":null,"Nom_a_verifier":false,"other_tags":"nan"},"geometry":{"type":"MultiLineString","coordinates":[[[2.40083092423004,48.850739974962707],[2.401096710788195,48.850024522277437]]]}},
{"type":"Feature","properties":{"ID":"VOIE_NOM0000002338648550","ID_BAN":"75120_3459","name":"Rue Evariste Galois","INSEE_COM":"75120","NOM_COM":"Paris 20e Arrondissement","SRC_BAN":"commune","NOM_COLL":"R EVARISTE GALOIS","TYPE_VOIE":"rue","MOT_DIR":"Galois","LD_BAN":null,"ID_SUPP":"TRONROUT0000000000184446/TRONROUT0000000230209339","INSEEDBAN":null,"COMDEL_BAN":null,"DATE_CREAT":"2023-12-08T13:42:59","DATE_MAJ":"2024-03-12T16:10:18","NOM_NORMA":"R EVARISTE GALOIS","ID_BAN_ODO":null,"Nom_a_verifier":false,"other_tags":"\"wikipedia\"=>\"fr:Rue_%C3%89variste-Galois\""},"geometry":{"type":"MultiLineString","coordinates":[[[2.413100128703132,48.873955221829299],[2.413237069653178,48.873538603205517],[2.413373131288423,48.873078812018001]],[[2.413057780507624,48.874083618610101],[2.413100128703132,48.873955221829299]]]}},
{"type":"Feature","properties":{"ID":"VOIE_NOM0000002338648564","ID_BAN":"75120_3042","name":"Passage Duris","INSEE_COM":"75120","NOM_COM":"Paris 20e Arrondissement","SRC_BAN":"commune","NOM_COLL":"PAS DURIS","TYPE_VOIE":"passage","MOT_DIR":"Duris","LD_BAN":null,"ID_SUPP":"TRONROUT0000000356814441","INSEEDBAN":null,"COMDEL_BAN":null,"DATE_CREAT":"2023-12-08T13:42:59","DATE_MAJ":"2024-04-09T23:12:41","NOM_NORMA":"PAS DURIS","ID_BAN_ODO":null,"Nom_a_verifier":false,"other_tags":"nan"},"geometry":{"type":"MultiLineString","coordinates":[[[2.388283669557491,48.864224249555043],[2.388312124533938,48.864238784459232],[2.388686889614313,48.8643630097583],[2.388812102116906,48.864495852460607],[2.388865959535297,48.864552785996651]]]}},
{"type":"Feature","properties":{"ID":"VOIE_NOM0000002338648589","ID_BAN":"75120_3614","name":"Rue Fernand Léger","INSEE_COM":"75120","NOM_COM":"Paris 20e Arrondissement","SRC_BAN":"commune","NOM_COLL":"R FERNAND LEGER","TYPE_VOIE":"rue","MOT_DIR":"Léger","LD_BAN":null,"ID_SUPP":"TRONROUT0000000000188964/TRONROUT0000000000188967","INSEEDBAN":null,"COMDEL_BAN":null,"DATE_CREAT":"2023-12-08T13:42:59","DATE_MAJ":"2024-03-12T16:10:18","NOM_NORMA":"R FERNAND LEGER","ID_BAN_ODO":null,"Nom_a_verifier":false,"other_tags":"\"wikipedia\"=>\"fr:Rue_Fernand-L%C3%A9ger_(Paris)\""},"geometry":{"type":"MultiLineString","coordinates":[[[2.389069196946367,48.863844243057194],[2.389134728031084,48.863835584137796],[2.389213762908788,48.863837786203469],[2.389563567381429,48.863881839993311],[2.389711864305702,48.863905979190925],[2.389797493292128,48.863927100674005],[2.389879001641209,48.863950899113739],[2.39001348952703,48.863990256345623],[2.391007753808819,48.864293001844977]],[[2.391007753808819,48.864293001844977],[2.391451757591644,48.864441852958251]]]}},
{"type":"Feature","properties":{"ID":"VOIE_NOM0000002338648597","ID_BAN":"75120_0600","name":"Rue de l'Avenir","INSEE_COM":"75120","NOM_COM":"Paris 20e Arrondissement","SRC_BAN":"commune","NOM_COLL":"R DE L'AVENIR","TYPE_VOIE":"rue","MOT_DIR":"Avenir","LD_BAN":null,"ID_SUPP":"TRONROUT0000000000185277","INSEEDBAN":null,"COMDEL_BAN":null,"DATE_CREAT":"2023-12-08T13:42:59","DATE_MAJ":"2024-03-12T16:10:18","NOM_NORMA":"R DE L'AVENIR","ID_BAN_ODO":null,"Nom_a_verifier":false,"other_tags":"\"wikipedia\"=>\"fr:Rue_de_l%27Avenir_(Paris)\""},"geometry":{"type":"MultiLineString","coordinates":[[[2.395845334648066,48.871946603112491],[2.396071753655136,48.87170222728615]]]}},
{"type":"Feature","properties":{"ID":"VOIE_NOM0000002338648636","ID_BAN":"75120_x041","name":"Voie Ae/20","INSEE_COM":"75120","NOM_COM":"Paris 20e Arrondissement","SRC_BAN":"commune","NOM_COLL":"VOI AE/20","TYPE_VOIE":"voie","MOT_DIR":"Ae/20","LD_BAN":null,"ID_SUPP":"TRONROUT0000002334847325","INSEEDBAN":null,"COMDEL_BAN":null,"DATE_CREAT":"2023-12-08T13:42:59","DATE_MAJ":"2024-03-12T16:10:18","NOM_NORMA":"VOI AE/20","ID_BAN_ODO":null,"Nom_a_verifier":false,"other_tags":"nan"},"geometry":{"type":"MultiLineString","coordinates":[[[2.403816739380291,48.855029498300645],[2.404240215968427,48.85470514418175]]]}},
{"type":"Feature","properties":{"ID":"VOIE_NOM0000002338648641","ID_BAN":"75120_3558","name":"Rue Félix Huguenet","INSEE_COM":"75120","NOM_COM":"Paris 20e Arrondissement","SRC_BAN":"commune","NOM_COLL":"R FELIX HUGUENET","TYPE_VOIE":"rue","MOT_DIR":"Huguenet","LD_BAN":null,"ID_SUPP":"TRONROUT0000000000196705","INSEEDBAN":null,"COMDEL_BAN":null,"DATE_CREAT":"2023-12-08T13:42:59","DATE_MAJ":"2024-03-12T16:10:18","NOM_NORMA":"R FELIX HUGUENET","ID_BAN_ODO":null,"Nom_a_verifier":false,"other_tags":"\"wikipedia\"=>\"fr:Rue_F%C3%A9lix-Huguenet\""},"geometry":{"type":"MultiLineString","coordinates":[[[2.404837303313712,48.847891036922327],[2.405033966405608,48.848927170440312]]]}},
{"type":"Feature","properties":{"ID":"VOIE_NOM0000002338648666","ID_BAN":"75120_8721","name":"Impasse Saint-Paul","INSEE_COM":"75120","NOM_COM":"Paris 20e Arrondissement","SRC_BAN":"commune","NOM_COLL":"IMP SAINT-PAUL","TYPE_VOIE":"impasse","MOT_DIR":"Paul","LD_BAN":null,"ID_SUPP":"TRONROUT0000000000193435","INSEEDBAN":null,"COMDEL_BAN":null,"DATE_CREAT":"2023-12-08T13:42:59","DATE_MAJ":"2024-03-12T16:10:18","NOM_NORMA":"IMP SAINT-PAUL","ID_BAN_ODO":null,"Nom_a_verifier":false,"other_tags":"nan"},"geometry":{"type":"MultiLineString","coordinates":[[[2.403782087755778,48.856032997352273],[2.403486325063235,48.855795894384599]]]}},
{"type":"Feature","properties":{"ID":"VOIE_NOM0000002338648694","ID_BAN":"75120_7472","name":"Rue Pierre Soulié","INSEE_COM":"75120","NOM_COM":"Paris 20e Arrondissement","SRC_BAN":"commune","NOM_COLL":"R PIERRE SOULIE","TYPE_VOIE":"rue","MOT_DIR":"Soulié","LD_BAN":null,"ID_SUPP":"TRONROUT0000000002773324/TRONROUT0000000002774240/TRONROUT0000000356677416","INSEEDBAN":null,"COMDEL_BAN":null,"DATE_CREAT":"2023-12-08T13:42:59","DATE_MAJ":"2024-03-12T16:10:18","NOM_NORMA":"R PIERRE SOULIE","ID_BAN_ODO":null,"Nom_a_verifier":false,"other_tags":"\"wikipedia\"=>\"fr:Rue_Pierre-Souli%C3%A9\""},"geometry":{"type":"MultiLineString","coordinates":[[[2.413373131288423,48.873078812018001],[2.413437466342805,48.872813824220131],[2.413505556384737,48.872578532706129],[2.413550284525801,48.872480724579297]],[[2.413643766103728,48.871685272723212],[2.413651473154441,48.871606169130565],[2.413662301453281,48.871492006811266],[2.413714744989608,48.870950864733516],[2.413723167251983,48.870929321969044]],[[2.413550284525801,48.872480724579297],[2.413572758410363,48.872300968107815],[2.413622129544413,48.871911798738388],[2.413643766103728,48.871685272723212]]]}},
{"type":"Feature","properties":{"ID":"VOIE_NOM0000002338648702","ID_BAN":"75120_x154","name":"Voie Bh/20","INSEE_COM":"75120","NOM_COM":"Paris 20e Arrondissement","SRC_BAN":"commune","NOM_COLL":"VOI BH/20","TYPE_VOIE":"voie","MOT_DIR":"Bh/20","LD_BAN":null,"ID_SUPP":"TRONROUT0000002334848174","INSEEDBAN":null,"COMDEL_BAN":null,"DATE_CREAT":"2023-12-08T13:42:59","DATE_MAJ":"2024-03-12T16:10:18","NOM_NORMA":"VOI BH/20","ID_BAN_ODO":null,"Nom_a_verifier":false,"other_tags":"nan"},"geometry":{"type":"MultiLineString","coordinates":[[[2.380359517039203,48.871354818296354],[2.380044119721689,48.871738101173122]]]}},
{"type":"Feature","properties":{"ID":"VOIE_NOM0000002338658304","ID_BAN":null,"name":"Allée Louise Abbema","INSEE_COM":"75120","NOM_COM":"Paris 20e Arrondissement","SRC_BAN":null,"NOM_COLL":"ALL LOUISE ABBEMA","TYPE_VOIE":"allée","MOT_DIR":"ABBEMA","LD_BAN":null,"ID_SUPP":"TRONROUT0000000356847622/TRONROUT0000000356847623","INSEEDBAN":null,"COMDEL_BAN":null,"DATE_CREAT":"2023-12-08T13:42:59","DATE_MAJ":"2024-03-12T16:10:18","NOM_NORMA":"ALL LOUISE ABBEMA","ID_BAN_ODO":null,"Nom_a_verifier":true,"other_tags":"nan"},"geometry":{"type":"MultiLineString","coordinates":[[[2.404528807082422,48.849129709704712],[2.404729301729224,48.849114519056137]],[[2.403678348118589,48.849139863577456],[2.404528807082422,48.849129709704712]]]}},
{"type":"Feature","properties":{"ID":"VOIE_NOM0000002338658306","ID_BAN":null,"name":"Allée Maya Surduts","INSEE_COM":"75120","NOM_COM":"Paris 20e Arrondissement","SRC_BAN":null,"NOM_COLL":"ALL MAYA SURDUTS","TYPE_VOIE":"allée","MOT_DIR":"SURDUTS","LD_BAN":null,"ID_SUPP":"TRONROUT0000002334478464","INSEEDBAN":null,"COMDEL_BAN":null,"DATE_CREAT":"2023-12-08T13:42:59","DATE_MAJ":"2024-03-12T16:10:18","NOM_NORMA":"ALL MAYA SURDUTS","ID_BAN_ODO":null,"Nom_a_verifier":true,"other_tags":"nan"},"geometry":{"type":"MultiLineString","coordinates":[[[2.396046750905237,48.854340303846229],[2.394345091773725,48.85651981725605]]]}},
{"type":"Feature","properties":{"ID":"VOIE_NOM0000002338658308","ID_BAN":null,"name":"Allée Mireille Knoll","INSEE_COM":"75120","NOM_COM":"Paris 20e Arrondissement","SRC_BAN":null,"NOM_COLL":"ALL MIREILLE KNOLL","TYPE_VOIE":"allée","MOT_DIR":"KNOLL","LD_BAN":null,"ID_SUPP":"TRONROUT0000002334478469","INSEEDBAN":null,"COMDEL_BAN":null,"DATE_CREAT":"2023-12-08T13:42:59","DATE_MAJ":"2024-03-12T16:10:18","NOM_NORMA":"ALL MIREILLE KNOLL","ID_BAN_ODO":null,"Nom_a_verifier":true,"other_tags":"nan"},"geometry":{"type":"MultiLineString","coordinates":[[[2.38606455384704,48.864104066154212],[2.384903523209682,48.865113461438689]]]}},
{"type":"Feature","properties":{"ID":"VOIE_NOM0000002338658449","ID_BAN":null,"name":"Chemin Mont-Louis","INSEE_COM":"75120","NOM_COM":"Paris 20e Arrondissement","SRC_BAN":null,"NOM_COLL":"CHE MONT-LOUIS","TYPE_VOIE":"chemin","MOT_DIR":"LOUIS","LD_BAN":null,"ID_SUPP":"TRONROUT0000000000190029","INSEEDBAN":null,"COMDEL_BAN":null,"DATE_CREAT":"2023-12-08T13:42:59","DATE_MAJ":"2024-03-12T16:10:18","NOM_NORMA":"CHE MONT-LOUIS","ID_BAN_ODO":null,"Nom_a_verifier":true,"other_tags":"nan"},"geometry":{"type":"MultiLineString","coordinates":[[[2.392348364891493,48.861665642242428],[2.392389064936982,48.861798951710256],[2.392440448831519,48.861951201593875],[2.392496404370691,48.862062104858531],[2.392569785442878,48.862198278135317],[2.392616661876886,48.862269564146345],[2.39271617111738,48.862386084366712],[2.392925318784679,48.86256881271084],[2.39296945955396,48.862640984021262]]]}},
{"type":"Feature","properties":{"ID":"VOIE_NOM0000002338658482","ID_BAN":null,"name":"Avenue Laterale Du Nord","INSEE_COM":"75120","NOM_COM":"Paris 20e Arrondissement","SRC_BAN":null,"NOM_COLL":"AV LATERALE DU NORD","TYPE_VOIE":"avenue","MOT_DIR":"LATERALE","LD_BAN":null,"ID_SUPP":"TRONROUT0000000000191002/TRONROUT0000000000191018/TRONROUT0000000000191023/TRONROUT0000002008353317","INSEEDBAN":null,"COMDEL_BAN":null,"DATE_CREAT":"2023-12-08T13:42:59","DATE_MAJ":"2024-03-12T16:10:18","NOM_NORMA":"AV LATERALE DU NORD","ID_BAN_ODO":null,"Nom_a_verifier":true,"other_tags":"nan"},"geometry":{"type":"MultiLineString","coordinates":[[[2.390449723702472,48.860725165728823],[2.391114010998596,48.860916510377756]],[[2.392191437372183,48.861213374834271],[2.392503598229077,48.86132827717153],[2.392573906414369,48.861377198612608]],[[2.391114010998596,48.860916510377756],[2.391771593347548,48.861098823765019]],[[2.391771593347548,48.861098823765019],[2.392191437372183,48.861213374834271]]]}},
{"type":"Feature","properties":{"ID":"VOIE_NOM0000002338658500","ID_BAN":null,"name":"Avenue Greffulhe","INSEE_COM":"75120","NOM_COM":"Paris 20e Arrondissement","SRC_BAN":null,"NOM_COLL":"AV GREFFULHE","TYPE_VOIE":"avenue","MOT_DIR":"GREFFULHE","LD_BAN":null,"ID_SUPP":"TRONROUT0000000000190969/TRONROUT0000000000190976/TRONROUT0000000000190977/TRONROUT0000000356824800","INSEEDBAN":null,"COMDEL_BAN":null,"DATE_CREAT":"2023-12-08T13:42:59","DATE_MAJ":"2024-03-12T16:10:18","NOM_NORMA":"AV GREFFULHE","ID_BAN_ODO":null,"Nom_a_verifier":true,"other_tags":"nan"},"geometry":{"type":"MultiLineString","coordinates":[[[2.396097343949038,48.860323012857442],[2.395899084206603,48.860259058108525]],[[2.399067365181478,48.861268784335472],[2.397851915935821,48.860881353246768]],[[2.396756090939136,48.860523291659938],[2.396526596438345,48.860449287732315],[2.396097343949038,48.860323012857442]],[[2.397851915935821,48.860881353246768],[2.39758439071899,48.860795468556624],[2.396756090939136,48.860523291659938]]]}},
{"type":"Feature","properties":{"ID":"VOIE_NOM0000002338658518","ID_BAN":null,"name":"Avenue Thirion","INSEE_COM":"75120","NOM_COM":"Paris 20e Arrondissement","SRC_BAN":null,"NOM_COLL":"AV THIRION","TYPE_VOIE":"avenue","MOT_DIR":"THIRION","LD_BAN":null,"ID_SUPP":"TRONROUT0000000000191012","INSEEDBAN":null,"COMDEL_BAN":null,"DATE_CREAT":"2023-12-08T13:42:59","DATE_MAJ":"2024-03-12T16:10:18","NOM_NORMA":"AV THIRION","ID_BAN_ODO":null,"Nom_a_verifier":true,"other_tags":"nan"},"geometry":{"type":"MultiLineString","coordinates":[[[2.389055932328897,48.860325944062652],[2.390449723702472,48.860725165728823]]]}},
{"type":"Feature","properties":{"ID":"VOIE_NOM0000002338658527","ID_BAN":null,"name":"Chemin Saint-Louis","INSEE_COM":"75120","NOM_COM":"Paris 20e Arrondissement","SRC_BAN":null,"NOM_COLL":"CHE SAINT-LOUIS","TYPE_VOIE":"chemin","MOT_DIR":"LOUIS","LD_BAN":null,"ID_SUPP":"TRONROUT0000000356847455","INSEEDBAN":null,"COMDEL_BAN":null,"DATE_CREAT":"2023-12-08T13:42:59","DATE_MAJ":"2024-03-12T16:10:18","NOM_NORMA":"CHE SAINT-LOUIS","ID_BAN_ODO":null,"Nom_a_verifier":true,"other_tags":"nan"},"geometry":{"type":"MultiLineString","coordinates":[[[2.395441607369515,48.859863734355883],[2.395320279570449,48.859748005242693],[2.395423171141944,48.859573152867036],[2.395570155330909,48.859357153222227],[2.395596739302843,48.859297930718583],[2.395602858632861,48.859240403539523],[2.39553782863222,48.859088985092228]]]}},
{"type":"Feature","properties":{"ID":"VOIE_NOM0000002338658597","ID_BAN":null,"name":"Chemin Grammont","INSEE_COM":"75120","NOM_COM":"Paris 20e Arrondissement","SRC_BAN":null,"NOM_COLL":"CHE GRAMMONT","TYPE_VOIE":"chemin","MOT_DIR":"GRAMMONT","LD_BAN":null,"ID_SUPP":"TRONROUT0000000000191799","INSEEDBAN":null,"COMDEL_BAN":null,"DATE_CREAT":"2023-12-08T13:42:59","DATE_MAJ":"2024-03-12T16:10:18","NOM_NORMA":"CHE GRAMMONT","ID_BAN_ODO":null,"Nom_a_verifier":true,"other_tags":"nan"},"geometry":{"type":"MultiLineString","coordinates":[[[2.39329755405825,48.858579410663822],[2.393424502397584,48.858562966644264],[2.393560865320889,48.858557362351263],[2.393710731599814,48.85856261846812],[2.393865871639762,48.858583189988359],[2.39402767985983,48.858616385913727],[2.394190809358857,48.858653185690024],[2.39435110875079,48.858698964374717],[2.3944772836316,48.858749066902512],[2.394605933775429,48.858820766109133]]]}},
{"type":"Feature","properties":{"ID":"VOIE_NOM0000002338658601","ID_BAN":null,"name":"Chemin Hautoy","INSEE_COM":"75120","NOM_COM":"Paris 20e Arrondissement","SRC_BAN":null,"NOM_COLL":"CHE HAUTOY","TYPE_VOIE":"chemin","MOT_DIR":"HAUTOY","LD_BAN":null,"ID_SUPP":"TRONROUT0000000000191015","INSEEDBAN":null,"COMDEL_BAN":null,"DATE_CREAT":"2023-12-08T13:42:59","DATE_MAJ":"2024-03-12T16:10:18","NOM_NORMA":"CHE HAUTOY","ID_BAN_ODO":null,"Nom_a_verifier":true,"other_tags":"nan"},"geometry":{"type":"MultiLineString","coordinates":[[[2.391147340114558,48.861680222860358],[2.390423030073751,48.861492170233554],[2.390155303433316,48.861424254787885]]]}},
{"type":"Feature","properties":{"ID":"VOIE_NOM0000002338658645","ID_BAN":null,"name":"Avenue Du Bureau","INSEE_COM":"75120","NOM_COM":"Paris 20e Arrondissement","SRC_BAN":null,"NOM_COLL":"AV DU BUREAU","TYPE_VOIE":"avenue","MOT_DIR":"BUREAU","LD_BAN":null,"ID_SUPP":"TRONROUT0000000356874168","INSEEDBAN":null,"COMDEL_BAN":null,"DATE_CREAT":"2023-12-08T13:42:59","DATE_MAJ":"2024-03-12T16:10:18","NOM_NORMA":"AV DU BUREAU","ID_BAN_ODO":null,"Nom_a_verifier":true,"other_tags":"nan"},"geometry":{"type":"MultiLineString","coordinates":[[[2.39020367701055,48.860319207191637],[2.390430324470037,48.860053256478835]]]}},
{"type":"Feature","properties":{"ID":"VOIE_NOM0000002338658647","ID_BAN":null,"name":"Chemin Du Coq","INSEE_COM":"75120","NOM_COM":"Paris 20e Arrondissement","SRC_BAN":null,"NOM_COLL":"CHE DU COQ","TYPE_VOIE":"chemin","MOT_DIR":"COQ","LD_BAN":null,"ID_SUPP":"TRONROUT0000000216627759","INSEEDBAN":null,"COMDEL_BAN":null,"DATE_CREAT":"2023-12-08T13:42:59","DATE_MAJ":"2024-03-12T16:10:18","NOM_NORMA":"CHE DU COQ","ID_BAN_ODO":null,"Nom_a_verifier":true,"other_tags":"nan"},"geometry":{"type":"MultiLineString","coordinates":[[[2.391973051772338,48.860070997572862],[2.392041597328878,48.860037170721561],[2.392275655734886,48.859952921818646],[2.392356519768288,48.859914660617576],[2.392537611598125,48.859813954031985],[2.392786649914585,48.859730679506299]]]}},
{"type":"Feature","properties":{"ID":"VOIE_NOM0000002338718837","ID_BAN":"75120_8602","name":"Place Saint-Fargeau","INSEE_COM":"75120","NOM_COM":"Paris 20e Arrondissement","SRC_BAN":"commune","NOM_COLL":"PL SAINT-FARGEAU","TYPE_VOIE":"place","MOT_DIR":"Fargeau","LD_BAN":null,"ID_SUPP":"TRONROUT0000000000185237","INSEEDBAN":null,"COMDEL_BAN":null,"DATE_CREAT":"2023-12-08T13:42:59","DATE_MAJ":"2024-03-12T16:10:18","NOM_NORMA":"PL SAINT-FARGEAU","ID_BAN_ODO":null,"Nom_a_verifier":false,"other_tags":"nan"},"geometry":{"type":"MultiLineString","coordinates":[[[2.404031362039041,48.871296951589159],[2.40389316506954,48.871698265924543]]]}},
{"type":"Feature","properties":{"ID":"VOIE_NOM0000002338727892","ID_BAN":"75120_6269","name":"Place de Ménilmontant","INSEE_COM":"75120","NOM_COM":"Paris 20e Arrondissement","SRC_BAN":"commune","NOM_COLL":"PL DE MENILMONTANT","TYPE_VOIE":"place","MOT_DIR":"Ménilmontant","LD_BAN":null,"ID_SUPP":"TRONROUT0000000000187069","INSEEDBAN":null,"COMDEL_BAN":null,"DATE_CREAT":"2023-12-08T13:42:59","DATE_MAJ":"2024-03-12T16:10:18","NOM_NORMA":"PL DE MENILMONTANT","ID_BAN_ODO":null,"Nom_a_verifier":false,"other_tags":"nan"},"geometry":{"type":"MultiLineString","coordinates":[[[2.388122531337279,48.868426941052398],[2.388062626879516,48.868536354064588],[2.38785461343615,48.868488524794181]]]}},
{"type":"Feature","properties":{"ID":"VOIE_NOM0000002338728075","ID_BAN":"75120_8344","name":"Passage des Rondeaux","INSEE_COM":"75120","NOM_COM":"Paris 20e Arrondissement","SRC_BAN":"commune","NOM_COLL":"PAS DES RONDEAUX","TYPE_VOIE":"passage","MOT_DIR":"Rondeaux","LD_BAN":null,"ID_SUPP":"TRONROUT0000000000188927","INSEEDBAN":null,"COMDEL_BAN":null,"DATE_CREAT":"2023-12-08T13:42:59","DATE_MAJ":"2024-03-12T16:10:18","NOM_NORMA":"PAS DES RONDEAUX","ID_BAN_ODO":null,"Nom_a_verifier":false,"other_tags":"nan"},"geometry":{"type":"MultiLineString","coordinates":[[[2.396258467583137,48.865003103687947],[2.395730707385177,48.864787296520603]]]}},
{"type":"Feature","properties":{"ID":"VOIE_NOM0000002338728473","ID_BAN":"75120_8504","name":"Place Saint-Blaise","INSEE_COM":"75120","NOM_COM":"Paris 20e Arrondissement","SRC_BAN":"commune","NOM_COLL":"PL SAINT-BLAISE","TYPE_VOIE":"place","MOT_DIR":"Blaise","LD_BAN":null,"ID_SUPP":"TRONROUT0000000000190950/TRONROUT0000000000190956","INSEEDBAN":null,"COMDEL_BAN":null,"DATE_CREAT":"2023-12-08T13:42:59","DATE_MAJ":"2024-03-12T16:10:18","NOM_NORMA":"PL SAINT-BLAISE","ID_BAN_ODO":null,"Nom_a_verifier":false,"other_tags":"nan"},"geometry":{"type":"MultiLineString","coordinates":[[[2.403915458489895,48.860100501430509],[2.404080800904652,48.860183165165324]],[[2.404080800904652,48.860183165165324],[2.404172956333428,48.860229490554538]]]}},
{"type":"Feature","properties":{"ID":"VOIE_NOM0000002338729519","ID_BAN":"75120_5775","name":"Rue Louis Delgres","INSEE_COM":"75120","NOM_COM":"Paris 20e Arrondissement","SRC_BAN":"commune","NOM_COLL":"R LOUIS DELGRES","TYPE_VOIE":"rue","MOT_DIR":"Delgres","LD_BAN":null,"ID_SUPP":"TRONROUT0000000000187954/TRONROUT0000000000187960","INSEEDBAN":null,"COMDEL_BAN":null,"DATE_CREAT":"2023-12-08T13:42:59","DATE_MAJ":"2024-03-12T16:10:18","NOM_NORMA":"R LOUIS DELGRES","ID_BAN_ODO":null,"Nom_a_verifier":false,"other_tags":"\"wikipedia\"=>\"fr:Rue_Louis-Delgr%C3%A8s\""},"geometry":{"type":"MultiLineString","coordinates":[[[2.386154975445479,48.865800687662109],[2.386379767499403,48.865464587606844]],[[2.385774693524867,48.866375213846659],[2.386154975445479,48.865800687662109]]]}},
{"type":"Feature","properties":{"ID":"VOIE_NOM0000002338729628","ID_BAN":"75120_5395","name":"Rue Laurence Savart","INSEE_COM":"75120","NOM_COM":"Paris 20e Arrondissement","SRC_BAN":"commune","NOM_COLL":"R LAURENCE SAVART","TYPE_VOIE":"rue","MOT_DIR":"Savart","LD_BAN":null,"ID_SUPP":"TRONROUT0000000000187042","INSEEDBAN":null,"COMDEL_BAN":null,"DATE_CREAT":"2023-12-08T13:42:59","DATE_MAJ":"2024-03-12T16:10:18","NOM_NORMA":"R LAURENCE SAVART","ID_BAN_ODO":null,"Nom_a_verifier":false,"other_tags":"\"wikipedia\"=>\"fr:Rue_Laurence-Savart\""},"geometry":{"type":"MultiLineString","coordinates":[[[2.392477811254335,48.867864556907598],[2.392978346371796,48.867961527012909],[2.393210825672544,48.868015766792517],[2.393376521813938,48.868068768318885],[2.393524455507029,48.868125276961884],[2.393557024456549,48.868138032719152],[2.39370226364571,48.868191829470355],[2.394544185984148,48.868473986707038]]]}},
{"type":"Feature","properties":{"ID":"VOIE_NOM0000002338730250","ID_BAN":"75120_3831","name":"Rue Frantz Fanon","INSEE_COM":"75120","NOM_COM":"Paris 20e Arrondissement","SRC_BAN":"commune","NOM_COLL":"R FRANTZ FANON","TYPE_VOIE":"rue","MOT_DIR":"Fanon","LD_BAN":null,"ID_SUPP":"TRONROUT0000000337456612","INSEEDBAN":null,"COMDEL_BAN":null,"DATE_CREAT":"2023-12-08T13:42:59","DATE_MAJ":"2024-03-12T16:10:18","NOM_NORMA":"R FRANTZ FANON","ID_BAN_ODO":null,"Nom_a_verifier":false,"other_tags":"nan"},"geometry":{"type":"MultiLineString","coordinates":[[[2.400578744962444,48.856787733969412],[2.400654068902281,48.856993162281682],[2.401098417255934,48.857346132084018]]]}},
{"type":"Feature","properties":{"ID":"VOIE_NOM0000002338730334","ID_BAN":"75120_6080","name":"Allée Marie Laurent","INSEE_COM":"75120","NOM_COM":"Paris 20e Arrondissement","SRC_BAN":"commune","NOM_COLL":"ALL MARIE LAURENT","TYPE_VOIE":"allée","MOT_DIR":"Laurent","LD_BAN":null,"ID_SUPP":"TRONROUT0000000000195890","INSEEDBAN":null,"COMDEL_BAN":null,"DATE_CREAT":"2023-12-08T13:42:59","DATE_MAJ":"2024-03-12T16:10:18","NOM_NORMA":"ALL MARIE LAURENT","ID_BAN_ODO":null,"Nom_a_verifier":false,"other_tags":"nan"},"geometry":{"type":"MultiLineString","coordinates":[[[2.40466299854622,48.849908317147822],[2.404529806124462,48.849877076368301],[2.40420061559668,48.849825073847072],[2.40380063901347,48.849766422241501],[2.40368907519894,48.849750577277582],[2.403259018133684,48.849700767449256],[2.402565812965688,48.849663132646619],[2.40243376853026,48.84965078164781]]]}},
{"type":"Feature","properties":{"ID":"VOIE_NOM0000002338733241","ID_BAN":"75120_1640","name":"Rue des Cendriers","INSEE_COM":"75120","NOM_COM":"Paris 20e Arrondissement","SRC_BAN":"commune","NOM_COLL":"R DES CENDRIERS","TYPE_VOIE":"rue","MOT_DIR":"Cendriers","LD_BAN":null,"ID_SUPP":"TRONROUT0000000000187955/TRONROUT0000000000188993/TRONROUT0000000330349966/TRONROUT0000002341410476","INSEEDBAN":null,"COMDEL_BAN":null,"DATE_CREAT":"2023-12-08T13:42:59","DATE_MAJ":"2024-03-12T16:10:18","NOM_NORMA":"R DES CENDRIERS","ID_BAN_ODO":null,"Nom_a_verifier":false,"other_tags":"\"wikipedia\"=>\"fr:Rue_des_Cendriers\""},"geometry":{"type":"MultiLineString","coordinates":[[[2.385091042602291,48.865163888797348],[2.385009438995923,48.865148180703216]],[[2.387505264951606,48.865736557605054],[2.387115149784897,48.865641928433583]],[[2.386379767499403,48.865464587606844],[2.385091042602291,48.865163888797348]],[[2.387115149784897,48.865641928433583],[2.386379767499403,48.865464587606844]]]}},
{"type":"Feature","properties":{"ID":"VOIE_NOM0000002338733754","ID_BAN":"75120_9065","name":"Rue de Srebrenica","INSEE_COM":"75120","NOM_COM":"Paris 20e Arrondissement","SRC_BAN":"commune","NOM_COLL":"R DE SREBRENICA","TYPE_VOIE":"rue","MOT_DIR":"Srebrenica","LD_BAN":null,"ID_SUPP":"TRONROUT0000000338525082/TRONROUT0000000356836711","INSEEDBAN":null,"COMDEL_BAN":null,"DATE_CREAT":"2023-12-08T13:42:59","DATE_MAJ":"2024-03-12T16:10:18","NOM_NORMA":"R DE SREBRENICA","ID_BAN_ODO":null,"Nom_a_verifier":false,"other_tags":"nan"},"geometry":{"type":"MultiLineString","coordinates":[[[2.407930055912475,48.858975566312516],[2.408167810769065,48.858803168942075],[2.408324468696838,48.85869062621687],[2.408410985019985,48.858633495905316],[2.408493126586754,48.858601525551819],[2.408587462684487,48.858575910821067],[2.408695427671126,48.858550363360358]],[[2.407256912475028,48.859559505655994],[2.407280151574125,48.859433712616088],[2.407324307238805,48.859386266080747],[2.407703366366158,48.859133628453364],[2.407930055912475,48.858975566312516]]]}},
{"type":"Feature","properties":{"ID":"VOIE_NOM0000002338733798","ID_BAN":"75120_2283","name":"Rue Constant Berthaut","INSEE_COM":"75120","NOM_COM":"Paris 20e Arrondissement","SRC_BAN":"commune","NOM_COLL":"R CONSTANT BERTHAUT","TYPE_VOIE":"rue","MOT_DIR":"Berthaut","LD_BAN":null,"ID_SUPP":"TRONROUT0000000000183768","INSEEDBAN":null,"COMDEL_BAN":null,"DATE_CREAT":"2023-12-08T13:42:59","DATE_MAJ":"2024-03-12T16:10:18","NOM_NORMA":"R CONSTANT BERTHAUT","ID_BAN_ODO":null,"Nom_a_verifier":false,"other_tags":"\"wikipedia\"=>\"fr:Rue_Constant-Berthaut\""},"geometry":{"type":"MultiLineString","coordinates":[[[2.388924056434099,48.87493952750296],[2.389246899247701,48.87449870323799],[2.389303143032741,48.874469312190818],[2.389349695968676,48.874452462347428],[2.389471115042912,48.87444588701355]]]}},
{"type":"Feature","properties":{"ID":"VOIE_NOM0000002338733859","ID_BAN":"75120_4157","name":"Villa Georgina","INSEE_COM":"75120","NOM_COM":"Paris 20e Arrondissement","SRC_BAN":"commune","NOM_COLL":"VLA GEORGINA","TYPE_VOIE":"villa","MOT_DIR":"Georgina","LD_BAN":null,"ID_SUPP":"TRONROUT0000000000185252","INSEEDBAN":null,"COMDEL_BAN":null,"DATE_CREAT":"2023-12-08T13:42:59","DATE_MAJ":"2024-03-12T16:10:18","NOM_NORMA":"VLA GEORGINA","ID_BAN_ODO":null,"Nom_a_verifier":false,"other_tags":"nan"},"geometry":{"type":"MultiLineString","coordinates":[[[2.397923074812199,48.871590143444884],[2.397597356151374,48.871816036357949],[2.397487495674147,48.871884732189507]]]}},
{"type":"Feature","properties":{"ID":"VOIE_NOM0000002338734349","ID_BAN":"75120_3372","name":"Square de l'Esterel","INSEE_COM":"75120","NOM_COM":"Paris 20e Arrondissement","SRC_BAN":"commune","NOM_COLL":"SQ DE L'ESTEREL","TYPE_VOIE":"square","MOT_DIR":"Esterel","LD_BAN":null,"ID_SUPP":"TRONROUT0000000000195865/TRONROUT0000000000196645","INSEEDBAN":null,"COMDEL_BAN":null,"DATE_CREAT":"2023-12-08T13:42:59","DATE_MAJ":"2024-04-09T23:12:41","NOM_NORMA":"SQ DE L'ESTEREL","ID_BAN_ODO":null,"Nom_a_verifier":false,"other_tags":"nan"},"geometry":{"type":"MultiLineString","coordinates":[[[2.411574259377775,48.848633949813745],[2.411616592577232,48.848626063837429],[2.411686239455416,48.84861291604323],[2.411902947059023,48.848488971472769],[2.412253790014867,48.84831262372159]],[[2.41144733079961,48.848651312536042],[2.411574259377775,48.848633949813745]]]}},
{"type":"Feature","properties":{"ID":"VOIE_NOM0000002338734369","ID_BAN":"75120_4074","name":"Rue du Général Niessel","INSEE_COM":"75120","NOM_COM":"Paris 20e Arrondissement","SRC_BAN":"commune","NOM_COLL":"R DU GENERAL NIESSEL","TYPE_VOIE":"rue","MOT_DIR":"Niessel","LD_BAN":null,"ID_SUPP":"TRONROUT0000000000196667","INSEEDBAN":null,"COMDEL_BAN":null,"DATE_CREAT":"2023-12-08T13:42:59","DATE_MAJ":"2024-03-12T16:10:18","NOM_NORMA":"R DU GENERAL NIESSEL","ID_BAN_ODO":null,"Nom_a_verifier":false,"other_tags":"\"wikipedia\"=>\"fr:Rue_du_G%C3%A9n%C3%A9ral-Niessel\""},"geometry":{"type":"MultiLineString","coordinates":[[[2.408953850204297,48.847544507965146],[2.409053203192555,48.848036045599848],[2.40915394108369,48.848525791059885],[2.40923144447219,48.849021716952613]]]}},
{"type":"Feature","properties":{"ID":"VOIE_NOM0000002338734527","ID_BAN":"75120_7868","name":"Passage de la Providence","INSEE_COM":"75120","NOM_COM":"Paris 20e Arrondissement","SRC_BAN":"commune","NOM_COLL":"PAS DE LA PROVIDENCE","TYPE_VOIE":"passage","MOT_DIR":"Providence","LD_BAN":null,"ID_SUPP":"TRONROUT0000000000194163","INSEEDBAN":null,"COMDEL_BAN":null,"DATE_CREAT":"2023-12-08T13:42:59","DATE_MAJ":"2024-03-12T16:10:18","NOM_NORMA":"PAS DE LA PROVIDENCE","ID_BAN_ODO":null,"Nom_a_verifier":false,"other_tags":"nan"},"geometry":{"type":"MultiLineString","coordinates":[[[2.404343180214149,48.853447468183511],[2.404286566635417,48.853511939469769],[2.404282416650014,48.853517314902554],[2.404046760901303,48.853745475401425],[2.403805744584381,48.853965514552328],[2.403568948400993,48.854173882689103],[2.403155186608814,48.854482994123018],[2.403120818086924,48.85450890379002],[2.403060309212239,48.854556267400355]]]}},
{"type":"Feature","properties":{"ID":"VOIE_NOM0000002338734837","ID_BAN":"75120_8879","name":"Rue Schubert","INSEE_COM":"75120","NOM_COM":"Paris 20e Arrondissement","SRC_BAN":"commune","NOM_COLL":"R SCHUBERT","TYPE_VOIE":"rue","MOT_DIR":"Schubert","LD_BAN":null,"ID_SUPP":"TRONROUT0000000000195011/TRONROUT0000002336249848","INSEEDBAN":null,"COMDEL_BAN":null,"DATE_CREAT":"2023-12-08T13:42:59","DATE_MAJ":"2024-03-12T16:10:18","NOM_NORMA":"R SCHUBERT","ID_BAN_ODO":null,"Nom_a_verifier":false,"other_tags":"\"wikipedia\"=>\"fr:Rue_Schubert\""},"geometry":{"type":"MultiLineString","coordinates":[[[2.411887511712569,48.851305663776145],[2.411791218194382,48.85186818347173]],[[2.411791218194382,48.85186818347173],[2.411691730071013,48.852472057172506],[2.411629568101686,48.852787423045598]]]}},
{"type":"Feature","properties":{"ID":"VOIE_NOM0000002338735658","ID_BAN":"75120_3370","name":"Rue de l'Est","INSEE_COM":"75120","NOM_COM":"Paris 20e Arrondissement","SRC_BAN":"commune","NOM_COLL":"R DE L'EST","TYPE_VOIE":"rue","MOT_DIR":"l","LD_BAN":null,"ID_SUPP":"TRONROUT0000000000185296","INSEEDBAN":null,"COMDEL_BAN":null,"DATE_CREAT":"2023-12-08T13:42:59","DATE_MAJ":"2024-03-12T16:10:18","NOM_NORMA":"R DE L'EST","ID_BAN_ODO":null,"Nom_a_verifier":false,"other_tags":"\"wikipedia\"=>\"fr:Rue_de_l%27Est_(ancienne_voie_de_Paris)\""},"geometry":{"type":"MultiLineString","coordinates":[[[2.393115697135991,48.871032560029079],[2.393185011967544,48.871050898162125],[2.393269374683188,48.871064815852968],[2.393379764375395,48.871068073362331],[2.393749616671557,48.871033973763225],[2.394423885196315,48.870965440101024],[2.394961600200839,48.870915997861914],[2.395409185182844,48.870879588029602]]]}},
{"type":"Feature","properties":{"ID":"VOIE_NOM0000002338735780","ID_BAN":"75120_0171","name":"Voie Alphonse Loubat","INSEE_COM":"75120","NOM_COM":"Paris 20e Arrondissement","SRC_BAN":"commune","NOM_COLL":"R ALPHONSE LOUBAT","TYPE_VOIE":"voie","MOT_DIR":"Loubat","LD_BAN":null,"ID_SUPP":"TRONROUT0000000343434250","INSEEDBAN":null,"COMDEL_BAN":null,"DATE_CREAT":"2023-12-08T13:42:59","DATE_MAJ":"2024-03-12T16:10:18","NOM_NORMA":"VOI ALPHONSE LOUBAT","ID_BAN_ODO":null,"Nom_a_verifier":false,"other_tags":"nan"},"geometry":{"type":"MultiLineString","coordinates":[[[2.408637995158023,48.877660086840358],[2.408812855905396,48.877390252437174],[2.409039068197649,48.877040630910976],[2.409079218466387,48.876986869338289],[2.409106567700877,48.876979809700735],[2.409133763895041,48.876986239244296],[2.409360663200149,48.877056607318188],[2.41001302906853,48.877241488739244]]]}},
{"type":"Feature","properties":{"ID":"VOIE_NOM0000002338735839","ID_BAN":"75120_3491","name":"Villa des Falaises","INSEE_COM":"75120","NOM_COM":"Paris 20e Arrondissement","SRC_BAN":"commune","NOM_COLL":"VLA DES FALAISES","TYPE_VOIE":"villa","MOT_DIR":"Falaises","LD_BAN":null,"ID_SUPP":"TRONROUT0000000000187874","INSEEDBAN":null,"COMDEL_BAN":null,"DATE_CREAT":"2023-12-08T13:42:59","DATE_MAJ":"2024-03-12T16:10:18","NOM_NORMA":"VLA DES FALAISES","ID_BAN_ODO":null,"Nom_a_verifier":false,"other_tags":"nan"},"geometry":{"type":"MultiLineString","coordinates":[[[2.403832395208526,48.866049230258739],[2.404152789682756,48.866402467190525]]]}},
{"type":"Feature","properties":{"ID":"VOIE_NOM0000002338736461","ID_BAN":"75120_8026","name":"Impasse Rançon","INSEE_COM":"75120","NOM_COM":"Paris 20e Arrondissement","SRC_BAN":"commune","NOM_COLL":"IMP RANCON","TYPE_VOIE":"impasse","MOT_DIR":"Rançon","LD_BAN":null,"ID_SUPP":"TRONROUT0000000000193438","INSEEDBAN":null,"COMDEL_BAN":null,"DATE_CREAT":"2023-12-08T13:42:59","DATE_MAJ":"2024-03-12T16:10:18","NOM_NORMA":"IMP RANCON","ID_BAN_ODO":null,"Nom_a_verifier":false,"other_tags":"nan"},"geometry":{"type":"MultiLineString","coordinates":[[[2.402399422324197,48.855973038662938],[2.40273065797837,48.855730969336051],[2.402975435414006,48.855540629869232]]]}},
{"type":"Feature","properties":{"ID":"VOIE_NOM0000002338737102","ID_BAN":"75120_3965","name":"Rue Gasnier-Guy","INSEE_COM":"75120","NOM_COM":"Paris 20e Arrondissement","SRC_BAN":"commune","NOM_COLL":"R GASNIER-GUY","TYPE_VOIE":"rue","MOT_DIR":"Guy","LD_BAN":null,"ID_SUPP":"TRONROUT0000000000188937/TRONROUT0000002334837233","INSEEDBAN":null,"COMDEL_BAN":null,"DATE_CREAT":"2023-12-08T13:42:59","DATE_MAJ":"2024-03-12T16:10:18","NOM_NORMA":"R GASNIER-GUY","ID_BAN_ODO":null,"Nom_a_verifier":false,"other_tags":"\"wikipedia\"=>\"fr:Rue_Gasnier-Guy\""},"geometry":{"type":"MultiLineString","coordinates":[[[2.393308040939093,48.865052936321852],[2.393516715715828,48.865043201862875],[2.394043131204232,48.865022485428149]],[[2.392353349184037,48.865094858724305],[2.393160735503838,48.865060283578941],[2.393308040939093,48.865052936321852]]]}},
{"type":"Feature","properties":{"ID":"VOIE_NOM0000002338737217","ID_BAN":"75120_5712","name":"Rue Lisfranc","INSEE_COM":"75120","NOM_COM":"Paris 20e Arrondissement","SRC_BAN":"commune","NOM_COLL":"R LISFRANC","TYPE_VOIE":"rue","MOT_DIR":"Lisfranc","LD_BAN":null,"ID_SUPP":"TRONROUT0000000000189986","INSEEDBAN":null,"COMDEL_BAN":null,"DATE_CREAT":"2023-12-08T13:42:59","DATE_MAJ":"2024-03-12T16:10:18","NOM_NORMA":"R LISFRANC","ID_BAN_ODO":null,"Nom_a_verifier":false,"other_tags":"\"wikipedia\"=>\"fr:Rue_Lisfranc\""},"geometry":{"type":"MultiLineString","coordinates":[[[2.403414814787219,48.862398525546425],[2.401728508828904,48.86158339734969]]]}},
{"type":"Feature","properties":{"ID":"VOIE_NOM0000002338737720","ID_BAN":"75120_3858","name":"Passage Fréquel","INSEE_COM":"75120","NOM_COM":"Paris 20e Arrondissement","SRC_BAN":"commune","NOM_COLL":"PAS FREQUEL","TYPE_VOIE":"passage","MOT_DIR":"Fréquel","LD_BAN":null,"ID_SUPP":"TRONROUT0000000000192699/TRONROUT0000002007470881","INSEEDBAN":null,"COMDEL_BAN":null,"DATE_CREAT":"2023-12-08T13:42:59","DATE_MAJ":"2024-03-12T16:10:18","NOM_NORMA":"PAS FREQUEL","ID_BAN_ODO":null,"Nom_a_verifier":false,"other_tags":"nan"},"geometry":{"type":"MultiLineString","coordinates":[[[2.402183690970113,48.857195072578165],[2.402664868185724,48.856833240227168]],[[2.401835056615032,48.857526987760792],[2.401859092625118,48.857451562844112],[2.401871564916272,48.85743363826569],[2.401886731963715,48.857418425192975],[2.402183690970113,48.857195072578165]]]}},
{"type":"Feature","properties":{"ID":"VOIE_NOM0000002338737810","ID_BAN":"75120_9418","name":"Rue du Transvaal","INSEE_COM":"75120","NOM_COM":"Paris 20e Arrondissement","SRC_BAN":"commune","NOM_COLL":"R DU TRANSVAAL","TYPE_VOIE":"rue","MOT_DIR":"Transvaal","LD_BAN":null,"ID_SUPP":"TRONROUT0000000000185318/TRONROUT0000000000185323/TRONROUT0000000000185327/TRONROUT0000000356775252","INSEEDBAN":null,"COMDEL_BAN":null,"DATE_CREAT":"2023-12-08T13:42:59","DATE_MAJ":"2024-03-12T16:10:18","NOM_NORMA":"R DU TRANSVAAL","ID_BAN_ODO":null,"Nom_a_verifier":false,"other_tags":"\"wikipedia\"=>\"fr:Rue_du_Transvaal\""},"geometry":{"type":"MultiLineString","coordinates":[[[2.387137833555329,48.871592965703151],[2.386846460855479,48.871560896082784],[2.38603216816495,48.871478479867996]],[[2.389280075287734,48.87178558072403],[2.389170963206699,48.871789520645962],[2.388872676991371,48.87176551471493],[2.388503650339572,48.871728555974265],[2.387822801769915,48.871659424324456]],[[2.387700237168152,48.871648005396835],[2.387137833555329,48.871592965703151]],[[2.387822801769915,48.871659424324456],[2.387700237168152,48.871648005396835]]]}},
{"type":"Feature","properties":{"ID":"VOIE_NOM0000002338738904","ID_BAN":"75120_7521","name":"Passage Plantin","INSEE_COM":"75120","NOM_COM":"Paris 20e Arrondissement","SRC_BAN":"commune","NOM_COLL":"PAS PLANTIN","TYPE_VOIE":"passage","MOT_DIR":"Plantin","LD_BAN":null,"ID_SUPP":"TRONROUT0000000000185315/TRONROUT0000000000185329/TRONROUT0000002341410484","INSEEDBAN":null,"COMDEL_BAN":null,"DATE_CREAT":"2023-12-08T13:42:59","DATE_MAJ":"2024-03-12T16:10:18","NOM_NORMA":"PAS PLANTIN","ID_BAN_ODO":null,"Nom_a_verifier":false,"other_tags":"nan"},"geometry":{"type":"MultiLineString","coordinates":[[[2.388296561014495,48.871252648549827],[2.388288286598894,48.871260700287721],[2.388050102707377,48.871459135390765],[2.387916516458944,48.871573567346111],[2.387822801769915,48.871659424324456]],[[2.388434266954826,48.871135539186078],[2.388607595483095,48.871003322899817]],[[2.388434266954826,48.871135539186078],[2.388296561014495,48.871252648549827]]]}},
{"type":"Feature","properties":{"ID":"VOIE_NOM0000002338738954","ID_BAN":"75120_2510","name":"Passage Dagorno","INSEE_COM":"75120","NOM_COM":"Paris 20e Arrondissement","SRC_BAN":"commune","NOM_COLL":"PAS DAGORNO","TYPE_VOIE":"passage","MOT_DIR":"Dagorno","LD_BAN":null,"ID_SUPP":"TRONROUT0000000000193428","INSEEDBAN":null,"COMDEL_BAN":null,"DATE_CREAT":"2023-12-08T13:42:59","DATE_MAJ":"2024-03-12T16:10:18","NOM_NORMA":"PAS DAGORNO","ID_BAN_ODO":null,"Nom_a_verifier":false,"other_tags":"nan"},"geometry":{"type":"MultiLineString","coordinates":[[[2.405299331529529,48.85540740712478],[2.404915613271903,48.855353337299384],[2.404278671644076,48.855752176256047]]]}},
{"type":"Feature","properties":{"ID":"VOIE_NOM0000002338739120","ID_BAN":"75120_4469","name":"Villa Hardy","INSEE_COM":"75120","NOM_COM":"Paris 20e Arrondissement","SRC_BAN":"commune","NOM_COLL":"VLA HARDY","TYPE_VOIE":"villa","MOT_DIR":"Hardy","LD_BAN":null,"ID_SUPP":"TRONROUT0000000000189980","INSEEDBAN":null,"COMDEL_BAN":null,"DATE_CREAT":"2023-12-08T13:42:59","DATE_MAJ":"2024-03-12T16:10:18","NOM_NORMA":"VLA HARDY","ID_BAN_ODO":null,"Nom_a_verifier":false,"other_tags":"nan"},"geometry":{"type":"MultiLineString","coordinates":[[[2.400966531377208,48.862297260948559],[2.401620767805266,48.862656673333021]]]}},
{"type":"Feature","properties":{"ID":"VOIE_NOM0000002338739274","ID_BAN":"75120_0053","name":"Rue de l'Adjudant Réau","INSEE_COM":"75120","NOM_COM":"Paris 20e Arrondissement","SRC_BAN":"commune","NOM_COLL":"R DE L'ADJUDANT REAU","TYPE_VOIE":"rue","MOT_DIR":"Réau","LD_BAN":null,"ID_SUPP":"TRONROUT0000000000187004","INSEEDBAN":null,"COMDEL_BAN":null,"DATE_CREAT":"2023-12-08T13:42:59","DATE_MAJ":"2024-03-12T16:10:18","NOM_NORMA":"R DE L'ADJUDANT REAU","ID_BAN_ODO":null,"Nom_a_verifier":false,"other_tags":"\"wikipedia\"=>\"fr:Rue_de_l%27Adjudant-R%C3%A9au\""},"geometry":{"type":"MultiLineString","coordinates":[[[2.405031521682658,48.867164081405932],[2.405220685257554,48.867311613649136],[2.405427437168504,48.867470924331315],[2.405536968222599,48.867548811423504]]]}},
{"type":"Feature","properties":{"ID":"VOIE_NOM0000002338739295","ID_BAN":"75120_3325","name":"Villa de l'Ermitage","INSEE_COM":"75120","NOM_COM":"Paris 20e Arrondissement","SRC_BAN":"commune","NOM_COLL":"VLA DE L'ERMITAGE","TYPE_VOIE":"villa","MOT_DIR":"Ermitage","LD_BAN":null,"ID_SUPP":"TRONROUT0000000000185307/TRONROUT0000000000186172/TRONROUT0000000000186173","INSEEDBAN":null,"COMDEL_BAN":null,"DATE_CREAT":"2023-12-08T13:42:59","DATE_MAJ":"2024-03-12T16:10:18","NOM_NORMA":"VLA DE L'ERMITAGE","ID_BAN_ODO":null,"Nom_a_verifier":false,"other_tags":"nan"},"geometry":{"type":"MultiLineString","coordinates":[[[2.393186498311836,48.870806286353037],[2.393317819102514,48.870885194247592]],[[2.393198459483109,48.870481686675056],[2.391476249492221,48.87028048547382]],[[2.393186498311836,48.870806286353037],[2.393198459483109,48.870481686675056]]]}},
{"type":"Feature","properties":{"ID":"VOIE_NOM0000002338739417","ID_BAN":"75120_3041","name":"Rue Duris","INSEE_COM":"75120","NOM_COM":"Paris 20e Arrondissement","SRC_BAN":"commune","NOM_COLL":"R DURIS","TYPE_VOIE":"rue","MOT_DIR":"Duris","LD_BAN":null,"ID_SUPP":"TRONROUT0000000000187958/TRONROUT0000000000187963/TRONROUT0000000000187966/TRONROUT0000000000188969/TRONROUT0000000000188975/TRONROUT0000000000188976","INSEEDBAN":null,"COMDEL_BAN":null,"DATE_CREAT":"2023-12-08T13:42:59","DATE_MAJ":"2024-03-12T16:10:18","NOM_NORMA":"R DURIS","ID_BAN_ODO":null,"Nom_a_verifier":false,"other_tags":"\"wikipedia\"=>\"fr:Rue_Duris\""},"geometry":{"type":"MultiLineString","coordinates":[[[2.388865959535297,48.864552785996651],[2.389385349768688,48.864317111575858]],[[2.388112140111191,48.864901476153598],[2.388865959535297,48.864552785996651]],[[2.387378083427069,48.866003010787431],[2.387036137268086,48.866680261775926]],[[2.387505264951606,48.865736557605054],[2.387378083427069,48.866003010787431]],[[2.388022558358639,48.864868641840509],[2.387763554470207,48.865333175838501]],[[2.387763554470207,48.865333175838501],[2.387591963810337,48.865666852699135],[2.387505264951606,48.865736557605054]]]}},
{"type":"Feature","properties":{"ID":"VOIE_NOM0000002338739425","ID_BAN":"75120_9005","name":"Rue du Soleil","INSEE_COM":"75120","NOM_COM":"Paris 20e Arrondissement","SRC_BAN":"commune","NOM_COLL":"R DU SOLEIL","TYPE_VOIE":"rue","MOT_DIR":"Soleil","LD_BAN":null,"ID_SUPP":"TRONROUT0000000000184492/TRONROUT0000000000184498/TRONROUT0000000000184499","INSEEDBAN":null,"COMDEL_BAN":null,"DATE_CREAT":"2023-12-08T13:42:59","DATE_MAJ":"2024-03-12T16:10:18","NOM_NORMA":"R DU SOLEIL","ID_BAN_ODO":null,"Nom_a_verifier":false,"other_tags":"\"wikipedia\"=>\"fr:Rue_du_Soleil_(Paris)\""},"geometry":{"type":"MultiLineString","coordinates":[[[2.395229654269246,48.873895948185435],[2.39542572056288,48.873565983924458]],[[2.395229654269246,48.873895948185435],[2.395421503501989,48.87392929329225],[2.395920655640182,48.874033437918577]],[[2.393960209331526,48.87531407103188],[2.393999115131028,48.875251314738954],[2.39407242844573,48.87516085329694],[2.39422980403366,48.874993474641435],[2.394649763457286,48.874521650827191],[2.395124602429304,48.874019525373811],[2.395229654269246,48.873895948185435]]]}},
{"type":"Feature","properties":{"ID":"VOIE_NOM0000002338739464","ID_BAN":"75120_8096","name":"Rue des Réglises","INSEE_COM":"75120","NOM_COM":"Paris 20e Arrondissement","SRC_BAN":"commune","NOM_COLL":"R DES REGLISES","TYPE_VOIE":"rue","MOT_DIR":"Réglises","LD_BAN":null,"ID_SUPP":"TRONROUT0000000000193406","INSEEDBAN":null,"COMDEL_BAN":null,"DATE_CREAT":"2023-12-08T13:42:59","DATE_MAJ":"2024-03-12T16:10:18","NOM_NORMA":"R DES REGLISES","ID_BAN_ODO":null,"Nom_a_verifier":false,"other_tags":"\"wikipedia\"=>\"fr:Rue_des_R%C3%A9glises\""},"geometry":{"type":"MultiLineString","coordinates":[[[2.410296357082645,48.854746835153762],[2.410204927405574,48.854757176700389],[2.410117392653901,48.85478462498029],[2.409973076667404,48.854891835145125],[2.409817643735783,48.855017876591276],[2.409662260996193,48.85513942133646],[2.409508291301325,48.855256476107563]]]}},
{"type":"Feature","properties":{"ID":"VOIE_NOM0000002338739486","ID_BAN":"75120_4558","name":"Rue Henri Duvernois","INSEE_COM":"75120","NOM_COM":"Paris 20e Arrondissement","SRC_BAN":"commune","NOM_COLL":"R HENRI DUVERNOIS","TYPE_VOIE":"rue","MOT_DIR":"Duvernois","LD_BAN":null,"ID_SUPP":"TRONROUT0000000000188806/TRONROUT0000000000188808/TRONROUT0000000000189954/TRONROUT0000000338525087/TRONROUT0000000338525089","INSEEDBAN":null,"COMDEL_BAN":null,"DATE_CREAT":"2023-12-08T13:42:59","DATE_MAJ":"2025-03-13T22:21:29","NOM_NORMA":"R HENRI DUVERNOIS","ID_BAN_ODO":null,"Nom_a_verifier":false,"other_tags":"\"wikipedia\"=>\"fr:Rue_Henri-Duvernois\""},"geometry":{"type":"MultiLineString","coordinates":[[[2.411142487798121,48.863328045193043],[2.411389999243804,48.863378726497679],[2.411442933699577,48.863398772319556],[2.411486286379135,48.863422368361348],[2.411599846121455,48.863505666039622],[2.411686612772881,48.863547462246963],[2.411769473245745,48.863573051066538],[2.411823862453712,48.863585009803259],[2.41189050881008,48.863597928088062],[2.411959982769366,48.86360186682726],[2.412022672034032,48.863603074172907]],[[2.411142487798121,48.863328045193043],[2.411080775603532,48.863361017129314],[2.410953312742575,48.863422444325742],[2.410823113355637,48.863484757253033]],[[2.410823113355637,48.863484757253033],[2.410736845918661,48.863519406802403]],[[2.410905512615564,48.862586721503533],[2.410991229361354,48.862600633519463]],[[2.410991229361354,48.862600633519463],[2.411057569266766,48.862640531009482],[2.411107227904946,48.862709125289733],[2.411144375639246,48.862799242168322],[2.411191472189853,48.862973946008253],[2.411208836734751,48.863126020013816],[2.411202307301712,48.863221317991112],[2.411142487798121,48.863328045193043]]]}},
{"type":"Feature","properties":{"ID":"VOIE_NOM0000002338739506","ID_BAN":"75120_2234","name":"Rue du Commandant l'Herminier","INSEE_COM":"75120","NOM_COM":"Paris 20e Arrondissement","SRC_BAN":"commune","NOM_COLL":"R DU COMMANDANT L'HERMINIER","TYPE_VOIE":"rue","MOT_DIR":"Herminier","LD_BAN":null,"ID_SUPP":"TRONROUT0000000000196622/TRONROUT0000000000196624/TRONROUT0000000000197521/TRONROUT0000000000197523/TRONROUT0000000356869209/TRONROUT0000002341410601","INSEEDBAN":null,"COMDEL_BAN":null,"DATE_CREAT":"2023-12-08T13:42:59","DATE_MAJ":"2024-03-12T16:10:18","NOM_NORMA":"R DU COMMANDANT L'HERMINIER","ID_BAN_ODO":null,"Nom_a_verifier":false,"other_tags":"\"wikipedia\"=>\"fr:Rue_du_Commandant-L%27Herminier\""},"geometry":{"type":"MultiLineString","coordinates":[[[2.415876185063674,48.846703434672406],[2.415856562725606,48.846630491229632]],[[2.41589546475022,48.84680695445094],[2.415876185063674,48.846703434672406]],[[2.41624320199932,48.848365431320424],[2.416312936396372,48.848709324008091],[2.416275505830838,48.849009524875285],[2.416242341487119,48.849172145698219],[2.416204522210226,48.84926369501639]],[[2.41601705635359,48.847265318822345],[2.416239335728448,48.848345626708905],[2.41624320199932,48.848365431320424]],[[2.415923889589849,48.846945593642943],[2.41589546475022,48.84680695445094]],[[2.41601705635359,48.847265318822345],[2.415957440473358,48.846991624450922],[2.415923889589849,48.846945593642943]]]}},
{"type":"Feature","properties":{"ID":"VOIE_NOM0000002338739511","ID_BAN":"75120_3293","name":"Rue des Envierges","INSEE_COM":"75120","NOM_COM":"Paris 20e Arrondissement","SRC_BAN":"commune","NOM_COLL":"R DES ENVIERGES","TYPE_VOIE":"rue","MOT_DIR":"Envierges","LD_BAN":null,"ID_SUPP":"TRONROUT0000000000185328/TRONROUT0000000000185332/TRONROUT0000000356726152/TRONROUT0000002334848455","INSEEDBAN":null,"COMDEL_BAN":null,"DATE_CREAT":"2023-12-08T13:42:59","DATE_MAJ":"2024-03-12T16:10:18","NOM_NORMA":"R DES ENVIERGES","ID_BAN_ODO":null,"Nom_a_verifier":false,"other_tags":"\"wikipedia\"=>\"fr:Rue_des_Envierges\""},"geometry":{"type":"MultiLineString","coordinates":[[[2.386359019507405,48.871739164675162],[2.386329176549003,48.871726420979066],[2.386095843961035,48.871628096230147],[2.386045711571464,48.871601758361457],[2.386024101187003,48.871584560133449],[2.386018892046801,48.871563848687337],[2.386017762015919,48.871544057500117],[2.38603216816495,48.871478479867996]],[[2.38936167770744,48.872849011048338],[2.389285619291278,48.872824340988643],[2.388341546804973,48.872413920585466],[2.387865378747069,48.872328747625652],[2.387672282710466,48.872286390575724],[2.387507889337494,48.872237884736514],[2.387349065630559,48.872179514486355],[2.387239192343872,48.872132186640172]],[[2.386892020834827,48.871975723210284],[2.386780859257791,48.871922092982572],[2.386359019507405,48.871739164675162]],[[2.387239192343872,48.872132186640172],[2.386892020834827,48.871975723210284]]]}},
{"type":"Feature","properties":{"ID":"VOIE_NOM0000002338739516","ID_BAN":"75120_x202","name":"Voie Cb/20","INSEE_COM":"75120","NOM_COM":"Paris 20e Arrondissement","SRC_BAN":"commune","NOM_COLL":"VOI CB/20","TYPE_VOIE":"voie","MOT_DIR":"Cb/20","LD_BAN":null,"ID_SUPP":"TRONROUT0000002009428113","INSEEDBAN":null,"COMDEL_BAN":null,"DATE_CREAT":"2023-12-08T13:42:59","DATE_MAJ":"2024-03-12T16:10:18","NOM_NORMA":"VOI CB/20","ID_BAN_ODO":null,"Nom_a_verifier":false,"other_tags":"nan"},"geometry":{"type":"MultiLineString","coordinates":[[[2.407977848390663,48.851890746117398],[2.408109838526094,48.851908486769446],[2.408471812787267,48.85195524433388]]]}},
{"type":"Feature","properties":{"ID":"VOIE_NOM0000002338739522","ID_BAN":"75120_0277","name":"Square d'Amiens","INSEE_COM":"75120","NOM_COM":"Paris 20e Arrondissement","SRC_BAN":"commune","NOM_COLL":"SQ D'AMIENS","TYPE_VOIE":"square","MOT_DIR":"Amiens","LD_BAN":null,"ID_SUPP":"TRONROUT0000000000191713/TRONROUT0000000350840275/TRONROUT0000002341410597","INSEEDBAN":null,"COMDEL_BAN":null,"DATE_CREAT":"2023-12-08T13:42:59","DATE_MAJ":"2024-04-22T21:16:23","NOM_NORMA":"SQ D'AMIENS","ID_BAN_ODO":null,"Nom_a_verifier":false,"other_tags":"nan"},"geometry":{"type":"MultiLineString","coordinates":[[[2.411525795745414,48.858838615419906],[2.411421012256119,48.859427170305523],[2.41135996959068,48.859763224514325],[2.41129751239105,48.860103768350754],[2.411224060447196,48.860572863972322],[2.41120171564132,48.860740931105006]],[[2.409728086199122,48.85967514480086],[2.409788146706932,48.859667346943056],[2.409830377086902,48.8596693539033],[2.410022448045331,48.859679294412246]],[[2.40962457502545,48.85966833878129],[2.409728086199122,48.85967514480086]]]}},
{"type":"Feature","properties":{"ID":"VOIE_NOM0000002338739547","ID_BAN":"75120_5077","name":"Rue Jules Dumien","INSEE_COM":"75120","NOM_COM":"Paris 20e Arrondissement","SRC_BAN":"commune","NOM_COLL":"R JULES DUMIEN","TYPE_VOIE":"rue","MOT_DIR":"Dumien","LD_BAN":null,"ID_SUPP":"TRONROUT0000000000186128","INSEEDBAN":null,"COMDEL_BAN":null,"DATE_CREAT":"2023-12-08T13:42:59","DATE_MAJ":"2024-03-12T16:10:18","NOM_NORMA":"R JULES DUMIEN","ID_BAN_ODO":null,"Nom_a_verifier":false,"other_tags":"\"wikipedia\"=>\"fr:Rue_Jules-Dumien\""},"geometry":{"type":"MultiLineString","coordinates":[[[2.401905751994092,48.86977186860161],[2.400487735230395,48.869316905076204]]]}},
{"type":"Feature","properties":{"ID":"VOIE_NOM0000002338739573","ID_BAN":"75120_5266","name":"Rue de Lagny","INSEE_COM":"75120","NOM_COM":"Paris 20e Arrondissement","SRC_BAN":"commune","NOM_COLL":"R DE LAGNY","TYPE_VOIE":"rue","MOT_DIR":"Lagny","LD_BAN":null,"ID_SUPP":"TRONROUT0000000000195846/TRONROUT0000000000195848/TRONROUT0000000000195850/TRONROUT0000000000195851/TRONROUT0000000000195855/TRONROUT0000000000195864/TRONROUT0000000000195868/TRONROUT0000000000195876/TRONROUT0000000000195880/TRONROUT0000000000195881/TRON","INSEEDBAN":null,"COMDEL_BAN":null,"DATE_CREAT":"2023-12-08T13:42:59","DATE_MAJ":"2024-03-12T16:10:18","NOM_NORMA":"R DE LAGNY","ID_BAN_ODO":null,"Nom_a_verifier":false,"other_tags":"\"wikipedia\"=>\"fr:Rue_de_Lagny_(Paris)\""},"geometry":{"type":"MultiLineString","coordinates":[[[2.399502320818352,48.848839278060012],[2.39935490660626,48.848860122565526]],[[2.402743647546542,48.848890577313007],[2.400777682433729,48.848851967845064],[2.400319896332009,48.848844278076946],[2.399654978277282,48.84883644674629],[2.399502320818352,48.848839278060012]],[[2.404314633275825,48.848911000231816],[2.402743647546542,48.848890577313007]],[[2.405033966405608,48.848927170440312],[2.405271025764594,48.848931946467367],[2.405478076168502,48.848939270968593]],[[2.404314633275825,48.848911000231816],[2.404683797211263,48.848922730544466]],[[2.404683797211263,48.848922730544466],[2.405033966405608,48.848927170440312]],[[2.411512245243732,48.849057239664575],[2.411420986728756,48.848932680179779],[2.411390397522519,48.848865977637821]],[[2.405478076168502,48.848939270968593],[2.406549147065693,48.848941890372807]],[[2.411512245243732,48.849057239664575],[2.411353312929001,48.849012389577965],[2.411289624006492,48.848980598890911]],[[2.406549147065693,48.848941890372807],[2.406591501756799,48.848932207573256],[2.40664330279778,48.848930665779449],[2.407599717029225,48.84894979479683],[2.40766919157977,48.848951937475192],[2.407734475986251,48.848963052894852]],[[2.40923144447219,48.849021716952613],[2.408694662823206,48.849010071749646],[2.407877278058724,48.848988042227134],[2.407802434617358,48.848978678277007],[2.407734475986251,48.848963052894852]],[[2.413050201536727,48.849107063983624],[2.412941321100709,48.849094838215777],[2.412716595104618,48.849083842470939],[2.412317460046838,48.849071090395569]],[[2.413144102978394,48.849118316829113],[2.413050201536727,48.849107063983624]],[[2.416341130298895,48.849233783557054],[2.416204522210226,48.84926369501639]],[[2.416204522210226,48.84926369501639],[2.416055871752608,48.849273761814629]],[[2.414636922248695,48.849304600766196],[2.414483032935933,48.849295753598653]],[[2.416055871752608,48.849273761814629],[2.415622365476748,48.84928783356235],[2.415398859498136,48.849289439743664]],[[2.415398859498136,48.849289439743664],[2.414636922248695,48.849304600766196]],[[2.414483032935933,48.849295753598653],[2.414303546318847,48.849260699733705]],[[2.413488368125047,48.849163173839557],[2.413144102978394,48.849118316829113]],[[2.414303546318847,48.849260699733705],[2.414212379790649,48.849248561840845],[2.413839507830164,48.849202667424635],[2.413488368125047,48.849163173839557]],[[2.40923144447219,48.849021716952613],[2.409429008202527,48.849024491007754],[2.409495767819932,48.849025719871172],[2.409685155683896,48.849028453150872],[2.410106132885078,48.849037724296892],[2.41049169151304,48.849045920100302],[2.41088137887883,48.849050537582102],[2.411242379537773,48.849061308097227]],[[2.41160761045447,48.849059507398614],[2.411512245243732,48.849057239664575]],[[2.411242379537773,48.849061308097227],[2.411299468620876,48.849074179941432],[2.41136062536862,48.849088870474681],[2.411447601430916,48.849109983452699],[2.411497826578455,48.849127318195656]],[[2.412317460046838,48.849071090395569],[2.411915518693937,48.849065518009454],[2.41160761045447,48.849059507398614]]]}},
{"type":"Feature","properties":{"ID":"VOIE_NOM0000002338739631","ID_BAN":"75120_3237","name":"Place Emile Landrin","INSEE_COM":"75120","NOM_COM":"Paris 20e Arrondissement","SRC_BAN":"commune","NOM_COLL":"PL EMILE LANDRIN","TYPE_VOIE":"place","MOT_DIR":"Landrin","LD_BAN":null,"ID_SUPP":"TRONROUT0000000000188865/TRONROUT0000000000188869","INSEEDBAN":null,"COMDEL_BAN":null,"DATE_CREAT":"2023-12-08T13:42:59","DATE_MAJ":"2024-03-12T16:10:18","NOM_NORMA":"PL EMILE LANDRIN","ID_BAN_ODO":null,"Nom_a_verifier":false,"other_tags":"nan"},"geometry":{"type":"MultiLineString","coordinates":[[[2.399865512677719,48.864160576420019],[2.400515897475359,48.863908423207512]],[[2.40048332039063,48.864251808191689],[2.400461904927662,48.864217525969082],[2.400456814977949,48.864186023547795],[2.400515897475359,48.863908423207512]]]}},
{"type":"Feature","properties":{"ID":"VOIE_NOM0000002338739653","ID_BAN":"75120_5214","name":"Cité du Labyrinthe","INSEE_COM":"75120","NOM_COM":"Paris 20e Arrondissement","SRC_BAN":"commune","NOM_COLL":"CITE DU LABYRINTHE","TYPE_VOIE":"cité","MOT_DIR":"Labyrinthe","LD_BAN":null,"ID_SUPP":"TRONROUT0000000000187079/TRONROUT0000000000187971","INSEEDBAN":null,"COMDEL_BAN":null,"DATE_CREAT":"2023-12-08T13:42:59","DATE_MAJ":"2024-03-12T16:10:18","NOM_NORMA":"CITE DU LABYRINTHE","ID_BAN_ODO":null,"Nom_a_verifier":false,"other_tags":"nan"},"geometry":{"type":"MultiLineString","coordinates":[[[2.386651108307194,48.866616234810245],[2.386381538716018,48.867050133500477],[2.385893684924683,48.866919925119028],[2.385845986532578,48.866918781032233],[2.385821323246978,48.866929446550792],[2.385798001859782,48.866941917629937],[2.385773084069324,48.866974165985262],[2.385613292393284,48.86723055696384],[2.385585690531499,48.867259194137105],[2.38547866677043,48.867318001089785],[2.385444259771387,48.867345703949113],[2.385391410606574,48.867434467175038]],[[2.385391410606574,48.867434467175038],[2.38529944917638,48.867603070697264]]]}},
{"type":"Feature","properties":{"ID":"VOIE_NOM0000002338739689","ID_BAN":"75120_8918","name":"Rue du Sénégal","INSEE_COM":"75120","NOM_COM":"Paris 20e Arrondissement","SRC_BAN":"commune","NOM_COLL":"R DU SENEGAL","TYPE_VOIE":"rue","MOT_DIR":"Sénégal","LD_BAN":null,"ID_SUPP":"TRONROUT0000000000185416","INSEEDBAN":null,"COMDEL_BAN":null,"DATE_CREAT":"2023-12-08T13:42:59","DATE_MAJ":"2024-03-12T16:10:18","NOM_NORMA":"R DU SENEGAL","ID_BAN_ODO":null,"Nom_a_verifier":false,"other_tags":"\"wikipedia\"=>\"fr:Rue_du_S%C3%A9n%C3%A9gal\""},"geometry":{"type":"MultiLineString","coordinates":[[[2.382943316500139,48.871442810925451],[2.382463760242799,48.871184926239195],[2.382126461291367,48.871002418915843]]]}},
{"type":"Feature","properties":{"ID":"VOIE_NOM0000002338739708","ID_BAN":"75120_5553","name":"Rue Léon Frapié","INSEE_COM":"75120","NOM_COM":"Paris 20e Arrondissement","SRC_BAN":"commune","NOM_COLL":"R LEON FRAPIE","TYPE_VOIE":"rue","MOT_DIR":"Frapié","LD_BAN":null,"ID_SUPP":"TRONROUT0000000000184449/TRONROUT0000000000184460/TRONROUT0000002345459535","INSEEDBAN":null,"COMDEL_BAN":null,"DATE_CREAT":"2023-12-08T13:42:59","DATE_MAJ":"2024-04-22T21:16:23","NOM_NORMA":"R LEON FRAPIE","ID_BAN_ODO":null,"Nom_a_verifier":false,"other_tags":"\"wikipedia\"=>\"fr:Rue_L%C3%A9on-Frapi%C3%A9\""},"geometry":{"type":"MultiLineString","coordinates":[[[2.412351736934304,48.873946154191273],[2.412891518099647,48.874077407276573],[2.412974598622105,48.874085009381446],[2.413057780507624,48.874083618610101]],[[2.411276486103987,48.873664775864043],[2.4115537751425,48.873738985193008],[2.411991487431755,48.873853552610228],[2.412351736934304,48.873946154191273]],[[2.410247690271838,48.873375522642334],[2.410445997196104,48.873441251425589],[2.410706934555799,48.873514482875265],[2.410957068014349,48.873578667262322],[2.411192195695995,48.873643676641095],[2.411276486103987,48.873664775864043]]]}},
{"type":"Feature","properties":{"ID":"VOIE_NOM0000002338739727","ID_BAN":"75120_8833","name":"Villa de la Saulaie","INSEE_COM":"75120","NOM_COM":"Paris 20e Arrondissement","SRC_BAN":"commune","NOM_COLL":"VLA DE LA SAULAIE","TYPE_VOIE":"villa","MOT_DIR":"Saulaie","LD_BAN":null,"ID_SUPP":"TRONROUT0000000000192732","INSEEDBAN":null,"COMDEL_BAN":null,"DATE_CREAT":"2023-12-08T13:42:59","DATE_MAJ":"2024-03-12T16:10:18","NOM_NORMA":"VLA DE LA SAULAIE","ID_BAN_ODO":null,"Nom_a_verifier":false,"other_tags":"nan"},"geometry":{"type":"MultiLineString","coordinates":[[[2.393612544612025,48.857161838622339],[2.393959198263962,48.857356054993595],[2.394458928627639,48.857631086872033]]]}},
{"type":"Feature","properties":{"ID":"VOIE_NOM0000002338739728","ID_BAN":"75120_8184","name":"Rue Reynaldo Hahn","INSEE_COM":"75120","NOM_COM":"Paris 20e Arrondissement","SRC_BAN":"commune","NOM_COLL":"R REYNALDO HAHN","TYPE_VOIE":"rue","MOT_DIR":"Hahn","LD_BAN":null,"ID_SUPP":"TRONROUT0000000000195858/TRONROUT0000000338525064","INSEEDBAN":null,"COMDEL_BAN":null,"DATE_CREAT":"2023-12-08T13:42:59","DATE_MAJ":"2024-03-12T16:10:18","NOM_NORMA":"R REYNALDO HAHN","ID_BAN_ODO":null,"Nom_a_verifier":false,"other_tags":"\"wikipedia\"=>\"fr:Rue_Reynaldo_Hahn\""},"geometry":{"type":"MultiLineString","coordinates":[[[2.41230442539716,48.849139377112166],[2.412317460046838,48.849071090395569]],[[2.411887511712569,48.851305663776145],[2.411958496053434,48.850932782299346],[2.412017624019556,48.850644381360311],[2.412105729785185,48.850203233048056],[2.412182324053481,48.849815989028137],[2.41230442539716,48.849139377112166]]]}},
{"type":"Feature","properties":{"ID":"VOIE_NOM0000002338739729","ID_BAN":"75120_2786","name":"Rue de la Dhuis","INSEE_COM":"75120","NOM_COM":"Paris 20e Arrondissement","SRC_BAN":"commune","NOM_COLL":"R DE LA DHUIS","TYPE_VOIE":"rue","MOT_DIR":"Dhuis","LD_BAN":null,"ID_SUPP":"TRONROUT0000000000186987/TRONROUT0000000000186991/TRONROUT0000000000186993","INSEEDBAN":null,"COMDEL_BAN":null,"DATE_CREAT":"2023-12-08T13:42:59","DATE_MAJ":"2024-03-12T16:10:18","NOM_NORMA":"R DE LA DHUIS","ID_BAN_ODO":null,"Nom_a_verifier":false,"other_tags":"\"wikipedia\"=>\"fr:Rue_de_la_Dhuis\""},"geometry":{"type":"MultiLineString","coordinates":[[[2.404264315102091,48.868570426129175],[2.404312581017577,48.868522102165322],[2.404596752862622,48.868229432947317],[2.404719460644186,48.868108632794289]],[[2.405536968222599,48.867548811423504],[2.405709143644482,48.867512793613983]],[[2.404719460644186,48.868108632794289],[2.404794026231795,48.868025365270128],[2.404873951688903,48.867950218380265],[2.404993500470195,48.867867174381757],[2.405228168640495,48.867730742136573],[2.405536968222599,48.867548811423504]]]}},
{"type":"Feature","properties":{"ID":"VOIE_NOM0000002338739764","ID_BAN":"75120_3192","name":"Rue de l'Elysée Ménilmontant","INSEE_COM":"75120","NOM_COM":"Paris 20e Arrondissement","SRC_BAN":"commune","NOM_COLL":"R DE L'ELYSEE MENILMONTANT","TYPE_VOIE":"rue","MOT_DIR":"Ménilmontant","LD_BAN":null,"ID_SUPP":"TRONROUT0000000000186204","INSEEDBAN":null,"COMDEL_BAN":null,"DATE_CREAT":"2023-12-08T13:42:59","DATE_MAJ":"2024-03-12T16:10:18","NOM_NORMA":"R DE L'ELYSEE MENILMONTANT","ID_BAN_ODO":null,"Nom_a_verifier":false,"other_tags":"\"wikipedia\"=>\"fr:Rue_de_l%27%C3%89lys%C3%A9e-M%C3%A9nilmontant\""},"geometry":{"type":"MultiLineString","coordinates":[[[2.386907617806164,48.869260705814199],[2.385850343577936,48.86897739012084]]]}},
{"type":"Feature","properties":{"ID":"VOIE_NOM0000002338739849","ID_BAN":"75120_6503","name":"Rue des Montiboeufs","INSEE_COM":"75120","NOM_COM":"Paris 20e Arrondissement","SRC_BAN":"commune","NOM_COLL":"R DES MONTIBOEUFS","TYPE_VOIE":"rue","MOT_DIR":"Montiboeufs","LD_BAN":null,"ID_SUPP":"TRONROUT0000000000187875","INSEEDBAN":null,"COMDEL_BAN":null,"DATE_CREAT":"2023-12-08T13:42:59","DATE_MAJ":"2024-03-12T16:10:18","NOM_NORMA":"R DES MONTIBOEUFS","ID_BAN_ODO":null,"Nom_a_verifier":false,"other_tags":"\"wikipedia\"=>\"fr:Rue_des_Montib%C5%93ufs\""},"geometry":{"type":"MultiLineString","coordinates":[[[2.403766280486041,48.867299880582003],[2.40592813640442,48.866120806118516]]]}},
{"type":"Feature","properties":{"ID":"VOIE_NOM0000002338739850","ID_BAN":"75120_9131","name":"Passage du Surmelin","INSEE_COM":"75120","NOM_COM":"Paris 20e Arrondissement","SRC_BAN":"commune","NOM_COLL":"PAS DU SURMELIN","TYPE_VOIE":"passage","MOT_DIR":"Surmelin","LD_BAN":null,"ID_SUPP":"TRONROUT0000000000186096","INSEEDBAN":null,"COMDEL_BAN":null,"DATE_CREAT":"2023-12-08T13:42:59","DATE_MAJ":"2024-03-12T16:10:18","NOM_NORMA":"PAS DU SURMELIN","ID_BAN_ODO":null,"Nom_a_verifier":false,"other_tags":"nan"},"geometry":{"type":"MultiLineString","coordinates":[[[2.405922392560004,48.869493292336202],[2.405528784408366,48.869938307944487],[2.405415503670213,48.870069048258863],[2.405285463508294,48.870234779262766],[2.405034000165831,48.870169676769876]]]}},
{"type":"Feature","properties":{"ID":"VOIE_NOM0000002338739870","ID_BAN":"75120_8764","name":"Passage des Saint-Simoniens","INSEE_COM":"75120","NOM_COM":"Paris 20e Arrondissement","SRC_BAN":"commune","NOM_COLL":"PAS DES SAINT-SIMONIENS","TYPE_VOIE":"passage","MOT_DIR":"Simoniens","LD_BAN":null,"ID_SUPP":"TRONROUT0000000000185260/TRONROUT0000000000185286/TRONROUT0000000000186159/TRONROUT0000000000186160/TRONROUT0000000356726157","INSEEDBAN":null,"COMDEL_BAN":null,"DATE_CREAT":"2023-12-08T13:42:59","DATE_MAJ":"2024-04-09T23:12:41","NOM_NORMA":"PAS DES SAINT-SIMONIENS","ID_BAN_ODO":null,"Nom_a_verifier":false,"other_tags":"nan"},"geometry":{"type":"MultiLineString","coordinates":[[[2.39595246429119,48.870467737117394],[2.395705987891643,48.870326196590234],[2.395691076105083,48.870318926616747],[2.39560297911085,48.870274414335881]],[[2.396289818639962,48.8706493062829],[2.39595246429119,48.870467737117394]],[[2.396478096609746,48.87075457869549],[2.396289818639962,48.8706493062829]],[[2.396923877184057,48.870991552118056],[2.396862896638219,48.870959768118993],[2.396514632549122,48.870778145635576],[2.396478096609746,48.87075457869549]],[[2.396893696492652,48.871361026860939],[2.397047763400487,48.871124378539044],[2.397065953756387,48.871084000077801],[2.397053976203622,48.871058758353868],[2.396975388119947,48.871016993029954],[2.396923877184057,48.870991552118056]]]}},
{"type":"Feature","properties":{"ID":"VOIE_NOM0000002338739888","ID_BAN":"75120_3324","name":"Rue de l'Ermitage","INSEE_COM":"75120","NOM_COM":"Paris 20e Arrondissement","SRC_BAN":"commune","NOM_COLL":"R DE L'ERMITAGE","TYPE_VOIE":"rue","MOT_DIR":"Ermitage","LD_BAN":null,"ID_SUPP":"TRONROUT0000000000185290/TRONROUT0000000000185291/TRONROUT0000000000185293/TRONROUT0000000000186168/TRONROUT0000000000186169/TRONROUT0000000000186179","INSEEDBAN":null,"COMDEL_BAN":null,"DATE_CREAT":"2023-12-08T13:42:59","DATE_MAJ":"2024-03-12T16:10:18","NOM_NORMA":"R DE L'ERMITAGE","ID_BAN_ODO":null,"Nom_a_verifier":false,"other_tags":"\"wikipedia\"=>\"fr:Rue_de_l%27Ermitage_(Paris)\""},"geometry":{"type":"MultiLineString","coordinates":[[[2.391905945542631,48.869207062323845],[2.391702322326401,48.869599937340666],[2.391556696044736,48.869929253807847],[2.39150999832883,48.870075608305754]],[[2.39150999832883,48.870075608305754],[2.391509977318634,48.870077406872277],[2.391476249492221,48.87028048547382]],[[2.394211897347817,48.872781923378469],[2.393666164059014,48.872464393223801],[2.39317596406483,48.87217861871703]],[[2.39227809768801,48.87166234189371],[2.392639618347014,48.871875520597193],[2.39317596406483,48.87217861871703]],[[2.391476249492221,48.87028048547382],[2.391475135883675,48.870375809477359],[2.391489007051397,48.870472108989965],[2.391506747291155,48.870587314222846],[2.391523302980424,48.870687224704291],[2.391627511987096,48.870869420295932],[2.391849868950028,48.87120780119124]],[[2.391849868950028,48.87120780119124],[2.391970995285857,48.871342417552391],[2.392077326087563,48.87145987125448],[2.39227809768801,48.87166234189371]]]}},
{"type":"Feature","properties":{"ID":"VOIE_NOM0000002338739889","ID_BAN":"75120_6137","name":"Rue Martin Garat","INSEE_COM":"75120","NOM_COM":"Paris 20e Arrondissement","SRC_BAN":"commune","NOM_COLL":"R MARTIN GARAT","TYPE_VOIE":"rue","MOT_DIR":"Garat","LD_BAN":null,"ID_SUPP":"TRONROUT0000000000188840/TRONROUT0000000000188846","INSEEDBAN":null,"COMDEL_BAN":null,"DATE_CREAT":"2023-12-08T13:42:59","DATE_MAJ":"2024-03-12T16:10:18","NOM_NORMA":"R MARTIN GARAT","ID_BAN_ODO":null,"Nom_a_verifier":false,"other_tags":"\"wikipedia\"=>\"fr:Rue_Martin-Garat\""},"geometry":{"type":"MultiLineString","coordinates":[[[2.407349988421006,48.864557609067049],[2.407247675270683,48.864444684899794],[2.407082015710724,48.864268493019097],[2.406919021929717,48.864097710127112]],[[2.407280217739195,48.865178707166969],[2.407258117732618,48.864964554946418],[2.407229652844302,48.864710800210545],[2.407208169289303,48.864562302747956]]]}},
{"type":"Feature","properties":{"ID":"VOIE_NOM0000002338739901","ID_BAN":"75120_1707","name":"Cité Champagne","INSEE_COM":"75120","NOM_COM":"Paris 20e Arrondissement","SRC_BAN":"commune","NOM_COLL":"CITE CHAMPAGNE","TYPE_VOIE":"cité","MOT_DIR":"Champagne","LD_BAN":null,"ID_SUPP":"TRONROUT0000000000194158/TRONROUT0000000000194159/TRONROUT0000000207101717","INSEEDBAN":null,"COMDEL_BAN":null,"DATE_CREAT":"2023-12-08T13:42:59","DATE_MAJ":"2024-03-12T16:10:18","NOM_NORMA":"CITE CHAMPAGNE","ID_BAN_ODO":null,"Nom_a_verifier":false,"other_tags":"nan"},"geometry":{"type":"MultiLineString","coordinates":[[[2.405736544411407,48.853997603036284],[2.404828964605248,48.853632453328622]],[[2.404343180214149,48.853447468183511],[2.404283434499767,48.853428284416289],[2.403381775727399,48.853261909131398],[2.403294765108517,48.853243488262713]],[[2.404828964605248,48.853632453328622],[2.404343180214149,48.853447468183511]]]}},
{"type":"Feature","properties":{"ID":"VOIE_NOM0000002338739902","ID_BAN":"75120_2864","name":"Rue du Docteur Paquelin","INSEE_COM":"75120","NOM_COM":"Paris 20e Arrondissement","SRC_BAN":"commune","NOM_COLL":"R DU DOCTEUR PAQUELIN","TYPE_VOIE":"rue","MOT_DIR":"Paquelin","LD_BAN":null,"ID_SUPP":"TRONROUT0000000000186133","INSEEDBAN":null,"COMDEL_BAN":null,"DATE_CREAT":"2023-12-08T13:42:59","DATE_MAJ":"2024-03-12T16:10:18","NOM_NORMA":"R DU DOCTEUR PAQUELIN","ID_BAN_ODO":null,"Nom_a_verifier":false,"other_tags":"\"wikipedia\"=>\"fr:Rue_du_Docteur-Paquelin\""},"geometry":{"type":"MultiLineString","coordinates":[[[2.402089913142756,48.869048822978087],[2.402166581043909,48.869020427169566],[2.40225563090925,48.868982200445238],[2.402293882226427,48.868975196774045],[2.402332009716733,48.868978984511777],[2.402424478328387,48.868999231612477],[2.403114310531526,48.869234702486885]]]}},
{"type":"Feature","properties":{"ID":"VOIE_NOM0000002338739909","ID_BAN":"75120_7673","name":"Avenue de la Porte de Ménilmontant","INSEE_COM":"75120","NOM_COM":"Paris 20e Arrondissement","SRC_BAN":"commune","NOM_COLL":"AV DE LA PORTE DE MENILMONTANT","TYPE_VOIE":"avenue","MOT_DIR":"Ménilmontant","LD_BAN":null,"ID_SUPP":"TRONROUT0000000312870186","INSEEDBAN":null,"COMDEL_BAN":null,"DATE_CREAT":"2023-12-08T13:42:59","DATE_MAJ":"2024-03-12T16:10:18","NOM_NORMA":"AV DE LA PORTE DE MENILMONTANT","ID_BAN_ODO":null,"Nom_a_verifier":false,"other_tags":"nan"},"geometry":{"type":"MultiLineString","coordinates":[[[2.408943223061732,48.870588349153621],[2.40912576101482,48.870600941735653],[2.409406501436942,48.870609521947692],[2.409702257688265,48.870616376885089],[2.41000886880193,48.870627781269356],[2.410319569693864,48.870639205015742],[2.410444965088604,48.870641621377338],[2.410598937128217,48.870648674999295],[2.410690180964324,48.870657218273422]]]}},
{"type":"Feature","properties":{"ID":"VOIE_NOM0000002338739941","ID_BAN":"75120_2978","name":"Rue Dulaure","INSEE_COM":"75120","NOM_COM":"Paris 20e Arrondissement","SRC_BAN":"commune","NOM_COLL":"R DULAURE","TYPE_VOIE":"rue","MOT_DIR":"Dulaure","LD_BAN":null,"ID_SUPP":"TRONROUT0000000000187841/TRONROUT0000000000187845/TRONROUT0000002006627100/TRONROUT0000002006677620","INSEEDBAN":null,"COMDEL_BAN":null,"DATE_CREAT":"2023-12-08T13:42:59","DATE_MAJ":"2024-03-12T16:10:18","NOM_NORMA":"R DULAURE","ID_BAN_ODO":null,"Nom_a_verifier":false,"other_tags":"\"wikipedia\"=>\"fr:Rue_Dulaure\""},"geometry":{"type":"MultiLineString","coordinates":[[[2.40898037627345,48.86635265788442],[2.409363153137808,48.866377030914677],[2.409454419873149,48.866382877300381]],[[2.411052140439158,48.86649687187569],[2.41115289849329,48.866507260357238]],[[2.409454419873149,48.866382877300381],[2.409710489664175,48.866401227932322],[2.410155888568997,48.866433101961746]],[[2.410155888568997,48.866433101961746],[2.410685759865686,48.866468987639848],[2.41088462073724,48.866483456701602],[2.411052140439158,48.86649687187569]]]}},
{"type":"Feature","properties":{"ID":"VOIE_NOM0000002338739944","ID_BAN":"75120_2010","name":"Rue de la Chine","INSEE_COM":"75120","NOM_COM":"Paris 20e Arrondissement","SRC_BAN":"commune","NOM_COLL":"R DE LA CHINE","TYPE_VOIE":"rue","MOT_DIR":"Chine","LD_BAN":null,"ID_SUPP":"TRONROUT0000000000186143/TRONROUT0000000000186153/TRONROUT0000000000186165/TRONROUT0000000000187025/TRONROUT0000000000187029/TRONROUT0000000000187883/TRONROUT0000000000187898/TRONROUT0000000000188864/TRONROUT0000000000188868","INSEEDBAN":null,"COMDEL_BAN":null,"DATE_CREAT":"2023-12-08T13:42:59","DATE_MAJ":"2024-03-12T16:10:18","NOM_NORMA":"R DE LA CHINE","ID_BAN_ODO":null,"Nom_a_verifier":false,"other_tags":"\"wikipedia\"=>\"fr:Rue_de_la_Chine\""},"geometry":{"type":"MultiLineString","coordinates":[[[2.401578610018018,48.864428164504645],[2.401308484789069,48.864803637102582]],[[2.400622287567621,48.86567975686124],[2.401225026655807,48.864948912673945],[2.401308484789069,48.864803637102582]],[[2.399898221431473,48.866527802737473],[2.400005486232612,48.866446500676602],[2.400622287567621,48.86567975686124]],[[2.395761844260434,48.870094449838618],[2.395820806009423,48.870065069375293],[2.395871713667418,48.870024856195855],[2.396084023120893,48.869820878890387],[2.396225911992715,48.86969388892193],[2.396393992462838,48.869541849433062]],[[2.396977625114719,48.869057350678389],[2.396717611082905,48.869261089242336]],[[2.396393992462838,48.869541849433062],[2.39664880643607,48.869316501314138],[2.396717611082905,48.869261089242336]],[[2.398074100812357,48.868195009357535],[2.39760084091718,48.868567652122849],[2.396977625114719,48.869057350678389]],[[2.399898221431473,48.866527802737473],[2.398856786036265,48.86746957995706]],[[2.398856786036265,48.86746957995706],[2.398074100812357,48.868195009357535]]]}},
{"type":"Feature","properties":{"ID":"VOIE_NOM0000002338739950","ID_BAN":"75120_6892","name":"Villa Olivier Métra","INSEE_COM":"75120","NOM_COM":"Paris 20e Arrondissement","SRC_BAN":"commune","NOM_COLL":"VLA OLIVIER METRA","TYPE_VOIE":"villa","MOT_DIR":"Métra","LD_BAN":null,"ID_SUPP":"TRONROUT0000000000184507","INSEEDBAN":null,"COMDEL_BAN":null,"DATE_CREAT":"2023-12-08T13:42:59","DATE_MAJ":"2024-03-12T16:10:18","NOM_NORMA":"VLA OLIVIER METRA","ID_BAN_ODO":null,"Nom_a_verifier":false,"other_tags":"nan"},"geometry":{"type":"MultiLineString","coordinates":[[[2.393895209118242,48.873167033912594],[2.394038764612993,48.873249600096443],[2.394348739113874,48.873441827615991],[2.394587140904532,48.873575235642747]]]}},
{"type":"Feature","properties":{"ID":"VOIE_NOM0000002338739967","ID_BAN":"75120_9802","name":"Rue des Vignoles","INSEE_COM":"75120","NOM_COM":"Paris 20e Arrondissement","SRC_BAN":"commune","NOM_COLL":"R DES VIGNOLES","TYPE_VOIE":"rue","MOT_DIR":"Vignoles","LD_BAN":null,"ID_SUPP":"TRONROUT0000000000192691/TRONROUT0000000000192698/TRONROUT0000000000193442/TRONROUT0000000000193443/TRONROUT0000000000193445/TRONROUT0000000000193452/TRONROUT0000000000193457/TRONROUT0000000000193461/TRONROUT0000000000194170/TRONROUT0000000000194173/TRON","INSEEDBAN":null,"COMDEL_BAN":null,"DATE_CREAT":"2023-12-08T13:42:59","DATE_MAJ":"2024-03-12T16:10:18","NOM_NORMA":"R DES VIGNOLES","ID_BAN_ODO":null,"Nom_a_verifier":false,"other_tags":"\"wikipedia\"=>\"fr:Rue_des_Vignoles\""},"geometry":{"type":"MultiLineString","coordinates":[[[2.397180746966506,48.853036569362239],[2.397235059410536,48.853053930627652]],[[2.397235059410536,48.853053930627652],[2.397574624773684,48.853152770523486],[2.398059466340419,48.85329910655102],[2.398454690090354,48.853417110238148]],[[2.398454690090354,48.853417110238148],[2.398802364093453,48.853522282804896]],[[2.399120131193604,48.853621008717205],[2.398978911595529,48.853576231341933]],[[2.399514976331965,48.853772282863233],[2.399483902045112,48.853748743834906]],[[2.399573161022132,48.853808548813305],[2.399514976331965,48.853772282863233]],[[2.399120131193604,48.853621008717205],[2.399211104845915,48.853650244709918],[2.3992871399732,48.853674908889765]],[[2.399483902045112,48.853748743834906],[2.399444651161782,48.853725163759442],[2.3992871399732,48.853674908889765]],[[2.398802364093453,48.853522282804896],[2.398834956333592,48.85353233940203],[2.398923235259756,48.853558864030489]],[[2.398978911595529,48.853576231341933],[2.398923235259756,48.853558864030489]],[[2.400401752386104,48.85440267662991],[2.400078934700058,48.854150140263272]],[[2.401879543475624,48.855551345313025],[2.401475490276666,48.855250741526199]],[[2.402141495128473,48.855764900391371],[2.401879543475624,48.855551345313025]],[[2.403000389680776,48.856455390367174],[2.402608774110657,48.856138664524593]],[[2.402608774110657,48.856138664524593],[2.402399422324197,48.855973038662938]],[[2.402298159157477,48.855889792955942],[2.402141495128473,48.855764900391371]],[[2.402399422324197,48.855973038662938],[2.402298159157477,48.855889792955942]],[[2.400840646430065,48.854753822303948],[2.400401752386104,48.85440267662991]],[[2.401475490276666,48.855250741526199],[2.400840646430065,48.854753822303948]],[[2.399927452707405,48.854049552954336],[2.399597514777304,48.853823959952706],[2.399573161022132,48.853808548813305]],[[2.400078934700058,48.854150140263272],[2.399927452707405,48.854049552954336]]]}},
{"type":"Feature","properties":{"ID":"VOIE_NOM0000002338739968","ID_BAN":"75120_4510","name":"Rue Haxo","INSEE_COM":"75120","NOM_COM":"Paris 20e Arrondissement","SRC_BAN":"commune","NOM_COLL":"R HAXO","TYPE_VOIE":"rue","MOT_DIR":"Haxo","LD_BAN":null,"ID_SUPP":"TRONROUT0000000000183704/TRONROUT0000000000183709/TRONROUT0000000000184467/TRONROUT0000000000184469/TRONROUT0000000000184471/TRONROUT0000000000185230/TRONROUT0000000000185238/TRONROUT0000000000186114/TRONROUT0000000000186120/TRONROUT0000002334698598/TRON","INSEEDBAN":null,"COMDEL_BAN":null,"DATE_CREAT":"2023-12-08T13:42:59","DATE_MAJ":"2025-07-10T22:23:48","NOM_NORMA":"R HAXO","ID_BAN_ODO":null,"Nom_a_verifier":false,"other_tags":"nan"},"geometry":{"type":"MultiLineString","coordinates":[[[2.405034000165831,48.870169676769876],[2.40469499950694,48.870964802140591]],[[2.40469499950694,48.870964802140591],[2.404619370819238,48.871140695589347]],[[2.405456290168781,48.869242761261873],[2.405388385815181,48.869339552243282],[2.405276477107929,48.869589011648948],[2.405264739944772,48.869661799532587],[2.405078731874114,48.870072770880242],[2.405034000165831,48.870169676769876]],[[2.404619370819238,48.871140695589347],[2.404488091694312,48.871414339568624],[2.404448697579966,48.871521164366158],[2.404426608163519,48.871545336487117],[2.404397743666912,48.871565877554573],[2.404293777603687,48.87159683688985]],[[2.403935500008329,48.872764187337879],[2.403957857728445,48.872716633997463],[2.404261411336051,48.872042745539936],[2.404375464670012,48.871725848195297]],[[2.403935500008329,48.872764187337879],[2.40378882599554,48.873071928185745]],[[2.402552808956573,48.875995789354171],[2.402796590597098,48.875425031204117]],[[2.402796590597098,48.875425031204117],[2.403158410407817,48.874547289367456]],[[2.403158410407817,48.874547289367456],[2.403179437201545,48.874497031609842]],[[2.40341537537309,48.873895655081988],[2.40324125706264,48.874337258696656],[2.403179437201545,48.874497031609842]],[[2.40378882599554,48.873071928185745],[2.40341537537309,48.873895655081988]]]}},
{"type":"Feature","properties":{"ID":"VOIE_NOM0000002338739989","ID_BAN":"75120_3256","name":"Rue Emile Pierre Casel","INSEE_COM":"75120","NOM_COM":"Paris 20e Arrondissement","SRC_BAN":"commune","NOM_COLL":"R EMILE-PIERRE CASEL","TYPE_VOIE":"rue","MOT_DIR":"Casel","LD_BAN":null,"ID_SUPP":"TRONROUT0000000000188837","INSEEDBAN":null,"COMDEL_BAN":null,"DATE_CREAT":"2023-12-08T13:42:59","DATE_MAJ":"2024-03-12T16:10:18","NOM_NORMA":"R EMILE PIERRE CASEL","ID_BAN_ODO":null,"Nom_a_verifier":false,"other_tags":"\"wikipedia\"=>\"fr:Rue_%C3%89mile-Pierre-Casel\""},"geometry":{"type":"MultiLineString","coordinates":[[[2.406617050177452,48.86559721111626],[2.406384823724692,48.865400902946952],[2.406118983561054,48.865163957221149],[2.405874893313078,48.864932514852377],[2.40564969311673,48.864718253194077]]]}},
{"type":"Feature","properties":{"ID":"VOIE_NOM0000002338739990","ID_BAN":"75120_9029","name":"Rue Sorbier","INSEE_COM":"75120","NOM_COM":"Paris 20e Arrondissement","SRC_BAN":"commune","NOM_COLL":"R SORBIER","TYPE_VOIE":"rue","MOT_DIR":"Sorbier","LD_BAN":null,"ID_SUPP":"TRONROUT0000000000187048/TRONROUT0000000000187053/TRONROUT0000000000187059/TRONROUT0000000000187063/TRONROUT0000000000187927/TRONROUT0000000000187929/TRONROUT0000000000187936/TRONROUT0000000000188953/TRONROUT0000000207101719/TRONROUT0000000255748798/TRON","INSEEDBAN":null,"COMDEL_BAN":null,"DATE_CREAT":"2023-12-08T13:42:59","DATE_MAJ":"2024-03-12T16:10:18","NOM_NORMA":"R SORBIER","ID_BAN_ODO":null,"Nom_a_verifier":false,"other_tags":"nan"},"geometry":{"type":"MultiLineString","coordinates":[[[2.393813730790534,48.865173312291169],[2.394043131204232,48.865022485428149]],[[2.393287402045899,48.865537576171647],[2.393813730790534,48.865173312291169]],[[2.393287402045899,48.865537576171647],[2.393111597423697,48.865650901037228]],[[2.393111597423697,48.865650901037228],[2.391942608667557,48.866416601315088]],[[2.391942608667557,48.866416601315088],[2.391677482246635,48.866590625273545]],[[2.390510947203691,48.867609037823918],[2.390405044428597,48.867805453662456]],[[2.390460223236747,48.867982904374742],[2.390416213303484,48.868015955761031],[2.390187657559364,48.868209048589272],[2.390157068193414,48.868260155016777]],[[2.390405044428597,48.867805453662456],[2.390355224219408,48.867869052949786],[2.390291793527772,48.867930784204127]],[[2.389571792849122,48.868647484262524],[2.389631293850474,48.868572243310709],[2.389999816879005,48.868184708610343],[2.390066006107067,48.868120293563834],[2.390291793527772,48.867930784204127]],[[2.390157068193414,48.868260155016777],[2.390126436652936,48.868314858572425],[2.390055273284753,48.868454792697662],[2.389914350693048,48.868731070579521]],[[2.391677482246635,48.866590625273545],[2.391205711933358,48.866949760933117],[2.391114968467925,48.86701585042934],[2.390900597707434,48.867162251288597],[2.390793390841555,48.867237250137983],[2.390752107997521,48.867270315546541],[2.390703851700214,48.867316835525308]],[[2.390703851700214,48.867316835525308],[2.390659600541982,48.867370570585152],[2.390595865727991,48.867458381302882],[2.390547209311341,48.86753907405037],[2.390510947203691,48.867609037823918]]]}},
{"type":"Feature","properties":{"ID":"VOIE_NOM0000002338739994","ID_BAN":"75120_7393","name":"Rue Piat","INSEE_COM":"75120","NOM_COM":"Paris 20e Arrondissement","SRC_BAN":"commune","NOM_COLL":"R PIAT","TYPE_VOIE":"rue","MOT_DIR":"Piat","LD_BAN":null,"ID_SUPP":"TRONROUT0000000000184533/TRONROUT0000000000185347/TRONROUT0000000000185380/TRONROUT0000000000185387/TRONROUT0000000000185407","INSEEDBAN":null,"COMDEL_BAN":null,"DATE_CREAT":"2023-12-08T13:42:59","DATE_MAJ":"2024-03-12T16:10:18","NOM_NORMA":"R PIAT","ID_BAN_ODO":null,"Nom_a_verifier":false,"other_tags":"\"wikipedia\"=>\"fr:Rue_Piat\""},"geometry":{"type":"MultiLineString","coordinates":[[[2.385623787071219,48.871542035986344],[2.385707538321824,48.871492103012372],[2.385732193185928,48.871482336842888],[2.385760874112734,48.871477987344591],[2.385969554836329,48.871470064664159],[2.38603216816495,48.871478479867996]],[[2.385058121118772,48.871879080218079],[2.38531484121342,48.871728411067849],[2.385623787071219,48.871542035986344]],[[2.384057217041959,48.872704920001226],[2.383923672009833,48.872814850969469],[2.38344596618005,48.873205400755111],[2.383201087620442,48.873391200832145],[2.383085559974287,48.873476042283549]],[[2.385058121118772,48.871879080218079],[2.38493445223214,48.871961183705054],[2.384803669319622,48.872068431895769],[2.384650670134613,48.872209740479811]],[[2.384650670134613,48.872209740479811],[2.384057217041959,48.872704920001226]]]}},
{"type":"Feature","properties":{"ID":"VOIE_NOM0000002338740010","ID_BAN":"75120_6924","name":"Rue Orfila","INSEE_COM":"75120","NOM_COM":"Paris 20e Arrondissement","SRC_BAN":"commune","NOM_COLL":"R ORFILA","TYPE_VOIE":"rue","MOT_DIR":"Orfila","LD_BAN":null,"ID_SUPP":"TRONROUT0000000000187006/TRONROUT0000000000187013/TRONROUT0000000000187027/TRONROUT0000000000187893/TRONROUT0000000000187903/TRONROUT0000000000187910/TRONROUT0000000000187912/TRONROUT0000000000187916/TRONROUT0000000000187917/TRONROUT0000000000188918","INSEEDBAN":null,"COMDEL_BAN":null,"DATE_CREAT":"2023-12-08T13:42:59","DATE_MAJ":"2024-03-12T16:10:18","NOM_NORMA":"R ORFILA","ID_BAN_ODO":null,"Nom_a_verifier":false,"other_tags":"\"wikipedia\"=>\"fr:Rue_Orfila\""},"geometry":{"type":"MultiLineString","coordinates":[[[2.394315284276642,48.865063434023121],[2.394703642311244,48.865310019358553],[2.394744252402551,48.865334506923553]],[[2.394744252402551,48.865334506923553],[2.394889046277067,48.865426072439234]],[[2.395542653989946,48.865839474255196],[2.394889046277067,48.865426072439234]],[[2.395883659492087,48.866056138166712],[2.395848427665777,48.866037973535647],[2.395542653989946,48.865839474255196]],[[2.398856786036265,48.86746957995706],[2.397816795762038,48.866985903966309],[2.397439815125556,48.866814031645987]],[[2.399731383371809,48.867875074193137],[2.399647303928421,48.867836880300437],[2.398856786036265,48.86746957995706]],[[2.400154301620877,48.868084042126974],[2.40001192737053,48.868017676867019],[2.399857409522998,48.867940458490501],[2.399731383371809,48.867875074193137]],[[2.401427664849187,48.868311654009368],[2.40126148427052,48.868300030776808],[2.401171660951982,48.868286990689477],[2.40110093213967,48.868273146742524],[2.400505155123474,48.868158646309219],[2.400299847708111,48.868111751592444],[2.400154301620877,48.868084042126974]],[[2.397107548950103,48.866665766159201],[2.396132925760574,48.866190498334923],[2.395883659492087,48.866056138166712]],[[2.397439815125556,48.866814031645987],[2.397107548950103,48.866665766159201]]]}},
{"type":"Feature","properties":{"ID":"VOIE_NOM0000002338740011","ID_BAN":"75120_7534","name":"Rue des Plâtrières","INSEE_COM":"75120","NOM_COM":"Paris 20e Arrondissement","SRC_BAN":"commune","NOM_COLL":"R DES PLATRIERES","TYPE_VOIE":"rue","MOT_DIR":"Plâtrières","LD_BAN":null,"ID_SUPP":"TRONROUT0000000000187045/TRONROUT0000000000187046/TRONROUT0000000000187055","INSEEDBAN":null,"COMDEL_BAN":null,"DATE_CREAT":"2023-12-08T13:42:59","DATE_MAJ":"2024-03-12T16:10:18","NOM_NORMA":"R DES PLATRIERES","ID_BAN_ODO":null,"Nom_a_verifier":false,"other_tags":"\"wikipedia\"=>\"fr:Rue_des_Pl%C3%A2tri%C3%A8res\""},"geometry":{"type":"MultiLineString","coordinates":[[[2.390018233907048,48.867892517473869],[2.389966381925758,48.867896749898257],[2.389911856316605,48.867896471979151],[2.389704743293711,48.867888221380994],[2.389515825411636,48.867839592992219],[2.389316013325733,48.867790009378069],[2.389120301574183,48.867739547015184],[2.388777835938735,48.8676487640708]],[[2.390703851700214,48.867316835525308],[2.390614180000632,48.867291197507328],[2.390559707626556,48.867286423455944],[2.390516066604327,48.867287999909642],[2.390474972947427,48.867304878083523],[2.390457062915961,48.867320974975264],[2.39043905816613,48.86734516543261],[2.390390433184003,48.867423160268658],[2.390312445560088,48.867563959230431]],[[2.390312445560088,48.867563959230431],[2.390175921461214,48.867814179209347],[2.390149716521706,48.867840126510352],[2.390118090584323,48.867863348166551],[2.390074249006094,48.867882010872002],[2.390018233907048,48.867892517473869]]]}},
{"type":"Feature","properties":{"ID":"VOIE_NOM0000002338740064","ID_BAN":"75120_3011","name":"Rue Dupont de l'Eure","INSEE_COM":"75120","NOM_COM":"Paris 20e Arrondissement","SRC_BAN":"commune","NOM_COLL":"R DUPONT DE L'EURE","TYPE_VOIE":"rue","MOT_DIR":"Eure","LD_BAN":null,"ID_SUPP":"TRONROUT0000000000187008/TRONROUT0000000000187019","INSEEDBAN":null,"COMDEL_BAN":null,"DATE_CREAT":"2023-12-08T13:42:59","DATE_MAJ":"2024-03-12T16:10:18","NOM_NORMA":"R DUPONT DE L'EURE","ID_BAN_ODO":null,"Nom_a_verifier":false,"other_tags":"\"wikipedia\"=>\"fr:Rue_Dupont-de-l%27Eure\""},"geometry":{"type":"MultiLineString","coordinates":[[[2.400154301620877,48.868084042126974],[2.400727011401404,48.867478059346212]],[[2.399659693330649,48.868654440180514],[2.400154301620877,48.868084042126974]]]}},
{"type":"Feature","properties":{"ID":"VOIE_NOM0000002338740077","ID_BAN":"75120_2775","name":"Passage des Deux Portes","INSEE_COM":"75120","NOM_COM":"Paris 20e Arrondissement","SRC_BAN":"commune","NOM_COLL":"PAS DES 2 PORTES","TYPE_VOIE":"passage","MOT_DIR":"Portes","LD_BAN":null,"ID_SUPP":"TRONROUT0000000000191760","INSEEDBAN":null,"COMDEL_BAN":null,"DATE_CREAT":"2023-12-08T13:42:59","DATE_MAJ":"2024-03-12T16:10:18","NOM_NORMA":"PAS DES DEUX PORTES","ID_BAN_ODO":null,"Nom_a_verifier":false,"other_tags":"nan"},"geometry":{"type":"MultiLineString","coordinates":[[[2.405406753262123,48.859250845598581],[2.405360629656943,48.859231730187425],[2.405257612684758,48.859181754309823],[2.405103010585024,48.859113535023042],[2.405063732579312,48.859091755491463],[2.40482420251652,48.858941273230961],[2.404757389207656,48.858943638945725],[2.404671618488972,48.858935118179851],[2.404576389664585,48.858919355535875]]]}},
{"type":"Feature","properties":{"ID":"VOIE_NOM0000002338740078","ID_BAN":"75120_9084","name":"Passage Stendhal","INSEE_COM":"75120","NOM_COM":"Paris 20e Arrondissement","SRC_BAN":"commune","NOM_COLL":"PAS STENDHAL","TYPE_VOIE":"passage","MOT_DIR":"Stendhal","LD_BAN":null,"ID_SUPP":"TRONROUT0000000000189984/TRONROUT0000000000189988","INSEEDBAN":null,"COMDEL_BAN":null,"DATE_CREAT":"2023-12-08T13:42:59","DATE_MAJ":"2024-03-12T16:10:18","NOM_NORMA":"PAS STENDHAL","ID_BAN_ODO":null,"Nom_a_verifier":false,"other_tags":"nan"},"geometry":{"type":"MultiLineString","coordinates":[[[2.400592864531395,48.861839423401484],[2.400656441129394,48.861763297696079],[2.400821984668326,48.861591452847392]],[[2.400821984668326,48.861591452847392],[2.401442003105826,48.861843673411848]]]}},
{"type":"Feature","properties":{"ID":"VOIE_NOM0000002338740084","ID_BAN":"75120_7220","name":"Passage de Pékin","INSEE_COM":"75120","NOM_COM":"Paris 20e Arrondissement","SRC_BAN":"commune","NOM_COLL":"PAS DE PEKIN","TYPE_VOIE":"passage","MOT_DIR":"Pékin","LD_BAN":null,"ID_SUPP":"TRONROUT0000000000185354/TRONROUT0000000000185381","INSEEDBAN":null,"COMDEL_BAN":null,"DATE_CREAT":"2023-12-08T13:42:59","DATE_MAJ":"2024-03-12T16:10:18","NOM_NORMA":"PAS DE PEKIN","ID_BAN_ODO":null,"Nom_a_verifier":false,"other_tags":"nan"},"geometry":{"type":"MultiLineString","coordinates":[[[2.383371287346447,48.871682441152224],[2.383411811267414,48.871599011647298],[2.383410778033392,48.871571126904172],[2.383400297965622,48.871535099471572],[2.383364140039917,48.871480053696565],[2.383218582683386,48.871338107953193],[2.383149846061662,48.871271202851169],[2.383093218889825,48.871217850163426]],[[2.383371287346447,48.871682441152224],[2.383038082346094,48.87149905826675],[2.382943316500139,48.871442810925451]]]}},
{"type":"Feature","properties":{"ID":"VOIE_NOM0000002338740124","ID_BAN":"75120_4734","name":"Rue Irénée Blanc","INSEE_COM":"75120","NOM_COM":"Paris 20e Arrondissement","SRC_BAN":"commune","NOM_COLL":"R IRENEE BLANC","TYPE_VOIE":"rue","MOT_DIR":"Blanc","LD_BAN":null,"ID_SUPP":"TRONROUT0000000000187842/TRONROUT0000000000187843/TRONROUT0000000000187857/TRONROUT0000000000187860/TRONROUT0000000000187871","INSEEDBAN":null,"COMDEL_BAN":null,"DATE_CREAT":"2023-12-08T13:42:59","DATE_MAJ":"2024-03-12T16:10:18","NOM_NORMA":"R IRENEE BLANC","ID_BAN_ODO":null,"Nom_a_verifier":false,"other_tags":"\"wikipedia\"=>\"fr:Rue_Ir%C3%A9n%C3%A9e-Blanc\""},"geometry":{"type":"MultiLineString","coordinates":[[[2.407472469969724,48.865533998739281],[2.407383808343167,48.865538955796403],[2.407316771831182,48.865560207980593],[2.407252287476841,48.865596761529154],[2.407162929811295,48.865662870022497],[2.407070825276228,48.865730763515749],[2.406997967517154,48.865784362878067],[2.406955312547331,48.865819225740459]],[[2.406870002436414,48.865888951416359],[2.406955312547331,48.865819225740459]],[[2.408250591704732,48.867115287834082],[2.408216897479535,48.86696133449616],[2.408179481911491,48.866774986561154],[2.408140846544945,48.866576041816778]],[[2.40807359864456,48.866135932843541],[2.408041810269618,48.865934323795244],[2.408005033568757,48.865811831835693],[2.407973075738933,48.865745122692083],[2.407917730913166,48.865697183956421],[2.40776988051649,48.865632599385265],[2.407578514142756,48.865558805845168],[2.407472469969724,48.865533998739281]],[[2.408140846544945,48.866576041816778],[2.40810517269033,48.866356426888998],[2.408084926441113,48.86621872799968],[2.40807359864456,48.866135932843541]]]}},
{"type":"Feature","properties":{"ID":"VOIE_NOM0000002338740131","ID_BAN":"75120_6475","name":"Rue Monte Cristo","INSEE_COM":"75120","NOM_COM":"Paris 20e Arrondissement","SRC_BAN":"commune","NOM_COLL":"R MONTE CRISTO","TYPE_VOIE":"rue","MOT_DIR":"Cristo","LD_BAN":null,"ID_SUPP":"TRONROUT0000000000193463","INSEEDBAN":null,"COMDEL_BAN":null,"DATE_CREAT":"2023-12-08T13:42:59","DATE_MAJ":"2024-03-12T16:10:18","NOM_NORMA":"R MONTE CRISTO","ID_BAN_ODO":null,"Nom_a_verifier":false,"other_tags":"\"wikipedia\"=>\"fr:Rue_Monte-Cristo_(Paris)\""},"geometry":{"type":"MultiLineString","coordinates":[[[2.397148918124624,48.856847847756896],[2.397260245399842,48.856649652879447],[2.39746826029418,48.856340425697297],[2.397892428436414,48.855724709021459],[2.398046174451197,48.855511437760867],[2.398584488602015,48.855159801451407],[2.398636638580811,48.85512858636482],[2.398695581773734,48.855099204088575]]]}},
{"type":"Feature","properties":{"ID":"VOIE_NOM0000002338740135","ID_BAN":"75120_5111","name":"Passage Julien Lacroix","INSEE_COM":"75120","NOM_COM":"Paris 20e Arrondissement","SRC_BAN":"commune","NOM_COLL":"PAS JULIEN LACROIX","TYPE_VOIE":"passage","MOT_DIR":"Lacroix","LD_BAN":null,"ID_SUPP":"TRONROUT0000000000186227","INSEEDBAN":null,"COMDEL_BAN":null,"DATE_CREAT":"2023-12-08T13:42:59","DATE_MAJ":"2024-03-12T16:10:18","NOM_NORMA":"PAS JULIEN LACROIX","ID_BAN_ODO":null,"Nom_a_verifier":false,"other_tags":"nan"},"geometry":{"type":"MultiLineString","coordinates":[[[2.384977368466901,48.87063578259216],[2.384856060067276,48.870518245432557],[2.38475495599006,48.870421496739269],[2.384637695703723,48.870307577486436],[2.384597256478452,48.870268698082725],[2.384566412842521,48.870225371315819]]]}},
{"type":"Feature","properties":{"ID":"VOIE_NOM0000002338740141","ID_BAN":"75120_2380","name":"Rue Courat","INSEE_COM":"75120","NOM_COM":"Paris 20e Arrondissement","SRC_BAN":"commune","NOM_COLL":"R COURAT","TYPE_VOIE":"rue","MOT_DIR":"Courat","LD_BAN":null,"ID_SUPP":"TRONROUT0000000000192671/TRONROUT0000000000192672/TRONROUT0000000000192680","INSEEDBAN":null,"COMDEL_BAN":null,"DATE_CREAT":"2023-12-08T13:42:59","DATE_MAJ":"2024-03-12T16:10:18","NOM_NORMA":"R COURAT","ID_BAN_ODO":null,"Nom_a_verifier":false,"other_tags":"\"wikipedia\"=>\"fr:Rue_Courat\""},"geometry":{"type":"MultiLineString","coordinates":[[[2.405750101699313,48.857708375986995],[2.405326754803979,48.857422979046795]],[[2.405774535350357,48.856283033834906],[2.405823167928128,48.856201434783429]],[[2.405326754803979,48.857422979046795],[2.405493535013592,48.856901287758127],[2.40570664847749,48.856379826129007],[2.405774535350357,48.856283033834906]]]}},
{"type":"Feature","properties":{"ID":"VOIE_NOM0000002338740152","ID_BAN":"75120_9043","name":"Impasse des Souhaits","INSEE_COM":"75120","NOM_COM":"Paris 20e Arrondissement","SRC_BAN":"commune","NOM_COLL":"IMP DES SOUHAITS","TYPE_VOIE":"impasse","MOT_DIR":"Souhaits","LD_BAN":null,"ID_SUPP":"TRONROUT0000000000194182","INSEEDBAN":null,"COMDEL_BAN":null,"DATE_CREAT":"2023-12-08T13:42:59","DATE_MAJ":"2024-03-12T16:10:18","NOM_NORMA":"IMP DES SOUHAITS","ID_BAN_ODO":null,"Nom_a_verifier":false,"other_tags":"nan"},"geometry":{"type":"MultiLineString","coordinates":[[[2.399514976331965,48.853772282863233],[2.399158030342376,48.85423455511949],[2.399150770510667,48.854273190664877],[2.399132649861166,48.854308174275261],[2.399049523998562,48.854425571509083]]]}},
{"type":"Feature","properties":{"ID":"VOIE_NOM0000002338740167","ID_BAN":"75120_1398","name":"Rue de Buzenval","INSEE_COM":"75120","NOM_COM":"Paris 20e Arrondissement","SRC_BAN":"commune","NOM_COLL":"R DE BUZENVAL","TYPE_VOIE":"rue","MOT_DIR":"Buzenval","LD_BAN":null,"ID_SUPP":"TRONROUT0000000000193474/TRONROUT0000000000194167/TRONROUT0000000000194177/TRONROUT0000000000195036/TRONROUT0000000000195037/TRONROUT0000000000195906/TRONROUT0000000000195912/TRONROUT0000000000195914","INSEEDBAN":null,"COMDEL_BAN":null,"DATE_CREAT":"2023-12-08T13:42:59","DATE_MAJ":"2024-03-12T16:10:18","NOM_NORMA":"R DE BUZENVAL","ID_BAN_ODO":null,"Nom_a_verifier":false,"other_tags":"\"wikipedia\"=>\"fr:Rue_de_Buzenval\""},"geometry":{"type":"MultiLineString","coordinates":[[[2.402743647546542,48.848890577313007],[2.402721847305485,48.849009183057184],[2.402478580265893,48.849545781229487],[2.40243376853026,48.84965078164781]],[[2.40243376853026,48.84965078164781],[2.402255829865819,48.849956571895454]],[[2.40180049058687,48.850921998610566],[2.402255829865819,48.849956571895454]],[[2.398695581773734,48.855099204088575],[2.39876827748018,48.855059098705404],[2.399023833797822,48.854880512837568],[2.399095114291053,48.85484489688475]],[[2.399927452707405,48.854049552954336],[2.399945624514721,48.854010072730318],[2.399965086580246,48.853976894415474],[2.400782298457655,48.852953932733698]],[[2.399095114291053,48.85484489688475],[2.399143154510659,48.854815459629762],[2.39919130873988,48.85477613009494],[2.399855573116294,48.854137328651134],[2.399896932992527,48.85409616603863],[2.399927452707405,48.854049552954336]],[[2.401372729825235,48.851857882252297],[2.40180049058687,48.850921998610566]],[[2.400782298457655,48.852953932733698],[2.401372729825235,48.851857882252297]]]}},
{"type":"Feature","properties":{"ID":"VOIE_NOM0000002338740168","ID_BAN":"75120_0155","name":"Rue Alexandre Dumas","INSEE_COM":"75120","NOM_COM":"Paris 20e Arrondissement","SRC_BAN":"commune","NOM_COLL":"R ALEXANDRE DUMAS","TYPE_VOIE":"rue","MOT_DIR":"Dumas","LD_BAN":null,"ID_SUPP":"TRONROUT0000000000193451/TRONROUT0000000000193462/TRONROUT0000000000193464/TRONROUT0000000000193478/TRONROUT0000000000193480/TRONROUT0000000312695120","INSEEDBAN":null,"COMDEL_BAN":null,"DATE_CREAT":"2023-12-08T13:42:59","DATE_MAJ":"2024-03-12T16:10:18","NOM_NORMA":"R ALEXANDRE DUMAS","ID_BAN_ODO":null,"Nom_a_verifier":false,"other_tags":"\"wikipedia\"=>\"fr:Rue_Alexandre-Dumas\""},"geometry":{"type":"MultiLineString","coordinates":[[[2.396130962263927,48.85436501128703],[2.396090203727007,48.854354013396758],[2.396046750905237,48.854340303846229]],[[2.396130962263927,48.85436501128703],[2.396197509567415,48.854385132789126]],[[2.40064664507729,48.855624318894755],[2.40057038919991,48.855618540833703],[2.400520047617868,48.855611093858691],[2.400475198720101,48.855600076991657],[2.399916881891954,48.855440791877285]],[[2.398695581773734,48.855099204088575],[2.398752705503211,48.855109383961278],[2.39934357755139,48.855281428885576],[2.399429144440945,48.855307040121197],[2.399916881891954,48.855440791877285]],[[2.396197509567415,48.854385132789126],[2.396882147804319,48.854579247551229],[2.397496133624584,48.85475501563522]],[[2.398695581773734,48.855099204088575],[2.39757628913842,48.854777003574988],[2.397496133624584,48.85475501563522]]]}},
{"type":"Feature","properties":{"ID":"VOIE_NOM0000002338740181","ID_BAN":"75120_1280","name":"Rue Bretonneau","INSEE_COM":"75120","NOM_COM":"Paris 20e Arrondissement","SRC_BAN":"commune","NOM_COLL":"R BRETONNEAU","TYPE_VOIE":"rue","MOT_DIR":"Bretonneau","LD_BAN":null,"ID_SUPP":"TRONROUT0000000000187016/TRONROUT0000002209717225","INSEEDBAN":null,"COMDEL_BAN":null,"DATE_CREAT":"2023-12-08T13:42:59","DATE_MAJ":"2024-03-12T16:10:18","NOM_NORMA":"R BRETONNEAU","ID_BAN_ODO":null,"Nom_a_verifier":false,"other_tags":"\"wikipedia\"=>\"fr:Rue_Bretonneau\""},"geometry":{"type":"MultiLineString","coordinates":[[[2.402921157530823,48.867532193412153],[2.402249740129791,48.867238355943485]],[[2.40357915703031,48.867807973387798],[2.403498999527632,48.867784191155245],[2.402921157530823,48.867532193412153]]]}},
{"type":"Feature","properties":{"ID":"VOIE_NOM0000002338740190","ID_BAN":"75120_0355","name":"Rue d'Annam","INSEE_COM":"75120","NOM_COM":"Paris 20e Arrondissement","SRC_BAN":"commune","NOM_COLL":"R D'ANNAM","TYPE_VOIE":"rue","MOT_DIR":"Annam","LD_BAN":null,"ID_SUPP":"TRONROUT0000000000187921/TRONROUT0000002334837230","INSEEDBAN":null,"COMDEL_BAN":null,"DATE_CREAT":"2023-12-08T13:42:59","DATE_MAJ":"2024-03-12T16:10:18","NOM_NORMA":"R D'ANNAM","ID_BAN_ODO":null,"Nom_a_verifier":false,"other_tags":"\"wikipedia\"=>\"fr:Rue_d%27Annam\""},"geometry":{"type":"MultiLineString","coordinates":[[[2.393745812153414,48.866324123452941],[2.393815937175895,48.866272316950081],[2.394412372609072,48.865858042689183]],[[2.395639451293204,48.867953409474865],[2.394642203961449,48.867312537580084],[2.394477188402697,48.867201084190384],[2.394245362880445,48.86685636365447],[2.394165713116454,48.866789409415638],[2.393725158843945,48.86645891975418],[2.393695474108158,48.866432688537614],[2.393684841426102,48.866409251848445],[2.393702990876196,48.866372470871973],[2.393745812153414,48.866324123452941]]]}},
{"type":"Feature","properties":{"ID":"VOIE_NOM0000002338740203","ID_BAN":"75120_0626","name":"Rue de Bagnolet","INSEE_COM":"75120","NOM_COM":"Paris 20e Arrondissement","SRC_BAN":"commune","NOM_COLL":"R DE BAGNOLET","TYPE_VOIE":"rue","MOT_DIR":"Bagnolet","LD_BAN":null,"ID_SUPP":"TRONROUT0000000000188834/TRONROUT0000000000189960/TRONROUT0000000000189961/TRONROUT0000000000189962/TRONROUT0000000000190947/TRONROUT0000000000190948/TRONROUT0000000000190953/TRONROUT0000000000190960/TRONROUT0000000000191767/TRONROUT0000000000191768/TRON","INSEEDBAN":null,"COMDEL_BAN":null,"DATE_CREAT":"2023-12-08T13:42:59","DATE_MAJ":"2024-04-24T20:41:02","NOM_NORMA":"R DE BAGNOLET","ID_BAN_ODO":null,"Nom_a_verifier":false,"other_tags":"\"wikipedia\"=>\"fr:Rue_de_Bagnolet\""},"geometry":{"type":"MultiLineString","coordinates":[[[2.407691847648874,48.86374359997798],[2.40777669648218,48.863833953911843],[2.407907347221109,48.863972199413439],[2.408025904981178,48.864095096155346],[2.408132318487112,48.864207140625972],[2.40816873251005,48.864241495621407],[2.408210608988215,48.864274978275063],[2.408300008372694,48.864324883992786],[2.40836109025995,48.864347669461786]],[[2.40666922687943,48.862691701693691],[2.406824180728524,48.86284985454229],[2.407019503921635,48.863054073585815],[2.407233736992815,48.863273674721675],[2.407470836486702,48.863520368853941],[2.407691847648874,48.86374359997798]],[[2.40666922687943,48.862691701693691],[2.406346071180125,48.862342053955778]],[[2.406346071180125,48.862342053955778],[2.405842371686711,48.861808043213152]],[[2.40836109025995,48.864347669461786],[2.408458954138602,48.864372435384716],[2.408540563596726,48.864388127500831]],[[2.402125843095179,48.859148161795744],[2.401543385299807,48.858832278375644],[2.401267047611575,48.858683403512607]],[[2.401267047611575,48.858683403512607],[2.401154650399515,48.858619886943735]],[[2.401154650399515,48.858619886943735],[2.400713220957707,48.858367659115693]],[[2.400713220957707,48.858367659115693],[2.400367950036865,48.85816897284819]],[[2.399327950415681,48.857582779566947],[2.399226419423929,48.857522913029015],[2.399111280723433,48.857461179378348],[2.398997557029121,48.857394955987303],[2.398847119277914,48.857321353277868],[2.398764378867718,48.857286762424891],[2.398689763851861,48.857256709075692],[2.398366617409892,48.857149861286274]],[[2.400367950036865,48.85816897284819],[2.399487763877628,48.857670818234553],[2.399327950415681,48.857582779566947]],[[2.402125843095179,48.859148161795744],[2.402201609029873,48.859197104913299],[2.402303177652497,48.859254270957599],[2.402866873043345,48.859543076566013]],[[2.402866873043345,48.859543076566013],[2.403087628331788,48.859666488706772]],[[2.403087628331788,48.859666488706772],[2.403915458489895,48.860100501430509]],[[2.404172956333428,48.860229490554538],[2.404208094578553,48.860255746461362],[2.404316060619388,48.860349815653564],[2.404475130324215,48.860504395061866],[2.404727432987588,48.860730486136269]],[[2.404727432987588,48.860730486136269],[2.404859656813034,48.860848957709784]],[[2.404859656813034,48.860848957709784],[2.405315306745694,48.861291900788295],[2.405842371686711,48.861808043213152]],[[2.40489393997995,48.86106946721079],[2.404922603302135,48.861066012372163],[2.404949821486744,48.86106974508354],[2.404974211039093,48.861082457152591],[2.405453966515306,48.861563291826741],[2.405561804124217,48.861669050571095],[2.405621067287471,48.861731399539153],[2.405658830646732,48.861766661435674],[2.405697998074065,48.86179833292281],[2.405737350190406,48.861813817154598],[2.405842371686711,48.861808043213152]],[[2.394491798097607,48.856561929682876],[2.394592439593265,48.856580425848975]],[[2.394452411483748,48.856550038858174],[2.394491798097607,48.856561929682876]],[[2.394345091773725,48.85651981725605],[2.394452411483748,48.856550038858174]],[[2.397344846381354,48.856876714420061],[2.397234642562273,48.856859971108463],[2.397148918124624,48.856847847756896]],[[2.397148918124624,48.856847847756896],[2.396873892658212,48.856823078864849]],[[2.397817955136182,48.856979823031381],[2.397699781728127,48.856945053110223],[2.397582888150583,48.856917484288097],[2.397344846381354,48.856876714420061]],[[2.398127647413862,48.857071315767008],[2.397817955136182,48.856979823031381]],[[2.398366617409892,48.857149861286274],[2.398127647413862,48.857071315767008]],[[2.395983380207099,48.856750236797623],[2.396251642718058,48.856770476884996],[2.396873892658212,48.856823078864849]],[[2.395634730685083,48.856727791438907],[2.39585808148078,48.856742409488902],[2.395983380207099,48.856750236797623]],[[2.394592439593265,48.856580425848975],[2.39483588745875,48.856624825950149],[2.395322899236958,48.85670373242246],[2.395634730685083,48.856727791438907]]]}},
{"type":"Feature","properties":{"ID":"VOIE_NOM0000002338740204","ID_BAN":"75120_4452","name":"Rue des Haies","INSEE_COM":"75120","NOM_COM":"Paris 20e Arrondissement","SRC_BAN":"commune","NOM_COLL":"R DES HAIES","TYPE_VOIE":"rue","MOT_DIR":"Haies","LD_BAN":null,"ID_SUPP":"TRONROUT0000000000192688/TRONROUT0000000000193430/TRONROUT0000000000193432/TRONROUT0000000000193436/TRONROUT0000000000194160/TRONROUT0000000000194168/TRONROUT0000000000194171/TRONROUT0000000000195044/TRONROUT0000000230209261/TRONROUT0000000256753388/TRON","INSEEDBAN":null,"COMDEL_BAN":null,"DATE_CREAT":"2023-12-08T13:42:59","DATE_MAJ":"2024-04-09T23:12:41","NOM_NORMA":"R DES HAIES","ID_BAN_ODO":null,"Nom_a_verifier":false,"other_tags":"\"wikipedia\"=>\"fr:Rue_des_Haies\""},"geometry":{"type":"MultiLineString","coordinates":[[[2.400782298457655,48.852953932733698],[2.400683531342468,48.85289138293772],[2.400074253396434,48.852426063723932],[2.399352533254068,48.851903517658116]],[[2.400782298457655,48.852953932733698],[2.401039525810978,48.853102713982544],[2.401193805054456,48.853197018524568],[2.40139142455508,48.853314922772938],[2.401559456631048,48.853398503429332]],[[2.401559456631048,48.853398503429332],[2.401627202325154,48.853433017507214],[2.40203091155583,48.853643684715905]],[[2.403531040466777,48.854866191878614],[2.403559937230388,48.854842053523839],[2.403649342665334,48.854770551295118],[2.403953483904055,48.854513054431969]],[[2.403531040466777,48.854866191878614],[2.40360416853003,48.854907027040866]],[[2.403060309212239,48.854556267400355],[2.403091035324876,48.854610381575014],[2.403111271205582,48.854628469483657],[2.403138331378327,48.854645692080631],[2.403531040466777,48.854866191878614]],[[2.402619839511732,48.853984781581815],[2.402748076779608,48.854092444230936],[2.402828812975092,48.854182782051822],[2.402895962816741,48.854269454618368],[2.402978837790946,48.85441106585268],[2.403060309212239,48.854556267400355]],[[2.40203091155583,48.853643684715905],[2.402453682268348,48.85385624439639],[2.402475301035172,48.853872540635656],[2.402619839511732,48.853984781581815]],[[2.40360416853003,48.854907027040866],[2.403770753870996,48.854998691348733],[2.403816739380291,48.855029498300645]],[[2.403816739380291,48.855029498300645],[2.403861300404302,48.855065694223647],[2.403894845859827,48.855111728077794]],[[2.404278671644076,48.855752176256047],[2.404264132987379,48.855712532598474],[2.40421904121863,48.855603487078525],[2.404168282410566,48.85551329960694],[2.404010144341756,48.855278681722844],[2.403894845859827,48.855111728077794]],[[2.404773588845151,48.856213306095086],[2.404394842168442,48.855962302419378],[2.404350197761938,48.855933301091149],[2.404325893020479,48.855913394468999],[2.404312593735192,48.855884549158034],[2.404278671644076,48.855752176256047]],[[2.404883084985307,48.856292093872362],[2.405160629164062,48.85645445691322],[2.405217447669087,48.856491612551842]]]}},
{"type":"Feature","properties":{"ID":"VOIE_NOM0000002338740205","ID_BAN":"75120_9086","name":"Villa Stendhal","INSEE_COM":"75120","NOM_COM":"Paris 20e Arrondissement","SRC_BAN":"commune","NOM_COLL":"VLA STENDHAL","TYPE_VOIE":"villa","MOT_DIR":"Stendhal","LD_BAN":null,"ID_SUPP":"TRONROUT0000000000189970","INSEEDBAN":null,"COMDEL_BAN":null,"DATE_CREAT":"2023-12-08T13:42:59","DATE_MAJ":"2024-03-12T16:10:18","NOM_NORMA":"VLA STENDHAL","ID_BAN_ODO":null,"Nom_a_verifier":false,"other_tags":"nan"},"geometry":{"type":"MultiLineString","coordinates":[[[2.402398969980287,48.86254814405936],[2.401316617844496,48.861960860088651]]]}},
{"type":"Feature","properties":{"ID":"VOIE_NOM0000002338740212","ID_BAN":"75120_6196","name":"Rue Maurice Berteaux","INSEE_COM":"75120","NOM_COM":"Paris 20e Arrondissement","SRC_BAN":"commune","NOM_COLL":"R MAURICE BERTEAUX","TYPE_VOIE":"rue","MOT_DIR":"Berteaux","LD_BAN":null,"ID_SUPP":"TRONROUT0000000000186955/TRONROUT0000000000186961","INSEEDBAN":null,"COMDEL_BAN":null,"DATE_CREAT":"2023-12-08T13:42:59","DATE_MAJ":"2024-03-12T16:10:18","NOM_NORMA":"R MAURICE BERTEAUX","ID_BAN_ODO":null,"Nom_a_verifier":false,"other_tags":"\"wikipedia\"=>\"fr:Rue_Maurice-Berteaux\""},"geometry":{"type":"MultiLineString","coordinates":[[[2.410080532927751,48.867911241287445],[2.410410525567613,48.867902974578747],[2.410995558019909,48.867884270932429]],[[2.409142292641873,48.867941687397199],[2.409550025591075,48.867930209458557],[2.410080532927751,48.867911241287445]]]}},
{"type":"Feature","properties":{"ID":"VOIE_NOM0000002338740221","ID_BAN":"75120_3323","name":"Cité de l'Ermitage","INSEE_COM":"75120","NOM_COM":"Paris 20e Arrondissement","SRC_BAN":"commune","NOM_COLL":"CITE DE L'ERMITAGE","TYPE_VOIE":"cité","MOT_DIR":"Ermitage","LD_BAN":null,"ID_SUPP":"TRONROUT0000000000186166/TRONROUT0000000356726156","INSEEDBAN":null,"COMDEL_BAN":null,"DATE_CREAT":"2023-12-08T13:42:59","DATE_MAJ":"2024-03-12T16:10:18","NOM_NORMA":"CITE DE L'ERMITAGE","ID_BAN_ODO":null,"Nom_a_verifier":false,"other_tags":"nan"},"geometry":{"type":"MultiLineString","coordinates":[[[2.39269613634342,48.869366659592373],[2.392619997572496,48.869466099669893],[2.392579647356924,48.869536043195865],[2.392480868567304,48.869706415892253],[2.392429413166629,48.869793390387777]],[[2.392429413166629,48.869793390387777],[2.392277384129361,48.87008760102654]]]}},
{"type":"Feature","properties":{"ID":"VOIE_NOM0000002338740226","ID_BAN":"75120_6216","name":"Allée des Mauves","INSEE_COM":"75120","NOM_COM":"Paris 20e Arrondissement","SRC_BAN":"commune","NOM_COLL":"ALL DES MAUVES","TYPE_VOIE":"allée","MOT_DIR":"Mauves","LD_BAN":null,"ID_SUPP":"TRONROUT0000000000192648/TRONROUT0000002341783097","INSEEDBAN":null,"COMDEL_BAN":null,"DATE_CREAT":"2023-12-08T13:42:59","DATE_MAJ":"2024-03-12T16:10:18","NOM_NORMA":"ALL DES MAUVES","ID_BAN_ODO":null,"Nom_a_verifier":false,"other_tags":"nan"},"geometry":{"type":"MultiLineString","coordinates":[[[2.408836447993938,48.856572500373609],[2.40865550100066,48.856664238958942],[2.408506123547488,48.856736347706637],[2.408303308479034,48.856833373731348],[2.4082278817145,48.856874370658751],[2.408219582020451,48.856885121764968]],[[2.408219582020451,48.856885121764968],[2.408201578909552,48.856910214416885],[2.408196928550019,48.856959655442211],[2.408209923833319,48.857015479153112],[2.408229988788964,48.85704885417681],[2.408301607548251,48.857103169076957],[2.40844889326356,48.857215416133116]]]}},
{"type":"Feature","properties":{"ID":"VOIE_NOM0000002338740234","ID_BAN":"75120_0643","name":"Rue des Balkans","INSEE_COM":"75120","NOM_COM":"Paris 20e Arrondissement","SRC_BAN":"commune","NOM_COLL":"R DES BALKANS","TYPE_VOIE":"rue","MOT_DIR":"Balkans","LD_BAN":null,"ID_SUPP":"TRONROUT0000000000190935/TRONROUT0000000000190936/TRONROUT0000000000191724/TRONROUT0000002330783695","INSEEDBAN":null,"COMDEL_BAN":null,"DATE_CREAT":"2023-12-08T13:42:59","DATE_MAJ":"2024-03-12T16:10:18","NOM_NORMA":"R DES BALKANS","ID_BAN_ODO":null,"Nom_a_verifier":false,"other_tags":"\"wikipedia\"=>\"fr:Rue_des_Balkans\""},"geometry":{"type":"MultiLineString","coordinates":[[[2.407011235920174,48.860187829052407],[2.407235908003843,48.859728478245387],[2.407256914652536,48.859679118391497],[2.40726555261502,48.859638690707115],[2.407256912475028,48.859559505655994]],[[2.405842371686711,48.861808043213152],[2.405920574453721,48.861763464338701],[2.406184460788983,48.861452702242509],[2.406419465548569,48.861164279808968]],[[2.406793885493401,48.860482635778844],[2.406853270390787,48.860414580052172],[2.406955500144942,48.860294574714224],[2.407011235920174,48.860187829052407]],[[2.406419465548569,48.861164279808968],[2.406467947996179,48.861096170232237],[2.406605862112321,48.860835145410668],[2.406759094985066,48.860545417336802],[2.406793885493401,48.860482635778844]]]}},
{"type":"Feature","properties":{"ID":"VOIE_NOM0000002338740279","ID_BAN":"75120_6039","name":"Rue de la Mare","INSEE_COM":"75120","NOM_COM":"Paris 20e Arrondissement","SRC_BAN":"commune","NOM_COLL":"R DE LA MARE","TYPE_VOIE":"rue","MOT_DIR":"Mare","LD_BAN":null,"ID_SUPP":"TRONROUT0000000000184526/TRONROUT0000000000185314/TRONROUT0000000000186183/TRONROUT0000000000186184/TRONROUT0000000000186187/TRONROUT0000000000186189/TRONROUT0000000000186190/TRONROUT0000000000186193/TRONROUT0000000000186198/TRONROUT0000000000187072/TRON","INSEEDBAN":null,"COMDEL_BAN":null,"DATE_CREAT":"2023-12-08T13:42:59","DATE_MAJ":"2024-03-12T16:10:18","NOM_NORMA":"R DE LA MARE","ID_BAN_ODO":null,"Nom_a_verifier":false,"other_tags":"\"wikipedia\"=>\"fr:Rue_de_la_Mare\""},"geometry":{"type":"MultiLineString","coordinates":[[[2.388122531337279,48.868426941052398],[2.388167546506774,48.868308458506682]],[[2.388221728305729,48.869034501305258],[2.388245039488256,48.869022929061281],[2.388258829598219,48.86900950947561],[2.388282520942849,48.868965563004934],[2.388339138465941,48.868787783442514],[2.388399728935203,48.868619916847216],[2.388408309106209,48.868585785840899],[2.388407188790484,48.868565095338695],[2.388396494701214,48.868547053930385],[2.388357311601215,48.868517175543239],[2.388288149686325,48.868486244592852],[2.388193172412115,48.868447986940815],[2.388122531337279,48.868426941052398]],[[2.389201433571749,48.870237422016579],[2.389114874204933,48.870178523386208],[2.389050632489515,48.870076570436218],[2.388827325750756,48.869704903551558]],[[2.38831589890794,48.873785274612899],[2.388322820045768,48.873660302556999],[2.38833395870701,48.873640574125737],[2.388357345847739,48.873622706947508],[2.388557832452211,48.87350052242936],[2.388806824472423,48.873311135173957],[2.388916731057639,48.873239749557193],[2.389122847280637,48.873102304119001],[2.38934813257891,48.872957761430037],[2.389366108147386,48.872936269101864],[2.389377235716152,48.872917439841373],[2.389396848625586,48.872872573161686]],[[2.39018559981402,48.871645404409847],[2.389997987780841,48.8718333088989],[2.389920392744331,48.871939934342777],[2.389886990162388,48.871998220884848],[2.389853429494232,48.872069996636988],[2.389601756940609,48.872721630685291],[2.389525923555389,48.872794090066549]],[[2.389376997957492,48.870495528058299],[2.389238664764221,48.87031765296652],[2.389201433571749,48.870237422016579]],[[2.39018559981402,48.871645404409847],[2.390194484628659,48.871585194193692],[2.390165451523307,48.8715032067417],[2.389995174773563,48.871258619113789],[2.389961589075456,48.871216179163568],[2.389808372406772,48.871028336314765],[2.389376997957492,48.870495528058299]],[[2.388221728305729,48.869034501305258],[2.388244215709632,48.86909307319781],[2.388253198169273,48.869140784007321],[2.388263480453388,48.869193897483314],[2.38828161442995,48.869274930550048]],[[2.388700325917769,48.869607126581549],[2.388620161886046,48.869584233707158]],[[2.388620161886046,48.869584233707158],[2.388531882161602,48.869555903294405],[2.38858191732084,48.869474319193337]],[[2.38851311292983,48.86941281275972],[2.38839033063579,48.869304264924047],[2.38828161442995,48.869274930550048]],[[2.38858191732084,48.869474319193337],[2.38851311292983,48.86941281275972]],[[2.38828161442995,48.869274930550048],[2.388264728268998,48.869319811127198],[2.38819230096837,48.86945074421574],[2.388063993686096,48.869696506749179],[2.388028339805201,48.869830325709358],[2.387903137633558,48.870043727738533],[2.387858553657368,48.870125339400595],[2.387865781572201,48.870438345578165],[2.387867768221608,48.87050130930465]],[[2.388827325750756,48.869704903551558],[2.38877235311643,48.869626380500982],[2.388700325917769,48.869607126581549]]]}},
{"type":"Feature","properties":{"ID":"VOIE_NOM0000002338740296","ID_BAN":"75120_5985","name":"Rue des Maraîchers","INSEE_COM":"75120","NOM_COM":"Paris 20e Arrondissement","SRC_BAN":"commune","NOM_COLL":"R DES MARAICHERS","TYPE_VOIE":"rue","MOT_DIR":"Maraîchers","LD_BAN":null,"ID_SUPP":"TRONROUT0000000000192668/TRONROUT0000000000194143/TRONROUT0000000000194150/TRONROUT0000000000194154/TRONROUT0000000000195026/TRONROUT0000000000195874/TRONROUT0000000000195879/TRONROUT0000000000196688/TRONROUT0000000000196697/TRONROUT0000000356772441/TRON","INSEEDBAN":null,"COMDEL_BAN":null,"DATE_CREAT":"2023-12-08T13:42:59","DATE_MAJ":"2024-03-12T16:10:18","NOM_NORMA":"R DES MARAICHERS","ID_BAN_ODO":null,"Nom_a_verifier":false,"other_tags":"\"wikipedia\"=>\"fr:Rue_des_Mara%C3%AEchers\""},"geometry":{"type":"MultiLineString","coordinates":[[[2.407702538343551,48.847336864500299],[2.407776619662756,48.847652904328591]],[[2.407734475986251,48.848963052894852],[2.407793400253044,48.848334697083466],[2.407820925123206,48.847831195597578],[2.407776619662756,48.847652904328591]],[[2.407734475986251,48.848963052894852],[2.407482827595878,48.850361198366713]],[[2.407482827595878,48.850361198366713],[2.407374362279817,48.850671836674778],[2.407372948450713,48.850676326427099]],[[2.407372948450713,48.850676326427099],[2.40721818279692,48.851103650771108],[2.407025741228029,48.851608132179621],[2.407003333960286,48.851661082796042]],[[2.406619761314491,48.852793261308015],[2.406594289664379,48.852875875126863],[2.406558305687738,48.853043874972713],[2.406393157713604,48.853902833278426]],[[2.406393157713604,48.853902833278426],[2.406191823377933,48.854827263537175],[2.406104612527768,48.855304384283961],[2.406035303218971,48.855406565864449],[2.40555898459874,48.856062522637039],[2.405505187698425,48.856118914226158]],[[2.405505187698425,48.856118914226158],[2.405429061946549,48.856221061526526],[2.405345988272975,48.85633486574941],[2.405217447669087,48.856491612551842]],[[2.405217447669087,48.856491612551842],[2.405165012801445,48.856548010740291],[2.404801348735897,48.85688525600699],[2.404739383306812,48.856940707242011]],[[2.407003333960286,48.851661082796042],[2.406693757484172,48.852518427303373]],[[2.406693757484172,48.852518427303373],[2.40669027427525,48.852584961899488],[2.406619761314491,48.852793261308015]]]}},
{"type":"Feature","properties":{"ID":"VOIE_NOM0000002338740306","ID_BAN":"75120_3597","name":"Rue de la Ferme de Savy","INSEE_COM":"75120","NOM_COM":"Paris 20e Arrondissement","SRC_BAN":"commune","NOM_COLL":"R DE LA FERME DE SAVY","TYPE_VOIE":"rue","MOT_DIR":"Savy","LD_BAN":null,"ID_SUPP":"TRONROUT0000000000185345","INSEEDBAN":null,"COMDEL_BAN":null,"DATE_CREAT":"2023-12-08T13:42:59","DATE_MAJ":"2024-03-12T16:10:18","NOM_NORMA":"R DE LA FERME DE SAVY","ID_BAN_ODO":null,"Nom_a_verifier":false,"other_tags":"\"wikipedia\"=>\"fr:Rue_de_la_Ferme-de-Savy\""},"geometry":{"type":"MultiLineString","coordinates":[[[2.383371287346447,48.871682441152224],[2.383229820095008,48.87200097656271],[2.383195259720039,48.872041268591225]]]}},
{"type":"Feature","properties":{"ID":"VOIE_NOM0000002338740316","ID_BAN":"75120_3388","name":"Rue Etienne Dolet","INSEE_COM":"75120","NOM_COM":"Paris 20e Arrondissement","SRC_BAN":"commune","NOM_COLL":"R ETIENNE DOLET","TYPE_VOIE":"rue","MOT_DIR":"Dolet","LD_BAN":null,"ID_SUPP":"TRONROUT0000000330349958","INSEEDBAN":null,"COMDEL_BAN":null,"DATE_CREAT":"2023-12-08T13:42:59","DATE_MAJ":"2024-03-12T16:10:18","NOM_NORMA":"R ETIENNE DOLET","ID_BAN_ODO":null,"Nom_a_verifier":false,"other_tags":"\"wikipedia\"=>\"fr:Rue_%C3%89tienne-Dolet_(Paris)\""},"geometry":{"type":"MultiLineString","coordinates":[[[2.382866909709522,48.867420577686744],[2.382967493490622,48.867445378440728],[2.385750738574385,48.868175568488795],[2.386328349219554,48.86832512358805]]]}},
{"type":"Feature","properties":{"ID":"VOIE_NOM0000002338740350","ID_BAN":"75120_3679","name":"Place de Flore","INSEE_COM":"75120","NOM_COM":"Paris 20e Arrondissement","SRC_BAN":"commune","NOM_COLL":"PL DE FLORE","TYPE_VOIE":"place","MOT_DIR":"Flore","LD_BAN":null,"ID_SUPP":"TRONROUT0000000000183708","INSEEDBAN":null,"COMDEL_BAN":null,"DATE_CREAT":"2023-12-08T13:42:59","DATE_MAJ":"2024-03-12T16:10:18","NOM_NORMA":"PL DE FLORE","ID_BAN_ODO":null,"Nom_a_verifier":false,"other_tags":"nan"},"geometry":{"type":"MultiLineString","coordinates":[[[2.404095297183348,48.875480067101726],[2.404022561537578,48.875640685270483],[2.403897319083343,48.87562387371478]]]}},
{"type":"Feature","properties":{"ID":"VOIE_NOM0000002338740363","ID_BAN":"75120_2391","name":"Rue de la Cour des Noues","INSEE_COM":"75120","NOM_COM":"Paris 20e Arrondissement","SRC_BAN":"commune","NOM_COLL":"R DE LA COUR DES NOUES","TYPE_VOIE":"rue","MOT_DIR":"Noues","LD_BAN":null,"ID_SUPP":"TRONROUT0000000000188851/TRONROUT0000000000188866/TRONROUT0000000000188867/TRONROUT0000000000188874/TRONROUT0000000000188890","INSEEDBAN":null,"COMDEL_BAN":null,"DATE_CREAT":"2023-12-08T13:42:59","DATE_MAJ":"2024-03-12T16:10:18","NOM_NORMA":"R DE LA COUR DES NOUES","ID_BAN_ODO":null,"Nom_a_verifier":false,"other_tags":"\"wikipedia\"=>\"fr:Rue_de_la_Cour-des-Noues\""},"geometry":{"type":"MultiLineString","coordinates":[[[2.403994144093763,48.863468930321481],[2.403869645639513,48.863508780591076],[2.403706735165135,48.863570023532887],[2.403423136164982,48.863695417244529]],[[2.399137290410838,48.864069686488563],[2.399865512677719,48.864160576420019]],[[2.403423136164982,48.863695417244529],[2.402510839382233,48.864084777397196],[2.40222875253022,48.864196685690274],[2.401923533948235,48.864304880358276],[2.401578610018018,48.864428164504645]],[[2.399865512677719,48.864160576420019],[2.40048332039063,48.864251808191689]],[[2.401578610018018,48.864428164504645],[2.40048332039063,48.864251808191689]]]}},
{"type":"Feature","properties":{"ID":"VOIE_NOM0000002338740404","ID_BAN":"75120_2398","name":"Rue des Couronnes","INSEE_COM":"75120","NOM_COM":"Paris 20e Arrondissement","SRC_BAN":"commune","NOM_COLL":"R DES COURONNES","TYPE_VOIE":"rue","MOT_DIR":"Couronnes","LD_BAN":null,"ID_SUPP":"TRONROUT0000000000185309/TRONROUT0000000000185313/TRONROUT0000000000186192/TRONROUT0000000000186195/TRONROUT0000000000186207/TRONROUT0000000000186208/TRONROUT0000000000186213/TRONROUT0000000000186218/TRONROUT0000000000186220/TRONROUT0000000000186221/TRON","INSEEDBAN":null,"COMDEL_BAN":null,"DATE_CREAT":"2023-12-08T13:42:59","DATE_MAJ":"2025-09-02T22:35:31","NOM_NORMA":"R DES COURONNES","ID_BAN_ODO":null,"Nom_a_verifier":false,"other_tags":"\"wikipedia\"=>\"fr:Rue_des_Couronnes\""},"geometry":{"type":"MultiLineString","coordinates":[[[2.389280075287734,48.87178558072403],[2.389297554928937,48.871806354622016],[2.389312118316939,48.871843301676321],[2.389387555435307,48.872734927557651],[2.389380306862929,48.872771763302971]],[[2.388607595483095,48.871003322899817],[2.388848299022288,48.871286943646993],[2.38923037347312,48.871722373642825],[2.389280075287734,48.87178558072403]],[[2.387867768221608,48.87050130930465],[2.387918164653307,48.870505164371814],[2.388156546525365,48.870521671859457],[2.388200021330856,48.870534484792309],[2.388246011345621,48.870565297295407]],[[2.388246011345621,48.870565297295407],[2.388248346989585,48.870598584684657],[2.388268267091854,48.870643653317742],[2.388338203713434,48.870724951003957],[2.388607595483095,48.871003322899817]],[[2.385566057982154,48.870310548000148],[2.386102629994086,48.870358268043553],[2.386174816230141,48.870364034274807],[2.386400885687555,48.870384079473048],[2.386784949520759,48.87041662515216]],[[2.384432978609779,48.870211195106634],[2.384566412842521,48.870225371315819]],[[2.384566412842521,48.870225371315819],[2.384577297196505,48.870227225953585],[2.384646735433549,48.870234777654005],[2.38479241735254,48.870250815249477],[2.385566057982154,48.870310548000148]],[[2.386784949520759,48.87041662515216],[2.386836698410401,48.870421386941388],[2.38732702945717,48.870459871225094],[2.387825540476622,48.870498395331339],[2.387867768221608,48.87050130930465]],[[2.380879183211558,48.869155029894898],[2.381022984852381,48.869214230628394],[2.381161398221283,48.869268007296341],[2.381335019488264,48.869341751226955],[2.382006794102097,48.869597935572592],[2.382166988469092,48.869654521518235]],[[2.382166988469092,48.869654521518235],[2.382221302569473,48.869672788620555],[2.382793019391855,48.869860102304749],[2.38305784038469,48.869946005302353]],[[2.38331065966003,48.870009362432356],[2.38432412456053,48.870193547835314]],[[2.38432412456053,48.870193547835314],[2.384432978609779,48.870211195106634]],[[2.38305784038469,48.869946005302353],[2.383178759899186,48.869980803323969],[2.38331065966003,48.870009362432356]],[[2.380669324301087,48.869033432844631],[2.380640612217555,48.869040478981972],[2.380606543687991,48.869039403347273],[2.380573945265513,48.869029341926094],[2.380537364293708,48.869010266499359]],[[2.380619913575588,48.868946840667697],[2.380676770967274,48.868980410405037],[2.38068198841692,48.869000222848818],[2.380680422104147,48.869017302175649],[2.380669324301087,48.869033432844631]],[[2.380669324301087,48.869033432844631],[2.380751889610823,48.869083323654266],[2.380879183211558,48.869155029894898]]]}},
{"type":"Feature","properties":{"ID":"VOIE_NOM0000002338740419","ID_BAN":"75120_9594","name":"Square du Var","INSEE_COM":"75120","NOM_COM":"Paris 20e Arrondissement","SRC_BAN":"commune","NOM_COLL":"SQ DU VAR","TYPE_VOIE":"square","MOT_DIR":"Var","LD_BAN":null,"ID_SUPP":"TRONROUT0000000000196657/TRONROUT0000000000196658","INSEEDBAN":null,"COMDEL_BAN":null,"DATE_CREAT":"2023-12-08T13:42:59","DATE_MAJ":"2024-04-09T23:12:41","NOM_NORMA":"SQ DU VAR","ID_BAN_ODO":null,"Nom_a_verifier":false,"other_tags":"nan"},"geometry":{"type":"MultiLineString","coordinates":[[[2.412253790014867,48.84831262372159],[2.412471873678685,48.848670737749295],[2.412536520067271,48.848738506602068],[2.412614630876576,48.848820731152102]],[[2.412102119563892,48.847865799595262],[2.412132374316831,48.8479621790134],[2.412173134556217,48.848093684787202],[2.412253790014867,48.84831262372159]]]}},
{"type":"Feature","properties":{"ID":"VOIE_NOM0000002338740425","ID_BAN":"75120_8002","name":"Rue Raoul Dufy","INSEE_COM":"75120","NOM_COM":"Paris 20e Arrondissement","SRC_BAN":"commune","NOM_COLL":"R RAOUL DUFY","TYPE_VOIE":"rue","MOT_DIR":"Dufy","LD_BAN":null,"ID_SUPP":"TRONROUT0000000000187945/TRONROUT0000000000188959","INSEEDBAN":null,"COMDEL_BAN":null,"DATE_CREAT":"2023-12-08T13:42:59","DATE_MAJ":"2024-03-12T16:10:18","NOM_NORMA":"R RAOUL DUFY","ID_BAN_ODO":null,"Nom_a_verifier":false,"other_tags":"\"wikipedia\"=>\"fr:Rue_Raoul-Dufy\""},"geometry":{"type":"MultiLineString","coordinates":[[[2.391057068989351,48.865555028047837],[2.391102999987612,48.865357406832416],[2.391134627272118,48.865217270602052],[2.391177786298323,48.865140146860021]],[[2.391057068989351,48.865555028047837],[2.390977515806172,48.865946735599763]]]}},
{"type":"Feature","properties":{"ID":"VOIE_NOM0000002338740430","ID_BAN":"75120_x170","name":"Voie By/20","INSEE_COM":"75120","NOM_COM":"Paris 20e Arrondissement","SRC_BAN":"commune","NOM_COLL":"VOI BY/20","TYPE_VOIE":"voie","MOT_DIR":"By/20","LD_BAN":null,"ID_SUPP":"TRONROUT0000002334842903","INSEEDBAN":null,"COMDEL_BAN":null,"DATE_CREAT":"2023-12-08T13:42:59","DATE_MAJ":"2024-04-09T23:12:41","NOM_NORMA":"VOI BY/20","ID_BAN_ODO":null,"Nom_a_verifier":false,"other_tags":"nan"},"geometry":{"type":"MultiLineString","coordinates":[[[2.403804505440263,48.862054220857573],[2.40360378163202,48.861965984538216],[2.403143995689303,48.861765837018325]]]}},
{"type":"Feature","properties":{"ID":"VOIE_NOM0000002338740440","ID_BAN":"75120_1004","name":"Rue Blanchard","INSEE_COM":"75120","NOM_COM":"Paris 20e Arrondissement","SRC_BAN":"commune","NOM_COLL":"R BLANCHARD","TYPE_VOIE":"rue","MOT_DIR":"Blanchard","LD_BAN":null,"ID_SUPP":"TRONROUT0000000000192660/TRONROUT0000000350840265","INSEEDBAN":null,"COMDEL_BAN":null,"DATE_CREAT":"2023-12-08T13:42:59","DATE_MAJ":"2024-03-12T16:10:18","NOM_NORMA":"R BLANCHARD","ID_BAN_ODO":null,"Nom_a_verifier":false,"other_tags":"\"wikipedia\"=>\"fr:Rue_Blanchard\""},"geometry":{"type":"MultiLineString","coordinates":[[[2.410091780659843,48.857528404458002],[2.409981469530103,48.85752066584606]],[[2.410799985805741,48.857575062157686],[2.410518064432681,48.857556586153684],[2.410260674953625,48.857538230386581],[2.410091780659843,48.857528404458002]]]}},
{"type":"Feature","properties":{"ID":"VOIE_NOM0000002338740461","ID_BAN":"75120_8171","name":"Passage du Retrait","INSEE_COM":"75120","NOM_COM":"Paris 20e Arrondissement","SRC_BAN":"commune","NOM_COLL":"PAS DU RETRAIT","TYPE_VOIE":"passage","MOT_DIR":"Retrait","LD_BAN":null,"ID_SUPP":"TRONROUT0000000000186180/TRONROUT0000000356814442","INSEEDBAN":null,"COMDEL_BAN":null,"DATE_CREAT":"2023-12-08T13:42:59","DATE_MAJ":"2024-03-12T16:10:18","NOM_NORMA":"PAS DU RETRAIT","ID_BAN_ODO":null,"Nom_a_verifier":false,"other_tags":"nan"},"geometry":{"type":"MultiLineString","coordinates":[[[2.393704065140583,48.869091176236019],[2.394091798437172,48.869276604436614]],[[2.394455133125583,48.86945021652263],[2.394795421452099,48.869612918898426]]]}},
{"type":"Feature","properties":{"ID":"VOIE_NOM0000002338740467","ID_BAN":"75120_3589","name":"Rue Ferdinand Gambon","INSEE_COM":"75120","NOM_COM":"Paris 20e Arrondissement","SRC_BAN":"commune","NOM_COLL":"R FERDINAND GAMBON","TYPE_VOIE":"rue","MOT_DIR":"Gambon","LD_BAN":null,"ID_SUPP":"TRONROUT0000000000194141","INSEEDBAN":null,"COMDEL_BAN":null,"DATE_CREAT":"2023-12-08T13:42:59","DATE_MAJ":"2024-03-12T16:10:18","NOM_NORMA":"R FERDINAND GAMBON","ID_BAN_ODO":null,"Nom_a_verifier":false,"other_tags":"\"wikipedia\"=>\"fr:Rue_Ferdinand-Gambon\""},"geometry":{"type":"MultiLineString","coordinates":[[[2.407469842271529,48.852941369864041],[2.406962093517131,48.854087322762112]]]}},
{"type":"Feature","properties":{"ID":"VOIE_NOM0000002338740471","ID_BAN":"75120_x330","name":"Voie I/20","INSEE_COM":"75120","NOM_COM":"Paris 20e Arrondissement","SRC_BAN":"commune","NOM_COLL":"Voie I/20","TYPE_VOIE":"voie","MOT_DIR":"I/20","LD_BAN":null,"ID_SUPP":"TRONROUT0000002492542371","INSEEDBAN":null,"COMDEL_BAN":null,"DATE_CREAT":"2023-12-08T13:42:59","DATE_MAJ":"2025-09-09T00:21:25","NOM_NORMA":"VOI I/20","ID_BAN_ODO":null,"Nom_a_verifier":false,"other_tags":"nan"},"geometry":{"type":"MultiLineString","coordinates":[[[2.400515266550665,48.873084357139682],[2.400304020733179,48.873433139659546]]]}},
{"type":"Feature","properties":{"ID":"VOIE_NOM0000002338740501","ID_BAN":"75120_4352","name":"Rue du Groupe Manouchian","INSEE_COM":"75120","NOM_COM":"Paris 20e Arrondissement","SRC_BAN":"commune","NOM_COLL":"R DU GROUPE MANOUCHIAN","TYPE_VOIE":"rue","MOT_DIR":"Manouchian","LD_BAN":null,"ID_SUPP":"TRONROUT0000000000186110/TRONROUT0000000000186121","INSEEDBAN":null,"COMDEL_BAN":null,"DATE_CREAT":"2023-12-08T13:42:59","DATE_MAJ":"2024-03-12T16:10:18","NOM_NORMA":"R DU GROUPE MANOUCHIAN","ID_BAN_ODO":null,"Nom_a_verifier":false,"other_tags":"\"wikipedia\"=>\"fr:Rue_du_Groupe-Manouchian\""},"geometry":{"type":"MultiLineString","coordinates":[[[2.404857546765964,48.868908829887751],[2.404765429943988,48.869096333125938],[2.404680107796072,48.86928566873214],[2.404578395988271,48.869477620725945],[2.404487681467953,48.869661533296217],[2.404321821581721,48.869979072837289],[2.404263250855765,48.870093896292012]],[[2.4039425928015,48.871191287426129],[2.404016587837943,48.871158380493405],[2.404072871123657,48.871124486000888],[2.404196126676448,48.87083731243586],[2.404164149189481,48.870295753489188],[2.404263250855765,48.870093896292012]]]}},
{"type":"Feature","properties":{"ID":"VOIE_NOM0000002338740502","ID_BAN":"75120_8305","name":"Rue Roger Bissière","INSEE_COM":"75120","NOM_COM":"Paris 20e Arrondissement","SRC_BAN":"commune","NOM_COLL":"R ROGER BISSIERE","TYPE_VOIE":"rue","MOT_DIR":"Bissière","LD_BAN":null,"ID_SUPP":"TRONROUT0000000000191731","INSEEDBAN":null,"COMDEL_BAN":null,"DATE_CREAT":"2023-12-08T13:42:59","DATE_MAJ":"2024-03-12T16:10:18","NOM_NORMA":"R ROGER BISSIERE","ID_BAN_ODO":null,"Nom_a_verifier":false,"other_tags":"\"wikipedia\"=>\"fr:Rue_Roger-Bissi%C3%A8re\""},"geometry":{"type":"MultiLineString","coordinates":[[[2.405904913035315,48.858116548090187],[2.40527865333814,48.858532532090031]]]}},
{"type":"Feature","properties":{"ID":"VOIE_NOM0000002338740526","ID_BAN":"75120_4383","name":"Rue du Guignier","INSEE_COM":"75120","NOM_COM":"Paris 20e Arrondissement","SRC_BAN":"commune","NOM_COLL":"R DU GUIGNIER","TYPE_VOIE":"rue","MOT_DIR":"Guignier","LD_BAN":null,"ID_SUPP":"TRONROUT0000000000185289/TRONROUT0000000000185302","INSEEDBAN":null,"COMDEL_BAN":null,"DATE_CREAT":"2023-12-08T13:42:59","DATE_MAJ":"2024-03-12T16:10:18","NOM_NORMA":"R DU GUIGNIER","ID_BAN_ODO":null,"Nom_a_verifier":false,"other_tags":"\"wikipedia\"=>\"fr:Rue_du_Guignier\""},"geometry":{"type":"MultiLineString","coordinates":[[[2.393351173100227,48.87141597131901],[2.393332318267268,48.871396090378717],[2.393005664729182,48.871115640316845]],[[2.393351173100227,48.87141597131901],[2.393779646908392,48.871850722360634]]]}},
{"type":"Feature","properties":{"ID":"VOIE_NOM0000002338740575","ID_BAN":"75120_6957","name":"Impasse des Orteaux","INSEE_COM":"75120","NOM_COM":"Paris 20e Arrondissement","SRC_BAN":"commune","NOM_COLL":"IMP DES ORTEAUX","TYPE_VOIE":"impasse","MOT_DIR":"Orteaux","LD_BAN":null,"ID_SUPP":"TRONROUT0000000000192705","INSEEDBAN":null,"COMDEL_BAN":null,"DATE_CREAT":"2023-12-08T13:42:59","DATE_MAJ":"2024-03-12T16:10:18","NOM_NORMA":"IMP DES ORTEAUX","ID_BAN_ODO":null,"Nom_a_verifier":false,"other_tags":"nan"},"geometry":{"type":"MultiLineString","coordinates":[[[2.398798543690734,48.85692449741299],[2.398875849189867,48.856839447840528],[2.399160014636905,48.856426276077869],[2.399304881219973,48.856155400540139],[2.399328733647947,48.856096163353882]]]}},
{"type":"Feature","properties":{"ID":"VOIE_NOM0000002338740576","ID_BAN":"75120_7032","name":"Rue des Panoyaux","INSEE_COM":"75120","NOM_COM":"Paris 20e Arrondissement","SRC_BAN":"commune","NOM_COLL":"R DES PANOYAUX","TYPE_VOIE":"rue","MOT_DIR":"Panoyaux","LD_BAN":null,"ID_SUPP":"TRONROUT0000000000187047/TRONROUT0000000000187062/TRONROUT0000000000187952/TRONROUT0000000000187953/TRONROUT0000000000187956/TRONROUT0000000000187962/TRONROUT0000000000187972/TRONROUT0000000000187975/TRONROUT0000000000187979/TRONROUT0000000330349962","INSEEDBAN":null,"COMDEL_BAN":null,"DATE_CREAT":"2023-12-08T13:42:59","DATE_MAJ":"2024-03-12T16:10:18","NOM_NORMA":"R DES PANOYAUX","ID_BAN_ODO":null,"Nom_a_verifier":false,"other_tags":"\"wikipedia\"=>\"fr:Rue_des_Panoyaux\""},"geometry":{"type":"MultiLineString","coordinates":[[[2.384063497475051,48.866063342035602],[2.384005150388172,48.866040558233578]],[[2.384882064950734,48.866353542091623],[2.384063497475051,48.866063342035602]],[[2.385297783197401,48.866473491497977],[2.38525145894189,48.866471454888973],[2.385217476901239,48.866463186279042],[2.38513734046687,48.866438492435705],[2.384882064950734,48.866353542091623]],[[2.385297783197401,48.866473491497977],[2.38546381128745,48.866381712060203],[2.385539174262171,48.866348823406469],[2.385576105220437,48.866338220920163],[2.385618403709679,48.866334840697547],[2.385774693524867,48.866375213846659]],[[2.38771091721638,48.866912147979185],[2.387118810747765,48.866721155443727],[2.387072697821259,48.866701133827853],[2.387036137268086,48.866680261775926]],[[2.388987424258246,48.867329669525127],[2.38771091721638,48.866912147979185]],[[2.390153327648818,48.867531671726084],[2.389109536050608,48.867378857160233],[2.388987424258246,48.867329669525127]],[[2.390312445560088,48.867563959230431],[2.390153327648818,48.867531671726084]],[[2.385774693524867,48.866375213846659],[2.386651108307194,48.866616234810245]],[[2.386651108307194,48.866616234810245],[2.386873927417174,48.866679430921472],[2.386920199002816,48.866685963330205],[2.387036137268086,48.866680261775926]]]}},
{"type":"Feature","properties":{"ID":"VOIE_NOM0000002338740608","ID_BAN":"75120_7490","name":"Impasse du Pilier","INSEE_COM":"75120","NOM_COM":"Paris 20e Arrondissement","SRC_BAN":"commune","NOM_COLL":"IMP DU PILIER","TYPE_VOIE":"impasse","MOT_DIR":"Pilier","LD_BAN":null,"ID_SUPP":"TRONROUT0000000000191814/TRONROUT0000000330647006","INSEEDBAN":null,"COMDEL_BAN":null,"DATE_CREAT":"2023-12-08T13:42:59","DATE_MAJ":"2024-03-12T16:10:18","NOM_NORMA":"IMP DU PILIER","ID_BAN_ODO":null,"Nom_a_verifier":false,"other_tags":"nan"},"geometry":{"type":"MultiLineString","coordinates":[[[2.389567120625812,48.858692643370894],[2.389654188164202,48.858706577669544]],[[2.389654188164202,48.858706577669544],[2.389919384989026,48.858756494660085],[2.390065068019662,48.858769828127507],[2.390580345436426,48.858880374852056],[2.390771841966503,48.858938908045751],[2.390906422722372,48.858969271530064],[2.390902887381814,48.859038503155354]]]}},
{"type":"Feature","properties":{"ID":"VOIE_NOM0000002338740616","ID_BAN":"75120_5556","name":"Avenue Léon Gaumont","INSEE_COM":"75120","NOM_COM":"Paris 20e Arrondissement","SRC_BAN":"commune","NOM_COLL":"AV LEON GAUMONT","TYPE_VOIE":"avenue","MOT_DIR":"Gaumont","LD_BAN":null,"ID_SUPP":"TRONROUT0000000000195847/TRONROUT0000000002778855/TRONROUT0000000002778858/TRONROUT0000000356869222","INSEEDBAN":null,"COMDEL_BAN":null,"DATE_CREAT":"2023-12-08T13:42:59","DATE_MAJ":"2024-03-12T16:10:18","NOM_NORMA":"AV LEON GAUMONT","ID_BAN_ODO":null,"Nom_a_verifier":false,"other_tags":"nan"},"geometry":{"type":"MultiLineString","coordinates":[[[2.416204522210226,48.84926369501639],[2.416193086988024,48.849311304842807]],[[2.415842992235148,48.851244998594389],[2.41578618672897,48.851571185190899],[2.415738010610949,48.851856943085863],[2.415690186910927,48.852111225391496]],[[2.416193086988024,48.849311304842807],[2.416149920079151,48.849515246947249],[2.416038202694339,48.850120864294411],[2.41589218717641,48.850989823381319]],[[2.41589218717641,48.850989823381319],[2.415842992235148,48.851244998594389]]]}},
{"type":"Feature","properties":{"ID":"VOIE_NOM0000002338740635","ID_BAN":"75120_eutbpy","name":"Voie Dl/20","INSEE_COM":"75120","NOM_COM":"Paris 20e Arrondissement","SRC_BAN":"commune","NOM_COLL":"VOI DL/20","TYPE_VOIE":"voie","MOT_DIR":"Dl/20","LD_BAN":null,"ID_SUPP":"TRONROUT0000000000187035","INSEEDBAN":null,"COMDEL_BAN":null,"DATE_CREAT":"2023-12-08T13:42:59","DATE_MAJ":"2024-03-12T16:10:18","NOM_NORMA":"VOI DL/20","ID_BAN_ODO":null,"Nom_a_verifier":false,"other_tags":"nan"},"geometry":{"type":"MultiLineString","coordinates":[[[2.396187667173795,48.868288931385642],[2.396664711600462,48.867943293291987]]]}},
{"type":"Feature","properties":{"ID":"VOIE_NOM0000002338740642","ID_BAN":"75120_5838","name":"Rue Lucien et Sacha Guitry","INSEE_COM":"75120","NOM_COM":"Paris 20e Arrondissement","SRC_BAN":"commune","NOM_COLL":"R LUCIEN ET SACHA GUITRY","TYPE_VOIE":"rue","MOT_DIR":"Guitry","LD_BAN":null,"ID_SUPP":"TRONROUT0000000000196701","INSEEDBAN":null,"COMDEL_BAN":null,"DATE_CREAT":"2023-12-08T13:42:59","DATE_MAJ":"2024-03-12T16:10:18","NOM_NORMA":"R LUCIEN ET SACHA GUITRY","ID_BAN_ODO":null,"Nom_a_verifier":false,"other_tags":"\"wikipedia\"=>\"fr:Rue_Lucien-et-Sacha-Guitry\""},"geometry":{"type":"MultiLineString","coordinates":[[[2.404314633275825,48.848911000231816],[2.404138799302475,48.847961307122901]]]}},
{"type":"Feature","properties":{"ID":"VOIE_NOM0000002338740653","ID_BAN":"75120_7785","name":"Rue des Prairies","INSEE_COM":"75120","NOM_COM":"Paris 20e Arrondissement","SRC_BAN":"commune","NOM_COLL":"R DES PRAIRIES","TYPE_VOIE":"rue","MOT_DIR":"Prairies","LD_BAN":null,"ID_SUPP":"TRONROUT0000000000188878/TRONROUT0000000000189966/TRONROUT0000000000189969/TRONROUT0000000000189972/TRONROUT0000000000190944/TRONROUT0000000000190952/TRONROUT0000002334842902","INSEEDBAN":null,"COMDEL_BAN":null,"DATE_CREAT":"2023-12-08T13:42:59","DATE_MAJ":"2024-03-12T16:10:18","NOM_NORMA":"R DES PRAIRIES","ID_BAN_ODO":null,"Nom_a_verifier":false,"other_tags":"\"wikipedia\"=>\"fr:Rue_des_Prairies_(Paris)\""},"geometry":{"type":"MultiLineString","coordinates":[[[2.404598699539886,48.861380070608455],[2.404862334997647,48.861091793612722],[2.40489393997995,48.86106946721079]],[[2.404598699539886,48.861380070608455],[2.404522852128362,48.861457036689053],[2.404401779555509,48.861555361867197],[2.403935357852732,48.861935260156827],[2.403804505440263,48.862054220857573]],[[2.403804505440263,48.862054220857573],[2.40367483013908,48.862189375427242],[2.40352291378603,48.862362191353746],[2.403492618946215,48.862389020613975],[2.403459783429091,48.862399649048307],[2.403414814787219,48.862398525546425]],[[2.400515897475359,48.863908423207512],[2.401726017301952,48.863462110153662],[2.402140913049612,48.863298704721061]],[[2.402140913049612,48.863298704721061],[2.40222313805096,48.863260443777868],[2.402714254386785,48.862987697380674]],[[2.403414814787219,48.862398525546425],[2.40339387549093,48.862441589571297],[2.403373100940726,48.862470264943362],[2.403198207425944,48.862625878380022]],[[2.402714254386785,48.862987697380674],[2.402813133574028,48.862923438239328],[2.402909307110824,48.862857366831776],[2.403198207425944,48.862625878380022]]]}},
{"type":"Feature","properties":{"ID":"VOIE_NOM0000002338740656","ID_BAN":"75120_2331","name":"Impasse Cordon-Boussard","INSEE_COM":"75120","NOM_COM":"Paris 20e Arrondissement","SRC_BAN":"commune","NOM_COLL":"IMP CORDON-BOUSSARD","TYPE_VOIE":"impasse","MOT_DIR":"Boussard","LD_BAN":null,"ID_SUPP":"TRONROUT0000000000187891","INSEEDBAN":null,"COMDEL_BAN":null,"DATE_CREAT":"2023-12-08T13:42:59","DATE_MAJ":"2024-03-12T16:10:18","NOM_NORMA":"IMP CORDON-BOUSSARD","ID_BAN_ODO":null,"Nom_a_verifier":false,"other_tags":"nan"},"geometry":{"type":"MultiLineString","coordinates":[[[2.397408407815453,48.865640235761937],[2.397589958510111,48.865736479714606],[2.397759356450235,48.865822769493938]]]}},
{"type":"Feature","properties":{"ID":"VOIE_NOM0000002338740657","ID_BAN":"75120_3394","name":"Rue Etienne Marey","INSEE_COM":"75120","NOM_COM":"Paris 20e Arrondissement","SRC_BAN":"commune","NOM_COLL":"R ETIENNE MAREY","TYPE_VOIE":"rue","MOT_DIR":"Marey","LD_BAN":null,"ID_SUPP":"TRONROUT0000000000186102/TRONROUT0000000000186974/TRONROUT0000000000186982/TRONROUT0000000000186983/TRONROUT0000000000187864","INSEEDBAN":null,"COMDEL_BAN":null,"DATE_CREAT":"2023-12-08T13:42:59","DATE_MAJ":"2024-03-12T16:10:18","NOM_NORMA":"R ETIENNE MAREY","ID_BAN_ODO":null,"Nom_a_verifier":false,"other_tags":"\"wikipedia\"=>\"fr:Rue_%C3%89tienne-Marey\""},"geometry":{"type":"MultiLineString","coordinates":[[[2.405709143644482,48.867512793613983],[2.406189542198658,48.86662753153476]],[[2.405700349274166,48.867566710196698],[2.405709143644482,48.867512793613983]],[[2.405456290168781,48.869242761261873],[2.405499359481835,48.869171927633822],[2.405537212025612,48.86908038334311],[2.405517400737691,48.86902452609732]],[[2.405609902418707,48.868205689825345],[2.405700349274166,48.867566710196698]],[[2.405517400737691,48.86902452609732],[2.405497610019056,48.868966870274676],[2.405609902418707,48.868205689825345]]]}},
{"type":"Feature","properties":{"ID":"VOIE_NOM0000002338740661","ID_BAN":"75120_2653","name":"Rue Delaitre","INSEE_COM":"75120","NOM_COM":"Paris 20e Arrondissement","SRC_BAN":"commune","NOM_COLL":"R DELAITRE","TYPE_VOIE":"rue","MOT_DIR":"Delaitre","LD_BAN":null,"ID_SUPP":"TRONROUT0000000000187959","INSEEDBAN":null,"COMDEL_BAN":null,"DATE_CREAT":"2023-12-08T13:42:59","DATE_MAJ":"2024-03-12T16:10:18","NOM_NORMA":"R DELAITRE","ID_BAN_ODO":null,"Nom_a_verifier":false,"other_tags":"\"wikipedia\"=>\"fr:Rue_Delaitre\""},"geometry":{"type":"MultiLineString","coordinates":[[[2.38771091721638,48.866912147979185],[2.387036622110479,48.868029273168091]]]}},
{"type":"Feature","properties":{"ID":"VOIE_NOM0000002338740708","ID_BAN":"75120_5103","name":"Rue Jules Siegfried","INSEE_COM":"75120","NOM_COM":"Paris 20e Arrondissement","SRC_BAN":"commune","NOM_COLL":"R JULES SIEGFRIED","TYPE_VOIE":"rue","MOT_DIR":"Siegfried","LD_BAN":null,"ID_SUPP":"TRONROUT0000000000187862/TRONROUT0000000000187866","INSEEDBAN":null,"COMDEL_BAN":null,"DATE_CREAT":"2023-12-08T13:42:59","DATE_MAJ":"2024-03-12T16:10:18","NOM_NORMA":"R JULES SIEGFRIED","ID_BAN_ODO":null,"Nom_a_verifier":false,"other_tags":"\"wikipedia\"=>\"fr:Rue_Jules-Siegfried\""},"geometry":{"type":"MultiLineString","coordinates":[[[2.406955312547331,48.865819225740459],[2.407059666419733,48.865872803762365],[2.407236080136868,48.86594292669912],[2.407430102017044,48.866023029274281],[2.40761190776497,48.866098574369865],[2.407727075628378,48.86616029936016],[2.407838134023506,48.866223802579462]],[[2.407838134023506,48.866223802579462],[2.407906916131961,48.866288895231015],[2.407985076608845,48.866368423640168],[2.408053613841225,48.866455099102296],[2.408140846544945,48.866576041816778]]]}},
{"type":"Feature","properties":{"ID":"VOIE_NOM0000002338740710","ID_BAN":"75120_7678","name":"Avenue de la Porte de Montreuil","INSEE_COM":"75120","NOM_COM":"Paris 20e Arrondissement","SRC_BAN":"commune","NOM_COLL":"AV DE LA PORTE DE MONTREUIL","TYPE_VOIE":"avenue","MOT_DIR":"Montreuil","LD_BAN":null,"ID_SUPP":"TRONROUT0000000000194115/TRONROUT0000000000194117/TRONROUT0000000000194131/TRONROUT0000000331464224/TRONROUT0000000338525076","INSEEDBAN":null,"COMDEL_BAN":null,"DATE_CREAT":"2023-12-08T13:42:59","DATE_MAJ":"2024-03-12T16:10:18","NOM_NORMA":"AV DE LA PORTE DE MONTREUIL","ID_BAN_ODO":null,"Nom_a_verifier":false,"other_tags":"nan"},"geometry":{"type":"MultiLineString","coordinates":[[[2.410787166972986,48.853526139790453],[2.410912307702087,48.853547440964988]],[[2.410912307702087,48.853547440964988],[2.411080955475175,48.853577949632665],[2.411343461812901,48.85362420876649]],[[2.412158127490519,48.853773008885526],[2.412812375159195,48.853886841080829],[2.413001537722837,48.853911152256472]],[[2.411343461812901,48.85362420876649],[2.411739215587335,48.853698102925044],[2.412030270311916,48.853750796327049]],[[2.412030270311916,48.853750796327049],[2.412158127490519,48.853773008885526]]]}},
{"type":"Feature","properties":{"ID":"VOIE_NOM0000002338740717","ID_BAN":"75120_4324","name":"Place des Grès","INSEE_COM":"75120","NOM_COM":"Paris 20e Arrondissement","SRC_BAN":"commune","NOM_COLL":"PL DES GRES","TYPE_VOIE":"place","MOT_DIR":"Grès","LD_BAN":null,"ID_SUPP":"TRONROUT0000000000191743","INSEEDBAN":null,"COMDEL_BAN":null,"DATE_CREAT":"2023-12-08T13:42:59","DATE_MAJ":"2024-03-12T16:10:18","NOM_NORMA":"PL DES GRES","ID_BAN_ODO":null,"Nom_a_verifier":false,"other_tags":"nan"},"geometry":{"type":"MultiLineString","coordinates":[[[2.405838083019367,48.858957103668516],[2.406014164100499,48.859054207647922],[2.406111925114207,48.858967456449946]]]}},
{"type":"Feature","properties":{"ID":"VOIE_NOM0000002338740718","ID_BAN":"75120_6610","name":"Rue Mouraud","INSEE_COM":"75120","NOM_COM":"Paris 20e Arrondissement","SRC_BAN":"commune","NOM_COLL":"R MOURAUD","TYPE_VOIE":"rue","MOT_DIR":"Mouraud","LD_BAN":null,"ID_SUPP":"TRONROUT0000000000193409/TRONROUT0000000000193416/TRONROUT0000000000193422/TRONROUT0000000000193423/TRONROUT0000000338525063/TRONROUT0000002341783098","INSEEDBAN":null,"COMDEL_BAN":null,"DATE_CREAT":"2023-12-08T13:42:59","DATE_MAJ":"2024-03-12T16:10:18","NOM_NORMA":"R MOURAUD","ID_BAN_ODO":null,"Nom_a_verifier":false,"other_tags":"\"wikipedia\"=>\"fr:Rue_Mouraud\""},"geometry":{"type":"MultiLineString","coordinates":[[[2.408129315059893,48.854513097558694],[2.408064640621804,48.854567637854871],[2.407635124324585,48.854945936379721]],[[2.407635124324585,48.854945936379721],[2.407728223866028,48.855268363602832]],[[2.409271396552414,48.856677173795752],[2.408986681381059,48.856424850353754],[2.408858507105815,48.856310000249408]],[[2.408858507105815,48.856310000249408],[2.408684466423007,48.856153553412121],[2.408442989708421,48.855934718016627],[2.40824874404902,48.855757485615506]],[[2.407728223866028,48.855268363602832],[2.407743081914927,48.855280128658748],[2.407809297583912,48.855329920475604],[2.407834935537204,48.855352531034789],[2.407868116774633,48.855430938439774]],[[2.40824874404902,48.855757485615506],[2.408159768006726,48.85567160761881],[2.408078744424254,48.855605554520231],[2.40796802512943,48.855514172724732],[2.407868116774633,48.855430938439774]]]}},
{"type":"Feature","properties":{"ID":"VOIE_NOM0000002338740723","ID_BAN":"75120_7768","name":"Impasse Poule","INSEE_COM":"75120","NOM_COM":"Paris 20e Arrondissement","SRC_BAN":"commune","NOM_COLL":"IMP POULE","TYPE_VOIE":"impasse","MOT_DIR":"Poule","LD_BAN":null,"ID_SUPP":"TRONROUT0000000000194175","INSEEDBAN":null,"COMDEL_BAN":null,"DATE_CREAT":"2023-12-08T13:42:59","DATE_MAJ":"2024-03-12T16:10:18","NOM_NORMA":"IMP POULE","ID_BAN_ODO":null,"Nom_a_verifier":false,"other_tags":"nan"},"geometry":{"type":"MultiLineString","coordinates":[[[2.399120131193604,48.853621008717205],[2.399331553417887,48.853250638906708],[2.399477493199945,48.853004050267621]]]}},
{"type":"Feature","properties":{"ID":"VOIE_NOM0000002338740726","ID_BAN":"75120_4545","name":"Rue Henri Chevreau","INSEE_COM":"75120","NOM_COM":"Paris 20e Arrondissement","SRC_BAN":"commune","NOM_COLL":"R HENRI CHEVREAU","TYPE_VOIE":"rue","MOT_DIR":"Chevreau","LD_BAN":null,"ID_SUPP":"TRONROUT0000000000186191/TRONROUT0000000000187050","INSEEDBAN":null,"COMDEL_BAN":null,"DATE_CREAT":"2023-12-08T13:42:59","DATE_MAJ":"2024-03-12T16:10:18","NOM_NORMA":"R HENRI CHEVREAU","ID_BAN_ODO":null,"Nom_a_verifier":false,"other_tags":"\"wikipedia\"=>\"fr:Rue_Henri-Chevreau\""},"geometry":{"type":"MultiLineString","coordinates":[[[2.389201433571749,48.870237422016579],[2.389252343496423,48.870081197194651],[2.389449670182587,48.869413097089179],[2.389649261147428,48.868667664763727]],[[2.389201433571749,48.870237422016579],[2.388530656889845,48.870473220751883],[2.388351348094798,48.870534358836224],[2.388246011345621,48.870565297295407]]]}},
{"type":"Feature","properties":{"ID":"VOIE_NOM0000002338740734","ID_BAN":"75120_1597","name":"Impasse de Casteggio","INSEE_COM":"75120","NOM_COM":"Paris 20e Arrondissement","SRC_BAN":"commune","NOM_COLL":"IMP DE CASTEGGIO","TYPE_VOIE":"impasse","MOT_DIR":"Casteggio","LD_BAN":null,"ID_SUPP":"TRONROUT0000000000194189","INSEEDBAN":null,"COMDEL_BAN":null,"DATE_CREAT":"2023-12-08T13:42:59","DATE_MAJ":"2024-03-12T16:10:18","NOM_NORMA":"IMP DE CASTEGGIO","ID_BAN_ODO":null,"Nom_a_verifier":false,"other_tags":"nan"},"geometry":{"type":"MultiLineString","coordinates":[[[2.398390040574492,48.854531078778557],[2.398755262062757,48.853942941604615],[2.398978911595529,48.853576231341933]]]}},
{"type":"Feature","properties":{"ID":"VOIE_NOM0000002338740735","ID_BAN":"75120_5611","name":"Cour Lesage","INSEE_COM":"75120","NOM_COM":"Paris 20e Arrondissement","SRC_BAN":"commune","NOM_COLL":"COUR LESAGE","TYPE_VOIE":"cour","MOT_DIR":"Lesage","LD_BAN":null,"ID_SUPP":"TRONROUT0000000000184541","INSEEDBAN":null,"COMDEL_BAN":null,"DATE_CREAT":"2023-12-08T13:42:59","DATE_MAJ":"2024-03-12T16:10:18","NOM_NORMA":"COUR LESAGE","ID_BAN_ODO":null,"Nom_a_verifier":false,"other_tags":"nan"},"geometry":{"type":"MultiLineString","coordinates":[[[2.381209660318424,48.87312371309676],[2.381336559662989,48.872885145868857]]]}},
{"type":"Feature","properties":{"ID":"VOIE_NOM0000002338740762","ID_BAN":"75120_9371","name":"Passage des Tourelles","INSEE_COM":"75120","NOM_COM":"Paris 20e Arrondissement","SRC_BAN":"commune","NOM_COLL":"PAS DES TOURELLES","TYPE_VOIE":"passage","MOT_DIR":"Tourelles","LD_BAN":null,"ID_SUPP":"TRONROUT0000000000183700/TRONROUT0000000000183702","INSEEDBAN":null,"COMDEL_BAN":null,"DATE_CREAT":"2023-12-08T13:42:59","DATE_MAJ":"2024-03-12T16:10:18","NOM_NORMA":"PAS DES TOURELLES","ID_BAN_ODO":null,"Nom_a_verifier":false,"other_tags":"nan"},"geometry":{"type":"MultiLineString","coordinates":[[[2.404372771031357,48.874703526329995],[2.404329068244333,48.874829215309944],[2.404261427531852,48.875021335667256],[2.404129118206226,48.875384007018923],[2.404095297183348,48.875480067101726]],[[2.404095297183348,48.875480067101726],[2.404384999711018,48.875541764075379],[2.404406802903024,48.875542771887879],[2.40442732501899,48.87553657867403],[2.404575817877991,48.875189276182908],[2.40474080225318,48.874830364104803],[2.404767373418013,48.874772039673289]]]}},
{"type":"Feature","properties":{"ID":"VOIE_NOM0000002338740773","ID_BAN":"75120_1447","name":"Rue du Cambodge","INSEE_COM":"75120","NOM_COM":"Paris 20e Arrondissement","SRC_BAN":"commune","NOM_COLL":"R DU CAMBODGE","TYPE_VOIE":"rue","MOT_DIR":"Cambodge","LD_BAN":null,"ID_SUPP":"TRONROUT0000000000187894/TRONROUT0000000000187901","INSEEDBAN":null,"COMDEL_BAN":null,"DATE_CREAT":"2023-12-08T13:42:59","DATE_MAJ":"2024-03-12T16:10:18","NOM_NORMA":"R DU CAMBODGE","ID_BAN_ODO":null,"Nom_a_verifier":false,"other_tags":"\"wikipedia\"=>\"fr:Rue_du_Cambodge\""},"geometry":{"type":"MultiLineString","coordinates":[[[2.398914647793615,48.865408585622873],[2.398470804840478,48.865833542037663]],[[2.398470804840478,48.865833542037663],[2.397588643243746,48.866675383304454],[2.397439815125556,48.866814031645987]]]}},
{"type":"Feature","properties":{"ID":"VOIE_NOM0000002338740829","ID_BAN":"75120_6994","name":"Rue Paganini","INSEE_COM":"75120","NOM_COM":"Paris 20e Arrondissement","SRC_BAN":"commune","NOM_COLL":"R PAGANINI","TYPE_VOIE":"rue","MOT_DIR":"Paganini","LD_BAN":null,"ID_SUPP":"TRONROUT0000000000195013/TRONROUT0000000000195014/TRONROUT0000000338525072/TRONROUT0000002336249850","INSEEDBAN":null,"COMDEL_BAN":null,"DATE_CREAT":"2023-12-08T13:42:59","DATE_MAJ":"2024-03-12T16:10:18","NOM_NORMA":"R PAGANINI","ID_BAN_ODO":null,"Nom_a_verifier":false,"other_tags":"\"wikipedia\"=>\"fr:Rue_Paganini\""},"geometry":{"type":"MultiLineString","coordinates":[[[2.411887511712569,48.851305663776145],[2.412211843225607,48.851185845249994],[2.412526614049609,48.851067777597301],[2.412692241017405,48.851002938136112]],[[2.411117459171968,48.851312668467592],[2.411197828529778,48.851315762047165]],[[2.411197828529778,48.851315762047165],[2.411456519842485,48.851336820504947],[2.411543662185082,48.851343544567783]],[[2.411543662185082,48.851343544567783],[2.411750621531871,48.851359851200101],[2.411887511712569,48.851305663776145]]]}},
{"type":"Feature","properties":{"ID":"VOIE_NOM0000002338740830","ID_BAN":"75120_7465","name":"Rue Pierre Mouillard","INSEE_COM":"75120","NOM_COM":"Paris 20e Arrondissement","SRC_BAN":"commune","NOM_COLL":"R PIERRE MOUILLARD","TYPE_VOIE":"rue","MOT_DIR":"Mouillard","LD_BAN":null,"ID_SUPP":"TRONROUT0000000000186988/TRONROUT0000000312870176/TRONROUT0000000350840248","INSEEDBAN":null,"COMDEL_BAN":null,"DATE_CREAT":"2023-12-08T13:42:59","DATE_MAJ":"2024-03-12T16:10:18","NOM_NORMA":"R PIERRE MOUILLARD","ID_BAN_ODO":null,"Nom_a_verifier":false,"other_tags":"\"wikipedia\"=>\"fr:Rue_Pierre-Mouillard\""},"geometry":{"type":"MultiLineString","coordinates":[[[2.407801650887486,48.867394560028735],[2.408029585918773,48.867249994927221],[2.408250591704732,48.867115287834082]],[[2.408722904808527,48.866818142618484],[2.408829880887555,48.866761113432311]],[[2.408250591704732,48.867115287834082],[2.408368759853557,48.867033132949473],[2.408496500088815,48.866948327237125],[2.408602215660619,48.866882298651262],[2.408699599162396,48.866829718873326],[2.408722904808527,48.866818142618484]]]}},
{"type":"Feature","properties":{"ID":"VOIE_NOM0000002338740834","ID_BAN":"75120_1532","name":"Square des Cardeurs","INSEE_COM":"75120","NOM_COM":"Paris 20e Arrondissement","SRC_BAN":"commune","NOM_COLL":"SQ DES CARDEURS","TYPE_VOIE":"square","MOT_DIR":"Cardeurs","LD_BAN":null,"ID_SUPP":"TRONROUT0000000000191746/TRONROUT0000000338525084/TRONROUT0000000356836712","INSEEDBAN":null,"COMDEL_BAN":null,"DATE_CREAT":"2023-12-08T13:42:59","DATE_MAJ":"2024-03-12T16:10:18","NOM_NORMA":"SQ DES CARDEURS","ID_BAN_ODO":null,"Nom_a_verifier":false,"other_tags":"nan"},"geometry":{"type":"MultiLineString","coordinates":[[[2.407930055912475,48.858975566312516],[2.407721844479675,48.858827043511965],[2.407570702256638,48.858694091722903]],[[2.406840397069196,48.858193136352533],[2.406900077529254,48.858218613820327],[2.406970528100909,48.858255836115433],[2.407020566109943,48.858290259184557],[2.407159900174319,48.858382682715899],[2.407165957435883,48.85844926423762],[2.40738945429842,48.858571782774085]],[[2.407570702256638,48.858694091722903],[2.40738945429842,48.858571782774085]]]}},
{"type":"Feature","properties":{"ID":"VOIE_NOM0000002338740863","ID_BAN":"75120_9141","name":"Rue Taclet","INSEE_COM":"75120","NOM_COM":"Paris 20e Arrondissement","SRC_BAN":"commune","NOM_COLL":"R TACLET","TYPE_VOIE":"rue","MOT_DIR":"Taclet","LD_BAN":null,"ID_SUPP":"TRONROUT0000000000185251/TRONROUT0000000000185263","INSEEDBAN":null,"COMDEL_BAN":null,"DATE_CREAT":"2023-12-08T13:42:59","DATE_MAJ":"2024-03-12T16:10:18","NOM_NORMA":"R TACLET","ID_BAN_ODO":null,"Nom_a_verifier":false,"other_tags":"\"wikipedia\"=>\"fr:Rue_Taclet\""},"geometry":{"type":"MultiLineString","coordinates":[[[2.397923074812199,48.871590143444884],[2.397680719044983,48.871445030568047],[2.397651247862017,48.871399915513898],[2.397621599932763,48.871370088257358],[2.39754307333142,48.87132292762125],[2.397267284560373,48.871593138396499]],[[2.398340230595324,48.871827866694872],[2.397923074812199,48.871590143444884]]]}},
{"type":"Feature","properties":{"ID":"VOIE_NOM0000002338740865","ID_BAN":"75120_6891","name":"Rue Olivier Métra","INSEE_COM":"75120","NOM_COM":"Paris 20e Arrondissement","SRC_BAN":"commune","NOM_COLL":"R OLIVIER METRA","TYPE_VOIE":"rue","MOT_DIR":"Métra","LD_BAN":null,"ID_SUPP":"TRONROUT0000000000183748/TRONROUT0000000000183757/TRONROUT0000000000184508/TRONROUT0000000000184509/TRONROUT0000000000185270/TRONROUT0000000356772820","INSEEDBAN":null,"COMDEL_BAN":null,"DATE_CREAT":"2023-12-08T13:42:59","DATE_MAJ":"2024-03-12T16:10:18","NOM_NORMA":"R OLIVIER METRA","ID_BAN_ODO":null,"Nom_a_verifier":false,"other_tags":"\"wikipedia\"=>\"fr:Rue_Olivier-M%C3%A9tra_(Paris)\""},"geometry":{"type":"MultiLineString","coordinates":[[[2.39434577610765,48.87264140536216],[2.394526391810305,48.872467848223451],[2.395499342680192,48.871568934286174],[2.395659968265095,48.871472617177396]],[[2.394211897347817,48.872781923378469],[2.394275475711466,48.872707600378803],[2.39434577610765,48.87264140536216]],[[2.392386764243232,48.875202671609628],[2.39226238470668,48.875462846586331]],[[2.392899677070946,48.874477713851256],[2.392386764243232,48.875202671609628]],[[2.393895209118242,48.873167033912594],[2.393973564721435,48.873111671931191],[2.394035968869869,48.873021155119609],[2.39419390291348,48.872805214999822],[2.394211897347817,48.872781923378469]],[[2.392899677070946,48.874477713851256],[2.393149128255367,48.874130936814545],[2.393635635928265,48.873447210790602],[2.393788004671547,48.873241135755791],[2.393829269389261,48.873209868040639],[2.393874592499686,48.873181318862635],[2.393895209118242,48.873167033912594]]]}},
{"type":"Feature","properties":{"ID":"VOIE_NOM0000002338740871","ID_BAN":"75120_5022","name":"Passage Josseaume","INSEE_COM":"75120","NOM_COM":"Paris 20e Arrondissement","SRC_BAN":"commune","NOM_COLL":"PAS JOSSEAUME","TYPE_VOIE":"passage","MOT_DIR":"Josseaume","LD_BAN":null,"ID_SUPP":"TRONROUT0000000000193454","INSEEDBAN":null,"COMDEL_BAN":null,"DATE_CREAT":"2023-12-08T13:42:59","DATE_MAJ":"2024-03-12T16:10:18","NOM_NORMA":"PAS JOSSEAUME","ID_BAN_ODO":null,"Nom_a_verifier":false,"other_tags":"nan"},"geometry":{"type":"MultiLineString","coordinates":[[[2.401879543475624,48.855551345313025],[2.401942842146972,48.855498600188938],[2.401966247442928,48.855478032171348],[2.402449319723801,48.855068544233156],[2.402974981417047,48.854628688898416],[2.403060309212239,48.854556267400355]]]}},
{"type":"Feature","properties":{"ID":"VOIE_NOM0000002338740898","ID_BAN":"75120_3436","name":"Rue Eugène Reisz","INSEE_COM":"75120","NOM_COM":"Paris 20e Arrondissement","SRC_BAN":"commune","NOM_COLL":"R EUGENE REISZ","TYPE_VOIE":"rue","MOT_DIR":"Reisz","LD_BAN":null,"ID_SUPP":"TRONROUT0000000000192645/TRONROUT0000000000192659/TRONROUT0000000350840263","INSEEDBAN":null,"COMDEL_BAN":null,"DATE_CREAT":"2023-12-08T13:42:59","DATE_MAJ":"2024-03-12T16:10:18","NOM_NORMA":"R EUGENE REISZ","ID_BAN_ODO":null,"Nom_a_verifier":false,"other_tags":"\"wikipedia\"=>\"fr:Rue_Eug%C3%A8ne-Reisz\""},"geometry":{"type":"MultiLineString","coordinates":[[[2.411179968187346,48.85699685474539],[2.411251762699791,48.857035879858223],[2.411307487502702,48.857049644196508],[2.411368755211013,48.857055341664832],[2.411464155370378,48.85705581090582]],[[2.410233074102932,48.856243935821773],[2.410323824484486,48.856293847106073]],[[2.410323824484486,48.856293847106073],[2.410402390883936,48.85633650351663],[2.410669619193037,48.856568951847017],[2.410951820932548,48.85680327192042],[2.411179968187346,48.85699685474539]]]}},
{"type":"Feature","properties":{"ID":"VOIE_NOM0000002338740912","ID_BAN":"75120_7960","name":"Square du Quercy","INSEE_COM":"75120","NOM_COM":"Paris 20e Arrondissement","SRC_BAN":"commune","NOM_COLL":"SQ DU QUERCY","TYPE_VOIE":"square","MOT_DIR":"Quercy","LD_BAN":null,"ID_SUPP":"TRONROUT0000000000194118","INSEEDBAN":null,"COMDEL_BAN":null,"DATE_CREAT":"2023-12-08T13:42:59","DATE_MAJ":"2024-04-09T23:12:41","NOM_NORMA":"SQ DU QUERCY","ID_BAN_ODO":null,"Nom_a_verifier":false,"other_tags":"nan"},"geometry":{"type":"MultiLineString","coordinates":[[[2.411731979538242,48.852890452364718],[2.411610146386973,48.852938418156057],[2.411578660922406,48.852950854207421],[2.411436497924333,48.852988827005944],[2.411401323368533,48.853207195720572],[2.411383700424515,48.853319527602913],[2.411428031608859,48.853376404629913],[2.411405363936354,48.8534527377468],[2.411343461812901,48.85362420876649]]]}},
{"type":"Feature","properties":{"ID":"VOIE_NOM0000002338740923","ID_BAN":"75120_9809","name":"Rue Vilin","INSEE_COM":"75120","NOM_COM":"Paris 20e Arrondissement","SRC_BAN":"commune","NOM_COLL":"R VILIN","TYPE_VOIE":"rue","MOT_DIR":"Vilin","LD_BAN":null,"ID_SUPP":"TRONROUT0000000000186224/TRONROUT0000000000186226","INSEEDBAN":null,"COMDEL_BAN":null,"DATE_CREAT":"2023-12-08T13:42:59","DATE_MAJ":"2024-03-12T16:10:18","NOM_NORMA":"R VILIN","ID_BAN_ODO":null,"Nom_a_verifier":false,"other_tags":"\"wikipedia\"=>\"fr:Rue_Vilin\""},"geometry":{"type":"MultiLineString","coordinates":[[[2.38331065966003,48.870009362432356],[2.383313034711633,48.870039052804337],[2.383316996539453,48.870049865265294],[2.383596602761371,48.87026894513604],[2.383684412839224,48.870336847594807]],[[2.383684412839224,48.870336847594807],[2.383757355558689,48.870393881396168],[2.383855965335882,48.870470832690422],[2.384015313629876,48.870599358692687]]]}},
{"type":"Feature","properties":{"ID":"VOIE_NOM0000002338740943","ID_BAN":"75120_0047","name":"Rue Achille","INSEE_COM":"75120","NOM_COM":"Paris 20e Arrondissement","SRC_BAN":"commune","NOM_COLL":"R ACHILLE","TYPE_VOIE":"rue","MOT_DIR":"Achille","LD_BAN":null,"ID_SUPP":"TRONROUT0000000000189999","INSEEDBAN":null,"COMDEL_BAN":null,"DATE_CREAT":"2023-12-08T13:42:59","DATE_MAJ":"2024-03-12T16:10:18","NOM_NORMA":"R ACHILLE","ID_BAN_ODO":null,"Nom_a_verifier":false,"other_tags":"\"wikipedia\"=>\"fr:Rue_Achille\""},"geometry":{"type":"MultiLineString","coordinates":[[[2.398552314485278,48.862315729959882],[2.399021400418698,48.862535727314345]]]}},
{"type":"Feature","properties":{"ID":"VOIE_NOM0000002338740949","ID_BAN":"75120_0954","name":"Rue de la Bidassoa","INSEE_COM":"75120","NOM_COM":"Paris 20e Arrondissement","SRC_BAN":"commune","NOM_COLL":"R DE LA BIDASSOA","TYPE_VOIE":"rue","MOT_DIR":"Bidassoa","LD_BAN":null,"ID_SUPP":"TRONROUT0000000000187051/TRONROUT0000000000187058/TRONROUT0000000000187064/TRONROUT0000000000187914/TRONROUT0000000000187919/TRONROUT0000000000187922/TRONROUT0000000000187925/TRONROUT0000000356626264/TRONROUT0000000356814433/TRONROUT0000002334837229","INSEEDBAN":null,"COMDEL_BAN":null,"DATE_CREAT":"2023-12-08T13:42:59","DATE_MAJ":"2024-03-12T16:10:18","NOM_NORMA":"R DE LA BIDASSOA","ID_BAN_ODO":null,"Nom_a_verifier":false,"other_tags":"\"wikipedia\"=>\"fr:Rue_de_la_Bidassoa\""},"geometry":{"type":"MultiLineString","coordinates":[[[2.395549976242628,48.864973446710842],[2.395465806602913,48.865061156948691],[2.395438221743007,48.865088897162288],[2.394889046277067,48.865426072439234]],[[2.394334254530204,48.865776706807075],[2.394889046277067,48.865426072439234]],[[2.393361524497986,48.866430097009726],[2.394334254530204,48.865776706807075]],[[2.392923309850882,48.866718361699071],[2.393048253940206,48.866641652199185],[2.393361524497986,48.866430097009726]],[[2.392351641231711,48.866994255857698],[2.391179355273401,48.867571969442686],[2.39086672096278,48.867727763026465]],[[2.390665119756101,48.867831060125177],[2.390538484645327,48.867818723959957],[2.390405044428597,48.867805453662456]],[[2.39086672096278,48.867727763026465],[2.390665119756101,48.867831060125177]],[[2.390665119756101,48.867831060125177],[2.390460223236747,48.867982904374742]],[[2.392923309850882,48.866718361699071],[2.392542299481734,48.866893598351815]],[[2.392542299481734,48.866893598351815],[2.392351641231711,48.866994255857698]]]}},
{"type":"Feature","properties":{"ID":"VOIE_NOM0000002338740950","ID_BAN":"75120_6150","name":"Rue Maryse Hilsz","INSEE_COM":"75120","NOM_COM":"Paris 20e Arrondissement","SRC_BAN":"commune","NOM_COLL":"R MARYSE HILSZ","TYPE_VOIE":"rue","MOT_DIR":"Hilsz","LD_BAN":null,"ID_SUPP":"TRONROUT0000000000194112/TRONROUT0000000000194113/TRONROUT0000000000195010/TRONROUT0000000000195860/TRONROUT0000000000195861/TRONROUT0000000338525068","INSEEDBAN":null,"COMDEL_BAN":null,"DATE_CREAT":"2023-12-08T13:42:59","DATE_MAJ":"2024-03-12T16:10:18","NOM_NORMA":"R MARYSE HILSZ","ID_BAN_ODO":null,"Nom_a_verifier":false,"other_tags":"\"wikipedia\"=>\"fr:Rue_Maryse-Hilsz\""},"geometry":{"type":"MultiLineString","coordinates":[[[2.413050201536727,48.849107063983624],[2.413024984993174,48.849168096195392]],[[2.413024984993174,48.849168096195392],[2.412988740661095,48.849361278988184],[2.412925951972957,48.84973330241916],[2.412871171405014,48.849999241569684]],[[2.412030270311916,48.853750796327049],[2.412191030238849,48.853514158239371],[2.412223104265965,48.853449562719206],[2.412227659194461,48.853408215068463],[2.412203525079653,48.853373021925137],[2.41211593979044,48.853284455484399]],[[2.41211593979044,48.853284455484399],[2.412168996158373,48.853292810285026],[2.412233045930595,48.853293124927937],[2.412282227049765,48.85328257432375],[2.41232878405199,48.853263017326185],[2.412376805194894,48.853234474015494],[2.412404364620081,48.853207628900826],[2.412426564250417,48.853172663322447]],[[2.412871171405014,48.849999241569684],[2.412827463998815,48.850249946011523],[2.412775286152216,48.85052668998096],[2.412733041887224,48.850768407949978],[2.412692241017405,48.851002938136112]],[[2.412426564250417,48.853172663322447],[2.412484075925677,48.852906738516793],[2.412560776952521,48.852631014996078],[2.412641433598702,48.852367002319333],[2.412695244785615,48.852187396604776],[2.412708208736094,48.852125405130224],[2.41273128946708,48.852012200386554],[2.412720266991025,48.851781013443066],[2.412708064336762,48.851533632359541],[2.41269007648246,48.851315901374413],[2.412677103746492,48.851136867020408],[2.412692241017405,48.851002938136112]]]}},
{"type":"Feature","properties":{"ID":"VOIE_NOM0000002338740952","ID_BAN":"75120_6301","name":"Cour de la Métairie","INSEE_COM":"75120","NOM_COM":"Paris 20e Arrondissement","SRC_BAN":"commune","NOM_COLL":"COUR DE LA METAIRIE","TYPE_VOIE":"cour","MOT_DIR":"Métairie","LD_BAN":null,"ID_SUPP":"TRONROUT0000000000184532","INSEEDBAN":null,"COMDEL_BAN":null,"DATE_CREAT":"2023-12-08T13:42:59","DATE_MAJ":"2024-03-12T16:10:18","NOM_NORMA":"COUR DE LA METAIRIE","ID_BAN_ODO":null,"Nom_a_verifier":false,"other_tags":"nan"},"geometry":{"type":"MultiLineString","coordinates":[[[2.385388318041417,48.873935756364006],[2.38536970940912,48.873895190784069],[2.385374170712073,48.873863736997158],[2.38558586861026,48.873716433649385],[2.38565741741876,48.873661042151603],[2.385950442499059,48.873322597268363],[2.386143127638447,48.873400028979823]]]}},
{"type":"Feature","properties":{"ID":"VOIE_NOM0000002338740967","ID_BAN":"75120_7478","name":"Place Pierre Vaudrey","INSEE_COM":"75120","NOM_COM":"Paris 20e Arrondissement","SRC_BAN":"commune","NOM_COLL":"PL PIERRE VAUDREY","TYPE_VOIE":"place","MOT_DIR":"Vaudrey","LD_BAN":null,"ID_SUPP":"TRONROUT0000000356838340","INSEEDBAN":null,"COMDEL_BAN":null,"DATE_CREAT":"2023-12-08T13:42:59","DATE_MAJ":"2024-03-12T16:10:18","NOM_NORMA":"PL PIERRE VAUDREY","ID_BAN_ODO":null,"Nom_a_verifier":false,"other_tags":"nan"},"geometry":{"type":"MultiLineString","coordinates":[[[2.406419465548569,48.861164279808968],[2.405707446027997,48.860970085401895]]]}},
{"type":"Feature","properties":{"ID":"VOIE_NOM0000002338740969","ID_BAN":"75120_5786","name":"Rue Louis Ganne","INSEE_COM":"75120","NOM_COM":"Paris 20e Arrondissement","SRC_BAN":"commune","NOM_COLL":"R LOUIS GANNE","TYPE_VOIE":"rue","MOT_DIR":"Ganne","LD_BAN":null,"ID_SUPP":"TRONROUT0000000000188831/TRONROUT0000000350840280","INSEEDBAN":null,"COMDEL_BAN":null,"DATE_CREAT":"2023-12-08T13:42:59","DATE_MAJ":"2024-03-12T16:10:18","NOM_NORMA":"R LOUIS GANNE","ID_BAN_ODO":null,"Nom_a_verifier":false,"other_tags":"\"wikipedia\"=>\"fr:Rue_Louis-Ganne\""},"geometry":{"type":"MultiLineString","coordinates":[[[2.40905099815154,48.863371696534529],[2.408988360244407,48.863365991180913]],[[2.410736845918661,48.863519406802403],[2.410292865134809,48.863484843696547],[2.409775393582687,48.863440023779589],[2.409298803473951,48.863396302746239],[2.40905099815154,48.863371696534529]]]}},
{"type":"Feature","properties":{"ID":"VOIE_NOM0000002338740992","ID_BAN":"75120_6256","name":"Place Mélina Mercouri","INSEE_COM":"75120","NOM_COM":"Paris 20e Arrondissement","SRC_BAN":"commune","NOM_COLL":"PL MELINA MERCOURI","TYPE_VOIE":"place","MOT_DIR":"Mercouri","LD_BAN":null,"ID_SUPP":"TRONROUT0000000337456614/TRONROUT0000002342551981","INSEEDBAN":null,"COMDEL_BAN":null,"DATE_CREAT":"2023-12-08T13:42:59","DATE_MAJ":"2024-03-15T18:43:11","NOM_NORMA":"PL MELINA MERCOURI","ID_BAN_ODO":null,"Nom_a_verifier":false,"other_tags":"nan"},"geometry":{"type":"MultiLineString","coordinates":[[[2.401255021532913,48.857476421602378],[2.401256817181394,48.857557371728255]],[[2.401098417255934,48.857346132084018],[2.401255021532913,48.857476421602378]]]}},
{"type":"Feature","properties":{"ID":"VOIE_NOM0000002338741002","ID_BAN":"75120_4673","name":"Villa des Houseaux","INSEE_COM":"75120","NOM_COM":"Paris 20e Arrondissement","SRC_BAN":"commune","NOM_COLL":"VLA DES HOUSEAUX","TYPE_VOIE":"villa","MOT_DIR":"Houseaux","LD_BAN":null,"ID_SUPP":"TRONROUT0000000000188981/TRONROUT0000000330349968","INSEEDBAN":null,"COMDEL_BAN":null,"DATE_CREAT":"2023-12-08T13:42:59","DATE_MAJ":"2024-03-12T16:10:18","NOM_NORMA":"VLA DES HOUSEAUX","ID_BAN_ODO":null,"Nom_a_verifier":false,"other_tags":"nan"},"geometry":{"type":"MultiLineString","coordinates":[[[2.385695319920135,48.86455184241342],[2.385765859331559,48.864580983393068]],[[2.385765859331559,48.864580983393068],[2.385856728009823,48.864620121408677],[2.386258073063726,48.864802048529832]]]}},
{"type":"Feature","properties":{"ID":"VOIE_NOM0000002338741003","ID_BAN":"75120_9035","name":"Villa Souchet","INSEE_COM":"75120","NOM_COM":"Paris 20e Arrondissement","SRC_BAN":"commune","NOM_COLL":"VLA SOUCHET","TYPE_VOIE":"villa","MOT_DIR":"Souchet","LD_BAN":null,"ID_SUPP":"TRONROUT0000000000187009","INSEEDBAN":null,"COMDEL_BAN":null,"DATE_CREAT":"2023-12-08T13:42:59","DATE_MAJ":"2024-03-12T16:10:18","NOM_NORMA":"VLA SOUCHET","ID_BAN_ODO":null,"Nom_a_verifier":false,"other_tags":"nan"},"geometry":{"type":"MultiLineString","coordinates":[[[2.400460589149311,48.867174547479138],[2.400329201403651,48.867219755509595],[2.400236084470617,48.867256161796909],[2.400155966992988,48.867347492789101],[2.400014835758095,48.867528451684606],[2.399920816786183,48.867643095599568],[2.399803282127881,48.867787299658538],[2.399731383371809,48.867875074193137]]]}},
{"type":"Feature","properties":{"ID":"VOIE_NOM0000002338741004","ID_BAN":"75120_1815","name":"Rue Charles Cros","INSEE_COM":"75120","NOM_COM":"Paris 20e Arrondissement","SRC_BAN":"commune","NOM_COLL":"R CHARLES CROS","TYPE_VOIE":"rue","MOT_DIR":"Cros","LD_BAN":null,"ID_SUPP":"TRONROUT0000000000182902/TRONROUT0000000256619810","INSEEDBAN":null,"COMDEL_BAN":null,"DATE_CREAT":"2023-12-08T13:42:59","DATE_MAJ":"2024-03-12T16:10:18","NOM_NORMA":"R CHARLES CROS","ID_BAN_ODO":null,"Nom_a_verifier":false,"other_tags":"\"wikipedia\"=>\"fr:Rue_Charles-Cros\""},"geometry":{"type":"MultiLineString","coordinates":[[[2.408658025754713,48.876976695533514],[2.408662953142279,48.876902974847127],[2.408625370782678,48.876850628076305],[2.408524981304862,48.876806064953314],[2.408193635780765,48.87668841381948],[2.407748126619468,48.876538720443257],[2.40729852992472,48.876389005138158]],[[2.407251213471739,48.876473307889626],[2.407596178970856,48.876591928403329],[2.407942478746427,48.876713252490923],[2.408296878661812,48.876841810230431],[2.408658025754713,48.876976695533514]]]}},
{"type":"Feature","properties":{"ID":"VOIE_NOM0000002338741011","ID_BAN":"75120_7647","name":"Place de la Porte de Bagnolet","INSEE_COM":"75120","NOM_COM":"Paris 20e Arrondissement","SRC_BAN":"commune","NOM_COLL":"PL DE LA PORTE DE BAGNOLET","TYPE_VOIE":"place","MOT_DIR":"Bagnolet","LD_BAN":null,"ID_SUPP":"TRONROUT0000000000188814/TRONROUT0000000000188816/TRONROUT0000000000188818/TRONROUT0000000317831889/TRONROUT0000000317831890/TRONROUT0000000317831896/TRONROUT0000000317831897/TRONROUT0000000350840282","INSEEDBAN":null,"COMDEL_BAN":null,"DATE_CREAT":"2023-12-08T13:42:59","DATE_MAJ":"2024-03-12T16:10:18","NOM_NORMA":"PL DE LA PORTE DE BAGNOLET","ID_BAN_ODO":null,"Nom_a_verifier":false,"other_tags":"nan"},"geometry":{"type":"MultiLineString","coordinates":[[[2.408929347578038,48.864122044939478],[2.408835246521604,48.864126076861481]],[[2.408900318902883,48.864638122610998],[2.408831941520717,48.864657570350744],[2.408755518418865,48.864665286890244],[2.408624593378155,48.864670935407332]],[[2.408540563596726,48.864388127500831],[2.408587182973947,48.864364075707954],[2.408630984333287,48.864348104030817],[2.408702026239936,48.864334065605611],[2.408727934386772,48.864333294265322],[2.40878110352176,48.864332657590765],[2.408832838171616,48.864338309185776],[2.408857281224115,48.864346523978874]],[[2.409414303733558,48.864630767310068],[2.409432839048049,48.86455891160805],[2.409431091621671,48.864472566380343],[2.409392623388066,48.864378845221928],[2.409321350366009,48.864293056199031],[2.409286268003309,48.864261406152117],[2.409241623959845,48.864231507576321],[2.409188781293696,48.864203367189866],[2.409119622939871,48.864171548867432],[2.409051735905089,48.864147830840864],[2.408970198086941,48.864125844042682],[2.408929347578038,48.864122044939478]],[[2.408857281224115,48.864346523978874],[2.408915627076134,48.864370194988709],[2.408950739895594,48.864399147273005],[2.408981722788714,48.864431676510385],[2.408997661127946,48.864468628146007],[2.409006845431431,48.864500150388416],[2.409007739196652,48.864541524426585]],[[2.408506533214125,48.8645039741495],[2.408505558162891,48.864469794420508],[2.408512781846505,48.864433856530901],[2.40852395172991,48.864410528899576],[2.408540563596726,48.864388127500831]],[[2.409007739196652,48.864541524426585],[2.408986854673829,48.864580092900418],[2.408944202021013,48.864614956509548],[2.408900318902883,48.864638122610998]],[[2.408624593378155,48.864670935407332],[2.408582716315637,48.864637452910522],[2.40853957835072,48.864594970770021],[2.408516865862839,48.864554388238815],[2.408506533214125,48.8645039741495]]]}},
{"type":"Feature","properties":{"ID":"VOIE_NOM0000002338741018","ID_BAN":"75120_4704","name":"Rue de l'Indre","INSEE_COM":"75120","NOM_COM":"Paris 20e Arrondissement","SRC_BAN":"commune","NOM_COLL":"R DE L'INDRE","TYPE_VOIE":"rue","MOT_DIR":"Indre","LD_BAN":null,"ID_SUPP":"TRONROUT0000000000189967","INSEEDBAN":null,"COMDEL_BAN":null,"DATE_CREAT":"2023-12-08T13:42:59","DATE_MAJ":"2024-03-12T16:10:18","NOM_NORMA":"R DE L'INDRE","ID_BAN_ODO":null,"Nom_a_verifier":false,"other_tags":"\"wikipedia\"=>\"fr:Rue_de_l%27Indre_(Paris)\""},"geometry":{"type":"MultiLineString","coordinates":[[[2.403198207425944,48.862625878380022],[2.404096221843511,48.863363316393738]]]}},
{"type":"Feature","properties":{"ID":"VOIE_NOM0000002338741020","ID_BAN":"75120_8859","name":"Rue de Savies","INSEE_COM":"75120","NOM_COM":"Paris 20e Arrondissement","SRC_BAN":"commune","NOM_COLL":"R DE SAVIES","TYPE_VOIE":"rue","MOT_DIR":"Savies","LD_BAN":null,"ID_SUPP":"TRONROUT0000000000185311","INSEEDBAN":null,"COMDEL_BAN":null,"DATE_CREAT":"2023-12-08T13:42:59","DATE_MAJ":"2024-03-12T16:10:18","NOM_NORMA":"R DE SAVIES","ID_BAN_ODO":null,"Nom_a_verifier":false,"other_tags":"\"wikipedia\"=>\"fr:Rue_de_Savies\""},"geometry":{"type":"MultiLineString","coordinates":[[[2.391421179906751,48.871493409771773],[2.390943942684101,48.871499975764742],[2.390776064980527,48.871516208814981],[2.39018559981402,48.871645404409847]]]}},
{"type":"Feature","properties":{"ID":"VOIE_NOM0000002338741032","ID_BAN":"75120_3913","name":"Villa Gagliardini","INSEE_COM":"75120","NOM_COM":"Paris 20e Arrondissement","SRC_BAN":"commune","NOM_COLL":"VLA GAGLIARDINI","TYPE_VOIE":"villa","MOT_DIR":"Gagliardini","LD_BAN":null,"ID_SUPP":"TRONROUT0000000000183707","INSEEDBAN":null,"COMDEL_BAN":null,"DATE_CREAT":"2023-12-08T13:42:59","DATE_MAJ":"2024-03-12T16:10:18","NOM_NORMA":"VLA GAGLIARDINI","ID_BAN_ODO":null,"Nom_a_verifier":false,"other_tags":"nan"},"geometry":{"type":"MultiLineString","coordinates":[[[2.403897319083343,48.87562387371478],[2.402796590597098,48.875425031204117]]]}},
{"type":"Feature","properties":{"ID":"VOIE_NOM0000002338741049","ID_BAN":"75120_1506","name":"Rue du Capitaine Marchal","INSEE_COM":"75120","NOM_COM":"Paris 20e Arrondissement","SRC_BAN":"commune","NOM_COLL":"R DU CAPITAINE MARCHAL","TYPE_VOIE":"rue","MOT_DIR":"Marchal","LD_BAN":null,"ID_SUPP":"TRONROUT0000000000186992/TRONROUT0000000000186994/TRONROUT0000000000187005/TRONROUT0000000000187868/TRONROUT0000000000187876","INSEEDBAN":null,"COMDEL_BAN":null,"DATE_CREAT":"2023-12-08T13:42:59","DATE_MAJ":"2024-03-12T16:10:18","NOM_NORMA":"R DU CAPITAINE MARCHAL","ID_BAN_ODO":null,"Nom_a_verifier":false,"other_tags":"\"wikipedia\"=>\"fr:Rue_du_Capitaine-Marchal\""},"geometry":{"type":"MultiLineString","coordinates":[[[2.406189542198658,48.86662753153476],[2.406320308386402,48.866397050307334]],[[2.406189542198658,48.86662753153476],[2.406102395485657,48.866619005090548],[2.406064228435894,48.866618815695119],[2.406028674812765,48.866628531977618],[2.405654278512407,48.866825427097574],[2.405282513220079,48.867030428140282],[2.405031521682658,48.867164081405932]],[[2.403449933991261,48.868021371687114],[2.403499511809021,48.867977551251258],[2.403524480888712,48.867939903519336],[2.40357915703031,48.867807973387798]],[[2.405031521682658,48.867164081405932],[2.404750303726794,48.867318268581528],[2.404502004857227,48.867454632120179],[2.404235881095121,48.867599899785056],[2.404047979419313,48.867699690141109]],[[2.404047979419313,48.867699690141109],[2.403936937633103,48.867753996780507],[2.403810746693783,48.867821717917742],[2.403784733811811,48.867831481052711],[2.403758813558835,48.867833150606636],[2.403711124233414,48.867831114354225],[2.40357915703031,48.867807973387798]]]}},
{"type":"Feature","properties":{"ID":"VOIE_NOM0000002338741058","ID_BAN":"75120_x106","name":"Voie Fd/20","INSEE_COM":"75120","NOM_COM":"Paris 20e Arrondissement","SRC_BAN":"commune","NOM_COLL":"VOI FD/20","TYPE_VOIE":"voie","MOT_DIR":"Fd/20","LD_BAN":null,"ID_SUPP":"TRONROUT0000002334837235","INSEEDBAN":null,"COMDEL_BAN":null,"DATE_CREAT":"2023-12-08T13:42:59","DATE_MAJ":"2024-03-12T16:10:18","NOM_NORMA":"VOI FD/20","ID_BAN_ODO":null,"Nom_a_verifier":false,"other_tags":"nan"},"geometry":{"type":"MultiLineString","coordinates":[[[2.393308040939093,48.865052936321852],[2.393296096470152,48.864908081927688],[2.39336489716295,48.864735757250195]]]}},
{"type":"Feature","properties":{"ID":"VOIE_NOM0000002338741064","ID_BAN":"75120_7409","name":"Rue Pierre Bayle","INSEE_COM":"75120","NOM_COM":"Paris 20e Arrondissement","SRC_BAN":"commune","NOM_COLL":"R PIERRE BAYLE","TYPE_VOIE":"rue","MOT_DIR":"Bayle","LD_BAN":null,"ID_SUPP":"TRONROUT0000000000191806/TRONROUT0000000330306497/TRONROUT0000000330647004","INSEEDBAN":null,"COMDEL_BAN":null,"DATE_CREAT":"2023-12-08T13:42:59","DATE_MAJ":"2024-03-12T16:10:18","NOM_NORMA":"R PIERRE BAYLE","ID_BAN_ODO":null,"Nom_a_verifier":false,"other_tags":"\"wikipedia\"=>\"fr:Rue_Pierre-Bayle\""},"geometry":{"type":"MultiLineString","coordinates":[[[2.391193326706135,48.858911374671173],[2.390877763508174,48.858855808085735],[2.390812501848336,48.858841985690589],[2.390750018609022,48.858823680675627],[2.390671432999111,48.858783709336151],[2.390473785454255,48.858668485842138]],[[2.390074478001441,48.858431721951376],[2.389999782128302,48.858408857555823]],[[2.390473785454255,48.858668485842138],[2.390299181728599,48.858564171568936],[2.390159824460564,48.858476224886182],[2.390074478001441,48.858431721951376]]]}},
{"type":"Feature","properties":{"ID":"VOIE_NOM0000002338741074","ID_BAN":"75120_x167","name":"Voie Bt/20","INSEE_COM":"75120","NOM_COM":"Paris 20e Arrondissement","SRC_BAN":"commune","NOM_COLL":"VOI BT/20","TYPE_VOIE":"voie","MOT_DIR":"Bt/20","LD_BAN":null,"ID_SUPP":"TRONROUT0000000330349952","INSEEDBAN":null,"COMDEL_BAN":null,"DATE_CREAT":"2023-12-08T13:42:59","DATE_MAJ":"2024-04-09T23:12:41","NOM_NORMA":"VOI BT/20","ID_BAN_ODO":null,"Nom_a_verifier":false,"other_tags":"nan"},"geometry":{"type":"MultiLineString","coordinates":[[[2.396392259461561,48.864161995631278],[2.396439642996484,48.864190114172608],[2.396706402691072,48.864343447788784]]]}},
{"type":"Feature","properties":{"ID":"VOIE_NOM0000002338741081","ID_BAN":"75120_x058","name":"Voie Ah/20","INSEE_COM":"75120","NOM_COM":"Paris 20e Arrondissement","SRC_BAN":"commune","NOM_COLL":"VOI AH/20","TYPE_VOIE":"voie","MOT_DIR":"Ah/20","LD_BAN":null,"ID_SUPP":"TRONROUT0000000330349948","INSEEDBAN":null,"COMDEL_BAN":null,"DATE_CREAT":"2023-12-08T13:42:59","DATE_MAJ":"2024-03-12T16:10:18","NOM_NORMA":"VOI AH/20","ID_BAN_ODO":null,"Nom_a_verifier":false,"other_tags":"nan"},"geometry":{"type":"MultiLineString","coordinates":[[[2.399518948173426,48.861114565365092],[2.399785104890932,48.86120133816123]]]}},
{"type":"Feature","properties":{"ID":"VOIE_NOM0000002338741084","ID_BAN":"75120_5035","name":"Rue du Jourdain","INSEE_COM":"75120","NOM_COM":"Paris 20e Arrondissement","SRC_BAN":"commune","NOM_COLL":"R DU JOURDAIN","TYPE_VOIE":"rue","MOT_DIR":"Jourdain","LD_BAN":null,"ID_SUPP":"TRONROUT0000000000183770/TRONROUT0000000000184510/TRONROUT0000000000184517/TRONROUT0000002321933273","INSEEDBAN":null,"COMDEL_BAN":null,"DATE_CREAT":"2023-12-08T13:42:59","DATE_MAJ":"2024-03-12T16:10:18","NOM_NORMA":"R DU JOURDAIN","ID_BAN_ODO":null,"Nom_a_verifier":false,"other_tags":"\"wikipedia\"=>\"fr:Rue_du_Jourdain\""},"geometry":{"type":"MultiLineString","coordinates":[[[2.389539504784125,48.873845481006477],[2.389553281615566,48.873716946528035]],[[2.389471115042912,48.87444588701355],[2.389405383772091,48.874935688282982],[2.389399582571572,48.874965336677278],[2.389378721521927,48.875000304248367],[2.389283291779059,48.875115831355636]],[[2.38948794558514,48.874289488850266],[2.389539504784125,48.873845481006477]],[[2.389471115042912,48.87444588701355],[2.38948794558514,48.874289488850266]]]}},
{"type":"Feature","properties":{"ID":"VOIE_NOM0000002338741096","ID_BAN":"75120_0934","name":"Rue Bessie Coleman","INSEE_COM":"75120","NOM_COM":"Paris 20e Arrondissement","SRC_BAN":"commune","NOM_COLL":"R BESSIE COLEMAN","TYPE_VOIE":"rue","MOT_DIR":"Coleman","LD_BAN":null,"ID_SUPP":"TRONROUT0000000312870199","INSEEDBAN":null,"COMDEL_BAN":null,"DATE_CREAT":"2023-12-08T13:42:59","DATE_MAJ":"2024-03-12T16:10:18","NOM_NORMA":"R BESSIE COLEMAN","ID_BAN_ODO":null,"Nom_a_verifier":false,"other_tags":"nan"},"geometry":{"type":"MultiLineString","coordinates":[[[2.411722245067069,48.874877467563984],[2.411892031234287,48.874934060351499],[2.412195038333014,48.87502548170626],[2.412504812438031,48.875121432146173],[2.412680063726497,48.875177151286195]]]}},
{"type":"Feature","properties":{"ID":"VOIE_NOM0000002338741098","ID_BAN":"75120_3184","name":"Rue Elisa Borey","INSEE_COM":"75120","NOM_COM":"Paris 20e Arrondissement","SRC_BAN":"commune","NOM_COLL":"R ELISA BOREY","TYPE_VOIE":"rue","MOT_DIR":"Borey","LD_BAN":null,"ID_SUPP":"TRONROUT0000000000187930/TRONROUT0000000000187939/TRONROUT0000000000187944/TRONROUT0000000000187946","INSEEDBAN":null,"COMDEL_BAN":null,"DATE_CREAT":"2023-12-08T13:42:59","DATE_MAJ":"2024-03-12T16:10:18","NOM_NORMA":"R ELISA BOREY","ID_BAN_ODO":null,"Nom_a_verifier":false,"other_tags":"\"wikipedia\"=>\"fr:Rue_%C3%89lisa-Borey\""},"geometry":{"type":"MultiLineString","coordinates":[[[2.390833695942218,48.86635520333931],[2.389969707146725,48.866215901775639],[2.389756006542612,48.866188731503421],[2.389711108673758,48.866181307852393],[2.389678531353379,48.866169450312348]],[[2.39142921045064,48.866488637108667],[2.391677482246635,48.866590625273545]],[[2.390833695942218,48.86635520333931],[2.390937112802329,48.866371018433099],[2.390968432571493,48.866373875829964],[2.390998389243492,48.866376726282695]],[[2.390998389243492,48.866376726282695],[2.39142921045064,48.866488637108667]]]}},
{"type":"Feature","properties":{"ID":"VOIE_NOM0000002338741104","ID_BAN":"75120_0702","name":"Impasse Basilide Fossard","INSEE_COM":"75120","NOM_COM":"Paris 20e Arrondissement","SRC_BAN":"commune","NOM_COLL":"IMP BASILIDE FOSSARD","TYPE_VOIE":"impasse","MOT_DIR":"Fossard","LD_BAN":null,"ID_SUPP":"TRONROUT0000000000186115","INSEEDBAN":null,"COMDEL_BAN":null,"DATE_CREAT":"2023-12-08T13:42:59","DATE_MAJ":"2024-03-12T16:10:18","NOM_NORMA":"IMP BASILIDE FOSSARD","ID_BAN_ODO":null,"Nom_a_verifier":false,"other_tags":"nan"},"geometry":{"type":"MultiLineString","coordinates":[[[2.40308404500019,48.870210331056498],[2.403180427416027,48.870127173466045],[2.403341247181785,48.869893248619071]]]}},
{"type":"Feature","properties":{"ID":"VOIE_NOM0000002338741111","ID_BAN":"75120_x350","name":"Voie J/20","INSEE_COM":"75120","NOM_COM":"Paris 20e Arrondissement","SRC_BAN":"commune","NOM_COLL":"VOI J/20","TYPE_VOIE":"voie","MOT_DIR":"J/20","LD_BAN":null,"ID_SUPP":"TRONROUT0000000000184470/TRONROUT0000000000184472","INSEEDBAN":null,"COMDEL_BAN":null,"DATE_CREAT":"2023-12-08T13:42:59","DATE_MAJ":"2024-04-09T23:12:41","NOM_NORMA":"VOI J/20","ID_BAN_ODO":null,"Nom_a_verifier":false,"other_tags":"nan"},"geometry":{"type":"MultiLineString","coordinates":[[[2.40378882599554,48.873071928185745],[2.40358503458688,48.873009758309934],[2.403511675154061,48.872986909442254]],[[2.403511675154061,48.872986909442254],[2.402725050925012,48.872746462320777]]]}},
{"type":"Feature","properties":{"ID":"VOIE_NOM0000002338741128","ID_BAN":"75120_1462","name":"Rue Camille Bombois","INSEE_COM":"75120","NOM_COM":"Paris 20e Arrondissement","SRC_BAN":"commune","NOM_COLL":"R CAMILLE BOMBOIS","TYPE_VOIE":"rue","MOT_DIR":"Bombois","LD_BAN":null,"ID_SUPP":"TRONROUT0000000350840322","INSEEDBAN":null,"COMDEL_BAN":null,"DATE_CREAT":"2023-12-08T13:42:59","DATE_MAJ":"2024-03-12T16:10:18","NOM_NORMA":"R CAMILLE BOMBOIS","ID_BAN_ODO":null,"Nom_a_verifier":false,"other_tags":"\"wikipedia\"=>\"fr:Rue_Camille-Bombois\""},"geometry":{"type":"MultiLineString","coordinates":[[[2.40807359864456,48.866135932843541],[2.408314989308224,48.866126334383516],[2.408570010843959,48.866116802795375],[2.408669567900906,48.866112798027963]]]}},
{"type":"Feature","properties":{"ID":"VOIE_NOM0000002338741160","ID_BAN":"75120_8020","name":"Rue Ramponeau","INSEE_COM":"75120","NOM_COM":"Paris 20e Arrondissement","SRC_BAN":"commune","NOM_COLL":"R RAMPONEAU","TYPE_VOIE":"rue","MOT_DIR":"Ramponeau","LD_BAN":null,"ID_SUPP":"TRONROUT0000000000185417/TRONROUT0000000000185419/TRONROUT0000000000185429/TRONROUT0000000000185437/TRONROUT0000000256426103","INSEEDBAN":null,"COMDEL_BAN":null,"DATE_CREAT":"2023-12-08T13:42:59","DATE_MAJ":"2024-03-12T16:10:18","NOM_NORMA":"R RAMPONEAU","ID_BAN_ODO":null,"Nom_a_verifier":false,"other_tags":"\"wikipedia\"=>\"fr:Rue_Ramponeau\""},"geometry":{"type":"MultiLineString","coordinates":[[[2.378402873817359,48.870807769113689],[2.378483024510854,48.870831568086864]],[[2.378483024510854,48.870831568086864],[2.378563186006359,48.870854467724385],[2.378912449559901,48.870947113561996]],[[2.382691050847037,48.871907366321722],[2.382465264069956,48.871863033557588],[2.381915783778214,48.871753176490813],[2.38135819046556,48.871637878930429],[2.38107144506304,48.871560852334206]],[[2.380359517039203,48.871354818296354],[2.379310575995609,48.871057998494592],[2.378912449559901,48.870947113561996]],[[2.38107144506304,48.871560852334206],[2.380817364647733,48.871488490700173],[2.380557885486321,48.871411603896981],[2.380359517039203,48.871354818296354]]]}},
{"type":"Feature","properties":{"ID":"VOIE_NOM0000002338741169","ID_BAN":"75120_9212","name":"Rue de Terre Neuve","INSEE_COM":"75120","NOM_COM":"Paris 20e Arrondissement","SRC_BAN":"commune","NOM_COLL":"R DE TERRE-NEUVE","TYPE_VOIE":"rue","MOT_DIR":"Neuve","LD_BAN":null,"ID_SUPP":"TRONROUT0000000000193450/TRONROUT0000000000193465/TRONROUT0000000000193469/TRONROUT0000000000194194/TRONROUT0000000312695119/TRONROUT0000000356840310","INSEEDBAN":null,"COMDEL_BAN":null,"DATE_CREAT":"2023-12-08T13:42:59","DATE_MAJ":"2024-03-12T16:10:18","NOM_NORMA":"R DE TERRE NEUVE","ID_BAN_ODO":null,"Nom_a_verifier":false,"other_tags":"\"wikipedia\"=>\"fr:Rue_de_Terre-Neuve\""},"geometry":{"type":"MultiLineString","coordinates":[[[2.396550207058586,48.853939036151331],[2.396483649772618,48.853919814134137]],[[2.39790847333309,48.854336195952428],[2.397261971539554,48.854144077830114],[2.396550207058586,48.853939036151331]],[[2.400022185209719,48.855291128826188],[2.400511635679868,48.855513022820517],[2.40064664507729,48.855624318894755]],[[2.399095114291053,48.85484489688475],[2.400022185209719,48.855291128826188]],[[2.398390040574492,48.854531078778557],[2.398178504535329,48.854438281464098],[2.398026537069112,48.854379958714851],[2.39790847333309,48.854336195952428]],[[2.399095114291053,48.85484489688475],[2.398390040574492,48.854531078778557]]]}},
{"type":"Feature","properties":{"ID":"VOIE_NOM0000002338741170","ID_BAN":"75120_x288","name":"Voie Dk/20","INSEE_COM":"75120","NOM_COM":"Paris 20e Arrondissement","SRC_BAN":"commune","NOM_COLL":"VOI DK/20","TYPE_VOIE":"voie","MOT_DIR":"Dk/20","LD_BAN":null,"ID_SUPP":"TRONROUT0000002334848284","INSEEDBAN":null,"COMDEL_BAN":null,"DATE_CREAT":"2023-12-08T13:42:59","DATE_MAJ":"2024-03-12T16:10:18","NOM_NORMA":"VOI DK/20","ID_BAN_ODO":null,"Nom_a_verifier":false,"other_tags":"nan"},"geometry":{"type":"MultiLineString","coordinates":[[[2.407129122282656,48.869112561201518],[2.40732720995917,48.868956158398333]]]}},
{"type":"Feature","properties":{"ID":"VOIE_NOM0000002338741187","ID_BAN":"75120_2780","name":"Rue Devéria","INSEE_COM":"75120","NOM_COM":"Paris 20e Arrondissement","SRC_BAN":"commune","NOM_COLL":"R DEVERIA","TYPE_VOIE":"rue","MOT_DIR":"Devéria","LD_BAN":null,"ID_SUPP":"TRONROUT0000000000185267","INSEEDBAN":null,"COMDEL_BAN":null,"DATE_CREAT":"2023-12-08T13:42:59","DATE_MAJ":"2024-03-12T16:10:18","NOM_NORMA":"R DEVERIA","ID_BAN_ODO":null,"Nom_a_verifier":false,"other_tags":"\"wikipedia\"=>\"fr:Rue_Dev%C3%A9ria\""},"geometry":{"type":"MultiLineString","coordinates":[[[2.399251453457684,48.872728180298402],[2.399184503719651,48.872622622212184],[2.398820376698196,48.872278147700435],[2.398797460838249,48.872255549249715],[2.398340230595324,48.871827866694872]]]}},
{"type":"Feature","properties":{"ID":"VOIE_NOM0000002338741193","ID_BAN":"75120_3983","name":"Rue des Gâtines","INSEE_COM":"75120","NOM_COM":"Paris 20e Arrondissement","SRC_BAN":"commune","NOM_COLL":"R DES GATINES","TYPE_VOIE":"rue","MOT_DIR":"Gâtines","LD_BAN":null,"ID_SUPP":"TRONROUT0000000000187895/TRONROUT0000000000187897/TRONROUT0000000000188881","INSEEDBAN":null,"COMDEL_BAN":null,"DATE_CREAT":"2023-12-08T13:42:59","DATE_MAJ":"2024-03-12T16:10:18","NOM_NORMA":"R DES GATINES","ID_BAN_ODO":null,"Nom_a_verifier":false,"other_tags":"\"wikipedia\"=>\"fr:Rue_des_G%C3%A2tines\""},"geometry":{"type":"MultiLineString","coordinates":[[[2.399642558190942,48.866237832771674],[2.399528975315713,48.866275934551396],[2.399471600751525,48.866286438753804],[2.39941172805944,48.866277144933754],[2.399090291843533,48.866135234609807],[2.398470804840478,48.865833542037663]],[[2.397266314023993,48.864961417861274],[2.397570424458814,48.865185985379995],[2.398005550436077,48.865515534555421]],[[2.398470804840478,48.865833542037663],[2.398280042981782,48.865708474262433],[2.398005550436077,48.865515534555421]]]}},
{"type":"Feature","properties":{"ID":"VOIE_NOM0000002338741197","ID_BAN":"75120_3857","name":"Rue des Frères Flavien","INSEE_COM":"75120","NOM_COM":"Paris 20e Arrondissement","SRC_BAN":"commune","NOM_COLL":"R DES FRERES FLAVIEN","TYPE_VOIE":"rue","MOT_DIR":"Flavien","LD_BAN":null,"ID_SUPP":"TRONROUT0000000000182861/TRONROUT0000000000182870/TRONROUT0000000000183680/TRONROUT0000000000184445/TRONROUT0000000312870198","INSEEDBAN":null,"COMDEL_BAN":null,"DATE_CREAT":"2023-12-08T13:42:59","DATE_MAJ":"2024-03-12T16:10:18","NOM_NORMA":"R DES FRERES FLAVIEN","ID_BAN_ODO":null,"Nom_a_verifier":false,"other_tags":"\"wikipedia\"=>\"fr:Rue_des_Fr%C3%A8res-Flavien\""},"geometry":{"type":"MultiLineString","coordinates":[[[2.412680063726497,48.875177151286195],[2.412827568307746,48.874670652283584],[2.412976433327521,48.874164159552301],[2.413057780507624,48.874083618610101]],[[2.412420915533348,48.876032042044947],[2.412466287777436,48.875877579969377],[2.412520245579678,48.875687186780311],[2.412576777534758,48.875510296124212],[2.412680063726497,48.875177151286195]],[[2.410701915398665,48.878416707137312],[2.410805707986501,48.878281419446488],[2.411518007597941,48.877387393069405]],[[2.412420915533348,48.876032042044947],[2.412390895084673,48.876155102893797],[2.41235961259522,48.876269164228702],[2.412330220972229,48.876336469679821],[2.412278934238201,48.876410862264713],[2.412202873305524,48.876505817762343],[2.412074222345996,48.8766697633096],[2.412003228363739,48.876798918065006]],[[2.411518007597941,48.877387393069405],[2.412003228363739,48.876798918065006]]]}},
{"type":"Feature","properties":{"ID":"VOIE_NOM0000002338741209","ID_BAN":"75120_1113","name":"Villa du Borrégo","INSEE_COM":"75120","NOM_COM":"Paris 20e Arrondissement","SRC_BAN":"commune","NOM_COLL":"VLA DU BORREGO","TYPE_VOIE":"villa","MOT_DIR":"Borrégo","LD_BAN":null,"ID_SUPP":"TRONROUT0000000000184483","INSEEDBAN":null,"COMDEL_BAN":null,"DATE_CREAT":"2023-12-08T13:42:59","DATE_MAJ":"2024-03-12T16:10:18","NOM_NORMA":"VLA DU BORREGO","ID_BAN_ODO":null,"Nom_a_verifier":false,"other_tags":"nan"},"geometry":{"type":"MultiLineString","coordinates":[[[2.400956914784948,48.873209776832724],[2.400647974909524,48.873755024883394]]]}},
{"type":"Feature","properties":{"ID":"VOIE_NOM0000002338741217","ID_BAN":"75120_7261","name":"Avenue du Père Lachaise","INSEE_COM":"75120","NOM_COM":"Paris 20e Arrondissement","SRC_BAN":"commune","NOM_COLL":"AV DU PERE LACHAISE","TYPE_VOIE":"avenue","MOT_DIR":"Lachaise","LD_BAN":null,"ID_SUPP":"TRONROUT0000000000188879/TRONROUT0000000000188885/TRONROUT0000000000188895/TRONROUT0000002275892727","INSEEDBAN":null,"COMDEL_BAN":null,"DATE_CREAT":"2023-12-08T13:42:59","DATE_MAJ":"2024-03-12T16:10:18","NOM_NORMA":"AV DU PERE LACHAISE","ID_BAN_ODO":null,"Nom_a_verifier":false,"other_tags":"nan"},"geometry":{"type":"MultiLineString","coordinates":[[[2.397504844417826,48.863784482471303],[2.397262973479643,48.863482884562892]],[[2.398380682941449,48.864784458682358],[2.39827016889731,48.864675082905997]],[[2.398061804515719,48.864422219755028],[2.397589613255867,48.86388023935617],[2.397504844417826,48.863784482471303]],[[2.39827016889731,48.864675082905997],[2.398061804515719,48.864422219755028]]]}},
{"type":"Feature","properties":{"ID":"VOIE_NOM0000002338741227","ID_BAN":"75120_4509","name":"Impasse Haxo","INSEE_COM":"75120","NOM_COM":"Paris 20e Arrondissement","SRC_BAN":"commune","NOM_COLL":"IMP HAXO","TYPE_VOIE":"impasse","MOT_DIR":"Haxo","LD_BAN":null,"ID_SUPP":"TRONROUT0000000000186984/TRONROUT0000000000186986","INSEEDBAN":null,"COMDEL_BAN":null,"DATE_CREAT":"2023-12-08T13:42:59","DATE_MAJ":"2024-03-12T16:10:18","NOM_NORMA":"IMP HAXO","ID_BAN_ODO":null,"Nom_a_verifier":false,"other_tags":"nan"},"geometry":{"type":"MultiLineString","coordinates":[[[2.407418156240451,48.868151702507745],[2.407450933198505,48.868146468759889],[2.407583053460789,48.868036504337198],[2.407819119646768,48.867896476634456]],[[2.40721744375081,48.868059875590191],[2.407347620346667,48.868120775812216],[2.407418156240451,48.868151702507745]]]}},
{"type":"Feature","properties":{"ID":"VOIE_NOM0000002338741234","ID_BAN":"75120_5612","name":"Rue Lesage","INSEE_COM":"75120","NOM_COM":"Paris 20e Arrondissement","SRC_BAN":"commune","NOM_COLL":"R LESAGE","TYPE_VOIE":"rue","MOT_DIR":"Lesage","LD_BAN":null,"ID_SUPP":"TRONROUT0000000000185414/TRONROUT0000000000185423","INSEEDBAN":null,"COMDEL_BAN":null,"DATE_CREAT":"2023-12-08T13:42:59","DATE_MAJ":"2024-03-12T16:10:18","NOM_NORMA":"R LESAGE","ID_BAN_ODO":null,"Nom_a_verifier":false,"other_tags":"\"wikipedia\"=>\"fr:Rue_Lesage_(Paris)\""},"geometry":{"type":"MultiLineString","coordinates":[[[2.380745669651686,48.871900015835102],[2.381085038068024,48.872023181421724],[2.381496372038961,48.872170999969889],[2.381758316027233,48.872270380783569],[2.381913193377724,48.872316147400575],[2.382074993965029,48.872352956197339],[2.382379702154649,48.872410287606172]],[[2.382379702154649,48.872410287606172],[2.382465384794891,48.872427817050472],[2.382990302710992,48.87254024288368]]]}},
{"type":"Feature","properties":{"ID":"VOIE_NOM0000002338741235","ID_BAN":"75120_6195","name":"Place Maurice Chevalier","INSEE_COM":"75120","NOM_COM":"Paris 20e Arrondissement","SRC_BAN":"commune","NOM_COLL":"PL MAURICE CHEVALIER","TYPE_VOIE":"place","MOT_DIR":"Chevalier","LD_BAN":null,"ID_SUPP":"TRONROUT0000000256812297","INSEEDBAN":null,"COMDEL_BAN":null,"DATE_CREAT":"2023-12-08T13:42:59","DATE_MAJ":"2024-03-12T16:10:18","NOM_NORMA":"PL MAURICE CHEVALIER","ID_BAN_ODO":null,"Nom_a_verifier":false,"other_tags":"nan"},"geometry":{"type":"MultiLineString","coordinates":[[[2.386233768897493,48.868484720873191],[2.386187171118425,48.868390051374547],[2.385772629017909,48.868284500808066]]]}},
{"type":"Feature","properties":{"ID":"VOIE_NOM0000002338741253","ID_BAN":"75120_6966","name":"Villa des Otages","INSEE_COM":"75120","NOM_COM":"Paris 20e Arrondissement","SRC_BAN":"commune","NOM_COLL":"VLA DES OTAGES","TYPE_VOIE":"villa","MOT_DIR":"Otages","LD_BAN":null,"ID_SUPP":"TRONROUT0000000000184475","INSEEDBAN":null,"COMDEL_BAN":null,"DATE_CREAT":"2023-12-08T13:42:59","DATE_MAJ":"2024-04-09T23:12:41","NOM_NORMA":"VLA DES OTAGES","ID_BAN_ODO":null,"Nom_a_verifier":false,"other_tags":"nan"},"geometry":{"type":"MultiLineString","coordinates":[[[2.402051169687515,48.874324125239696],[2.402763966515623,48.874465281496619],[2.403083603231839,48.874531627717033],[2.403158410407817,48.874547289367456]]]}},
{"type":"Feature","properties":{"ID":"VOIE_NOM0000002338741263","ID_BAN":"75120_5785","name":"Rue Louis-Nicolas Clérambault","INSEE_COM":"75120","NOM_COM":"Paris 20e Arrondissement","SRC_BAN":"commune","NOM_COLL":"R LOUIS-NICOLAS CLERAMBAULT","TYPE_VOIE":"rue","MOT_DIR":"Clérambault","LD_BAN":null,"ID_SUPP":"TRONROUT0000000000187965","INSEEDBAN":null,"COMDEL_BAN":null,"DATE_CREAT":"2023-12-08T13:42:59","DATE_MAJ":"2024-03-12T16:10:18","NOM_NORMA":"R LOUIS-NICOLAS CLERAMBAULT","ID_BAN_ODO":null,"Nom_a_verifier":false,"other_tags":"\"wikipedia\"=>\"fr:Rue_Louis-Nicolas-Cl%C3%A9rambault\""},"geometry":{"type":"MultiLineString","coordinates":[[[2.389680364598988,48.866012974489209],[2.38954840823633,48.865989818015315],[2.389401753143314,48.865941404881184],[2.387946871977137,48.865393469948437],[2.387763554470207,48.865333175838501]]]}},
{"type":"Feature","properties":{"ID":"VOIE_NOM0000002338741314","ID_BAN":"75120_5778","name":"Rue Louis Delaporte","INSEE_COM":"75120","NOM_COM":"Paris 20e Arrondissement","SRC_BAN":"commune","NOM_COLL":"R LOUIS DELAPORTE","TYPE_VOIE":"rue","MOT_DIR":"Delaporte","LD_BAN":null,"ID_SUPP":"TRONROUT0000000000196643/TRONROUT0000000000196649/TRONROUT0000000356869205/TRONROUT0000000356869207/TRONROUT0000000356869208/TRONROUT0000000356869235/TRONROUT0000000356869241/TRONROUT0000002336250125","INSEEDBAN":null,"COMDEL_BAN":null,"DATE_CREAT":"2023-12-08T13:42:59","DATE_MAJ":"2024-03-12T16:10:18","NOM_NORMA":"R LOUIS DELAPORTE","ID_BAN_ODO":null,"Nom_a_verifier":false,"other_tags":"\"wikipedia\"=>\"fr:Rue_Louis-Delaporte\""},"geometry":{"type":"MultiLineString","coordinates":[[[2.413179331554941,48.84853121274697],[2.413170562747195,48.848462818963483],[2.413156181394949,48.848408787283731],[2.413081555245848,48.848259128717572],[2.413003074633131,48.848088766061224],[2.412935140917061,48.847949932424314],[2.412905771129679,48.847895827140412],[2.412862714423955,48.847847050795913],[2.412827509256144,48.84782709225923],[2.412781301838036,48.847816073240111]],[[2.413069866132544,48.84905499804632],[2.413050201536727,48.849107063983624]],[[2.414293221212102,48.849209386147528],[2.414303546318847,48.849260699733705]],[[2.413212092499982,48.848889315569544],[2.413254304151988,48.8488922206433],[2.413327988288597,48.84888358845577],[2.413408677964974,48.848857902882486],[2.41347449993227,48.848821352145968],[2.413511736659429,48.848781963196011],[2.413561540718663,48.84871565527127],[2.413584847303615,48.848703178578297],[2.413872698409291,48.848674910475737]],[[2.413179331554941,48.84853121274697],[2.413160381766631,48.848640840772113],[2.413135353416743,48.848806198796197],[2.413122208498546,48.84888437794352]],[[2.413122208498546,48.84888437794352],[2.413212092499982,48.848889315569544]],[[2.413872698409291,48.848674910475737],[2.413936813312487,48.848668929090159],[2.414052738866622,48.848660503365558],[2.41410040094131,48.848663434835139],[2.414149324560737,48.848675365983745],[2.414183228823823,48.848689921629024],[2.414199267129261,48.848717880070453],[2.414211086106886,48.848757509426655],[2.414293221212102,48.849209386147528]],[[2.413122208498546,48.84888437794352],[2.413100766113973,48.848973308605153],[2.413069866132544,48.84905499804632]]]}},
{"type":"Feature","properties":{"ID":"VOIE_NOM0000002338741317","ID_BAN":"75120_8503","name":"Rue Saint-Blaise","INSEE_COM":"75120","NOM_COM":"Paris 20e Arrondissement","SRC_BAN":"commune","NOM_COLL":"R SAINT-BLAISE","TYPE_VOIE":"rue","MOT_DIR":"Blaise","LD_BAN":null,"ID_SUPP":"TRONROUT0000000000190958/TRONROUT0000000000191722/TRONROUT0000000000191726/TRONROUT0000000000191732/TRONROUT0000000000191733/TRONROUT0000000000191735/TRONROUT0000000000191740/TRONROUT0000000000191748/TRONROUT0000000000191753/TRONROUT0000000000192649/TRON","INSEEDBAN":null,"COMDEL_BAN":null,"DATE_CREAT":"2023-12-08T13:42:59","DATE_MAJ":"2024-03-12T16:10:18","NOM_NORMA":"R SAINT-BLAISE","ID_BAN_ODO":null,"Nom_a_verifier":false,"other_tags":"\"wikipedia\"=>\"fr:Rue_Saint-Blaise\""},"geometry":{"type":"MultiLineString","coordinates":[[[2.409271396552414,48.856677173795752],[2.4094498614384,48.856563837730008],[2.409723074901197,48.856388014578052],[2.409998859446508,48.856225693655311]],[[2.40844889326356,48.857215416133116],[2.409271396552414,48.856677173795752]],[[2.40758822264537,48.857752564350463],[2.40844889326356,48.857215416133116]],[[2.406840397069196,48.858193136352533],[2.407237136635453,48.857943285634505],[2.40740192012145,48.857835281008548],[2.40758822264537,48.857752564350463]],[[2.406398329804395,48.85847333860378],[2.406840397069196,48.858193136352533]],[[2.405838083019367,48.858957103668516],[2.405869737563649,48.858930280498136]],[[2.405406753262123,48.859250845598581],[2.405522243796731,48.859163283637429],[2.405645931930027,48.859073963586233],[2.405838083019367,48.858957103668516]],[[2.404172956333428,48.860229490554538],[2.404247264720144,48.860167805796607],[2.404365443986486,48.860083855764273],[2.404672009737338,48.859855149240865],[2.404856430043541,48.859699580708913]],[[2.405101423725474,48.859491251713692],[2.405406753262123,48.859250845598581]],[[2.405101423725474,48.859491251713692],[2.404969391789592,48.859594919194826],[2.404856430043541,48.859699580708913]],[[2.405937207050234,48.858870359372631],[2.406165837702438,48.858661946851477],[2.406295221078052,48.858551070088467],[2.406398329804395,48.85847333860378]],[[2.405937207050234,48.858870359372631],[2.405869737563649,48.858930280498136]]]}},
{"type":"Feature","properties":{"ID":"VOIE_NOM0000002338741328","ID_BAN":"75120_1585","name":"Rue des Cascades","INSEE_COM":"75120","NOM_COM":"Paris 20e Arrondissement","SRC_BAN":"commune","NOM_COLL":"R DES CASCADES","TYPE_VOIE":"rue","MOT_DIR":"Cascades","LD_BAN":null,"ID_SUPP":"TRONROUT0000000000185303/TRONROUT0000000000185308/TRONROUT0000000000186186","INSEEDBAN":null,"COMDEL_BAN":null,"DATE_CREAT":"2023-12-08T13:42:59","DATE_MAJ":"2024-03-12T16:10:18","NOM_NORMA":"R DES CASCADES","ID_BAN_ODO":null,"Nom_a_verifier":false,"other_tags":"\"wikipedia\"=>\"fr:Rue_des_Cascades\""},"geometry":{"type":"MultiLineString","coordinates":[[[2.391421179906751,48.871493409771773],[2.391437903826261,48.871578931670712],[2.39141972994873,48.87161751069447],[2.391389360447525,48.871649732358058],[2.391320368329579,48.871720429039598],[2.391232122468034,48.871805417122559],[2.391178504022991,48.871843815832634],[2.39111814286105,48.871875884872622],[2.390997462371485,48.871936425731697],[2.390764458858416,48.87204226091945],[2.390481987981518,48.872181119164502],[2.390074748083169,48.872496510017598],[2.389805125952917,48.872701982867383],[2.389724082146734,48.872753731116234],[2.389648870614233,48.872773133000969],[2.389525923555389,48.872794090066549]],[[2.391448958927654,48.869115705340064],[2.39123509235642,48.869334955446128],[2.390924297463423,48.869682317145724],[2.390831596754334,48.869798759200506],[2.390788654223478,48.869856997542158],[2.390774727810147,48.869882108092668],[2.390773059602196,48.869908180371176],[2.390781949859822,48.869963984505318],[2.390807899099192,48.870076533675068],[2.39102102014291,48.870737731122503],[2.391103678788818,48.870897334126212],[2.391223930125255,48.871106591721727],[2.391383285286012,48.871352920748173]],[[2.391383285286012,48.871352920748173],[2.391395144577669,48.871388055136791],[2.391421179906751,48.871493409771773]]]}},
{"type":"Feature","properties":{"ID":"VOIE_NOM0000002338741329","ID_BAN":"75120_2464","name":"Rue de la Croix Saint-Simon","INSEE_COM":"75120","NOM_COM":"Paris 20e Arrondissement","SRC_BAN":"commune","NOM_COLL":"R DE LA CROIX SAINT-SIMON","TYPE_VOIE":"rue","MOT_DIR":"Simon","LD_BAN":null,"ID_SUPP":"TRONROUT0000000000193401/TRONROUT0000000000193403/TRONROUT0000000000193404/TRONROUT0000000000193408/TRONROUT0000000000193424/TRONROUT0000000000193425/TRONROUT0000000000194151/TRONROUT0000000356704163/TRONROUT0000000356704164","INSEEDBAN":null,"COMDEL_BAN":null,"DATE_CREAT":"2023-12-08T13:42:59","DATE_MAJ":"2024-03-12T16:10:18","NOM_NORMA":"R DE LA CROIX SAINT-SIMON","ID_BAN_ODO":null,"Nom_a_verifier":false,"other_tags":"\"wikipedia\"=>\"fr:Rue_de_la_Croix-Saint-Simon\""},"geometry":{"type":"MultiLineString","coordinates":[[[2.406962093517131,48.854087322762112],[2.406393157713604,48.853902833278426]],[[2.407253976398398,48.854186797988234],[2.406962093517131,48.854087322762112]],[[2.408129315059893,48.854513097558694],[2.407749286871654,48.854374516302052],[2.407423567565923,48.85425418974058],[2.407253976398398,48.854186797988234]],[[2.409916821815142,48.855767521763028],[2.409832012964111,48.855674470799762],[2.409720559275801,48.855527327518942]],[[2.409916821815142,48.855767521763028],[2.410077309414627,48.855797092164401]],[[2.41005827918256,48.855913014056455],[2.410020282884942,48.855898437178887],[2.409989161851331,48.855878498109483],[2.409947464106684,48.855829727785668],[2.409916821815142,48.855767521763028]],[[2.409720559275801,48.855527327518942],[2.409508291301325,48.855256476107563]],[[2.408972651100565,48.854778076876357],[2.408850703132388,48.854715419490617],[2.408489311684879,48.854615604650398],[2.408129315059893,48.854513097558694]],[[2.408972651100565,48.854778076876357],[2.409151337332011,48.854885082335841],[2.409242033330704,48.854939490986958],[2.409295852217059,48.855000912303282],[2.409377831461641,48.855102943219286],[2.409508291301325,48.855256476107563]]]}},
{"type":"Feature","properties":{"ID":"VOIE_NOM0000002338741330","ID_BAN":"75120_7512","name":"Rue Planchat","INSEE_COM":"75120","NOM_COM":"Paris 20e Arrondissement","SRC_BAN":"commune","NOM_COLL":"R PLANCHAT","TYPE_VOIE":"rue","MOT_DIR":"Planchat","LD_BAN":null,"ID_SUPP":"TRONROUT0000000000193467/TRONROUT0000000000193479/TRONROUT0000000000194176/TRONROUT0000000000195043/TRONROUT0000000000195049","INSEEDBAN":null,"COMDEL_BAN":null,"DATE_CREAT":"2023-12-08T13:42:59","DATE_MAJ":"2024-03-12T16:10:18","NOM_NORMA":"R PLANCHAT","ID_BAN_ODO":null,"Nom_a_verifier":false,"other_tags":"\"wikipedia\"=>\"fr:Rue_Planchat\""},"geometry":{"type":"MultiLineString","coordinates":[[[2.399352533254068,48.851903517658116],[2.399527236499319,48.851525767828747]],[[2.398454690090354,48.853417110238148],[2.398967414261827,48.852564405051979],[2.399352533254068,48.851903517658116]],[[2.397496133624584,48.85475501563522],[2.396403380358509,48.855907868875974],[2.396120222647155,48.856467633087966],[2.395983380207099,48.856750236797623]],[[2.398454690090354,48.853417110238148],[2.39790847333309,48.854336195952428]],[[2.39790847333309,48.854336195952428],[2.397576122032133,48.854673577645386],[2.397496133624584,48.85475501563522]]]}},
{"type":"Feature","properties":{"ID":"VOIE_NOM0000002338741331","ID_BAN":"75120_8232","name":"Rue des Rigoles","INSEE_COM":"75120","NOM_COM":"Paris 20e Arrondissement","SRC_BAN":"commune","NOM_COLL":"R DES RIGOLES","TYPE_VOIE":"rue","MOT_DIR":"Rigoles","LD_BAN":null,"ID_SUPP":"TRONROUT0000000000184515/TRONROUT0000000000184516/TRONROUT0000000000185288/TRONROUT0000000000185297/TRONROUT0000000000185298/TRONROUT0000000000185312","INSEEDBAN":null,"COMDEL_BAN":null,"DATE_CREAT":"2023-12-08T13:42:59","DATE_MAJ":"2024-03-12T16:10:18","NOM_NORMA":"R DES RIGOLES","ID_BAN_ODO":null,"Nom_a_verifier":false,"other_tags":"\"wikipedia\"=>\"fr:Rue_des_Rigoles\""},"geometry":{"type":"MultiLineString","coordinates":[[[2.395659968265095,48.871472617177396],[2.395474568366877,48.871471680972761],[2.393779646908392,48.871850722360634]],[[2.393779646908392,48.871850722360634],[2.39317596406483,48.87217861871703]],[[2.390368514571335,48.873605986434661],[2.390156341278898,48.873678651054718],[2.389708764212831,48.873828357395219],[2.389539504784125,48.873845481006477]],[[2.390938450805393,48.873368765525377],[2.390368514571335,48.873605986434661]],[[2.39317596406483,48.87217861871703],[2.39270535924193,48.872434341105915]],[[2.39270535924193,48.872434341105915],[2.392616034304509,48.872495042640296],[2.39236357870961,48.872632258886348],[2.391705052910212,48.872985050633936],[2.391415563402418,48.873140962659086],[2.391153621617229,48.873272732070873],[2.390938450805393,48.873368765525377]]]}},
{"type":"Feature","properties":{"ID":"VOIE_NOM0000002338741352","ID_BAN":"75120_6568","name":"Boulevard Mortier","INSEE_COM":"75120","NOM_COM":"Paris 20e Arrondissement","SRC_BAN":"commune","NOM_COLL":"BD MORTIER","TYPE_VOIE":"boulevard","MOT_DIR":"Mortier","LD_BAN":null,"ID_SUPP":"TRONROUT0000000317831892/TRONROUT0000000317831894/TRONROUT0000000317831908/TRONROUT0000000317831909/TRONROUT0000000317831910/TRONROUT0000000317831912/TRONROUT0000000317831913/TRONROUT0000000317831914/TRONROUT0000000317831915/TRONROUT0000000317831916/TRON","INSEEDBAN":null,"COMDEL_BAN":null,"DATE_CREAT":"2023-12-08T13:42:59","DATE_MAJ":"2024-03-12T16:10:18","NOM_NORMA":"BD MORTIER","ID_BAN_ODO":null,"Nom_a_verifier":false,"other_tags":"nan"},"geometry":{"type":"MultiLineString","coordinates":[[[2.408900318902883,48.864638122610998],[2.408881170576537,48.864763935571631]],[[2.408637080624791,48.864771723137224],[2.408624593378155,48.864670935407332]],[[2.408720142751541,48.865380086855566],[2.408707981830511,48.865250521952625],[2.408698710428228,48.865106581881477],[2.408680985074894,48.864986882184041],[2.408652549250142,48.864850042101807],[2.408637080624791,48.864771723137224]],[[2.408881170576537,48.864763935571631],[2.408883284450413,48.864817906379763],[2.408883647507708,48.864906043434246],[2.40888053952467,48.865059815104594],[2.408893655740972,48.86522535829338],[2.408902907295214,48.865371096911161],[2.408909524574715,48.865508728448894],[2.408923089955346,48.865634702879433],[2.408934873974053,48.865797541381184],[2.40895559772719,48.86601348497566],[2.408967106453364,48.866200604192649],[2.40898037627345,48.86635265788442]],[[2.408829880887555,48.866761113432311],[2.408821635205552,48.866646856789465],[2.408808161658603,48.866512788873784],[2.408802101360577,48.866446207919701],[2.408796041078043,48.866379626961326],[2.408786789643661,48.866233888468095],[2.408774577326232,48.866108820111762],[2.408770237433813,48.866010770783589],[2.408755503159316,48.865867703169648],[2.408746353996035,48.8657129717229],[2.40873207918163,48.865529436088138],[2.408720142751541,48.865380086855566]],[[2.40898037627345,48.86635265788442],[2.408995841852327,48.866551487973958],[2.409008775168428,48.866733218101984],[2.409023204319541,48.866903264193851],[2.409037776391627,48.867060720236701]],[[2.409041850027582,48.869104932828677],[2.409045133578179,48.869175996577397],[2.409033177320893,48.869268569137411],[2.409007048457328,48.869408736504049],[2.408986198741129,48.86956421861985],[2.408976478900705,48.869699970288359],[2.408969750690887,48.869812353992522]],[[2.408707815938089,48.870549414424367],[2.40870966914657,48.870506255508289],[2.408717679550474,48.870401072899313],[2.408749323753827,48.870255536949138],[2.408765727600619,48.870131509736524],[2.408772680847285,48.869999341810505],[2.408785158283493,48.869860905807229],[2.408796241843092,48.869725160907237],[2.408804690828779,48.869581308956946],[2.408818776210729,48.869421296784168],[2.408810550544538,48.869305241844629],[2.408814491441974,48.869198240344716],[2.408823885019098,48.869091265766031]],[[2.408969750690887,48.869812353992522],[2.408953690234007,48.87002631648496],[2.408940702996386,48.870209716719003],[2.408942613069335,48.870281672952537],[2.408947310786306,48.870348246937077],[2.408947714806981,48.870432786412799],[2.408944141441289,48.870507413558997],[2.408943223061732,48.870588349153621]],[[2.408877781497147,48.867945777344367],[2.408867978486702,48.86784860053983],[2.408861167123104,48.867728055737736],[2.408846350470617,48.867592182651322],[2.408838349551364,48.867456343210293],[2.408826198057259,48.867325879275441],[2.408828020436263,48.86728541809277],[2.408837097273366,48.867206321228252],[2.408847935208291,48.867092158890273],[2.408849706536459,48.867056194134818],[2.408840914069338,48.866869987804044],[2.408829880887555,48.866761113432311]],[[2.409037776391627,48.867060720236701],[2.409096801228578,48.867265161275512],[2.40911662213333,48.867440629914967],[2.409128580573148,48.86758818025627],[2.409134233406861,48.867690732594667],[2.409146273555489,48.867831088607979],[2.409142292641873,48.867941687397199]],[[2.409142292641873,48.867941687397199],[2.409142758162034,48.86802083133756],[2.409129735010274,48.868087317969255],[2.409106751540683,48.868190628227786],[2.409090726562953,48.868281382114461],[2.409081496902489,48.868373968213888],[2.409072216201262,48.868471050735309],[2.409062721228181,48.868587018253422],[2.409054568972779,48.868704791060701],[2.40904640647841,48.86882346314065],[2.409038447992184,48.868924149493189],[2.409034966681009,48.868990683173074],[2.40903833183335,48.869054552644485],[2.409041850027582,48.869104932828677]],[[2.408823885019098,48.869091265766031],[2.40885383838535,48.86897450002418],[2.408865115476915,48.868821668579237],[2.408874682368013,48.868699406100255],[2.408882477858164,48.868613108313475],[2.408890528440962,48.868504328368623],[2.408895730223106,48.868406326381937],[2.408902305343664,48.868307431832143],[2.408899460837362,48.868197698713772],[2.408888274181626,48.868102313773718],[2.408882244210643,48.868033035060108],[2.408877781497147,48.867945777344367]],[[2.408611853649193,48.872997826283481],[2.408607294137424,48.873039173065415],[2.408594115886164,48.873119148570893],[2.408584945751332,48.873206338533514],[2.408567575459813,48.873295286638331],[2.408548841822684,48.873384227997455],[2.408527401968307,48.873471357310095],[2.408501913019416,48.873554869274884],[2.40847503005712,48.873641072336575],[2.40844538977501,48.873729959756439],[2.408415698321866,48.873823343570173],[2.408383259732746,48.873918512456065],[2.408369167064421,48.873958912747305]],[[2.407535239019602,48.875356846079043],[2.407595314983236,48.87522943839123],[2.407656866484693,48.875092145318447],[2.407736427242327,48.874929760026788],[2.407830039922962,48.874730571585417],[2.407947267818228,48.87449282857952],[2.408054971920803,48.874253239654045],[2.408121019737999,48.874079995189206],[2.408145054284174,48.874004570138219],[2.408225459891405,48.873767543983355],[2.408260737645231,48.873662496506149],[2.408296219576471,48.873539463370804],[2.408329230150583,48.873393934684103],[2.408345676846354,48.873266310753039],[2.408357706747092,48.873167443621305],[2.40836796473813,48.873104541032205],[2.408375414433661,48.873048819221154],[2.408384319318464,48.872985010603543]],[[2.408369167064421,48.873958912747305],[2.40834943729204,48.874015473149754],[2.408314200341175,48.87411692349383],[2.408281761383765,48.8742120923269],[2.408249363175579,48.874303664017944],[2.40821702615858,48.874389840005456],[2.408183356374103,48.874473311393999],[2.408147031379161,48.874550474318248],[2.408107948980705,48.874630321587048],[2.408068846022149,48.874711967399165],[2.408031147147327,48.874790022810942],[2.407992043948487,48.874871668586145],[2.407951556855355,48.874955106161153],[2.407913806514395,48.875037657922029],[2.407874692722135,48.875120202921138],[2.407836983036638,48.875199157523404],[2.40779090917141,48.875294258688399],[2.407740571280984,48.875404627357561]],[[2.40729852992472,48.876389005138158],[2.40727073044848,48.876435632662712],[2.407251213471739,48.876473307889626]],[[2.407251213471739,48.876473307889626],[2.407219303333249,48.876521713705088],[2.407183149490027,48.876583588445207],[2.407153945490323,48.876633806300013],[2.40712611504358,48.876683131618343],[2.407096869983802,48.876736946571434],[2.407063493786196,48.876794338372662],[2.407030107276541,48.876852629440684],[2.406998063592436,48.876912725808054],[2.406947957976403,48.877002410566078],[2.40690481247329,48.877079539165194]],[[2.406582644292136,48.877113915776803],[2.40664123828961,48.876997293359622]],[[2.40690481247329,48.877079539165194],[2.406853189526919,48.877182706297425]],[[2.407243730874484,48.875932773322226],[2.407320229809146,48.875800051168319],[2.407373275200726,48.875691494774358],[2.407429159603455,48.87557305976199],[2.407485023291309,48.875456423271352],[2.407535239019602,48.875356846079043]],[[2.407740571280984,48.875404627357561],[2.407719589427276,48.875451288753766],[2.407686102243772,48.875518572878086],[2.407653978317546,48.875585863735125],[2.407610753207496,48.875670186928566],[2.407568870847736,48.875756315407166],[2.407526978119745,48.875843343144325],[2.407486458834982,48.875929478328203],[2.407445949647348,48.876014714211813],[2.407410985841932,48.876091883553443]],[[2.407410985841932,48.876091883553443],[2.407366314698882,48.876183394108303],[2.407325416252542,48.876302802555387],[2.407313987444754,48.876348611812013],[2.40729852992472,48.876389005138158]],[[2.40664123828961,48.876997293359622],[2.406713568239998,48.876871745680631],[2.406806706934099,48.876714824512028],[2.406908301776354,48.876533663235158],[2.407092013296931,48.876205418424995],[2.407207516057523,48.876000043781559],[2.407243730874484,48.875932773322226]],[[2.408396563577435,48.872867258511469],[2.408391156774866,48.872743123837623]],[[2.408648630938736,48.87276058409104],[2.408623944243883,48.872893563406286]],[[2.408623944243883,48.872893563406286],[2.408617796849454,48.872954687670273],[2.408611853649193,48.872997826283481]],[[2.408384319318464,48.872985010603543],[2.408387331870498,48.87295984417311],[2.408396563577435,48.872867258511469]],[[2.408697804628778,48.870830856722797],[2.408691125980946,48.870698621541166],[2.408695838349064,48.870643785404241],[2.408707815938089,48.870549414424367]],[[2.408943223061732,48.870588349153621],[2.408925527709229,48.870706074617786],[2.408913285154028,48.870823826994382],[2.408905571023639,48.870902930337834],[2.408889361166616,48.871009871087075],[2.408875908313502,48.871114127436613],[2.408863839047633,48.871216591939586],[2.408853224819928,48.871310969610612],[2.408849345078316,48.871412575205198]],[[2.408391156774866,48.872743123837623],[2.408397253339937,48.872686495986542],[2.40841469521555,48.872591252878685],[2.408432310655645,48.872480721953139],[2.408444626179906,48.872356674822299],[2.408465305012832,48.872216481004685],[2.408489950942382,48.872087098772987],[2.40853075150443,48.871975783020638],[2.40856056423128,48.871871607622865],[2.408579521940799,48.871762881906214],[2.408594777845531,48.871619963197645],[2.408616778378144,48.871483373130204],[2.408633131878513,48.871363842492102],[2.40864967928299,48.871227225446596],[2.408670469415095,48.871077139327014],[2.408682345061584,48.870991761226769],[2.408694190043362,48.870909080970947],[2.408697804628778,48.870830856722797]],[[2.408849345078316,48.871412575205198],[2.408839798041842,48.87153303881486],[2.408825012333248,48.871634590526128],[2.408807398012602,48.871745121594159],[2.408789446781704,48.871885328997266],[2.408770111788404,48.872027328212752],[2.408745476790981,48.872155811226079],[2.408715255931432,48.87229595796137],[2.408693143015811,48.872442440057469],[2.408672485125,48.872580835320342],[2.408648630938736,48.87276058409104]]]}},
{"type":"Feature","properties":{"ID":"VOIE_NOM0000002338741353","ID_BAN":"75120_7179","name":"Place Paul Signac","INSEE_COM":"75120","NOM_COM":"Paris 20e Arrondissement","SRC_BAN":"commune","NOM_COLL":"PL PAUL SIGNAC","TYPE_VOIE":"place","MOT_DIR":"Signac","LD_BAN":null,"ID_SUPP":"TRONROUT0000000000187023","INSEEDBAN":null,"COMDEL_BAN":null,"DATE_CREAT":"2023-12-08T13:42:59","DATE_MAJ":"2024-03-12T16:10:18","NOM_NORMA":"PL PAUL SIGNAC","ID_BAN_ODO":null,"Nom_a_verifier":false,"other_tags":"nan"},"geometry":{"type":"MultiLineString","coordinates":[[[2.401664038385988,48.868027745947288],[2.401122292365659,48.867956686848544]]]}},
{"type":"Feature","properties":{"ID":"VOIE_NOM0000002338741419","ID_BAN":"75120_3097","name":"Cité des Ecoles","INSEE_COM":"75120","NOM_COM":"Paris 20e Arrondissement","SRC_BAN":"commune","NOM_COLL":"CITE DES ECOLES","TYPE_VOIE":"cité","MOT_DIR":"Ecoles","LD_BAN":null,"ID_SUPP":"TRONROUT0000000000187904","INSEEDBAN":null,"COMDEL_BAN":null,"DATE_CREAT":"2023-12-08T13:42:59","DATE_MAJ":"2024-03-12T16:10:18","NOM_NORMA":"CITE DES ECOLES","ID_BAN_ODO":null,"Nom_a_verifier":false,"other_tags":"nan"},"geometry":{"type":"MultiLineString","coordinates":[[[2.39495308502689,48.86625019146345],[2.395542653989946,48.865839474255196]]]}},
{"type":"Feature","properties":{"ID":"VOIE_NOM0000002338741441","ID_BAN":"75120_2135","name":"Rue du Clos","INSEE_COM":"75120","NOM_COM":"Paris 20e Arrondissement","SRC_BAN":"commune","NOM_COLL":"R DU CLOS","TYPE_VOIE":"rue","MOT_DIR":"Clos","LD_BAN":null,"ID_SUPP":"TRONROUT0000000000192673/TRONROUT0000000000192674/TRONROUT0000000338525079/TRONROUT0000000356836710","INSEEDBAN":null,"COMDEL_BAN":null,"DATE_CREAT":"2023-12-08T13:42:59","DATE_MAJ":"2024-03-12T16:10:18","NOM_NORMA":"R DU CLOS","ID_BAN_ODO":null,"Nom_a_verifier":false,"other_tags":"\"wikipedia\"=>\"fr:Rue_du_Clos\""},"geometry":{"type":"MultiLineString","coordinates":[[[2.405774535350357,48.856283033834906],[2.405873540603218,48.856325794733046],[2.406239529269831,48.856620798263805],[2.406879499542091,48.85715278753581]],[[2.409535568750904,48.858742474736488],[2.408827230843859,48.858586088996432],[2.408695427671126,48.858550363360358]],[[2.406879499542091,48.85715278753581],[2.407412858997553,48.857592511940823],[2.40758822264537,48.857752564350463]],[[2.40758822264537,48.857752564350463],[2.407631282598941,48.857801342158453],[2.408529179626076,48.858427230905434],[2.408695427671126,48.858550363360358]]]}},
{"type":"Feature","properties":{"ID":"VOIE_NOM0000002338741448","ID_BAN":"75120_6923","name":"Impasse Orfila","INSEE_COM":"75120","NOM_COM":"Paris 20e Arrondissement","SRC_BAN":"commune","NOM_COLL":"IMP ORFILA","TYPE_VOIE":"impasse","MOT_DIR":"Orfila","LD_BAN":null,"ID_SUPP":"TRONROUT0000000000187913","INSEEDBAN":null,"COMDEL_BAN":null,"DATE_CREAT":"2023-12-08T13:42:59","DATE_MAJ":"2024-03-12T16:10:18","NOM_NORMA":"IMP ORFILA","ID_BAN_ODO":null,"Nom_a_verifier":false,"other_tags":"nan"},"geometry":{"type":"MultiLineString","coordinates":[[[2.395883659492087,48.866056138166712],[2.396294684274682,48.865759631372612]]]}},
{"type":"Feature","properties":{"ID":"VOIE_NOM0000002338741456","ID_BAN":"75120_9113","name":"Impasse Suez","INSEE_COM":"75120","NOM_COM":"Paris 20e Arrondissement","SRC_BAN":"commune","NOM_COLL":"IMP SUEZ","TYPE_VOIE":"impasse","MOT_DIR":"Suez","LD_BAN":null,"ID_SUPP":"TRONROUT0000000000191774","INSEEDBAN":null,"COMDEL_BAN":null,"DATE_CREAT":"2023-12-08T13:42:59","DATE_MAJ":"2024-03-12T16:10:18","NOM_NORMA":"IMP SUEZ","ID_BAN_ODO":null,"Nom_a_verifier":false,"other_tags":"nan"},"geometry":{"type":"MultiLineString","coordinates":[[[2.400367950036865,48.85816897284819],[2.400197419830837,48.8583012213576]]]}},
{"type":"Feature","properties":{"ID":"VOIE_NOM0000002338741458","ID_BAN":"75120_6862","name":"Place Octave Chanute","INSEE_COM":"75120","NOM_COM":"Paris 20e Arrondissement","SRC_BAN":"commune","NOM_COLL":"PL OCTAVE CHANUTE","TYPE_VOIE":"place","MOT_DIR":"Chanute","LD_BAN":null,"ID_SUPP":"TRONROUT0000000000187865/TRONROUT0000000000187867/TRONROUT0000000000187869/TRONROUT0000000000187872","INSEEDBAN":null,"COMDEL_BAN":null,"DATE_CREAT":"2023-12-08T13:42:59","DATE_MAJ":"2024-03-12T16:10:18","NOM_NORMA":"PL OCTAVE CHANUTE","ID_BAN_ODO":null,"Nom_a_verifier":false,"other_tags":"nan"},"geometry":{"type":"MultiLineString","coordinates":[[[2.406098522908557,48.866241263760919],[2.406293077141521,48.866154993179144],[2.406424549247385,48.866101684968534],[2.406540688970635,48.866077978762092]],[[2.40592813640442,48.866120806118516],[2.405991668686442,48.866167887059433],[2.406098522908557,48.866241263760919]],[[2.406540688970635,48.866077978762092],[2.406499550233222,48.866099358894864],[2.406470628095252,48.866125296289965],[2.406402514497879,48.86624097316087],[2.406320308386402,48.866397050307334]],[[2.406098522908557,48.866241263760919],[2.406209394980489,48.866320955663426],[2.406320308386402,48.866397050307334]]]}},
{"type":"Feature","properties":{"ID":"VOIE_NOM0000002338741472","ID_BAN":"75120_3934","name":"Passage Gambetta","INSEE_COM":"75120","NOM_COM":"Paris 20e Arrondissement","SRC_BAN":"commune","NOM_COLL":"PAS GAMBETTA","TYPE_VOIE":"passage","MOT_DIR":"Gambetta","LD_BAN":null,"ID_SUPP":"TRONROUT0000000000185244","INSEEDBAN":null,"COMDEL_BAN":null,"DATE_CREAT":"2023-12-08T13:42:59","DATE_MAJ":"2024-03-12T16:10:18","NOM_NORMA":"PAS GAMBETTA","ID_BAN_ODO":null,"Nom_a_verifier":false,"other_tags":"nan"},"geometry":{"type":"MultiLineString","coordinates":[[[2.402368502791478,48.871620515206637],[2.401660637652976,48.872715065787077],[2.401438453449781,48.873067393036251],[2.401377735450248,48.873130942071761],[2.401273556500424,48.873298596353429]]]}},
{"type":"Feature","properties":{"ID":"VOIE_NOM0000002338741478","ID_BAN":"75120_9850","name":"Cours de Vincennes","INSEE_COM":"75120","NOM_COM":"Paris 20e Arrondissement","SRC_BAN":"commune","NOM_COLL":"CRS DE VINCENNES","TYPE_VOIE":"cours","MOT_DIR":"Vincennes","LD_BAN":null,"ID_SUPP":"TRONROUT0000000000196666/TRONROUT0000000000196669/TRONROUT0000000000196681/TRONROUT0000000000196682/TRONROUT0000000000196684/TRONROUT0000000000196686/TRONROUT0000000000196700/TRONROUT0000000000196702/TRONROUT0000000000196703/TRONROUT0000000000196710/TRON","INSEEDBAN":null,"COMDEL_BAN":null,"DATE_CREAT":"2023-12-08T13:42:59","DATE_MAJ":"2024-03-12T16:10:18","NOM_NORMA":"CRS DE VINCENNES","ID_BAN_ODO":null,"Nom_a_verifier":false,"other_tags":"nan"},"geometry":{"type":"MultiLineString","coordinates":[[[2.410757915963817,48.847074051389612],[2.411044356353285,48.847049380553656]],[[2.408876904085407,48.847240146312863],[2.40935019600243,48.847201113576915],[2.409736209478359,48.847167943874148],[2.410556027639037,48.847092842669113],[2.410757915963817,48.847074051389612]],[[2.407821207589403,48.847326659688797],[2.408876904085407,48.847240146312863]],[[2.410817047100681,48.847388216981031],[2.41076526805293,48.847387961977383],[2.41052383239524,48.847409256484042],[2.410163717361183,48.847441657058006],[2.409829542365639,48.847469687744002]],[[2.409829542365639,48.847469687744002],[2.409394442202033,48.847505313503248],[2.408953850204297,48.847544507965146]],[[2.407884388711341,48.847642645497189],[2.408513257543846,48.847583700803135],[2.408953850204297,48.847544507965146]],[[2.407702538343551,48.847336864500299],[2.407821207589403,48.847326659688797]],[[2.407702538343551,48.847336864500299],[2.406601810470643,48.847428540307348],[2.406436740405797,48.847444809190449]],[[2.406011697111135,48.847793447604523],[2.406154884572409,48.847784265521021],[2.406366254007728,48.847770924823116]],[[2.405372024588916,48.847843331935657],[2.406011697111135,48.847793447604523]],[[2.404837303313712,48.847891036922327],[2.405372024588916,48.847843331935657]],[[2.404488051543559,48.847926172532901],[2.404837303313712,48.847891036922327]],[[2.404138799302475,48.847961307122901],[2.404488051543559,48.847926172532901]],[[2.399180356681671,48.848397877861551],[2.40083370670704,48.848246084296015],[2.402481503802444,48.848102334359851],[2.404138799302475,48.847961307122901]],[[2.406310161351325,48.84755120422345],[2.406266578316754,48.847549189236929],[2.406224429622109,48.847540885877585],[2.406189175967358,48.847525421896229],[2.406167589415062,48.847506428326554],[2.406155551385942,48.847486582794126],[2.40614897404582,48.847465865011365]],[[2.407776619662756,48.847652904328591],[2.407884388711341,48.847642645497189]],[[2.406436740405797,48.847444809190449],[2.406435060265873,48.847472680819685],[2.406423872591444,48.847497807217501],[2.406403197857621,48.847518389775743],[2.406379859351402,48.84753356299143],[2.406349759003244,48.847544205882471],[2.406310161351325,48.84755120422345]],[[2.407776619662756,48.847652904328591],[2.407310135534234,48.847691964575276],[2.406729057956128,48.847742146413381],[2.406366254007728,48.847770924823116]],[[2.39912112864224,48.848098095635009],[2.403457625643953,48.847707892356269],[2.40588842886544,48.847489753380444],[2.40614897404582,48.847465865011365]]]}},
{"type":"Feature","properties":{"ID":"VOIE_NOM0000002338741518","ID_BAN":"75120_4411","name":"Rue Gustave et Martial Caillebotte","INSEE_COM":"75120","NOM_COM":"Paris 20e Arrondissement","SRC_BAN":"commune","NOM_COLL":"R GUSTAVE ET MARTIAL CAILLEBOTTE","TYPE_VOIE":"rue","MOT_DIR":"Caillebotte","LD_BAN":null,"ID_SUPP":"TRONROUT0000000312870200","INSEEDBAN":null,"COMDEL_BAN":null,"DATE_CREAT":"2023-12-08T13:42:59","DATE_MAJ":"2024-03-12T16:10:18","NOM_NORMA":"R GUSTAVE ET MARTIAL CAILLEBOTTE","ID_BAN_ODO":null,"Nom_a_verifier":false,"other_tags":"nan"},"geometry":{"type":"MultiLineString","coordinates":[[[2.412420915533348,48.876032042044947],[2.412030891196197,48.875918610085478],[2.411593374815226,48.875785158139713],[2.411184358776898,48.875663536052933]]]}},
{"type":"Feature","properties":{"ID":"VOIE_NOM0000002338741564","ID_BAN":"75120_7266","name":"Allée du Père Julien Dhuit","INSEE_COM":"75120","NOM_COM":"Paris 20e Arrondissement","SRC_BAN":"commune","NOM_COLL":"ALL DU PERE JULIEN DHUIT","TYPE_VOIE":"allée","MOT_DIR":"Dhuit","LD_BAN":null,"ID_SUPP":"TRONROUT0000000000185316/TRONROUT0000002341410469","INSEEDBAN":null,"COMDEL_BAN":null,"DATE_CREAT":"2023-12-08T13:42:59","DATE_MAJ":"2024-03-12T16:10:18","NOM_NORMA":"ALL DU PERE JULIEN DHUIT","ID_BAN_ODO":null,"Nom_a_verifier":false,"other_tags":"nan"},"geometry":{"type":"MultiLineString","coordinates":[[[2.385827982301401,48.872723911388796],[2.385856526061774,48.872731252520317],[2.385978742970907,48.872772349584018],[2.386063074749767,48.872788970173723],[2.386108062585503,48.872789200904229],[2.386143581735337,48.872783087715938],[2.386227292095768,48.872736751556893],[2.386362343652155,48.872614235069342],[2.386549823336363,48.872438926344294],[2.386605147951675,48.872371759723919],[2.386661878036446,48.872301002935103],[2.386743686503762,48.872184508499252],[2.386847645340602,48.872039348728116],[2.386892020834827,48.871975723210284]],[[2.385518048823628,48.872646776607077],[2.385827982301401,48.872723911388796]]]}},
{"type":"Feature","properties":{"ID":"VOIE_NOM0000002338741587","ID_BAN":"75120_4853","name":"Rue Jean-Baptiste Dumay","INSEE_COM":"75120","NOM_COM":"Paris 20e Arrondissement","SRC_BAN":"commune","NOM_COLL":"R JEAN-BAPTISTE DUMAY","TYPE_VOIE":"rue","MOT_DIR":"Dumay","LD_BAN":null,"ID_SUPP":"TRONROUT0000000000184524","INSEEDBAN":null,"COMDEL_BAN":null,"DATE_CREAT":"2023-12-08T13:42:59","DATE_MAJ":"2024-03-12T16:10:18","NOM_NORMA":"R JEAN-BAPTISTE DUMAY","ID_BAN_ODO":null,"Nom_a_verifier":false,"other_tags":"\"wikipedia\"=>\"fr:Rue_Jean-Baptiste-Dumay\""},"geometry":{"type":"MultiLineString","coordinates":[[[2.388028032537127,48.873801789949752],[2.388009084018476,48.873906015807947],[2.387774933198164,48.874688138000167]]]}},
{"type":"Feature","properties":{"ID":"VOIE_NOM0000002338741601","ID_BAN":"75120_9328","name":"Rue de Tlemcen","INSEE_COM":"75120","NOM_COM":"Paris 20e Arrondissement","SRC_BAN":"commune","NOM_COLL":"R DE TLEMCEN","TYPE_VOIE":"rue","MOT_DIR":"Tlemcen","LD_BAN":null,"ID_SUPP":"TRONROUT0000000000188971/TRONROUT0000000000188973/TRONROUT0000000000188978/TRONROUT0000000000188982/TRONROUT0000000000188983/TRONROUT0000000330647014","INSEEDBAN":null,"COMDEL_BAN":null,"DATE_CREAT":"2023-12-08T13:42:59","DATE_MAJ":"2024-03-12T16:10:18","NOM_NORMA":"R DE TLEMCEN","ID_BAN_ODO":null,"Nom_a_verifier":false,"other_tags":"\"wikipedia\"=>\"fr:Rue_de_Tlemcen\""},"geometry":{"type":"MultiLineString","coordinates":[[[2.38606455384704,48.864104066154212],[2.386145658100761,48.864162040061537]],[[2.386145658100761,48.864162040061537],[2.386203993424343,48.864185722146296]],[[2.389847076201049,48.865512891943794],[2.389766717814547,48.865507086202449],[2.389695995807996,48.865493235481424],[2.389398672976115,48.86539009347905],[2.388112140111191,48.864901476153598]],[[2.388112140111191,48.864901476153598],[2.388022558358639,48.864868641840509]],[[2.386203993424343,48.864185722146296],[2.38727612218495,48.864588724907868]],[[2.38727612218495,48.864588724907868],[2.388022558358639,48.864868641840509]]]}},
{"type":"Feature","properties":{"ID":"VOIE_NOM0000002338741602","ID_BAN":"75120_0883","name":"Impasse de Bergame","INSEE_COM":"75120","NOM_COM":"Paris 20e Arrondissement","SRC_BAN":"commune","NOM_COLL":"IMP DE BERGAME","TYPE_VOIE":"impasse","MOT_DIR":"Bergame","LD_BAN":null,"ID_SUPP":"TRONROUT0000000000194180","INSEEDBAN":null,"COMDEL_BAN":null,"DATE_CREAT":"2023-12-08T13:42:59","DATE_MAJ":"2024-03-12T16:10:18","NOM_NORMA":"IMP DE BERGAME","ID_BAN_ODO":null,"Nom_a_verifier":false,"other_tags":"nan"},"geometry":{"type":"MultiLineString","coordinates":[[[2.3992871399732,48.853674908889765],[2.399681408679049,48.853048242303501]]]}},
{"type":"Feature","properties":{"ID":"VOIE_NOM0000002338741638","ID_BAN":"75120_3935","name":"Place Gambetta","INSEE_COM":"75120","NOM_COM":"Paris 20e Arrondissement","SRC_BAN":"commune","NOM_COLL":"PL GAMBETTA","TYPE_VOIE":"place","MOT_DIR":"Gambetta","LD_BAN":null,"ID_SUPP":"TRONROUT0000000000188888/TRONROUT0000000000188889/TRONROUT0000000000188892/TRONROUT0000000000188893/TRONROUT0000000000188898/TRONROUT0000000000188900","INSEEDBAN":null,"COMDEL_BAN":null,"DATE_CREAT":"2023-12-08T13:42:59","DATE_MAJ":"2024-03-12T16:10:18","NOM_NORMA":"PL GAMBETTA","ID_BAN_ODO":null,"Nom_a_verifier":false,"other_tags":"nan"},"geometry":{"type":"MultiLineString","coordinates":[[[2.398380682941449,48.864784458682358],[2.398438014533681,48.864777552141341],[2.398499352222403,48.864777860429847],[2.398553812318356,48.864783530166754],[2.398594558771599,48.864796325690833]],[[2.398534807993699,48.865012766428237],[2.398497994830856,48.865013480757838],[2.398459828985178,48.865013288937178],[2.398417594711747,48.865011277974162],[2.39838223808324,48.865003905527729]],[[2.398594558771599,48.864796325690833],[2.398631133014199,48.864816294959212],[2.398655439733085,48.86483620257814],[2.398670163515975,48.864859659404729],[2.398673889388371,48.864891155034321]],[[2.398266146670065,48.864905293818644],[2.398273325541071,48.864873853001903],[2.398289962737296,48.864849654459277],[2.398305195310131,48.864829046213586],[2.398338178816385,48.864805829182913],[2.398380682941449,48.864784458682358]],[[2.39838223808324,48.865003905527729],[2.398336101575961,48.864985686796494],[2.398296853132795,48.864961207295352],[2.398273971880426,48.864935910730779],[2.398266146670065,48.864905293818644]],[[2.398673889388371,48.864891155034321],[2.398672297956482,48.864910932523841],[2.398659729348679,48.864936950240505],[2.398638971959603,48.864963826150074],[2.3986142395489,48.864980789339654],[2.39857585570268,48.864999482604297],[2.398534807993699,48.865012766428237]]]}},
{"type":"Feature","properties":{"ID":"VOIE_NOM0000002338741675","ID_BAN":"75120_7288","name":"Villa Perreur","INSEE_COM":"75120","NOM_COM":"Paris 20e Arrondissement","SRC_BAN":"commune","NOM_COLL":"VLA PERREUR","TYPE_VOIE":"villa","MOT_DIR":"Perreur","LD_BAN":null,"ID_SUPP":"TRONROUT0000000000186999","INSEEDBAN":null,"COMDEL_BAN":null,"DATE_CREAT":"2023-12-08T13:42:59","DATE_MAJ":"2024-03-12T16:10:18","NOM_NORMA":"VLA PERREUR","ID_BAN_ODO":null,"Nom_a_verifier":false,"other_tags":"nan"},"geometry":{"type":"MultiLineString","coordinates":[[[2.404719460644186,48.868108632794289],[2.404942880193795,48.868241046976607],[2.405164906917443,48.868376151808953]]]}},
{"type":"Feature","properties":{"ID":"VOIE_NOM0000002338741689","ID_BAN":"75120_8730","name":"Impasse Saint-Pierre","INSEE_COM":"75120","NOM_COM":"Paris 20e Arrondissement","SRC_BAN":"commune","NOM_COLL":"IMP SAINT-PIERRE","TYPE_VOIE":"impasse","MOT_DIR":"Pierre","LD_BAN":null,"ID_SUPP":"TRONROUT0000000000193456","INSEEDBAN":null,"COMDEL_BAN":null,"DATE_CREAT":"2023-12-08T13:42:59","DATE_MAJ":"2024-03-12T16:10:18","NOM_NORMA":"IMP SAINT-PIERRE","ID_BAN_ODO":null,"Nom_a_verifier":false,"other_tags":"nan"},"geometry":{"type":"MultiLineString","coordinates":[[[2.399811750322604,48.85486558119765],[2.400275257964799,48.854499172349101],[2.400353640812904,48.854438409478178],[2.400401752386104,48.85440267662991]]]}},
{"type":"Feature","properties":{"ID":"VOIE_NOM0000002338741698","ID_BAN":"75120_7414","name":"Rue Pierre Bonnard","INSEE_COM":"75120","NOM_COM":"Paris 20e Arrondissement","SRC_BAN":"commune","NOM_COLL":"R PIERRE BONNARD","TYPE_VOIE":"rue","MOT_DIR":"Bonnard","LD_BAN":null,"ID_SUPP":"TRONROUT0000000000191750/TRONROUT0000000000191754/TRONROUT0000000000191755/TRONROUT0000000000191757","INSEEDBAN":null,"COMDEL_BAN":null,"DATE_CREAT":"2023-12-08T13:42:59","DATE_MAJ":"2024-03-12T16:10:18","NOM_NORMA":"R PIERRE BONNARD","ID_BAN_ODO":null,"Nom_a_verifier":false,"other_tags":"\"wikipedia\"=>\"fr:Rue_Pierre-Bonnard\""},"geometry":{"type":"MultiLineString","coordinates":[[[2.404566563823664,48.859182814580059],[2.404269182111609,48.85944304372174]],[[2.404269182111609,48.85944304372174],[2.404171082657748,48.859439857294944],[2.404089981178455,48.859499709526041],[2.404116612218999,48.859554702128627]],[[2.404116612218999,48.859554702128627],[2.40420061986942,48.859598288924538],[2.404256592341364,48.859590473485476],[2.404329588202986,48.859524285391203],[2.404313726660784,48.859481037918329],[2.404269182111609,48.85944304372174]],[[2.40332882853786,48.859432962738126],[2.403764031063617,48.859635685619565],[2.403798011593621,48.859643949014448],[2.403834810599504,48.859644132343988],[2.40404261315215,48.859589408053871],[2.404076850848059,48.859575189048186],[2.404116612218999,48.859554702128627]]]}},
{"type":"Feature","properties":{"ID":"VOIE_NOM0000002338741711","ID_BAN":"75120_7874","name":"Rue des Pruniers","INSEE_COM":"75120","NOM_COM":"Paris 20e Arrondissement","SRC_BAN":"commune","NOM_COLL":"R DES PRUNIERS","TYPE_VOIE":"rue","MOT_DIR":"Pruniers","LD_BAN":null,"ID_SUPP":"TRONROUT0000000000188958/TRONROUT0000000000188962/TRONROUT0000000000188963","INSEEDBAN":null,"COMDEL_BAN":null,"DATE_CREAT":"2023-12-08T13:42:59","DATE_MAJ":"2024-03-12T16:10:18","NOM_NORMA":"R DES PRUNIERS","ID_BAN_ODO":null,"Nom_a_verifier":false,"other_tags":"\"wikipedia\"=>\"fr:Rue_des_Pruniers\""},"geometry":{"type":"MultiLineString","coordinates":[[[2.390898943289548,48.864855435701799],[2.390657813903259,48.864959431162298]],[[2.391092644162676,48.863794299186502],[2.391007753808819,48.864293001844977]],[[2.390898943289548,48.864855435701799],[2.390964213061606,48.864519414294236],[2.391007753808819,48.864293001844977]]]}},
{"type":"Feature","properties":{"ID":"VOIE_NOM0000002338741730","ID_BAN":"75120_4088","name":"Place du Général Tessier de Marguerittes","INSEE_COM":"75120","NOM_COM":"Paris 20e Arrondissement","SRC_BAN":"commune","NOM_COLL":"PL DU GENERAL TESSIER DE MARGUERITTES","TYPE_VOIE":"place","MOT_DIR":"Marguerittes","LD_BAN":null,"ID_SUPP":"TRONROUT0000000000195017","INSEEDBAN":null,"COMDEL_BAN":null,"DATE_CREAT":"2023-12-08T13:42:59","DATE_MAJ":"2024-03-12T16:10:18","NOM_NORMA":"PL DU GENERAL TESSIER DE MARGUERITTES","ID_BAN_ODO":null,"Nom_a_verifier":false,"other_tags":"nan"},"geometry":{"type":"MultiLineString","coordinates":[[[2.410470925851628,48.851122419792773],[2.410214532700185,48.851259656187089],[2.410399534553386,48.851409860108589]]]}},
{"type":"Feature","properties":{"ID":"VOIE_NOM0000002338741756","ID_BAN":"75120_0561","name":"Place Auguste Métivier","INSEE_COM":"75120","NOM_COM":"Paris 20e Arrondissement","SRC_BAN":"commune","NOM_COLL":"PL AUGUSTE METIVIER","TYPE_VOIE":"place","MOT_DIR":"Métivier","LD_BAN":null,"ID_SUPP":"TRONROUT0000000000190050/TRONROUT0000000000190051/TRONROUT0000000000190052/TRONROUT0000000330647012","INSEEDBAN":null,"COMDEL_BAN":null,"DATE_CREAT":"2023-12-08T13:42:59","DATE_MAJ":"2024-03-12T16:10:18","NOM_NORMA":"PL AUGUSTE METIVIER","ID_BAN_ODO":null,"Nom_a_verifier":false,"other_tags":"nan"},"geometry":{"type":"MultiLineString","coordinates":[[[2.388439871591785,48.863342793289156],[2.388354666444249,48.863285699284091],[2.388261156658704,48.863239354875439]],[[2.388037198530349,48.863042153207168],[2.387608864284585,48.862953625279033]],[[2.38858382104916,48.863156465555015],[2.388037198530349,48.863042153207168]],[[2.388261156658704,48.863239354875439],[2.388145849330604,48.863191999610336],[2.388083456876793,48.863165599677743],[2.388052361025767,48.86314385645742],[2.388037198530349,48.863042153207168]]]}},
{"type":"Feature","properties":{"ID":"VOIE_NOM0000002338741775","ID_BAN":"75120_2740","name":"Rue Désirée","INSEE_COM":"75120","NOM_COM":"Paris 20e Arrondissement","SRC_BAN":"commune","NOM_COLL":"R DESIREE","TYPE_VOIE":"rue","MOT_DIR":"Désirée","LD_BAN":null,"ID_SUPP":"TRONROUT0000000000188943/TRONROUT0000000000188954","INSEEDBAN":null,"COMDEL_BAN":null,"DATE_CREAT":"2023-12-08T13:42:59","DATE_MAJ":"2024-03-12T16:10:18","NOM_NORMA":"R DESIREE","ID_BAN_ODO":null,"Nom_a_verifier":false,"other_tags":"\"wikipedia\"=>\"fr:Rue_D%C3%A9sir%C3%A9e_(Paris)\""},"geometry":{"type":"MultiLineString","coordinates":[[[2.392270973980783,48.864093473869879],[2.392109271310882,48.864517141739348]],[[2.392109271310882,48.864517141739348],[2.391866461256288,48.865115768587252]]]}},
{"type":"Feature","properties":{"ID":"VOIE_NOM0000002338741783","ID_BAN":"75120_5046","name":"Rue Jouye-Rouve","INSEE_COM":"75120","NOM_COM":"Paris 20e Arrondissement","SRC_BAN":"commune","NOM_COLL":"R JOUYE-ROUVE","TYPE_VOIE":"rue","MOT_DIR":"Rouve","LD_BAN":null,"ID_SUPP":"TRONROUT0000000000184546/TRONROUT0000000000185346/TRONROUT0000000000185425","INSEEDBAN":null,"COMDEL_BAN":null,"DATE_CREAT":"2023-12-08T13:42:59","DATE_MAJ":"2024-03-12T16:10:18","NOM_NORMA":"R JOUYE-ROUVE","ID_BAN_ODO":null,"Nom_a_verifier":false,"other_tags":"\"wikipedia\"=>\"fr:Rue_Jouye-Rouve\""},"geometry":{"type":"MultiLineString","coordinates":[[[2.382990302710992,48.87254024288368],[2.382626496338649,48.873327983287723],[2.382599773204042,48.873397094236026]],[[2.383195259720039,48.872041268591225],[2.383183288668978,48.872016025501608],[2.383165758148236,48.871999747119595],[2.38312503115143,48.871985147864493],[2.382691050847037,48.871907366321722]],[[2.382990302710992,48.87254024288368],[2.383110663770681,48.872277357934344],[2.383196058569219,48.872088937504024],[2.383199115185901,48.872061073845629],[2.383195259720039,48.872041268591225]]]}},
{"type":"Feature","properties":{"ID":"VOIE_NOM0000002338741801","ID_BAN":"75120_5679","name":"Rue Ligner","INSEE_COM":"75120","NOM_COM":"Paris 20e Arrondissement","SRC_BAN":"commune","NOM_COLL":"R LIGNER","TYPE_VOIE":"rue","MOT_DIR":"Ligner","LD_BAN":null,"ID_SUPP":"TRONROUT0000000000192713/TRONROUT0000000330349947","INSEEDBAN":null,"COMDEL_BAN":null,"DATE_CREAT":"2023-12-08T13:42:59","DATE_MAJ":"2024-03-12T16:10:18","NOM_NORMA":"R LIGNER","ID_BAN_ODO":null,"Nom_a_verifier":false,"other_tags":"\"wikipedia\"=>\"fr:Rue_Ligner\""},"geometry":{"type":"MultiLineString","coordinates":[[[2.397576663658135,48.858045233290056],[2.397288543792192,48.857973633499306],[2.397313074734387,48.85726687088016],[2.397344846381354,48.856876714420061]],[[2.398366617409892,48.857149861286274],[2.398262408794811,48.857322011838534],[2.397889887844844,48.858067494674742],[2.397799563304883,48.858099416614394],[2.397576663658135,48.858045233290056]]]}},
{"type":"Feature","properties":{"ID":"VOIE_NOM0000002338741802","ID_BAN":"75120_8156","name":"Rue du Repos","INSEE_COM":"75120","NOM_COM":"Paris 20e Arrondissement","SRC_BAN":"commune","NOM_COLL":"R DU REPOS","TYPE_VOIE":"rue","MOT_DIR":"Repos","LD_BAN":null,"ID_SUPP":"TRONROUT0000000000191804/TRONROUT0000000000191815/TRONROUT0000000000192734/TRONROUT0000000000192738/TRONROUT0000000312695125/TRONROUT0000000330647002/TRONROUT0000000330647008/TRONROUT0000000356814453","INSEEDBAN":null,"COMDEL_BAN":null,"DATE_CREAT":"2023-12-08T13:42:59","DATE_MAJ":"2024-03-12T16:10:18","NOM_NORMA":"R DU REPOS","ID_BAN_ODO":null,"Nom_a_verifier":false,"other_tags":"\"wikipedia\"=>\"fr:Rue_du_Repos_(Paris)\""},"geometry":{"type":"MultiLineString","coordinates":[[[2.392220778154343,48.857646720588363],[2.392275974112759,48.857705458450361]],[[2.392033055969666,48.857849019334807],[2.392011774626099,48.857803943883184]],[[2.392033055969666,48.857849019334807],[2.392051517152758,48.857902174571649]],[[2.389145360984429,48.859557460514743],[2.389236571333287,48.85956691951958]],[[2.390782495710266,48.859776252883549],[2.390800339956048,48.859765551582917],[2.391089875719528,48.859132986704935],[2.391193326706135,48.858911374671173]],[[2.389236571333287,48.85956691951958],[2.389326387170789,48.859579069374611],[2.390752469232493,48.859779697400711],[2.390782495710266,48.859776252883549]],[[2.391793121036277,48.858203941273032],[2.391970812008565,48.858043861268918],[2.392067221133562,48.857958013834974],[2.392070282670045,48.857929250301396],[2.392051517152758,48.857902174571649]],[[2.391193326706135,48.858911374671173],[2.391249376991462,48.858780355324527],[2.391288252696744,48.858719397559724],[2.391329875120304,48.858656655058333],[2.391383784526873,48.858592176338661],[2.391441740470162,48.858531315554302],[2.391670585112432,48.858309441274358],[2.391793121036277,48.858203941273032]]]}},
{"type":"Feature","properties":{"ID":"VOIE_NOM0000002338741807","ID_BAN":"75120_9898","name":"Rue du Volga","INSEE_COM":"75120","NOM_COM":"Paris 20e Arrondissement","SRC_BAN":"commune","NOM_COLL":"R DU VOLGA","TYPE_VOIE":"rue","MOT_DIR":"Volga","LD_BAN":null,"ID_SUPP":"TRONROUT0000000000194124/TRONROUT0000000000194127/TRONROUT0000000000194138/TRONROUT0000000000194139/TRONROUT0000000000194145/TRONROUT0000000000194156/TRONROUT0000000000195029/TRONROUT0000002478260416","INSEEDBAN":null,"COMDEL_BAN":null,"DATE_CREAT":"2023-12-08T13:42:59","DATE_MAJ":"2024-07-22T21:13:52","NOM_NORMA":"R DU VOLGA","ID_BAN_ODO":null,"Nom_a_verifier":false,"other_tags":"\"wikipedia\"=>\"fr:Rue_du_Volga\""},"geometry":{"type":"MultiLineString","coordinates":[[[2.410468709328451,48.853004747665857],[2.410600764166721,48.853017089759959]],[[2.408845566867071,48.852765606739553],[2.409268759263342,48.852822557101433],[2.409596631413658,48.852872740216604],[2.409924483827806,48.85292472102865],[2.410202006662025,48.852968358721725],[2.410468709328451,48.853004747665857]],[[2.408260290402662,48.852700658607091],[2.40846989793175,48.852724178763204],[2.408845566867071,48.852765606739553]],[[2.407826177710054,48.852645449315546],[2.408058890177589,48.852674480637418],[2.408260290402662,48.852700658607091]],[[2.406693757484172,48.852518427303373],[2.406771402958445,48.852521510338264],[2.407159292828605,48.852566601618236],[2.407826177710054,48.852645449315546]],[[2.406154819583076,48.852453698595653],[2.405213241815165,48.852323112778429]],[[2.406693757484172,48.852518427303373],[2.406622802830479,48.852526169594356],[2.406278511130507,48.852482192263885],[2.406154819583076,48.852453698595653]],[[2.405213241815165,48.852323112778429],[2.404309701876154,48.852203501092532],[2.404027997004821,48.852168822329276]]]}},
{"type":"Feature","properties":{"ID":"VOIE_NOM0000002338741813","ID_BAN":"75120_6116","name":"Rue des Maronites","INSEE_COM":"75120","NOM_COM":"Paris 20e Arrondissement","SRC_BAN":"commune","NOM_COLL":"R DES MARONITES","TYPE_VOIE":"rue","MOT_DIR":"Maronites","LD_BAN":null,"ID_SUPP":"TRONROUT0000000000187083/TRONROUT0000000000187087/TRONROUT0000000000187096/TRONROUT0000000000187098/TRONROUT0000000230209268","INSEEDBAN":null,"COMDEL_BAN":null,"DATE_CREAT":"2023-12-08T13:42:59","DATE_MAJ":"2024-03-12T16:10:18","NOM_NORMA":"R DES MARONITES","ID_BAN_ODO":null,"Nom_a_verifier":false,"other_tags":"\"wikipedia\"=>\"fr:Rue_des_Maronites\""},"geometry":{"type":"MultiLineString","coordinates":[[[2.382516221033255,48.867679577419352],[2.382752287418164,48.867775225703845]],[[2.383980214936281,48.868264496990953],[2.383075233433617,48.867901898885584],[2.382752287418164,48.867775225703845]],[[2.38529913656736,48.868784800201652],[2.385744292192616,48.868953463124697],[2.385850343577936,48.86897739012084]],[[2.383980214936281,48.868264496990953],[2.384460474416362,48.868461224976201]],[[2.384460474416362,48.868461224976201],[2.38529913656736,48.868784800201652]]]}},
{"type":"Feature","properties":{"ID":"VOIE_NOM0000002338741820","ID_BAN":"75120_8437","name":"Passage du Ruisseau de Menilmontant","INSEE_COM":"75120","NOM_COM":"Paris 20e Arrondissement","SRC_BAN":"commune","NOM_COLL":"PAS DU RUISSEAU DE MENILMONTANT","TYPE_VOIE":"passage","MOT_DIR":"Menilmontant","LD_BAN":null,"ID_SUPP":"TRONROUT0000000000186181/TRONROUT0000000202267780/TRONROUT0000000202267781/TRONROUT0000000230209277/TRONROUT0000000255748796/TRONROUT0000002334837228","INSEEDBAN":null,"COMDEL_BAN":null,"DATE_CREAT":"2023-12-08T13:42:59","DATE_MAJ":"2024-04-09T23:12:41","NOM_NORMA":"PAS DU RUISSEAU DE MENILMONTANT","ID_BAN_ODO":null,"Nom_a_verifier":false,"other_tags":"nan"},"geometry":{"type":"MultiLineString","coordinates":[[[2.393681912203609,48.868769101227358],[2.393525933649265,48.868700860670245],[2.393445821248608,48.868673474586153],[2.393094061761565,48.868560173595391],[2.392935169647332,48.868508105555655]],[[2.393681912203609,48.868769101227358],[2.393895029011818,48.868847523642437],[2.393968326084483,48.868874874911327]],[[2.392935169647332,48.868508105555655],[2.392817015275142,48.868469734035756]],[[2.392817015275142,48.868469734035756],[2.392923728479639,48.868320085906461]],[[2.392650742033958,48.86881693412905],[2.392670434458443,48.868764872471118],[2.39276686191659,48.868562111396493],[2.392817015275142,48.868469734035756]],[[2.392278485646122,48.868357281668843],[2.392354654349293,48.868372057794716],[2.392579092228137,48.868414566557306],[2.392734114391053,48.868447729347359],[2.392817015275142,48.868469734035756]]]}},
{"type":"Feature","properties":{"ID":"VOIE_NOM0000002338741870","ID_BAN":"75120_7508","name":"Rue de la Plaine","INSEE_COM":"75120","NOM_COM":"Paris 20e Arrondissement","SRC_BAN":"commune","NOM_COLL":"R DE LA PLAINE","TYPE_VOIE":"rue","MOT_DIR":"Plaine","LD_BAN":null,"ID_SUPP":"TRONROUT0000000000195875/TRONROUT0000000000195888/TRONROUT0000000000195909/TRONROUT0000000000195910/TRONROUT0000000000195915/TRONROUT0000000330306531","INSEEDBAN":null,"COMDEL_BAN":null,"DATE_CREAT":"2023-12-08T13:42:59","DATE_MAJ":"2024-03-12T16:10:18","NOM_NORMA":"R DE LA PLAINE","ID_BAN_ODO":null,"Nom_a_verifier":false,"other_tags":"\"wikipedia\"=>\"fr:Rue_de_la_Plaine\""},"geometry":{"type":"MultiLineString","coordinates":[[[2.399174948151279,48.849812532969182],[2.39910554539261,48.849804090257678]],[[2.401096710788195,48.850024522277437],[2.401020452718309,48.850019643774445],[2.400936039295942,48.850012925685327],[2.40062568066168,48.849982592062283],[2.400319472499442,48.849946882320936],[2.40018476464205,48.849929119381336],[2.399728880874294,48.849873771270673],[2.399174948151279,48.849812532969182]],[[2.406402014759188,48.850493441833805],[2.405445800350799,48.850334904931955]],[[2.405445800350799,48.850334904931955],[2.404465084100767,48.850174439679414]],[[2.402255829865819,48.849956571895454],[2.402092195656974,48.849965647151286],[2.401775591004569,48.850004535408139],[2.401635060061264,48.850019121664509],[2.40150141471218,48.850027446735155],[2.401303785610242,48.85003005539447],[2.401096710788195,48.850024522277437]],[[2.404465084100767,48.850174439679414],[2.403886984782305,48.850080726298501],[2.403339909830034,48.850015044733908],[2.403040461473363,48.849983872437342],[2.402773563015938,48.849966352149217],[2.402419350577142,48.84995738872157],[2.402255829865819,48.849956571895454]]]}},
{"type":"Feature","properties":{"ID":"VOIE_NOM0000002338741883","ID_BAN":"75120_3562","name":"Rue Félix Terrier","INSEE_COM":"75120","NOM_COM":"Paris 20e Arrondissement","SRC_BAN":"commune","NOM_COLL":"R FELIX TERRIER","TYPE_VOIE":"rue","MOT_DIR":"Terrier","LD_BAN":null,"ID_SUPP":"TRONROUT0000000000192647/TRONROUT0000000000192652","INSEEDBAN":null,"COMDEL_BAN":null,"DATE_CREAT":"2023-12-08T13:42:59","DATE_MAJ":"2024-03-12T16:10:18","NOM_NORMA":"R FELIX TERRIER","ID_BAN_ODO":null,"Nom_a_verifier":false,"other_tags":"\"wikipedia\"=>\"fr:Rue_F%C3%A9lix-Terrier\""},"geometry":{"type":"MultiLineString","coordinates":[[[2.411179968187346,48.85699685474539],[2.411014055972565,48.857085073446569],[2.410882438455696,48.857153675154507],[2.410839061222615,48.85737380121828],[2.410799985805741,48.857575062157686]],[[2.410799985805741,48.857575062157686],[2.410764642761525,48.857807818501897],[2.410712049710779,48.858119632180703],[2.410660890131284,48.85842515740022],[2.410597138275974,48.858759399511086]]]}},
{"type":"Feature","properties":{"ID":"VOIE_NOM0000002338741891","ID_BAN":"75120_8047","name":"Rue des Rasselins","INSEE_COM":"75120","NOM_COM":"Paris 20e Arrondissement","SRC_BAN":"commune","NOM_COLL":"R DES RASSELINS","TYPE_VOIE":"rue","MOT_DIR":"Rasselins","LD_BAN":null,"ID_SUPP":"TRONROUT0000000000193417/TRONROUT0000000000193420/TRONROUT0000000000194120/TRONROUT0000002341410590","INSEEDBAN":null,"COMDEL_BAN":null,"DATE_CREAT":"2023-12-08T13:42:59","DATE_MAJ":"2024-03-12T16:10:18","NOM_NORMA":"R DES RASSELINS","ID_BAN_ODO":null,"Nom_a_verifier":false,"other_tags":"\"wikipedia\"=>\"fr:Rue_des_Rasselins\""},"geometry":{"type":"MultiLineString","coordinates":[[[2.409684071967036,48.853334537608539],[2.409534883345637,48.853631485869329],[2.409378848556661,48.853931098125337]],[[2.407868116774633,48.855430938439774],[2.407419768056785,48.855786659075456],[2.407383772034636,48.85583594488881],[2.407353053367944,48.855900545722676]],[[2.409378848556661,48.853931098125337],[2.409374668482628,48.853939171626394],[2.408972651100565,48.854778076876357]],[[2.407868116774633,48.855430938439774],[2.408063056804026,48.855306893680442],[2.408076776882285,48.855298867425958],[2.408216692840556,48.855219517567889],[2.408231775682917,48.855211498034883],[2.408857410744461,48.854844958679557],[2.408972651100565,48.854778076876357]]]}},
{"type":"Feature","properties":{"ID":"VOIE_NOM0000002338741893","ID_BAN":"75120_5810","name":"Impasse Louis Robert","INSEE_COM":"75120","NOM_COM":"Paris 20e Arrondissement","SRC_BAN":"commune","NOM_COLL":"IMP LOUIS ROBERT","TYPE_VOIE":"impasse","MOT_DIR":"Robert","LD_BAN":null,"ID_SUPP":"TRONROUT0000000000186175","INSEEDBAN":null,"COMDEL_BAN":null,"DATE_CREAT":"2023-12-08T13:42:59","DATE_MAJ":"2024-04-09T23:12:41","NOM_NORMA":"IMP LOUIS ROBERT","ID_BAN_ODO":null,"Nom_a_verifier":false,"other_tags":"nan"},"geometry":{"type":"MultiLineString","coordinates":[[[2.39150999832883,48.870075608305754],[2.39159168514018,48.870085016914878],[2.392152577555716,48.870151719517168]]]}},
{"type":"Feature","properties":{"ID":"VOIE_NOM0000002338741899","ID_BAN":"75120_4091","name":"Cité de Gênes","INSEE_COM":"75120","NOM_COM":"Paris 20e Arrondissement","SRC_BAN":"commune","NOM_COLL":"CITE DE GENES","TYPE_VOIE":"cité","MOT_DIR":"Gênes","LD_BAN":null,"ID_SUPP":"TRONROUT0000000000186237","INSEEDBAN":null,"COMDEL_BAN":null,"DATE_CREAT":"2023-12-08T13:42:59","DATE_MAJ":"2024-03-12T16:10:18","NOM_NORMA":"CITE DE GENES","ID_BAN_ODO":null,"Nom_a_verifier":false,"other_tags":"nan"},"geometry":{"type":"MultiLineString","coordinates":[[[2.382520447963782,48.870543092198048],[2.382767624832329,48.870622609387368],[2.383123103312278,48.870651422055083],[2.383684412839224,48.870336847594807]]]}},
{"type":"Feature","properties":{"ID":"VOIE_NOM0000002338741925","ID_BAN":"75120_9844","name":"Rue Villiers de l'Isle Adam","INSEE_COM":"75120","NOM_COM":"Paris 20e Arrondissement","SRC_BAN":"commune","NOM_COLL":"R VILLIERS DE L'ISLE-ADAM","TYPE_VOIE":"rue","MOT_DIR":"Adam","LD_BAN":null,"ID_SUPP":"TRONROUT0000000000187011/TRONROUT0000000000187024/TRONROUT0000000000187028/TRONROUT0000000000187030/TRONROUT0000000000187040/TRONROUT0000000000187906/TRONROUT0000000000187908/TRONROUT0000000000187909/TRONROUT0000000000187911","INSEEDBAN":null,"COMDEL_BAN":null,"DATE_CREAT":"2023-12-08T13:42:59","DATE_MAJ":"2024-03-12T16:10:18","NOM_NORMA":"R VILLIERS DE L'ISLE ADAM","ID_BAN_ODO":null,"Nom_a_verifier":false,"other_tags":"\"wikipedia\"=>\"fr:Rue_Villiers-de-L%27Isle-Adam\""},"geometry":{"type":"MultiLineString","coordinates":[[[2.394334254530204,48.865776706807075],[2.394254240313106,48.865741227608424],[2.394141438990406,48.865711877765754],[2.393747055262827,48.865631638102357],[2.393706246549233,48.865624236660111],[2.393533313208509,48.865608071708543],[2.393443433641481,48.865600421512333],[2.393375426219248,48.86558748606987],[2.393287402045899,48.865537576171647]],[[2.394334254530204,48.865776706807075],[2.394412372609072,48.865858042689183]],[[2.394412372609072,48.865858042689183],[2.394731449105284,48.866084491679551],[2.39495308502689,48.86625019146345]],[[2.399659693330649,48.868654440180514],[2.40017489875686,48.868899844190544],[2.400676673880659,48.869128091260755]],[[2.399222186686601,48.868528136425972],[2.398485639671942,48.868326582899059],[2.398074100812357,48.868195009357535]],[[2.399659693330649,48.868654440180514],[2.399545633520674,48.868615196534527],[2.399432854097655,48.868583153899642],[2.399222186686601,48.868528136425972]],[[2.398074100812357,48.868195009357535],[2.397596040287155,48.868039716804539],[2.397325679614776,48.867960113368341],[2.396952127090203,48.867844915248043],[2.396845022149369,48.867794012627549],[2.396640531918853,48.867676967337871]],[[2.39495308502689,48.86625019146345],[2.395136806099618,48.866394115054447],[2.395359515471635,48.866585000948106],[2.395827601028716,48.867010953392509],[2.396395315363083,48.867545326887985]],[[2.396395315363083,48.867545326887985],[2.396640531918853,48.867676967337871]]]}},
{"type":"Feature","properties":{"ID":"VOIE_NOM0000002338741935","ID_BAN":"75120_x528","name":"Voie Fk/20","INSEE_COM":"75120","NOM_COM":"Paris 20e Arrondissement","SRC_BAN":"commune","NOM_COLL":"VOI FK/20","TYPE_VOIE":"voie","MOT_DIR":"Fk/20","LD_BAN":null,"ID_SUPP":"TRONROUT0000002334842900/TRONROUT0000002334842901","INSEEDBAN":null,"COMDEL_BAN":null,"DATE_CREAT":"2023-12-08T13:42:59","DATE_MAJ":"2024-03-12T16:10:18","NOM_NORMA":"VOI FK/20","ID_BAN_ODO":null,"Nom_a_verifier":false,"other_tags":"nan"},"geometry":{"type":"MultiLineString","coordinates":[[[2.402254648986206,48.860395296175817],[2.402920426268324,48.859865308964245]],[[2.402764861083003,48.860713513082771],[2.402684310774219,48.860606089203735],[2.402441353343234,48.860516740631049],[2.402415993692325,48.860469848137448],[2.402254648986206,48.860395296175817]]]}},
{"type":"Feature","properties":{"ID":"VOIE_NOM0000002338741945","ID_BAN":"75120_5435","name":"Rue Le Bua","INSEE_COM":"75120","NOM_COM":"Paris 20e Arrondissement","SRC_BAN":"commune","NOM_COLL":"R LE BUA","TYPE_VOIE":"rue","MOT_DIR":"Bua","LD_BAN":null,"ID_SUPP":"TRONROUT0000000000186998/TRONROUT0000000000187878/TRONROUT0000000000187879","INSEEDBAN":null,"COMDEL_BAN":null,"DATE_CREAT":"2023-12-08T13:42:59","DATE_MAJ":"2024-03-12T16:10:18","NOM_NORMA":"R LE BUA","ID_BAN_ODO":null,"Nom_a_verifier":false,"other_tags":"\"wikipedia\"=>\"fr:Rue_Le_Bua\""},"geometry":{"type":"MultiLineString","coordinates":[[[2.403766280486041,48.867299880582003],[2.403726867415646,48.867408504112568],[2.40357915703031,48.867807973387798]],[[2.403416792842638,48.866272893405799],[2.403397015793337,48.866214337804998],[2.40334937595789,48.866089092225224],[2.403287394671031,48.866025829498099],[2.403200764563008,48.865972336556389]],[[2.403766280486041,48.867299880582003],[2.403416792842638,48.866272893405799]]]}},
{"type":"Feature","properties":{"ID":"VOIE_NOM0000002338741960","ID_BAN":"75120_3963","name":"Square de la Gascogne","INSEE_COM":"75120","NOM_COM":"Paris 20e Arrondissement","SRC_BAN":"commune","NOM_COLL":"SQ DE LA GASCOGNE","TYPE_VOIE":"square","MOT_DIR":"Gascogne","LD_BAN":null,"ID_SUPP":"TRONROUT0000000000193398/TRONROUT0000000000193414/TRONROUT0000000350840255","INSEEDBAN":null,"COMDEL_BAN":null,"DATE_CREAT":"2023-12-08T13:42:59","DATE_MAJ":"2024-03-12T16:10:18","NOM_NORMA":"SQ DE LA GASCOGNE","ID_BAN_ODO":null,"Nom_a_verifier":false,"other_tags":"nan"},"geometry":{"type":"MultiLineString","coordinates":[[[2.41132689050247,48.854125963481188],[2.41170001885583,48.854152080970401],[2.411866207393311,48.854159193368588],[2.412020130920803,48.85416624526728]],[[2.410614653590315,48.854078389319476],[2.410707261706269,48.854084241527246]],[[2.410707261706269,48.854084241527246],[2.410805310801277,48.854091019803015],[2.410839360009907,48.854092986154484],[2.411089928926708,48.854110407900265],[2.41132689050247,48.854125963481188]]]}},
{"type":"Feature","properties":{"ID":"VOIE_NOM0000002338741975","ID_BAN":"75120_6942","name":"Rue des Ormeaux","INSEE_COM":"75120","NOM_COM":"Paris 20e Arrondissement","SRC_BAN":"commune","NOM_COLL":"R DES ORMEAUX","TYPE_VOIE":"rue","MOT_DIR":"Ormeaux","LD_BAN":null,"ID_SUPP":"TRONROUT0000000000195034/TRONROUT0000000000195919/TRONROUT0000002341410555","INSEEDBAN":null,"COMDEL_BAN":null,"DATE_CREAT":"2023-12-08T13:42:59","DATE_MAJ":"2024-03-12T16:10:18","NOM_NORMA":"R DES ORMEAUX","ID_BAN_ODO":null,"Nom_a_verifier":false,"other_tags":"\"wikipedia\"=>\"fr:Rue_des_Ormeaux\""},"geometry":{"type":"MultiLineString","coordinates":[[[2.400622920132486,48.851525865478834],[2.400552653330801,48.851710779737296]],[[2.399203368594701,48.850420637758198],[2.399210663399954,48.850497119299817],[2.39921727983678,48.850514240208327],[2.39923201019382,48.850536797968708],[2.399932259082249,48.851028659876512],[2.400175619724485,48.85119715948148]],[[2.400175619724485,48.85119715948148],[2.400422956245489,48.85137557134334],[2.400622920132486,48.851525865478834]]]}},
{"type":"Feature","properties":{"ID":"VOIE_NOM0000002338741994","ID_BAN":"75120_7697","name":"Avenue de la Porte des Lilas","INSEE_COM":"75120","NOM_COM":"Paris 20e Arrondissement","SRC_BAN":"commune","NOM_COLL":"AV DE LA PORTE DES LILAS","TYPE_VOIE":"avenue","MOT_DIR":"Lilas","LD_BAN":null,"ID_SUPP":"TRONROUT0000000000182159/TRONROUT0000000082259728/TRONROUT0000000082259732","INSEEDBAN":null,"COMDEL_BAN":null,"DATE_CREAT":"2023-12-08T13:42:59","DATE_MAJ":"2024-03-12T16:10:18","NOM_NORMA":"AV DE LA PORTE DES LILAS","ID_BAN_ODO":null,"Nom_a_verifier":false,"other_tags":"nan"},"geometry":{"type":"MultiLineString","coordinates":[[[2.408352325136258,48.877602017606762],[2.408179449670327,48.877576881206586],[2.407418864072974,48.877316809858335],[2.40724778325509,48.877253909146575],[2.407158198904983,48.877218391687705],[2.407064575710296,48.877178357507965],[2.406987282553853,48.877141102136378],[2.40690481247329,48.877079539165194]],[[2.410701915398665,48.878416707137312],[2.410616854550109,48.878342543477252],[2.410406196933897,48.878282150505626],[2.410206396191654,48.87822630728845],[2.410009312514076,48.878171376451967],[2.409824428611659,48.878122800729948],[2.409706229794591,48.878085345495414],[2.409597676950949,48.878038944428155],[2.409504172758111,48.877988120845679]],[[2.410820319151064,48.878436175815359],[2.410760440641718,48.878425988496559],[2.410701915398665,48.878416707137312]]]}},
{"type":"Feature","properties":{"ID":"VOIE_NOM0000002338742021","ID_BAN":"75120_8603","name":"Rue Saint-Fargeau","INSEE_COM":"75120","NOM_COM":"Paris 20e Arrondissement","SRC_BAN":"commune","NOM_COLL":"R SAINT-FARGEAU","TYPE_VOIE":"rue","MOT_DIR":"Fargeau","LD_BAN":null,"ID_SUPP":"TRONROUT0000000000184463/TRONROUT0000000000185229/TRONROUT0000000000185236/TRONROUT0000000000185241/TRONROUT0000000000185243/TRONROUT0000000000185245/TRONROUT0000000000185247/TRONROUT0000000000185248/TRONROUT0000000000185269/TRONROUT0000000350840238/TRON","INSEEDBAN":null,"COMDEL_BAN":null,"DATE_CREAT":"2023-12-08T13:42:59","DATE_MAJ":"2024-03-12T16:10:18","NOM_NORMA":"R SAINT-FARGEAU","ID_BAN_ODO":null,"Nom_a_verifier":false,"other_tags":"\"wikipedia\"=>\"fr:Rue_Saint-Fargeau\""},"geometry":{"type":"MultiLineString","coordinates":[[[2.399674761432883,48.870895661563367],[2.399407109196497,48.870816076708522],[2.399320070661073,48.870797653241425],[2.399223427436518,48.870784577515707]],[[2.400294267299601,48.871083130731286],[2.399674761432883,48.870895661563367]],[[2.400811938823566,48.871235012853418],[2.400294267299601,48.871083130731286]],[[2.401339114655213,48.871390537575259],[2.400811938823566,48.871235012853418]],[[2.401705834480399,48.871510183979609],[2.401339114655213,48.871390537575259]],[[2.404375464670012,48.871725848195297],[2.40389316506954,48.871698265924543]],[[2.407346150965525,48.872563483814922],[2.40649829177143,48.872311966251054],[2.406109671443129,48.872198521377165],[2.404648921343587,48.871775772657607],[2.404375464670012,48.871725848195297]],[[2.408290677806706,48.872827164492435],[2.408244418520658,48.872818841817057],[2.408039239074148,48.872758471335771],[2.407707654520032,48.872664199772615],[2.407346150965525,48.872563483814922]],[[2.408396563577435,48.872867258511469],[2.408321961547493,48.872833614461392],[2.408290677806706,48.872827164492435]],[[2.402368502791478,48.871620515206637],[2.402112368640645,48.87160574608523],[2.402002101154716,48.871591705235659],[2.40185663737929,48.871555904380806],[2.401705834480399,48.871510183979609]],[[2.40389316506954,48.871698265924543],[2.403669686118548,48.871689058767032],[2.40307826615932,48.871666325533958],[2.402368502791478,48.871620515206637]]]}},
{"type":"Feature","properties":{"ID":"VOIE_NOM0000002338742026","ID_BAN":"75120_6447","name":"Square de Monsoreau","INSEE_COM":"75120","NOM_COM":"Paris 20e Arrondissement","SRC_BAN":"commune","NOM_COLL":"SQ DE MONSOREAU","TYPE_VOIE":"square","MOT_DIR":"Monsoreau","LD_BAN":null,"ID_SUPP":"TRONROUT0000000000193470/TRONROUT0000002002168706","INSEEDBAN":null,"COMDEL_BAN":null,"DATE_CREAT":"2023-12-08T13:42:59","DATE_MAJ":"2024-03-12T16:10:18","NOM_NORMA":"SQ DE MONSOREAU","ID_BAN_ODO":null,"Nom_a_verifier":false,"other_tags":"nan"},"geometry":{"type":"MultiLineString","coordinates":[[[2.399328733647947,48.856096163353882],[2.399355394619,48.856029745478601],[2.399458120196359,48.85586747918498],[2.399415878022802,48.855748553298362],[2.399110196840621,48.855664278683562],[2.398737946056168,48.855561681842275],[2.398531200822119,48.855879911252536]],[[2.398531200822119,48.855879911252536],[2.398849033664561,48.855974141198722],[2.398970626322657,48.855948670917059],[2.399057121330272,48.856012059652883],[2.399328733647947,48.856096163353882]]]}},
{"type":"Feature","properties":{"ID":"VOIE_NOM0000002338742031","ID_BAN":"75120_6332","name":"Rue Michel de Bourges","INSEE_COM":"75120","NOM_COM":"Paris 20e Arrondissement","SRC_BAN":"commune","NOM_COLL":"R MICHEL DE BOURGES","TYPE_VOIE":"rue","MOT_DIR":"Bourges","LD_BAN":null,"ID_SUPP":"TRONROUT0000000256753396/TRONROUT0000000256753397/TRONROUT0000002341410560","INSEEDBAN":null,"COMDEL_BAN":null,"DATE_CREAT":"2023-12-08T13:42:59","DATE_MAJ":"2024-03-12T16:10:18","NOM_NORMA":"R MICHEL DE BOURGES","ID_BAN_ODO":null,"Nom_a_verifier":false,"other_tags":"\"wikipedia\"=>\"fr:Rue_Michel-de-Bourges\""},"geometry":{"type":"MultiLineString","coordinates":[[[2.401058418413722,48.854541766989939],[2.400840646430065,48.854753822303948]],[[2.400078934700058,48.854150140263272],[2.400696352630608,48.854383467485029]],[[2.400696352630608,48.854383467485029],[2.401058418413722,48.854541766989939]]]}},
{"type":"Feature","properties":{"ID":"VOIE_NOM0000002338742043","ID_BAN":"75120_2445","name":"Impasse des Crins","INSEE_COM":"75120","NOM_COM":"Paris 20e Arrondissement","SRC_BAN":"commune","NOM_COLL":"IMP DES CRINS","TYPE_VOIE":"impasse","MOT_DIR":"Crins","LD_BAN":null,"ID_SUPP":"TRONROUT0000000000194174","INSEEDBAN":null,"COMDEL_BAN":null,"DATE_CREAT":"2023-12-08T13:42:59","DATE_MAJ":"2024-03-12T16:10:18","NOM_NORMA":"IMP DES CRINS","ID_BAN_ODO":null,"Nom_a_verifier":false,"other_tags":"nan"},"geometry":{"type":"MultiLineString","coordinates":[[[2.398730309679604,48.854451847710934],[2.399137399449565,48.853896296300789],[2.399270195771995,48.853726086731207],[2.3992871399732,48.853674908889765]]]}},
{"type":"Feature","properties":{"ID":"VOIE_NOM0000002338742092","ID_BAN":"75120_3275","name":"Rue Emmery","INSEE_COM":"75120","NOM_COM":"Paris 20e Arrondissement","SRC_BAN":"commune","NOM_COLL":"R EMMERY","TYPE_VOIE":"rue","MOT_DIR":"Emmery","LD_BAN":null,"ID_SUPP":"TRONROUT0000000000185305","INSEEDBAN":null,"COMDEL_BAN":null,"DATE_CREAT":"2023-12-08T13:42:59","DATE_MAJ":"2024-03-12T16:10:18","NOM_NORMA":"R EMMERY","ID_BAN_ODO":null,"Nom_a_verifier":false,"other_tags":"\"wikipedia\"=>\"fr:Rue_Emmery\""},"geometry":{"type":"MultiLineString","coordinates":[[[2.39270535924193,48.872434341105915],[2.391870883220189,48.871976839723708]]]}},
{"type":"Feature","properties":{"ID":"VOIE_NOM0000002338742099","ID_BAN":"75120_9777","name":"Rue Vidal de la Blache","INSEE_COM":"75120","NOM_COM":"Paris 20e Arrondissement","SRC_BAN":"commune","NOM_COLL":"R VIDAL DE LA BLACHE","TYPE_VOIE":"rue","MOT_DIR":"Blache","LD_BAN":null,"ID_SUPP":"TRONROUT0000000000186082/TRONROUT0000000000186089","INSEEDBAN":null,"COMDEL_BAN":null,"DATE_CREAT":"2023-12-08T13:42:59","DATE_MAJ":"2024-03-12T16:10:18","NOM_NORMA":"R VIDAL DE LA BLACHE","ID_BAN_ODO":null,"Nom_a_verifier":false,"other_tags":"\"wikipedia\"=>\"fr:Rue_Vidal-de-la-Blache\""},"geometry":{"type":"MultiLineString","coordinates":[[[2.409041850027582,48.869104932828677],[2.409287221417446,48.869106144051607],[2.409596590671171,48.869113965820404],[2.409871890833096,48.869120719484748],[2.409925054653556,48.869120981590378],[2.409993080982839,48.869133008301922]],[[2.409993080982839,48.869133008301922],[2.410145614044337,48.869146350796356],[2.410550294036192,48.869164532452693],[2.410874618083768,48.869176021905005]]]}},
{"type":"Feature","properties":{"ID":"VOIE_NOM0000002338742112","ID_BAN":"75120_5982","name":"Place Marc Bloch","INSEE_COM":"75120","NOM_COM":"Paris 20e Arrondissement","SRC_BAN":"commune","NOM_COLL":"PL MARC BLOCH","TYPE_VOIE":"place","MOT_DIR":"Bloch","LD_BAN":null,"ID_SUPP":"TRONROUT0000000256753391","INSEEDBAN":null,"COMDEL_BAN":null,"DATE_CREAT":"2023-12-08T13:42:59","DATE_MAJ":"2024-03-12T16:10:18","NOM_NORMA":"PL MARC BLOCH","ID_BAN_ODO":null,"Nom_a_verifier":false,"other_tags":"nan"},"geometry":{"type":"MultiLineString","coordinates":[[[2.402110556109844,48.854541632723944],[2.401711867613454,48.854249150373001]]]}},
{"type":"Feature","properties":{"ID":"VOIE_NOM0000002338742115","ID_BAN":"75120_4663","name":"Passage Hypathie D'alexandrie","INSEE_COM":"75120","NOM_COM":"Paris 20e Arrondissement","SRC_BAN":"commune","NOM_COLL":"PAS HYPATIE D'ALEXANDRIE","TYPE_VOIE":"passage","MOT_DIR":"alexandrie","LD_BAN":null,"ID_SUPP":"TRONROUT0000002007470882","INSEEDBAN":null,"COMDEL_BAN":null,"DATE_CREAT":"2023-12-08T13:42:59","DATE_MAJ":"2024-03-12T16:10:18","NOM_NORMA":"PAS HYPATHIE D'ALEXANDRIE","ID_BAN_ODO":null,"Nom_a_verifier":false,"other_tags":"nan"},"geometry":{"type":"MultiLineString","coordinates":[[[2.402183690970113,48.857195072578165],[2.401950909656102,48.857051812710331]]]}},
{"type":"Feature","properties":{"ID":"VOIE_NOM0000002338742141","ID_BAN":"75120_5703","name":"Rue Lippmann","INSEE_COM":"75120","NOM_COM":"Paris 20e Arrondissement","SRC_BAN":"commune","NOM_COLL":"R LIPPMANN","TYPE_VOIE":"rue","MOT_DIR":"Lippmann","LD_BAN":null,"ID_SUPP":"TRONROUT0000000000195862/TRONROUT0000000000196659/TRONROUT0000000356869248","INSEEDBAN":null,"COMDEL_BAN":null,"DATE_CREAT":"2023-12-08T13:42:59","DATE_MAJ":"2024-03-12T16:10:18","NOM_NORMA":"R LIPPMANN","ID_BAN_ODO":null,"Nom_a_verifier":false,"other_tags":"\"wikipedia\"=>\"fr:Rue_Lippmann\""},"geometry":{"type":"MultiLineString","coordinates":[[[2.412331502357564,48.849034285940945],[2.412317460046838,48.849071090395569]],[[2.413179331554941,48.84853121274697],[2.412614630876576,48.848820731152102]],[[2.412614630876576,48.848820731152102],[2.412379935370938,48.8489688711322],[2.412357879475232,48.848991246603973],[2.412339891225468,48.849015440754485],[2.412331502357564,48.849034285940945]]]}},
{"type":"Feature","properties":{"ID":"VOIE_NOM0000002338742151","ID_BAN":"75120_6270","name":"Rue de Ménilmontant","INSEE_COM":"75120","NOM_COM":"Paris 20e Arrondissement","SRC_BAN":"commune","NOM_COLL":"R DE MENILMONTANT","TYPE_VOIE":"rue","MOT_DIR":"Ménilmontant","LD_BAN":null,"ID_SUPP":"TRONROUT0000000000186136/TRONROUT0000000000186145/TRONROUT0000000000186146/TRONROUT0000000000186150/TRONROUT0000000000186167/TRONROUT0000000000186174/TRONROUT0000000000186176/TRONROUT0000000000186177/TRONROUT0000000000187044/TRONROUT0000000000187054/TRON","INSEEDBAN":null,"COMDEL_BAN":null,"DATE_CREAT":"2023-12-08T13:42:59","DATE_MAJ":"2024-03-12T16:10:18","NOM_NORMA":"R DE MENILMONTANT","ID_BAN_ODO":null,"Nom_a_verifier":false,"other_tags":"\"wikipedia\"=>\"fr:Rue_de_M%C3%A9nilmontant\""},"geometry":{"type":"MultiLineString","coordinates":[[[2.383350275300412,48.867123588920805],[2.383289126576027,48.86710708574018]],[[2.385084679421186,48.867550705144559],[2.383350275300412,48.867123588920805]],[[2.385084679421186,48.867550705144559],[2.38529944917638,48.867603070697264]],[[2.387036622110479,48.868029273168091],[2.387988107188812,48.868265272208397],[2.388167546506774,48.868308458506682]],[[2.389571792849122,48.868647484262524],[2.389424972140315,48.868612560537464],[2.389298546282975,48.868582237383393]],[[2.389649261147428,48.868667664763727],[2.389571792849122,48.868647484262524]],[[2.388341544074017,48.868350717385319],[2.388167546506774,48.868308458506682]],[[2.389298546282975,48.868582237383393],[2.388341544074017,48.868350717385319]],[[2.38529944917638,48.867603070697264],[2.386615233689847,48.867926388433901]],[[2.386615233689847,48.867926388433901],[2.387036622110479,48.868029273168091]],[[2.391448958927654,48.869115705340064],[2.391905945542631,48.869207062323845]],[[2.394441636881568,48.870024824383464],[2.393157783857241,48.869526385013955]],[[2.395761844260434,48.870094449838618],[2.395624328157279,48.870079366174963],[2.395251250391879,48.870039709679602],[2.394527022665661,48.869950611409678]],[[2.399223427436518,48.870784577515707],[2.399075179144981,48.870754155270426],[2.398542397524494,48.870612981623665],[2.398312731380749,48.870549773197745],[2.398117166803824,48.870484937135984],[2.397766997661468,48.870350074112395],[2.397587709756836,48.8702925137476],[2.39746397027031,48.870264910837051],[2.397336089284793,48.870241783625012],[2.39727621242747,48.870232488769936]],[[2.396521863136742,48.870154042969233],[2.396798269951572,48.870183315660221],[2.39727621242747,48.870232488769936]],[[2.395761844260434,48.870094449838618],[2.395963524647277,48.870101763138237],[2.396190970355099,48.870120897446547],[2.396445607286684,48.870146463788174]],[[2.396445607286684,48.870146463788174],[2.396521863136742,48.870154042969233]],[[2.39269613634342,48.869366659592373],[2.392580685583084,48.869330100270041],[2.392444703417609,48.869300631317195],[2.391905945542631,48.869207062323845]],[[2.393157783857241,48.869526385013955],[2.39269613634342,48.869366659592373]],[[2.389649261147428,48.868667664763727],[2.389914350693048,48.868731070579521]],[[2.389914350693048,48.868731070579521],[2.391448958927654,48.869115705340064]]]}},
{"type":"Feature","properties":{"ID":"VOIE_NOM0000002338742152","ID_BAN":"75120_8179","name":"Place de la Réunion","INSEE_COM":"75120","NOM_COM":"Paris 20e Arrondissement","SRC_BAN":"commune","NOM_COLL":"PL DE LA REUNION","TYPE_VOIE":"place","MOT_DIR":"Réunion","LD_BAN":null,"ID_SUPP":"TRONROUT0000000000193447/TRONROUT0000000000193448/TRONROUT0000000248362587/TRONROUT0000000312870192/TRONROUT0000000356840308","INSEEDBAN":null,"COMDEL_BAN":null,"DATE_CREAT":"2023-12-08T13:42:59","DATE_MAJ":"2024-03-12T16:10:18","NOM_NORMA":"PL DE LA REUNION","ID_BAN_ODO":null,"Nom_a_verifier":false,"other_tags":"nan"},"geometry":{"type":"MultiLineString","coordinates":[[[2.40121893809197,48.855516564278354],[2.401137458430118,48.855490974789042],[2.40105309815362,48.855478861039927],[2.400975396917052,48.855480270782252],[2.400898986112391,48.8554879823688],[2.400822482212211,48.855503787569624],[2.400759461648866,48.855532251112585],[2.400694881668412,48.855577794416938],[2.40064664507729,48.855624318894755]],[[2.40121893809197,48.855516564278354],[2.401269073007935,48.855541996878252],[2.401317814154957,48.85557012052579],[2.401363736725587,48.855606324179696],[2.401383889739303,48.855631606730974],[2.401398570823386,48.855658660599893],[2.401410464290191,48.855691096606385],[2.401415502330422,48.855727095707252],[2.40141238409433,48.855761255311222],[2.401406519541003,48.855797199870622],[2.40139523466985,48.855830419271314]],[[2.40064664507729,48.855624318894755],[2.400628535307054,48.855658403393349],[2.400615856112505,48.855694313785555],[2.400608597158368,48.855732949368637],[2.40061079520336,48.855778827101211],[2.400623988963136,48.855816665782633],[2.40064400721969,48.855853639296583],[2.400676270264571,48.855892472829638],[2.400722171987044,48.855930475310352],[2.400777665295209,48.855964029067209]],[[2.401305514327804,48.855928898615844],[2.401341257849503,48.855902097025925],[2.401374368667798,48.855867188128236],[2.40139523466985,48.855830419271314]],[[2.400777665295209,48.855964029067209],[2.400823815350941,48.855980448414428],[2.400880888759694,48.855995123740627],[2.400925758762772,48.856004341860668],[2.400977484291222,48.856009996893711],[2.401025173028481,48.856011134961527],[2.401072903116679,48.856008675828257],[2.401116586054301,48.856002599031704],[2.401157584663956,48.855992911396527],[2.401199977093458,48.855980532680356],[2.401238312016901,48.85596543560434],[2.401275315090059,48.855947633810153],[2.401305514327804,48.855928898615844]]]}},
{"type":"Feature","properties":{"ID":"VOIE_NOM0000002338742166","ID_BAN":"75120_4118","name":"Rue Georges Perec","INSEE_COM":"75120","NOM_COM":"Paris 20e Arrondissement","SRC_BAN":"commune","NOM_COLL":"R GEORGES PEREC","TYPE_VOIE":"rue","MOT_DIR":"Perec","LD_BAN":null,"ID_SUPP":"TRONROUT0000000000187870/TRONROUT0000000255863754/TRONROUT0000000255863755","INSEEDBAN":null,"COMDEL_BAN":null,"DATE_CREAT":"2023-12-08T13:42:59","DATE_MAJ":"2024-03-12T16:10:18","NOM_NORMA":"R GEORGES PEREC","ID_BAN_ODO":null,"Nom_a_verifier":false,"other_tags":"\"wikipedia\"=>\"fr:Rue_Georges-Perec\""},"geometry":{"type":"MultiLineString","coordinates":[[[2.407635147836633,48.866332517381736],[2.407482963897924,48.866409107168558],[2.407327930524769,48.866496474707304]],[[2.407838134023506,48.866223802579462],[2.407702359034434,48.866295977142613]],[[2.407702359034434,48.866295977142613],[2.407635147836633,48.866332517381736]]]}},
{"type":"Feature","properties":{"ID":"VOIE_NOM0000002338742182","ID_BAN":"75120_6841","name":"Square du Nouveau Belleville","INSEE_COM":"75120","NOM_COM":"Paris 20e Arrondissement","SRC_BAN":"commune","NOM_COLL":"SQ DU NOUVEAU BELLEVILLE","TYPE_VOIE":"square","MOT_DIR":"Belleville","LD_BAN":null,"ID_SUPP":"TRONROUT0000000256426094/TRONROUT0000000256426095/TRONROUT0000000256812298/TRONROUT0000000256812299/TRONROUT0000000256812300/TRONROUT0000002341410448","INSEEDBAN":null,"COMDEL_BAN":null,"DATE_CREAT":"2023-12-08T13:42:59","DATE_MAJ":"2024-04-09T23:12:41","NOM_NORMA":"SQ DU NOUVEAU BELLEVILLE","ID_BAN_ODO":null,"Nom_a_verifier":false,"other_tags":"nan"},"geometry":{"type":"MultiLineString","coordinates":[[[2.382184451133192,48.868641956791926],[2.382147677847942,48.868639068955673],[2.382113502879557,48.868646986585503],[2.381659710793291,48.868977398363022],[2.38162389479696,48.869008690173267],[2.381611359388862,48.869031108869727],[2.381615139299749,48.869057209211597],[2.381631123693275,48.86908876863582],[2.381655361858219,48.869114075328959],[2.381691815219469,48.86914394181008],[2.381743306214666,48.869170288602092],[2.38182478707144,48.869196790263494],[2.381913243939466,48.869209837819199],[2.381948697120995,48.86920912155454],[2.381984214317782,48.86920300958063],[2.382014321488867,48.869193272310852],[2.38203906130468,48.869176312616531],[2.382300072547776,48.868778353672496],[2.38229912527555,48.868743274580396],[2.382283172575665,48.868709017384866],[2.382246815162294,48.868671057519876],[2.382184451133192,48.868641956791926]],[[2.382386776004709,48.868479321327783],[2.382433091272262,48.868482258325599],[2.382477947444105,48.868493281826311],[2.382599959889766,48.868550569604118],[2.382868703573075,48.868649983471087]],[[2.382184451133192,48.868641956791926],[2.382252483006025,48.868537984647979],[2.382288287637146,48.868507591920014],[2.382334901493181,48.86848534901133],[2.382378597077935,48.868479279123591],[2.382386776004709,48.868479321327783]],[[2.38331293157921,48.868090186366693],[2.383150099684289,48.868026393550629],[2.383079418617876,48.868008941814679],[2.383015414840565,48.868003215865649],[2.382948354566586,48.868025353636909],[2.382878333567776,48.868067261564484],[2.382801219701027,48.868132515689474],[2.382785948063072,48.868155819752189],[2.382781549618555,48.868181877900952],[2.382775798677725,48.868207029735402],[2.382786394852622,48.868233165207336],[2.382806554389453,48.868257551314606],[2.38284848171788,48.868285647015377],[2.382886436830688,48.868303829492653],[2.382942102272825,48.86832300260243],[2.38298562722022,48.868331321035036],[2.383034711295689,48.868330674719047],[2.383082517421144,48.868322827085329],[2.383119482227643,48.868309527524119],[2.383160834633038,48.868271069075469],[2.383224668156049,48.8681760681092],[2.383263400557261,48.868128602730458],[2.38331293157921,48.868090186366693]],[[2.382868703573075,48.868649983471087],[2.383051004753036,48.868681500794622],[2.383097330887844,48.868683538251219],[2.38314781040123,48.868680201063974],[2.383191516703127,48.868673231596865],[2.383236639390995,48.868661772719676],[2.38328873755537,48.868636859688628],[2.383321804687862,48.868607351890496],[2.383362006932483,48.868550900683942],[2.383462080713281,48.868388635913028],[2.383545349121359,48.868264056716242],[2.383548458537618,48.868231696532206],[2.38353789390772,48.868202863275457],[2.383517765977753,48.868175779437863],[2.38349477341678,48.868160372247011],[2.38331293157921,48.868090186366693]],[[2.382720467394552,48.869080002175259],[2.382673257336981,48.869037489793968],[2.382670669546087,48.86902578504921],[2.382668124386459,48.869010483170904],[2.382669722019798,48.868990705967903],[2.382671170447427,48.868983518731724],[2.382750661230562,48.868832839841623],[2.382838181349524,48.868694793022222],[2.382868703573075,48.868649983471087]]]}},
{"type":"Feature","properties":{"ID":"VOIE_NOM0000002338742212","ID_BAN":"75120_9009","name":"Rue Soleillet","INSEE_COM":"75120","NOM_COM":"Paris 20e Arrondissement","SRC_BAN":"commune","NOM_COLL":"R SOLEILLET","TYPE_VOIE":"rue","MOT_DIR":"Soleillet","LD_BAN":null,"ID_SUPP":"TRONROUT0000000000187924/TRONROUT0000000000187949","INSEEDBAN":null,"COMDEL_BAN":null,"DATE_CREAT":"2023-12-08T13:42:59","DATE_MAJ":"2024-03-12T16:10:18","NOM_NORMA":"R SOLEILLET","ID_BAN_ODO":null,"Nom_a_verifier":false,"other_tags":"\"wikipedia\"=>\"fr:Rue_Soleillet\""},"geometry":{"type":"MultiLineString","coordinates":[[[2.391436464590321,48.86610105856299],[2.391835969937564,48.865859368134359],[2.391974722855198,48.865767441083321],[2.39205715861967,48.865712100760121],[2.392105107897875,48.865691659488064],[2.392157125399255,48.865673037538457],[2.392273228693367,48.865652942315457],[2.392750779081773,48.865614895943644],[2.393041262010128,48.865603778674839]],[[2.390998389243492,48.866376726282695],[2.391035319110366,48.86636612211219],[2.391069564809899,48.866351906915],[2.391436464590321,48.86610105856299]]]}},
{"type":"Feature","properties":{"ID":"VOIE_NOM0000002338742242","ID_BAN":"75120_4712","name":"Villa Industrielle","INSEE_COM":"75120","NOM_COM":"Paris 20e Arrondissement","SRC_BAN":"commune","NOM_COLL":"VLA INDUSTRIELLE","TYPE_VOIE":"villa","MOT_DIR":"Industrielle","LD_BAN":null,"ID_SUPP":"TRONROUT0000000000186142","INSEEDBAN":null,"COMDEL_BAN":null,"DATE_CREAT":"2023-12-08T13:42:59","DATE_MAJ":"2024-04-09T23:12:41","NOM_NORMA":"VLA INDUSTRIELLE","ID_BAN_ODO":null,"Nom_a_verifier":false,"other_tags":"nan"},"geometry":{"type":"MultiLineString","coordinates":[[[2.396977625114719,48.869057350678389],[2.397086033503707,48.869113655695877],[2.397523758940133,48.869338895340029]]]}},
{"type":"Feature","properties":{"ID":"VOIE_NOM0000002338742255","ID_BAN":"75120_6143","name":"Place Martin Nadaud","INSEE_COM":"75120","NOM_COM":"Paris 20e Arrondissement","SRC_BAN":"commune","NOM_COLL":"PL MARTIN NADAUD","TYPE_VOIE":"place","MOT_DIR":"Nadaud","LD_BAN":null,"ID_SUPP":"TRONROUT0000000000188907/TRONROUT0000000000188908/TRONROUT0000000000188909/TRONROUT0000000000188925","INSEEDBAN":null,"COMDEL_BAN":null,"DATE_CREAT":"2023-12-08T13:42:59","DATE_MAJ":"2024-03-12T16:10:18","NOM_NORMA":"PL MARTIN NADAUD","ID_BAN_ODO":null,"Nom_a_verifier":false,"other_tags":"nan"},"geometry":{"type":"MultiLineString","coordinates":[[[2.394273297339437,48.864922924403139],[2.394375000370297,48.864851491841264],[2.394457662104896,48.86477636548706],[2.394527048394539,48.864670594325112]],[[2.394043131204232,48.865022485428149],[2.394173323127967,48.864962888706437],[2.394273297339437,48.864922924403139]],[[2.394273297339437,48.864922924403139],[2.394315284276642,48.865063434023121]],[[2.394315284276642,48.865063434023121],[2.394978319600526,48.865016424584873],[2.395223911521917,48.864996981025079],[2.395549976242628,48.864973446710842]]]}},
{"type":"Feature","properties":{"ID":"VOIE_NOM0000002338742258","ID_BAN":"75120_2272","name":"Impasse de la Confiance","INSEE_COM":"75120","NOM_COM":"Paris 20e Arrondissement","SRC_BAN":"commune","NOM_COLL":"IMP DE LA CONFIANCE","TYPE_VOIE":"impasse","MOT_DIR":"Confiance","LD_BAN":null,"ID_SUPP":"TRONROUT0000000000194192","INSEEDBAN":null,"COMDEL_BAN":null,"DATE_CREAT":"2023-12-08T13:42:59","DATE_MAJ":"2024-04-09T23:12:41","NOM_NORMA":"IMP DE LA CONFIANCE","ID_BAN_ODO":null,"Nom_a_verifier":false,"other_tags":"nan"},"geometry":{"type":"MultiLineString","coordinates":[[[2.399857209736636,48.85316693900333],[2.39951720964794,48.853696748735921],[2.399483902045112,48.853748743834906]]]}},
{"type":"Feature","properties":{"ID":"VOIE_NOM0000002338742264","ID_BAN":"75120_2446","name":"Rue Cristino Garcia","INSEE_COM":"75120","NOM_COM":"Paris 20e Arrondissement","SRC_BAN":"commune","NOM_COLL":"R CRISTINO GARCIA","TYPE_VOIE":"rue","MOT_DIR":"Garcia","LD_BAN":null,"ID_SUPP":"TRONROUT0000000000195854/TRONROUT0000000317493305/TRONROUT0000000317493308/TRONROUT0000000317493309/TRONROUT0000000317493310/TRONROUT0000000356869232/TRONROUT0000000356869233","INSEEDBAN":null,"COMDEL_BAN":null,"DATE_CREAT":"2023-12-08T13:42:59","DATE_MAJ":"2024-03-12T16:10:18","NOM_NORMA":"R CRISTINO GARCIA","ID_BAN_ODO":null,"Nom_a_verifier":false,"other_tags":"\"wikipedia\"=>\"fr:Rue_Cristino-Garcia\""},"geometry":{"type":"MultiLineString","coordinates":[[[2.413488368125047,48.849163173839557],[2.413476910199812,48.849212582014793]],[[2.414493469393917,48.849337174841921],[2.414483032935933,48.849295753598653]],[[2.412947612913362,48.849987925094609],[2.412871171405014,48.849999241569684]],[[2.413476910199812,48.849212582014793],[2.413430845460812,48.84943089862648],[2.41337058674726,48.849699509260617],[2.413317333153527,48.849951066481388]],[[2.414501467960258,48.849838152657505],[2.414586044491754,48.849830472350497],[2.414551404399808,48.849638741055202],[2.414516744354939,48.849448808320794],[2.414493469393917,48.849337174841921]],[[2.413317333153527,48.849951066481388],[2.413861677316524,48.849897075302614],[2.41429823792883,48.849854245631839],[2.414501467960258,48.849838152657505]],[[2.413317333153527,48.849951066481388],[2.412947612913362,48.849987925094609]]]}},
{"type":"Feature","properties":{"ID":"VOIE_NOM0000002338742265","ID_BAN":"75120_5669","name":"Rue du Lieutenant Chauré","INSEE_COM":"75120","NOM_COM":"Paris 20e Arrondissement","SRC_BAN":"commune","NOM_COLL":"R DU LIEUTENANT CHAURE","TYPE_VOIE":"rue","MOT_DIR":"Chauré","LD_BAN":null,"ID_SUPP":"TRONROUT0000000000186972/TRONROUT0000000000186981","INSEEDBAN":null,"COMDEL_BAN":null,"DATE_CREAT":"2023-12-08T13:42:59","DATE_MAJ":"2024-03-12T16:10:18","NOM_NORMA":"R DU LIEUTENANT CHAURE","ID_BAN_ODO":null,"Nom_a_verifier":false,"other_tags":"\"wikipedia\"=>\"fr:Rue_du_Lieutenant-Chaur%C3%A9\""},"geometry":{"type":"MultiLineString","coordinates":[[[2.407801650887486,48.867394560028735],[2.40739249723373,48.867411420988702],[2.406361274308928,48.867467465646342]],[[2.406361274308928,48.867467465646342],[2.405709143644482,48.867512793613983]]]}},
{"type":"Feature","properties":{"ID":"VOIE_NOM0000002338742275","ID_BAN":"75120_8789","name":"Square de la Salamandre","INSEE_COM":"75120","NOM_COM":"Paris 20e Arrondissement","SRC_BAN":"commune","NOM_COLL":"SQ DE LA SALAMANDRE","TYPE_VOIE":"square","MOT_DIR":"Salamandre","LD_BAN":null,"ID_SUPP":"TRONROUT0000000000191723/TRONROUT0000000000191725/TRONROUT0000000000191727/TRONROUT0000000000191728/TRONROUT0000000000192665/TRONROUT0000000000192667/TRONROUT0000000000192669","INSEEDBAN":null,"COMDEL_BAN":null,"DATE_CREAT":"2023-12-08T13:42:59","DATE_MAJ":"2024-03-12T16:10:18","NOM_NORMA":"SQ DE LA SALAMANDRE","ID_BAN_ODO":null,"Nom_a_verifier":false,"other_tags":"nan"},"geometry":{"type":"MultiLineString","coordinates":[[[2.406052558198584,48.857599258093103],[2.405896247291217,48.857681221939771],[2.405830562647068,48.857704278797605],[2.405750101699313,48.857708375986995]],[[2.406398329804395,48.85847333860378],[2.406243113556033,48.858339465519713],[2.406242375819201,48.858284601817815]],[[2.406648157312558,48.858078865829832],[2.406574848286821,48.85805332064821],[2.406391166014461,48.857905816355334],[2.406190802281351,48.857787008031416],[2.406052558198584,48.857599258093103]],[[2.405750101699313,48.857708375986995],[2.405739689723736,48.857784768643825],[2.405670889311081,48.857841985064468],[2.405643313706745,48.857869727810588],[2.40566080546165,48.857889600285318],[2.405756687897291,48.857967420159277],[2.405904913035315,48.858116548090187]],[[2.406840397069196,48.858193136352533],[2.406648157312558,48.858078865829832]],[[2.406242375819201,48.858284601817815],[2.406648157312558,48.858078865829832]],[[2.405904913035315,48.858116548090187],[2.406012047942782,48.858163845870969],[2.406242375819201,48.858284601817815]]]}},
{"type":"Feature","properties":{"ID":"VOIE_NOM0000002338742284","ID_BAN":"75120_4344","name":"Impasse Gros","INSEE_COM":"75120","NOM_COM":"Paris 20e Arrondissement","SRC_BAN":"commune","NOM_COLL":"IMP GROS","TYPE_VOIE":"impasse","MOT_DIR":"Gros","LD_BAN":null,"ID_SUPP":"TRONROUT0000000000193440","INSEEDBAN":null,"COMDEL_BAN":null,"DATE_CREAT":"2023-12-08T13:42:59","DATE_MAJ":"2024-03-12T16:10:18","NOM_NORMA":"IMP GROS","ID_BAN_ODO":null,"Nom_a_verifier":false,"other_tags":"nan"},"geometry":{"type":"MultiLineString","coordinates":[[[2.404048338850783,48.855871541854754],[2.403909058173622,48.855775517307769]]]}},
{"type":"Feature","properties":{"ID":"VOIE_NOM0000002338742295","ID_BAN":"75120_3449","name":"Rue d'Eupatoria","INSEE_COM":"75120","NOM_COM":"Paris 20e Arrondissement","SRC_BAN":"commune","NOM_COLL":"R D'EUPATORIA","TYPE_VOIE":"rue","MOT_DIR":"Eupatoria","LD_BAN":null,"ID_SUPP":"TRONROUT0000000000186203/TRONROUT0000000000186205/TRONROUT0000000000187067/TRONROUT0000000000187075","INSEEDBAN":null,"COMDEL_BAN":null,"DATE_CREAT":"2023-12-08T13:42:59","DATE_MAJ":"2024-04-09T23:12:41","NOM_NORMA":"R D'EUPATORIA","ID_BAN_ODO":null,"Nom_a_verifier":false,"other_tags":"\"wikipedia\"=>\"fr:Rue_d%27Eupatoria\""},"geometry":{"type":"MultiLineString","coordinates":[[[2.38781790262372,48.868944301449936],[2.38786953390025,48.86895895492129],[2.388126401492014,48.869025919985852],[2.388174006801317,48.869035156716045],[2.388206722876302,48.869035323945319],[2.388221728305729,48.869034501305258]],[[2.386233768897493,48.868484720873191],[2.386251066091569,48.868520783107208],[2.386298342169244,48.868557898392964],[2.387268833220954,48.868801195159605]],[[2.387268833220954,48.868801195159605],[2.38768334018117,48.868910337630318],[2.38781790262372,48.868944301449936]],[[2.38748535920032,48.86951637760145],[2.38752014720655,48.869456300007357],[2.387785905055713,48.868998997400567],[2.38781790262372,48.868944301449936]]]}},
{"type":"Feature","properties":{"ID":"VOIE_NOM0000002338742297","ID_BAN":"75120_2696","name":"Rue Dénoyez","INSEE_COM":"75120","NOM_COM":"Paris 20e Arrondissement","SRC_BAN":"commune","NOM_COLL":"R DENOYEZ","TYPE_VOIE":"rue","MOT_DIR":"Dénoyez","LD_BAN":null,"ID_SUPP":"TRONROUT0000000000185428/TRONROUT0000000000185433","INSEEDBAN":null,"COMDEL_BAN":null,"DATE_CREAT":"2023-12-08T13:42:59","DATE_MAJ":"2024-03-12T16:10:18","NOM_NORMA":"R DENOYEZ","ID_BAN_ODO":null,"Nom_a_verifier":false,"other_tags":"\"wikipedia\"=>\"fr:Rue_D%C3%A9noyez\""},"geometry":{"type":"MultiLineString","coordinates":[[[2.378533263804735,48.871648426818282],[2.378722793601992,48.871303166082718],[2.378912449559901,48.870947113561996]],[[2.378097358355699,48.872417793340809],[2.378246318405872,48.872159558391495],[2.378533263804735,48.871648426818282]]]}},
{"type":"Feature","properties":{"ID":"VOIE_NOM0000002338742330","ID_BAN":"75120_1598","name":"Villa Castel","INSEE_COM":"75120","NOM_COM":"Paris 20e Arrondissement","SRC_BAN":"commune","NOM_COLL":"VLA CASTEL","TYPE_VOIE":"villa","MOT_DIR":"Castel","LD_BAN":null,"ID_SUPP":"TRONROUT0000000356775253","INSEEDBAN":null,"COMDEL_BAN":null,"DATE_CREAT":"2023-12-08T13:42:59","DATE_MAJ":"2024-04-09T23:12:41","NOM_NORMA":"VLA CASTEL","ID_BAN_ODO":null,"Nom_a_verifier":false,"other_tags":"nan"},"geometry":{"type":"MultiLineString","coordinates":[[[2.387700237168152,48.871648005396835],[2.387762185379862,48.871597060131172],[2.388213710422317,48.871226144375804]]]}},
{"type":"Feature","properties":{"ID":"VOIE_NOM0000002338742338","ID_BAN":"75120_1240","name":"Rue Boyer","INSEE_COM":"75120","NOM_COM":"Paris 20e Arrondissement","SRC_BAN":"commune","NOM_COLL":"R BOYER","TYPE_VOIE":"rue","MOT_DIR":"Boyer","LD_BAN":null,"ID_SUPP":"TRONROUT0000000000187043/TRONROUT0000000000187926/TRONROUT0000000230209276/TRONROUT0000000255748790","INSEEDBAN":null,"COMDEL_BAN":null,"DATE_CREAT":"2023-12-08T13:42:59","DATE_MAJ":"2024-03-12T16:10:18","NOM_NORMA":"R BOYER","ID_BAN_ODO":null,"Nom_a_verifier":false,"other_tags":"\"wikipedia\"=>\"fr:Rue_Boyer\""},"geometry":{"type":"MultiLineString","coordinates":[[[2.392570221796542,48.867655480071861],[2.392799897509517,48.867131431653412],[2.392910791015692,48.866856796439507],[2.392922513368077,48.866786707441712],[2.392923309850882,48.866718361699071]],[[2.391905945542631,48.869207062323845],[2.392278485646122,48.868357281668843]],[[2.392477811254335,48.867864556907598],[2.392570221796542,48.867655480071861]],[[2.392278485646122,48.868357281668843],[2.392477811254335,48.867864556907598]]]}},
{"type":"Feature","properties":{"ID":"VOIE_NOM0000002338742343","ID_BAN":"75120_8172","name":"Rue du Retrait","INSEE_COM":"75120","NOM_COM":"Paris 20e Arrondissement","SRC_BAN":"commune","NOM_COLL":"R DU RETRAIT","TYPE_VOIE":"rue","MOT_DIR":"Retrait","LD_BAN":null,"ID_SUPP":"TRONROUT0000000000186171/TRONROUT0000000000187031/TRONROUT0000000000187037/TRONROUT0000000000187041/TRONROUT0000000255748794","INSEEDBAN":null,"COMDEL_BAN":null,"DATE_CREAT":"2023-12-08T13:42:59","DATE_MAJ":"2024-03-12T16:10:18","NOM_NORMA":"R DU RETRAIT","ID_BAN_ODO":null,"Nom_a_verifier":false,"other_tags":"\"wikipedia\"=>\"fr:Rue_du_Retrait\""},"geometry":{"type":"MultiLineString","coordinates":[[[2.395639451293204,48.867953409474865],[2.396007098717626,48.86775471291908],[2.396064371337442,48.867753203246906],[2.396126971403857,48.867762512484063],[2.396215325183108,48.867784542342257]],[[2.394544185984148,48.868473986707038],[2.394652690445961,48.868404387185656],[2.394810487505305,48.868316150717121],[2.395007533370302,48.868252394553885],[2.395155317452519,48.868204577216162],[2.395344444552232,48.868118297031103],[2.395639451293204,48.867953409474865]],[[2.393157783857241,48.869526385013955],[2.393434349291624,48.869307449302426],[2.393633883870906,48.869147478962326],[2.393704065140583,48.869091176236019]],[[2.393968326084483,48.868874874911327],[2.394125170492121,48.868751560384709],[2.394281993243276,48.868630044208196],[2.394544185984148,48.868473986707038]],[[2.393704065140583,48.869091176236019],[2.393968326084483,48.868874874911327]]]}},
{"type":"Feature","properties":{"ID":"VOIE_NOM0000002338742379","ID_BAN":"75120_4220","name":"Villa Godin","INSEE_COM":"75120","NOM_COM":"Paris 20e Arrondissement","SRC_BAN":"commune","NOM_COLL":"VLA GODIN","TYPE_VOIE":"villa","MOT_DIR":"Godin","LD_BAN":null,"ID_SUPP":"TRONROUT0000000000191766","INSEEDBAN":null,"COMDEL_BAN":null,"DATE_CREAT":"2023-12-08T13:42:59","DATE_MAJ":"2024-03-12T16:10:18","NOM_NORMA":"VLA GODIN","ID_BAN_ODO":null,"Nom_a_verifier":false,"other_tags":"nan"},"geometry":{"type":"MultiLineString","coordinates":[[[2.400115282920735,48.859634538177232],[2.400632349350321,48.859118207222892],[2.40084738358562,48.858908837353368],[2.401072008089066,48.85869501834037],[2.401120226469381,48.858650292406509],[2.401154650399515,48.858619886943735]]]}},
{"type":"Feature","properties":{"ID":"VOIE_NOM0000002338742386","ID_BAN":"75120_7470","name":"Rue Pierre Quillard","INSEE_COM":"75120","NOM_COM":"Paris 20e Arrondissement","SRC_BAN":"commune","NOM_COLL":"R PIERRE QUILLARD","TYPE_VOIE":"rue","MOT_DIR":"Quillard","LD_BAN":null,"ID_SUPP":"TRONROUT0000000000187850","INSEEDBAN":null,"COMDEL_BAN":null,"DATE_CREAT":"2023-12-08T13:42:59","DATE_MAJ":"2024-03-12T16:10:18","NOM_NORMA":"R PIERRE QUILLARD","ID_BAN_ODO":null,"Nom_a_verifier":false,"other_tags":"\"wikipedia\"=>\"fr:Rue_Pierre-Quillard\""},"geometry":{"type":"MultiLineString","coordinates":[[[2.410048580732553,48.867121465785502],[2.410106202876794,48.866727839918617],[2.410155888568997,48.866433101961746]]]}},
{"type":"Feature","properties":{"ID":"VOIE_NOM0000002338742426","ID_BAN":"75120_7904","name":"Rue des Pyrénées","INSEE_COM":"75120","NOM_COM":"Paris 20e Arrondissement","SRC_BAN":"commune","NOM_COLL":"R DES PYRENEES","TYPE_VOIE":"rue","MOT_DIR":"Pyrénées","LD_BAN":null,"ID_SUPP":"TRONROUT0000000000184513/TRONROUT0000000000184525/TRONROUT0000000000184528/TRONROUT0000000000184536/TRONROUT0000000000185292/TRONROUT0000000000185294/TRONROUT0000000000185295/TRONROUT0000000000185300/TRONROUT0000000000185301/TRONROUT0000000000185310/TRON","INSEEDBAN":null,"COMDEL_BAN":null,"DATE_CREAT":"2023-12-08T13:42:59","DATE_MAJ":"2024-03-12T16:10:18","NOM_NORMA":"R DES PYRENEES","ID_BAN_ODO":null,"Nom_a_verifier":false,"other_tags":"\"wikipedia\"=>\"fr:Rue_des_Pyr%C3%A9n%C3%A9es\""},"geometry":{"type":"MultiLineString","coordinates":[[[2.406310161351325,48.84755120422345],[2.40634457500478,48.847640410995218],[2.406366254007728,48.847770924823116]],[[2.406011697111135,48.847793447604523],[2.406101863626954,48.848251666042891]],[[2.406366254007728,48.847770924823116],[2.406441485909796,48.848224572131421]],[[2.406426808921355,48.850230954243649],[2.406503669416007,48.849465087820576]],[[2.406402014759188,48.850493441833805],[2.406426808921355,48.850230954243649]],[[2.406441485909796,48.848224572131421],[2.406455614422257,48.848300187880241],[2.406478769277633,48.848420816047259],[2.406543767628929,48.848815954333219],[2.406549147065693,48.848941890372807]],[[2.406503669416007,48.849465087820576],[2.406549147065693,48.848941890372807]],[[2.406154819583076,48.852453698595653],[2.406126037250999,48.85270717232769]],[[2.405868481635734,48.853542288454776],[2.406126037250999,48.85270717232769]],[[2.405299331529529,48.85540740712478],[2.405235992843822,48.855583364390768],[2.405167294829991,48.855751200832351],[2.40508487567329,48.855927063117697],[2.40499298801156,48.856096582812107],[2.404936002618024,48.856193428897598]],[[2.404883084985307,48.856292093872362],[2.404936002618024,48.856193428897598]],[[2.405736544411407,48.853997603036284],[2.405868481635734,48.853542288454776]],[[2.405736544411407,48.853997603036284],[2.405514410811422,48.854713280140544],[2.405299331529529,48.85540740712478]],[[2.406402014759188,48.850493441833805],[2.406284300667074,48.851495633979866]],[[2.406154819583076,48.852453698595653],[2.406284300667074,48.851495633979866]],[[2.403377967682036,48.858117466276823],[2.403901338095206,48.857641622715448]],[[2.401033815276271,48.860120288215974],[2.400790297448531,48.860435638155657],[2.400654390656219,48.860638209234125],[2.400525225158789,48.860847109299549],[2.400443134140366,48.860992391671914],[2.40037034535925,48.86115840547339],[2.400226560591443,48.861571382717358],[2.400199815067936,48.861644994781948]],[[2.400199815067936,48.861644994781948],[2.400173490246501,48.861800449127486],[2.400124311658224,48.86204662248317],[2.400014665875664,48.862572188038477],[2.399907638640682,48.862870232935727],[2.399772017890336,48.863165436235256],[2.39970514232528,48.86329100862401]],[[2.402125843095179,48.859148161795744],[2.402658229151058,48.858720034329146],[2.403377967682036,48.858117466276823]],[[2.402125843095179,48.859148161795744],[2.401425477133603,48.859722939131707],[2.401320768244315,48.859820443859569],[2.401213333097173,48.859917934848028],[2.401033815276271,48.860120288215974]],[[2.40412793484174,48.857372947539012],[2.404273040894258,48.857198297553708],[2.404520713853707,48.856873967002329],[2.404541485541014,48.85684529128639],[2.404883084985307,48.856292093872362]],[[2.404739383306812,48.856940707242011],[2.404303981138462,48.85735313908382],[2.404271025573033,48.857374559325251],[2.404226009835317,48.857377932596478],[2.40412793484174,48.857372947539012]],[[2.403901338095206,48.857641622715448],[2.404085099698621,48.857423996946459],[2.40412793484174,48.857372947539012]],[[2.39866017969479,48.864661754361848],[2.398732148476165,48.864567685197301],[2.399137290410838,48.864069686488563]],[[2.398594558771599,48.864796325690833],[2.398622567427109,48.864731713925792],[2.39866017969479,48.864661754361848]],[[2.397759356450235,48.865822769493938],[2.398005550436077,48.865515534555421]],[[2.397107548950103,48.866665766159201],[2.397576725095879,48.866055678640464],[2.397759356450235,48.865822769493938]],[[2.398291976895819,48.865147346192309],[2.39838223808324,48.865003905527729]],[[2.398005550436077,48.865515534555421],[2.398291976895819,48.865147346192309]],[[2.396029849492635,48.868026427815771],[2.396215325183108,48.867784542342257]],[[2.394795421452099,48.869612918898426],[2.395908005178117,48.868188593067586],[2.396029849492635,48.868026427815771]],[[2.393317819102514,48.870885194247592],[2.394298609612048,48.870132021064535],[2.394441636881568,48.870024824383464]],[[2.393115697135991,48.871032560029079],[2.393317819102514,48.870885194247592]],[[2.394527022665661,48.869950611409678],[2.394795421452099,48.869612918898426]],[[2.394441636881568,48.870024824383464],[2.394527022665661,48.869950611409678]],[[2.396395315363083,48.867545326887985],[2.397107548950103,48.866665766159201]],[[2.396215325183108,48.867784542342257],[2.396395315363083,48.867545326887985]],[[2.39227809768801,48.87166234189371],[2.39248993493028,48.87150063752842]],[[2.391870883220189,48.871976839723708],[2.39227809768801,48.87166234189371]],[[2.385388318041417,48.873935756364006],[2.385697988139688,48.873920258598552],[2.387530081102718,48.873828921208705],[2.388028032537127,48.873801789949752]],[[2.389553281615566,48.873716946528035],[2.389375884910971,48.873730431074918],[2.38831589890794,48.873785274612899]],[[2.38831589890794,48.873785274612899],[2.388028032537127,48.873801789949752]],[[2.391870883220189,48.871976839723708],[2.390793973630033,48.87278256369946],[2.390026561617378,48.873351531564523]],[[2.389553281615566,48.873716946528035],[2.389725199921275,48.873589218381341],[2.390026561617378,48.873351531564523]],[[2.393005664729182,48.871115640316845],[2.393115697135991,48.871032560029079]],[[2.39248993493028,48.87150063752842],[2.393005664729182,48.871115640316845]],[[2.399588565340962,48.863471191450209],[2.399641230844541,48.86339591098023],[2.39970514232528,48.86329100862401]],[[2.399137290410838,48.864069686488563],[2.399540030228886,48.863542895250859],[2.399588565340962,48.863471191450209]]]}},
{"type":"Feature","properties":{"ID":"VOIE_NOM0000002338742433","ID_BAN":"75120_5970","name":"Rue Malte Brun","INSEE_COM":"75120","NOM_COM":"Paris 20e Arrondissement","SRC_BAN":"commune","NOM_COLL":"R MALTE-BRUN","TYPE_VOIE":"rue","MOT_DIR":"Brun","LD_BAN":null,"ID_SUPP":"TRONROUT0000000000188880/TRONROUT0000000000188882","INSEEDBAN":null,"COMDEL_BAN":null,"DATE_CREAT":"2023-12-08T13:42:59","DATE_MAJ":"2024-03-12T16:10:18","NOM_NORMA":"R MALTE BRUN","ID_BAN_ODO":null,"Nom_a_verifier":false,"other_tags":"\"wikipedia\"=>\"fr:Rue_Malte-Brun\""},"geometry":{"type":"MultiLineString","coordinates":[[[2.398872151100207,48.864011696565584],[2.398061804515719,48.864422219755028]],[[2.398061804515719,48.864422219755028],[2.397588775611048,48.864659963660507],[2.397241830897176,48.864838984268253],[2.397266314023993,48.864961417861274]]]}},
{"type":"Feature","properties":{"ID":"VOIE_NOM0000002338742439","ID_BAN":"75120_2959","name":"Passage de la Duée","INSEE_COM":"75120","NOM_COM":"Paris 20e Arrondissement","SRC_BAN":"commune","NOM_COLL":"PAS DE LA DUEE","TYPE_VOIE":"passage","MOT_DIR":"Duée","LD_BAN":null,"ID_SUPP":"TRONROUT0000000000185282/TRONROUT0000000000185283/TRONROUT0000000000185284","INSEEDBAN":null,"COMDEL_BAN":null,"DATE_CREAT":"2023-12-08T13:42:59","DATE_MAJ":"2024-03-12T16:10:18","NOM_NORMA":"PAS DE LA DUEE","ID_BAN_ODO":null,"Nom_a_verifier":false,"other_tags":"nan"},"geometry":{"type":"MultiLineString","coordinates":[[[2.395697137256424,48.871559141005406],[2.395766912701412,48.871537909208079],[2.395951515679826,48.871372463933568]],[[2.396071388910565,48.87126334990667],[2.39630577477403,48.871037000412649]],[[2.395951515679826,48.871372463933568],[2.396071388910565,48.87126334990667]]]}},
{"type":"Feature","properties":{"ID":"VOIE_NOM0000002338742447","ID_BAN":"75120_4597","name":"Rue Henri Tomasi","INSEE_COM":"75120","NOM_COM":"Paris 20e Arrondissement","SRC_BAN":"commune","NOM_COLL":"R HENRI TOMASI","TYPE_VOIE":"rue","MOT_DIR":"Tomasi","LD_BAN":null,"ID_SUPP":"TRONROUT0000000000195018/TRONROUT0000000000195019/TRONROUT0000002215638414","INSEEDBAN":null,"COMDEL_BAN":null,"DATE_CREAT":"2023-12-08T13:42:59","DATE_MAJ":"2024-04-09T23:12:41","NOM_NORMA":"R HENRI TOMASI","ID_BAN_ODO":null,"Nom_a_verifier":false,"other_tags":"\"wikipedia\"=>\"fr:Rue_Henri-Tomasi\""},"geometry":{"type":"MultiLineString","coordinates":[[[2.410822585065374,48.851237470094105],[2.410849818873952,48.851239402896255],[2.410898835667803,48.851243241644561]],[[2.409927971498186,48.85165395738133],[2.410399534553386,48.851409860108589]],[[2.410399534553386,48.851409860108589],[2.410591443281137,48.851310977754892],[2.410742185342401,48.85123707416286],[2.410822585065374,48.851237470094105]]]}},
{"type":"Feature","properties":{"ID":"VOIE_NOM0000002338742456","ID_BAN":"75120_0077","name":"Cité Adrienne","INSEE_COM":"75120","NOM_COM":"Paris 20e Arrondissement","SRC_BAN":"commune","NOM_COLL":"CITE ADRIENNE","TYPE_VOIE":"cité","MOT_DIR":"Adrienne","LD_BAN":null,"ID_SUPP":"TRONROUT0000000000191775","INSEEDBAN":null,"COMDEL_BAN":null,"DATE_CREAT":"2023-12-08T13:42:59","DATE_MAJ":"2024-04-09T23:12:41","NOM_NORMA":"CITE ADRIENNE","ID_BAN_ODO":null,"Nom_a_verifier":false,"other_tags":"nan"},"geometry":{"type":"MultiLineString","coordinates":[[[2.401267047611575,48.858683403512607],[2.401311094446168,48.858645851391394],[2.4014556349444,48.858521565459853],[2.4016510768778,48.8583561639851]]]}},
{"type":"Feature","properties":{"ID":"VOIE_NOM0000002338742457","ID_BAN":"75120_1994","name":"Impasse des Chevaliers","INSEE_COM":"75120","NOM_COM":"Paris 20e Arrondissement","SRC_BAN":"commune","NOM_COLL":"IMP DES CHEVALIERS","TYPE_VOIE":"impasse","MOT_DIR":"Chevaliers","LD_BAN":null,"ID_SUPP":"TRONROUT0000000000185272","INSEEDBAN":null,"COMDEL_BAN":null,"DATE_CREAT":"2023-12-08T13:42:59","DATE_MAJ":"2024-03-12T16:10:18","NOM_NORMA":"IMP DES CHEVALIERS","ID_BAN_ODO":null,"Nom_a_verifier":false,"other_tags":"nan"},"geometry":{"type":"MultiLineString","coordinates":[[[2.396163946928206,48.872569650940015],[2.396518361949455,48.8719859715642]]]}},
{"type":"Feature","properties":{"ID":"VOIE_NOM0000002338742474","ID_BAN":"75120_x092","name":"Voie Ax/20","INSEE_COM":"75120","NOM_COM":"Paris 20e Arrondissement","SRC_BAN":"commune","NOM_COLL":"VOI AX/20","TYPE_VOIE":"voie","MOT_DIR":"Ax/20","LD_BAN":null,"ID_SUPP":"TRONROUT0000002334698597","INSEEDBAN":null,"COMDEL_BAN":null,"DATE_CREAT":"2023-12-08T13:42:59","DATE_MAJ":"2024-03-12T16:10:18","NOM_NORMA":"VOI AX/20","ID_BAN_ODO":null,"Nom_a_verifier":false,"other_tags":"nan"},"geometry":{"type":"MultiLineString","coordinates":[[[2.399674761432883,48.870895661563367],[2.399385327445095,48.871286319715324]]]}},
{"type":"Feature","properties":{"ID":"VOIE_NOM0000002338742487","ID_BAN":"75120_7287","name":"Passage Perreur","INSEE_COM":"75120","NOM_COM":"Paris 20e Arrondissement","SRC_BAN":"commune","NOM_COLL":"PAS PERREUR","TYPE_VOIE":"passage","MOT_DIR":"Perreur","LD_BAN":null,"ID_SUPP":"TRONROUT0000000000186996/TRONROUT0000000000187003","INSEEDBAN":null,"COMDEL_BAN":null,"DATE_CREAT":"2023-12-08T13:42:59","DATE_MAJ":"2024-03-12T16:10:18","NOM_NORMA":"PAS PERREUR","ID_BAN_ODO":null,"Nom_a_verifier":false,"other_tags":"nan"},"geometry":{"type":"MultiLineString","coordinates":[[[2.404047979419313,48.867699690141109],[2.404276714374632,48.867843823485146],[2.404449962640294,48.867952606136953],[2.404613762110518,48.868053247487353]],[[2.404613762110518,48.868053247487353],[2.404719460644186,48.868108632794289]]]}},
{"type":"Feature","properties":{"ID":"VOIE_NOM0000002338742494","ID_BAN":"75120_6267","name":"Boulevard de Ménilmontant","INSEE_COM":"75120","NOM_COM":"Paris 20e Arrondissement","SRC_BAN":"commune","NOM_COLL":"BD DE MENILMONTANT","TYPE_VOIE":"boulevard","MOT_DIR":"Ménilmontant","LD_BAN":null,"ID_SUPP":"TRONROUT0000000000187976/TRONROUT0000000000187977/TRONROUT0000000000187983/TRONROUT0000000000188980/TRONROUT0000000000188989/TRONROUT0000000000188991/TRONROUT0000000000190055/TRONROUT0000000000191009/TRONROUT0000000000191028/TRONROUT0000000000191805/TRON","INSEEDBAN":null,"COMDEL_BAN":null,"DATE_CREAT":"2023-12-08T13:42:59","DATE_MAJ":"2024-03-12T16:10:18","NOM_NORMA":"BD DE MENILMONTANT","ID_BAN_ODO":null,"Nom_a_verifier":false,"other_tags":"nan"},"geometry":{"type":"MultiLineString","coordinates":[[[2.389874143321217,48.858429801356287],[2.389999782128302,48.858408857555823]],[[2.389648128288945,48.858525778188529],[2.389808450644493,48.858452849403655],[2.389874143321217,48.858429801356287]],[[2.389567120625812,48.858692643370894],[2.389617523007955,48.858578683509762],[2.389648128288945,48.858525778188529]],[[2.388987438049236,48.859890311393855],[2.388888444285559,48.860079567724156],[2.388491680944187,48.860903139398545],[2.388439932003245,48.861015293000875]],[[2.389145360984429,48.859557460514743],[2.38935754222568,48.859130454919338],[2.389567120625812,48.858692643370894]],[[2.388987438049236,48.859890311393855],[2.389145360984429,48.859557460514743]],[[2.385695319920135,48.86455184241342],[2.386145658100761,48.864162040061537]],[[2.385009438995923,48.865148180703216],[2.385357966288444,48.864838799003465],[2.385695319920135,48.86455184241342]],[[2.383289126576027,48.86710708574018],[2.383367313463925,48.86695100345073],[2.383650537504502,48.866402066142989],[2.383693868181004,48.866311455898263]],[[2.383693868181004,48.866311455898263],[2.384005150388172,48.866040558233578]],[[2.384826218255799,48.865310919178874],[2.384924026289773,48.865224185782516],[2.385009438995923,48.865148180703216]],[[2.384005150388172,48.866040558233578],[2.384826218255799,48.865310919178874]],[[2.388439932003245,48.861015293000875],[2.388202483974411,48.861503322543108],[2.388012450514442,48.861899860852262],[2.387527305670778,48.862934321715414]],[[2.387527305670778,48.862934321715414],[2.387511900225881,48.862969317243476],[2.387503627004609,48.862977368987409],[2.387255894571825,48.863179352319349],[2.387214549231016,48.863217812359686],[2.386145658100761,48.864162040061537]]]}},
{"type":"Feature","properties":{"ID":"VOIE_NOM0000002338742502","ID_BAN":"75120_5068","name":"Square Jules Chéret","INSEE_COM":"75120","NOM_COM":"Paris 20e Arrondissement","SRC_BAN":"commune","NOM_COLL":"SQ JULES CHERET","TYPE_VOIE":"square","MOT_DIR":"Chéret","LD_BAN":null,"ID_SUPP":"TRONROUT0000000000193388","INSEEDBAN":null,"COMDEL_BAN":null,"DATE_CREAT":"2023-12-08T13:42:59","DATE_MAJ":"2024-03-12T16:10:18","NOM_NORMA":"SQ JULES CHERET","ID_BAN_ODO":null,"Nom_a_verifier":false,"other_tags":"nan"},"geometry":{"type":"MultiLineString","coordinates":[[[2.411202959139771,48.855324183827719],[2.411304530087865,48.855381342431308],[2.4115401974836,48.855512007567185],[2.411652834204761,48.855554830732984],[2.411776698558338,48.855568929889685],[2.411963161401206,48.855591430677791],[2.412073407857263,48.855604563257089]]]}},
{"type":"Feature","properties":{"ID":"VOIE_NOM0000002338742517","ID_BAN":"75120_1836","name":"Rue Charles Friedel","INSEE_COM":"75120","NOM_COM":"Paris 20e Arrondissement","SRC_BAN":"commune","NOM_COLL":"R CHARLES FRIEDEL","TYPE_VOIE":"rue","MOT_DIR":"Friedel","LD_BAN":null,"ID_SUPP":"TRONROUT0000000000184501/TRONROUT0000000000184502","INSEEDBAN":null,"COMDEL_BAN":null,"DATE_CREAT":"2023-12-08T13:42:59","DATE_MAJ":"2024-03-12T16:10:18","NOM_NORMA":"R CHARLES FRIEDEL","ID_BAN_ODO":null,"Nom_a_verifier":false,"other_tags":"\"wikipedia\"=>\"fr:Rue_Charles-Friedel\""},"geometry":{"type":"MultiLineString","coordinates":[[[2.396110393889377,48.872602656142966],[2.396038036612701,48.872611284420863],[2.395156866624771,48.872650003189428]],[[2.395156866624771,48.872650003189428],[2.394796682473793,48.872672464676981],[2.394482869978541,48.872693360997296],[2.394448809229337,48.872691390024677],[2.394418953290897,48.872679547637901],[2.39434577610765,48.87264140536216]]]}},
{"type":"Feature","properties":{"ID":"VOIE_NOM0000002338742541","ID_BAN":"75120_0248","name":"Allée Alquier-Debrousse","INSEE_COM":"75120","NOM_COM":"Paris 20e Arrondissement","SRC_BAN":"commune","NOM_COLL":"ALL ALQUIER-DEBROUSSE","TYPE_VOIE":"allée","MOT_DIR":"Debrousse","LD_BAN":null,"ID_SUPP":"TRONROUT0000000000190940/TRONROUT0000002330783696/TRONROUT0000002330783697","INSEEDBAN":null,"COMDEL_BAN":null,"DATE_CREAT":"2023-12-08T13:42:59","DATE_MAJ":"2024-03-12T16:10:18","NOM_NORMA":"ALL ALQUIER-DEBROUSSE","ID_BAN_ODO":null,"Nom_a_verifier":false,"other_tags":"nan"},"geometry":{"type":"MultiLineString","coordinates":[[[2.408105592017231,48.8612805522258],[2.408188682080941,48.861285459864732],[2.408802820163474,48.861337959159378],[2.409133736576384,48.861364775036989]],[[2.406419465548569,48.861164279808968],[2.407251654793902,48.861219667106653]],[[2.407251654793902,48.861219667106653],[2.407560823517816,48.861240983570021],[2.408105592017231,48.8612805522258]]]}},
{"type":"Feature","properties":{"ID":"VOIE_NOM0000002338742542","ID_BAN":"75120_0383","name":"Rue Antoinette Fouque","INSEE_COM":"75120","NOM_COM":"Paris 20e Arrondissement","SRC_BAN":"commune","NOM_COLL":"R ANTOINETTE FOUQUE","TYPE_VOIE":"rue","MOT_DIR":"Fouque","LD_BAN":null,"ID_SUPP":"TRONROUT0000000000183691/TRONROUT0000000350840236","INSEEDBAN":null,"COMDEL_BAN":null,"DATE_CREAT":"2023-12-08T13:42:59","DATE_MAJ":"2024-03-12T16:10:18","NOM_NORMA":"R ANTOINETTE FOUQUE","ID_BAN_ODO":null,"Nom_a_verifier":false,"other_tags":"\"wikipedia\"=>\"fr:Rue_Antoinette-Fouque\""},"geometry":{"type":"MultiLineString","coordinates":[[[2.405993312293878,48.87570713845323],[2.406069557164247,48.875716510073374],[2.406438296574652,48.875782191483104],[2.406873697718261,48.875860792688229],[2.407190734118753,48.875917222269734]],[[2.407190734118753,48.875917222269734],[2.407243730874484,48.875932773322226]]]}},
{"type":"Feature","properties":{"ID":"VOIE_NOM0000002338742543","ID_BAN":"75120_5618","name":"Rue Lespagnol","INSEE_COM":"75120","NOM_COM":"Paris 20e Arrondissement","SRC_BAN":"commune","NOM_COLL":"R LESPAGNOL","TYPE_VOIE":"rue","MOT_DIR":"Lespagnol","LD_BAN":null,"ID_SUPP":"TRONROUT0000000000191803","INSEEDBAN":null,"COMDEL_BAN":null,"DATE_CREAT":"2023-12-08T13:42:59","DATE_MAJ":"2024-04-09T23:12:41","NOM_NORMA":"R LESPAGNOL","ID_BAN_ODO":null,"Nom_a_verifier":false,"other_tags":"\"wikipedia\"=>\"fr:Rue_Lespagnol\""},"geometry":{"type":"MultiLineString","coordinates":[[[2.391793121036277,48.858203941273032],[2.391859535110854,48.858235755925797],[2.392201094489832,48.858399373543406],[2.392500469140415,48.858557379928413]]]}},
{"type":"Feature","properties":{"ID":"VOIE_NOM0000002338742574","ID_BAN":"75120_5620","name":"Rue de Lesseps","INSEE_COM":"75120","NOM_COM":"Paris 20e Arrondissement","SRC_BAN":"commune","NOM_COLL":"R DE LESSEPS","TYPE_VOIE":"rue","MOT_DIR":"Lesseps","LD_BAN":null,"ID_SUPP":"TRONROUT0000000000191770/TRONROUT0000000000191772","INSEEDBAN":null,"COMDEL_BAN":null,"DATE_CREAT":"2023-12-08T13:42:59","DATE_MAJ":"2024-03-12T16:10:18","NOM_NORMA":"R DE LESSEPS","ID_BAN_ODO":null,"Nom_a_verifier":false,"other_tags":"\"wikipedia\"=>\"fr:Rue_de_Lesseps\""},"geometry":{"type":"MultiLineString","coordinates":[[[2.400713220957707,48.858367659115693],[2.399988762902885,48.858903635985186],[2.399669812363242,48.859141262101566],[2.399658722543264,48.859157394674597],[2.399653105094278,48.859171756010447]],[[2.399653105094278,48.859171756010447],[2.399652804586059,48.859197835502108],[2.399660712651881,48.859221258138973],[2.399698532327259,48.859251126239371],[2.3997459235411,48.859278344303554],[2.399821718507837,48.859324591043972]]]}},
{"type":"Feature","properties":{"ID":"VOIE_NOM0000002338742621","ID_BAN":"75120_6958","name":"Rue des Orteaux","INSEE_COM":"75120","NOM_COM":"Paris 20e Arrondissement","SRC_BAN":"commune","NOM_COLL":"R DES ORTEAUX","TYPE_VOIE":"rue","MOT_DIR":"Orteaux","LD_BAN":null,"ID_SUPP":"TRONROUT0000000000192675/TRONROUT0000000000192677/TRONROUT0000000000192679/TRONROUT0000000000192681/TRONROUT0000000000192686/TRONROUT0000000000192687/TRONROUT0000000000192695/TRONROUT0000000000192701/TRONROUT0000000000192703/TRONROUT0000000000192707/TRON","INSEEDBAN":null,"COMDEL_BAN":null,"DATE_CREAT":"2023-12-08T13:42:59","DATE_MAJ":"2024-03-12T16:10:18","NOM_NORMA":"R DES ORTEAUX","ID_BAN_ODO":null,"Nom_a_verifier":false,"other_tags":"\"wikipedia\"=>\"fr:Rue_des_Orteaux\""},"geometry":{"type":"MultiLineString","coordinates":[[[2.409720559275801,48.855527327518942],[2.409776363556139,48.85553389821581],[2.409856841200423,48.85552799971795],[2.410011063802263,48.855508974589199],[2.410128337484949,48.855503257328301]],[[2.409720559275801,48.855527327518942],[2.409573262706655,48.855536493632563],[2.409298887417985,48.855574710755604],[2.408860748704134,48.855631903976139],[2.40842941293474,48.855690028573463],[2.408344713656841,48.855707596748239],[2.40828304956821,48.855736970282948],[2.40824874404902,48.855757485615506]],[[2.40824874404902,48.855757485615506],[2.408162497908525,48.855791234254305],[2.408068299457236,48.855805157862754],[2.40771747043235,48.855854684648619],[2.407353053367944,48.855900545722676]],[[2.405889568469084,48.856115427191419],[2.405857024525063,48.856100876060019],[2.405823056234406,48.856091713927562],[2.405667877861965,48.856074755046222],[2.405632444203513,48.856074579049107],[2.405594192546561,48.856082483164606],[2.405505187698425,48.856118914226158]],[[2.405889568469084,48.856115427191419],[2.405823167928128,48.856201434783429]],[[2.404936002618024,48.856193428897598],[2.405505187698425,48.856118914226158]],[[2.405823167928128,48.856201434783429],[2.405754995341467,48.856203794293847],[2.405617564301128,48.856184225443371],[2.405574086927485,48.856172317966816],[2.405538858406337,48.856154156026513],[2.405505187698425,48.856118914226158]],[[2.407353053367944,48.855900545722676],[2.406766084845777,48.855981276438371]],[[2.406766084845777,48.855981276438371],[2.405968889672133,48.856091538628021],[2.405889568469084,48.856115427191419]],[[2.402229135252558,48.856560361007887],[2.401313229841813,48.856680791303127],[2.400578744962444,48.856787733969412]],[[2.400578744962444,48.856787733969412],[2.400326224222646,48.856820643934718],[2.399995937714953,48.856860358239153]],[[2.399995937714953,48.856860358239153],[2.39991665403264,48.856880645647834],[2.399814305363977,48.85689182385417],[2.39943528694981,48.856902513088485],[2.398798543690734,48.85692449741299]],[[2.398798543690734,48.85692449741299],[2.398343194590129,48.856935699017967],[2.398277684099767,48.856943463738723],[2.398227081902455,48.856958498170712],[2.398192688522951,48.856986204953429],[2.398127647413862,48.857071315767008]],[[2.403000389680776,48.856455390367174],[2.403590095059063,48.856374691742609]],[[2.403000389680776,48.856455390367174],[2.402229135252558,48.856560361007887]],[[2.404773588845151,48.856213306095086],[2.404936002618024,48.856193428897598]],[[2.403590095059063,48.856374691742609],[2.404552449630031,48.856243683023976],[2.404773588845151,48.856213306095086]]]}},
{"type":"Feature","properties":{"ID":"VOIE_NOM0000002338742654","ID_BAN":"75120_3238","name":"Rue Emile Landrin","INSEE_COM":"75120","NOM_COM":"Paris 20e Arrondissement","SRC_BAN":"commune","NOM_COLL":"R EMILE LANDRIN","TYPE_VOIE":"rue","MOT_DIR":"Landrin","LD_BAN":null,"ID_SUPP":"TRONROUT0000000000188884/TRONROUT0000000000188891/TRONROUT0000000000188901/TRONROUT0000000000189997","INSEEDBAN":null,"COMDEL_BAN":null,"DATE_CREAT":"2023-12-08T13:42:59","DATE_MAJ":"2024-03-12T16:10:18","NOM_NORMA":"R EMILE LANDRIN","ID_BAN_ODO":null,"Nom_a_verifier":false,"other_tags":"\"wikipedia\"=>\"fr:Rue_%C3%89mile-Landrin\""},"geometry":{"type":"MultiLineString","coordinates":[[[2.39798774820341,48.863399296420425],[2.397645565085906,48.863167343203877]],[[2.399137290410838,48.864069686488563],[2.398995762358966,48.864049190353398],[2.398929160126916,48.864032667738108],[2.398872151100207,48.864011696565584]],[[2.398672082058602,48.863866796928455],[2.39798774820341,48.863399296420425]],[[2.398872151100207,48.864011696565584],[2.398767975433863,48.863943722693307],[2.398672082058602,48.863866796928455]]]}},
{"type":"Feature","properties":{"ID":"VOIE_NOM0000002338742668","ID_BAN":"75120_7430","name":"Rue Pierre Foncin","INSEE_COM":"75120","NOM_COM":"Paris 20e Arrondissement","SRC_BAN":"commune","NOM_COLL":"R PIERRE FONCIN","TYPE_VOIE":"rue","MOT_DIR":"Foncin","LD_BAN":null,"ID_SUPP":"TRONROUT0000000000185216/TRONROUT0000002209717213","INSEEDBAN":null,"COMDEL_BAN":null,"DATE_CREAT":"2023-12-08T13:42:59","DATE_MAJ":"2024-03-12T16:10:18","NOM_NORMA":"R PIERRE FONCIN","ID_BAN_ODO":null,"Nom_a_verifier":false,"other_tags":"\"wikipedia\"=>\"fr:Rue_Pierre-Foncin\""},"geometry":{"type":"MultiLineString","coordinates":[[[2.409315377612624,48.871431963234009],[2.409079619529029,48.871423604912074],[2.408849345078316,48.871412575205198]],[[2.410637186901655,48.871485244152488],[2.410243364194615,48.871469814413544],[2.409780057447936,48.871450443442356],[2.409315377612624,48.871431963234009]]]}},
{"type":"Feature","properties":{"ID":"VOIE_NOM0000002338742672","ID_BAN":"75120_5605","name":"Cité Leroy","INSEE_COM":"75120","NOM_COM":"Paris 20e Arrondissement","SRC_BAN":"commune","NOM_COLL":"CITE LEROY","TYPE_VOIE":"cité","MOT_DIR":"Leroy","LD_BAN":null,"ID_SUPP":"TRONROUT0000000000185306","INSEEDBAN":null,"COMDEL_BAN":null,"DATE_CREAT":"2023-12-08T13:42:59","DATE_MAJ":"2024-03-12T16:10:18","NOM_NORMA":"CITE LEROY","ID_BAN_ODO":null,"Nom_a_verifier":false,"other_tags":"nan"},"geometry":{"type":"MultiLineString","coordinates":[[[2.392346348275794,48.870720184593203],[2.392572578956422,48.870726728886645],[2.392764813191492,48.870725905600111],[2.392918772601387,48.870733881246792],[2.393019524753002,48.870745184236398],[2.393060211639258,48.870763377272624],[2.393115852021497,48.870785243456552],[2.393186498311836,48.870806286353037]]]}},
{"type":"Feature","properties":{"ID":"VOIE_NOM0000002338742674","ID_BAN":"75120_6794","name":"Rue Noël Ballay","INSEE_COM":"75120","NOM_COM":"Paris 20e Arrondissement","SRC_BAN":"commune","NOM_COLL":"R NOEL BALLAY","TYPE_VOIE":"rue","MOT_DIR":"Ballay","LD_BAN":null,"ID_SUPP":"TRONROUT0000000000196644/TRONROUT0000000000196654/TRONROUT0000000230209342","INSEEDBAN":null,"COMDEL_BAN":null,"DATE_CREAT":"2023-12-08T13:42:59","DATE_MAJ":"2024-03-12T16:10:18","NOM_NORMA":"R NOEL BALLAY","ID_BAN_ODO":null,"Nom_a_verifier":false,"other_tags":"\"wikipedia\"=>\"fr:Rue_No%C3%ABl-Ballay\""},"geometry":{"type":"MultiLineString","coordinates":[[[2.41147191923489,48.84792205852645],[2.411340934968767,48.847936703129541]],[[2.412781301838036,48.847816073240111],[2.412732277994651,48.847813134554315],[2.412673665155213,48.847814645540197],[2.412369476868148,48.847841931166208],[2.412102119563892,48.847865799595262]],[[2.412102119563892,48.847865799595262],[2.411902974193318,48.847882807919611],[2.411686084175185,48.8479024267169],[2.41147191923489,48.84792205852645]]]}},
{"type":"Feature","properties":{"ID":"VOIE_NOM0000002338742676","ID_BAN":"75120_1310","name":"Square Brizeux","INSEE_COM":"75120","NOM_COM":"Paris 20e Arrondissement","SRC_BAN":"commune","NOM_COLL":"SQ BRIZEUX","TYPE_VOIE":"square","MOT_DIR":"Brizeux","LD_BAN":null,"ID_SUPP":"TRONROUT0000000000186144/TRONROUT0000000000186162/TRONROUT0000000000186163/TRONROUT0000002341410544/TRONROUT0000002341410545","INSEEDBAN":null,"COMDEL_BAN":null,"DATE_CREAT":"2023-12-08T13:42:59","DATE_MAJ":"2024-04-09T23:12:41","NOM_NORMA":"SQ BRIZEUX","ID_BAN_ODO":null,"Nom_a_verifier":false,"other_tags":"nan"},"geometry":{"type":"MultiLineString","coordinates":[[[2.396512804964354,48.869759188652594],[2.396307761573747,48.86992453190453]],[[2.396393992462838,48.869541849433062],[2.396467187630406,48.869578191995501],[2.39662307891413,48.869654522222007]],[[2.39662307891413,48.869654522222007],[2.396512804964354,48.869759188652594]],[[2.396512804964354,48.869759188652594],[2.396718874577537,48.869858255133096]],[[2.396718874577537,48.869858255133096],[2.396776743094909,48.869805485939764],[2.397047977381043,48.869574823760061]]]}},
{"type":"Feature","properties":{"ID":"VOIE_NOM0000002338742710","ID_BAN":"75120_4287","name":"Rue des Grands Champs","INSEE_COM":"75120","NOM_COM":"Paris 20e Arrondissement","SRC_BAN":"commune","NOM_COLL":"R DES GRANDS CHAMPS","TYPE_VOIE":"rue","MOT_DIR":"Champs","LD_BAN":null,"ID_SUPP":"TRONROUT0000000000195023/TRONROUT0000000000195024/TRONROUT0000000000195030/TRONROUT0000000000195033/TRONROUT0000000000195039/TRONROUT0000000000195916/TRONROUT0000000000195925/TRONROUT0000000330306520/TRONROUT0000000356845642/TRONROUT0000002009428112/TRON","INSEEDBAN":null,"COMDEL_BAN":null,"DATE_CREAT":"2023-12-08T13:42:59","DATE_MAJ":"2024-03-12T16:10:18","NOM_NORMA":"R DES GRANDS CHAMPS","ID_BAN_ODO":null,"Nom_a_verifier":false,"other_tags":"\"wikipedia\"=>\"fr:Rue_des_Grands-Champs\""},"geometry":{"type":"MultiLineString","coordinates":[[[2.398979013183984,48.850377241427886],[2.398911024254899,48.850364308953473]],[[2.399203368594701,48.850420637758198],[2.399087810059215,48.850396674286472],[2.398979013183984,48.850377241427886]],[[2.399203368594701,48.850420637758198],[2.400065364061263,48.850594041209099],[2.400267980368392,48.850631930409932]],[[2.400267980368392,48.850631930409932],[2.400473312005639,48.850670732222419],[2.400718068937876,48.850717825319947],[2.40083092423004,48.850739974962707]],[[2.401034904355096,48.850777869683903],[2.40083092423004,48.850739974962707]],[[2.404271850102738,48.851223020647375],[2.406128080590571,48.851451689874175],[2.406206943686252,48.851467370236769],[2.406284300667074,48.851495633979866]],[[2.406284300667074,48.851495633979866],[2.406916160966166,48.851657053327017],[2.406969245547116,48.851662712546869],[2.407003333960286,48.851661082796042]],[[2.407977848390663,48.851890746117398],[2.407956238942868,48.851873551543839],[2.407925141539079,48.851851813266506],[2.407891236966921,48.851837255889279],[2.407793407120181,48.851811589922924],[2.407419599508201,48.851726998980503],[2.407112382078886,48.851658925146616],[2.407066080375325,48.851655997654198],[2.407003333960286,48.851661082796042]],[[2.407826177710054,48.852645449315546],[2.407982761620763,48.852058049513175],[2.407995557457102,48.852011346631016],[2.408001478340315,48.851970005830154],[2.408001815495834,48.851940328950377],[2.407996640451825,48.851916020896773],[2.407977848390663,48.851890746117398]],[[2.40180049058687,48.850921998610566],[2.401034904355096,48.850777869683903]],[[2.40180049058687,48.850921998610566],[2.404271850102738,48.851223020647375]]]}},
{"type":"Feature","properties":{"ID":"VOIE_NOM0000002338742711","ID_BAN":"75120_8604","name":"Villa Saint-Fargeau","INSEE_COM":"75120","NOM_COM":"Paris 20e Arrondissement","SRC_BAN":"commune","NOM_COLL":"VLA SAINT-FARGEAU","TYPE_VOIE":"villa","MOT_DIR":"Fargeau","LD_BAN":null,"ID_SUPP":"TRONROUT0000000000185249/TRONROUT0000002341410566","INSEEDBAN":null,"COMDEL_BAN":null,"DATE_CREAT":"2023-12-08T13:42:59","DATE_MAJ":"2024-04-09T23:12:41","NOM_NORMA":"VLA SAINT-FARGEAU","ID_BAN_ODO":null,"Nom_a_verifier":false,"other_tags":"nan"},"geometry":{"type":"MultiLineString","coordinates":[[[2.401705834480399,48.871510183979609],[2.401618338974958,48.871650042805115],[2.401507213212459,48.871829354115398]],[[2.401507213212459,48.871829354115398],[2.401447467298122,48.871927082813968]]]}},
{"type":"Feature","properties":{"ID":"VOIE_NOM0000002338742714","ID_BAN":"75120_8857","name":"Passage Savart","INSEE_COM":"75120","NOM_COM":"Paris 20e Arrondissement","SRC_BAN":"commune","NOM_COLL":"PAS SAVART","TYPE_VOIE":"passage","MOT_DIR":"Savart","LD_BAN":null,"ID_SUPP":"TRONROUT0000000000193427/TRONROUT0000002274919606/TRONROUT0000002274919607","INSEEDBAN":null,"COMDEL_BAN":null,"DATE_CREAT":"2023-12-08T13:42:59","DATE_MAJ":"2024-03-12T16:10:18","NOM_NORMA":"PAS SAVART","ID_BAN_ODO":null,"Nom_a_verifier":false,"other_tags":"nan"},"geometry":{"type":"MultiLineString","coordinates":[[[2.402298159157477,48.855889792955942],[2.402610418358591,48.855638635680911],[2.402712143381736,48.855562698956739]],[[2.402940226262625,48.8554019546741],[2.403331954859683,48.855113419330827],[2.40360416853003,48.854907027040866]],[[2.402712143381736,48.855562698956739],[2.402940226262625,48.8554019546741]]]}},
{"type":"Feature","properties":{"ID":"VOIE_NOM0000002338742715","ID_BAN":"75120_7269","name":"Square du Périgord","INSEE_COM":"75120","NOM_COM":"Paris 20e Arrondissement","SRC_BAN":"commune","NOM_COLL":"SQ DU PERIGORD","TYPE_VOIE":"square","MOT_DIR":"Périgord","LD_BAN":null,"ID_SUPP":"TRONROUT0000000000193400","INSEEDBAN":null,"COMDEL_BAN":null,"DATE_CREAT":"2023-12-08T13:42:59","DATE_MAJ":"2024-03-12T16:10:18","NOM_NORMA":"SQ DU PERIGORD","ID_BAN_ODO":null,"Nom_a_verifier":false,"other_tags":"nan"},"geometry":{"type":"MultiLineString","coordinates":[[[2.41116687257948,48.855020026946335],[2.411221961816449,48.85472801015203],[2.411279847142929,48.85442971158205],[2.41132689050247,48.854125963481188]]]}},
{"type":"Feature","properties":{"ID":"VOIE_NOM0000002338742729","ID_BAN":"75120_1947","name":"Square Chauré","INSEE_COM":"75120","NOM_COM":"Paris 20e Arrondissement","SRC_BAN":"commune","NOM_COLL":"SQ CHAURE","TYPE_VOIE":"square","MOT_DIR":"Chauré","LD_BAN":null,"ID_SUPP":"TRONROUT0000000000186989","INSEEDBAN":null,"COMDEL_BAN":null,"DATE_CREAT":"2023-12-08T13:42:59","DATE_MAJ":"2024-03-12T16:10:18","NOM_NORMA":"SQ CHAURE","ID_BAN_ODO":null,"Nom_a_verifier":false,"other_tags":"nan"},"geometry":{"type":"MultiLineString","coordinates":[[[2.406361274308928,48.867467465646342],[2.406347694149321,48.867343289707705],[2.406806624502254,48.867025400902101]]]}},
{"type":"Feature","properties":{"ID":"VOIE_NOM0000002338742730","ID_BAN":"75120_x083","name":"Voie Ao/20","INSEE_COM":"75120","NOM_COM":"Paris 20e Arrondissement","SRC_BAN":"commune","NOM_COLL":"VOI AO/20","TYPE_VOIE":"voie","MOT_DIR":"Ao/20","LD_BAN":null,"ID_SUPP":"TRONROUT0000000255748791","INSEEDBAN":null,"COMDEL_BAN":null,"DATE_CREAT":"2023-12-08T13:42:59","DATE_MAJ":"2024-04-09T23:12:41","NOM_NORMA":"VOI AO/20","ID_BAN_ODO":null,"Nom_a_verifier":false,"other_tags":"nan"},"geometry":{"type":"MultiLineString","coordinates":[[[2.392570221796542,48.867655480071861],[2.392661394522394,48.867669432823817],[2.39318257420494,48.867749419425323]]]}},
{"type":"Feature","properties":{"ID":"VOIE_NOM0000002338742731","ID_BAN":"75120_3051","name":"Villa Hortense Dury-Vasselon","INSEE_COM":"75120","NOM_COM":"Paris 20e Arrondissement","SRC_BAN":"commune","NOM_COLL":"VLA HORTENSE DURY-VASSELON","TYPE_VOIE":"villa","MOT_DIR":"Vasselon","LD_BAN":null,"ID_SUPP":"TRONROUT0000000000183701/TRONROUT0000002334476262","INSEEDBAN":null,"COMDEL_BAN":null,"DATE_CREAT":"2023-12-08T13:42:59","DATE_MAJ":"2024-03-12T16:10:18","NOM_NORMA":"VLA HORTENSE DURY-VASSELON","ID_BAN_ODO":null,"Nom_a_verifier":false,"other_tags":"nan"},"geometry":{"type":"MultiLineString","coordinates":[[[2.403683511588679,48.876197481255879],[2.403897319083343,48.87562387371478]],[[2.403642707656814,48.876307895650754],[2.403683511588679,48.876197481255879]]]}},
{"type":"Feature","properties":{"ID":"VOIE_NOM0000002338742755","ID_BAN":"75120_0245","name":"Rue Alphonse Penaud","INSEE_COM":"75120","NOM_COM":"Paris 20e Arrondissement","SRC_BAN":"commune","NOM_COLL":"R ALPHONSE PENAUD","TYPE_VOIE":"rue","MOT_DIR":"Penaud","LD_BAN":null,"ID_SUPP":"TRONROUT0000000000186109/TRONROUT0000000000186975/TRONROUT0000000000186977/TRONROUT0000000000186980","INSEEDBAN":null,"COMDEL_BAN":null,"DATE_CREAT":"2023-12-08T13:42:59","DATE_MAJ":"2024-03-12T16:10:18","NOM_NORMA":"R ALPHONSE PENAUD","ID_BAN_ODO":null,"Nom_a_verifier":false,"other_tags":"\"wikipedia\"=>\"fr:Rue_Alphonse-Penaud\""},"geometry":{"type":"MultiLineString","coordinates":[[[2.407801650887486,48.867394560028735],[2.407732441291526,48.867486849323271],[2.407615112688933,48.86761487391307],[2.40747564596511,48.867771567571914],[2.40733473340708,48.867935448587211],[2.40721744375081,48.868059875590191]],[[2.405517400737691,48.86902452609732],[2.405444824174735,48.869052944366231],[2.405304528035157,48.869161966404754]],[[2.40721744375081,48.868059875590191],[2.407171948191707,48.868104617104187],[2.407118345306654,48.868143023082119],[2.406935858846021,48.868246442076341],[2.406253790694914,48.868645064002877]],[[2.406253790694914,48.868645064002877],[2.405954683116747,48.868813554461362],[2.405613099822497,48.869000719293567],[2.405517400737691,48.86902452609732]]]}},
{"type":"Feature","properties":{"ID":"VOIE_NOM0000002338742756","ID_BAN":"75120_1141","name":"Passage Boudin","INSEE_COM":"75120","NOM_COM":"Paris 20e Arrondissement","SRC_BAN":"commune","NOM_COLL":"PAS BOUDIN","TYPE_VOIE":"passage","MOT_DIR":"Boudin","LD_BAN":null,"ID_SUPP":"TRONROUT0000000000186979/TRONROUT0000002334698599","INSEEDBAN":null,"COMDEL_BAN":null,"DATE_CREAT":"2023-12-08T13:42:59","DATE_MAJ":"2024-03-12T16:10:18","NOM_NORMA":"PAS BOUDIN","ID_BAN_ODO":null,"Nom_a_verifier":false,"other_tags":"nan"},"geometry":{"type":"MultiLineString","coordinates":[[[2.406253790694914,48.868645064002877],[2.406373000828564,48.868711306868704],[2.406778169860579,48.868925559060237],[2.407129122282656,48.869112561201518]],[[2.407129122282656,48.869112561201518],[2.407591193148069,48.869358569124216]]]}},
{"type":"Feature","properties":{"ID":"VOIE_NOM0000002338742769","ID_BAN":"75120_0987","name":"Rue Bisson","INSEE_COM":"75120","NOM_COM":"Paris 20e Arrondissement","SRC_BAN":"commune","NOM_COLL":"R BISSON","TYPE_VOIE":"rue","MOT_DIR":"Bisson","LD_BAN":null,"ID_SUPP":"TRONROUT0000000000185424/TRONROUT0000000000186246/TRONROUT0000000000186248/TRONROUT0000000000186249/TRONROUT0000000000186250/TRONROUT0000000000186260/TRONROUT0000000000186263/TRONROUT0000000256426096/TRONROUT0000000256426101/TRONROUT0000000356814430","INSEEDBAN":null,"COMDEL_BAN":null,"DATE_CREAT":"2023-12-08T13:42:59","DATE_MAJ":"2024-03-12T16:10:18","NOM_NORMA":"R BISSON","ID_BAN_ODO":null,"Nom_a_verifier":false,"other_tags":"\"wikipedia\"=>\"fr:Rue_Bisson_(Paris)\""},"geometry":{"type":"MultiLineString","coordinates":[[[2.379195650384537,48.870062735367597],[2.379302817751572,48.870107358700693]],[[2.379367961893688,48.870131978617508],[2.379302817751572,48.870107358700693]],[[2.382520447963782,48.870543092198048],[2.38305784038469,48.869946005302353]],[[2.38225370130481,48.870849289068836],[2.382412656974714,48.870665745257334]],[[2.382126461291367,48.871002418915843],[2.38225370130481,48.870849289068836]],[[2.381482619112556,48.870918153360243],[2.381635000628213,48.870944122108156],[2.381798309398219,48.870968348423979],[2.381960297780556,48.870988970350979],[2.382126461291367,48.871002418915843]],[[2.379367961893688,48.870131978617508],[2.379632628677697,48.870230479120842],[2.3799244320514,48.870339911657886],[2.380206747712662,48.8704447976517],[2.380499884615762,48.870556933669057],[2.380717025064147,48.870639896995222]],[[2.382472085332314,48.870597702258401],[2.382520447963782,48.870543092198048]],[[2.382412656974714,48.870665745257334],[2.382444458635991,48.870628137184035],[2.382472085332314,48.870597702258401]],[[2.380717025064147,48.870639896995222],[2.381041432592356,48.870759388135184],[2.381326425804344,48.870868781955345],[2.381482619112556,48.870918153360243]]]}},
{"type":"Feature","properties":{"ID":"VOIE_NOM0000002338742773","ID_BAN":"75120_4477","name":"Rue Harpignies","INSEE_COM":"75120","NOM_COM":"Paris 20e Arrondissement","SRC_BAN":"commune","NOM_COLL":"R HARPIGNIES","TYPE_VOIE":"rue","MOT_DIR":"Harpignies","LD_BAN":null,"ID_SUPP":"TRONROUT0000000000191717/TRONROUT0000000000191719/TRONROUT0000000350840267","INSEEDBAN":null,"COMDEL_BAN":null,"DATE_CREAT":"2023-12-08T13:42:59","DATE_MAJ":"2024-03-12T16:10:18","NOM_NORMA":"R HARPIGNIES","ID_BAN_ODO":null,"Nom_a_verifier":false,"other_tags":"\"wikipedia\"=>\"fr:Rue_Harpignies\""},"geometry":{"type":"MultiLineString","coordinates":[[[2.411525795745414,48.858838615419906],[2.411273861361964,48.858819389367753],[2.410922577448847,48.858787082947586],[2.410597138275974,48.858759399511086]],[[2.409905312785628,48.8587092241332],[2.409829051367012,48.858703451988411]],[[2.410597138275974,48.858759399511086],[2.410237616691592,48.858732446566378],[2.409905312785628,48.8587092241332]]]}},
{"type":"Feature","properties":{"ID":"VOIE_NOM0000002338742774","ID_BAN":"75120_5633","name":"Rue Le Vau","INSEE_COM":"75120","NOM_COM":"Paris 20e Arrondissement","SRC_BAN":"commune","NOM_COLL":"R LE VAU","TYPE_VOIE":"rue","MOT_DIR":"Vau","LD_BAN":null,"ID_SUPP":"TRONROUT0000000000186076/TRONROUT0000000000186079/TRONROUT0000000000186094/TRONROUT0000000000186948/TRONROUT0000000000186949/TRONROUT0000000000187833/TRONROUT0000000000187834/TRONROUT0000000255863731/TRONROUT0000000356677412","INSEEDBAN":null,"COMDEL_BAN":null,"DATE_CREAT":"2023-12-08T13:42:59","DATE_MAJ":"2024-03-12T16:10:18","NOM_NORMA":"R LE VAU","ID_BAN_ODO":null,"Nom_a_verifier":false,"other_tags":"\"wikipedia\"=>\"fr:Rue_Le_Vau\""},"geometry":{"type":"MultiLineString","coordinates":[[[2.411462740381926,48.865747944278588],[2.411497802993794,48.865660880856893],[2.411540485269267,48.865623318504838],[2.411602138908699,48.865595742130722],[2.411761995325951,48.865563252393208]],[[2.41115289849329,48.866507260357238],[2.41119894828492,48.866413056429963],[2.411320932582717,48.866113277565532],[2.411378567280454,48.865958874855139],[2.411462740381926,48.865747944278588]],[[2.411068522625734,48.867218221237763],[2.411100715799978,48.866782200966568],[2.41115289849329,48.866507260357238]],[[2.410705827150661,48.871081781123074],[2.410707810982767,48.871026931503025],[2.410721504313192,48.870901092117634]],[[2.410806734842825,48.869874471407265],[2.410794934267879,48.870074065706767],[2.410764628635407,48.870342817654851],[2.410741667759428,48.87044432944726],[2.410721463739095,48.870543156794916],[2.410690180964324,48.870657218273422]],[[2.410721504313192,48.870901092117634],[2.41072480047442,48.870850745621077],[2.410720222523508,48.870773380324401],[2.410716763635148,48.870717604559239],[2.410690180964324,48.870657218273422]],[[2.410806734842825,48.869874471407265],[2.41081564637847,48.869809763140324],[2.410864333671278,48.869362133764362],[2.410873550167398,48.869270446895833],[2.410874618083768,48.869176021905005]],[[2.410995558019909,48.867884270932429],[2.411068522625734,48.867218221237763]],[[2.410874618083768,48.869176021905005],[2.410990045020278,48.868010150942283],[2.410995558019909,48.867884270932429]]]}},
{"type":"Feature","properties":{"ID":"VOIE_NOM0000002338742824","ID_BAN":"75120_4799","name":"Rue Jacques Prévert","INSEE_COM":"75120","NOM_COM":"Paris 20e Arrondissement","SRC_BAN":"commune","NOM_COLL":"R JACQUES PREVERT","TYPE_VOIE":"rue","MOT_DIR":"Prévert","LD_BAN":null,"ID_SUPP":"TRONROUT0000000356814435/TRONROUT0000000356814436/TRONROUT0000000356814437/TRONROUT0000000356814438/TRONROUT0000000356814439/TRONROUT0000000356814440","INSEEDBAN":null,"COMDEL_BAN":null,"DATE_CREAT":"2023-12-08T13:42:59","DATE_MAJ":"2024-03-12T16:10:18","NOM_NORMA":"R JACQUES PREVERT","ID_BAN_ODO":null,"Nom_a_verifier":false,"other_tags":"\"wikipedia\"=>\"fr:Rue_Jacques-Pr%C3%A9vert\""},"geometry":{"type":"MultiLineString","coordinates":[[[2.388264374932614,48.864126122683366],[2.388304304382772,48.864092151784511],[2.388766911304282,48.863932633784863],[2.389069196946367,48.863844243057194]],[[2.388168867583495,48.864249743628207],[2.388141004653708,48.864300863659594],[2.388022558358639,48.864868641840509]],[[2.388105839632288,48.864161285909617],[2.388116881282474,48.864149650919082],[2.388130649011011,48.864138029864662],[2.388148463609726,48.864130026864956],[2.388174424765914,48.864124763534832],[2.388200364794802,48.864121298774677],[2.388230351701582,48.864121452062605],[2.388264374932614,48.864126122683366]],[[2.388264374932614,48.864126122683366],[2.38828061527274,48.864136098453038],[2.388291361213741,48.864149643504661],[2.388299296601059,48.8641703689241],[2.388297722371408,48.864188347712833],[2.388293422053771,48.864206312567809],[2.388283669557491,48.864224249555043]],[[2.388168867583495,48.864249743628207],[2.388143022546956,48.864245114791828],[2.388122671941866,48.864236916673889],[2.388109221064221,48.864221559095093],[2.388102606537078,48.864204437783883],[2.388098707537341,48.864188229697739],[2.38810160262718,48.864173855031609],[2.388105839632288,48.864161285909617]],[[2.388283669557491,48.864224249555043],[2.388268538796083,48.864235863659154],[2.38824934001478,48.864245658284169],[2.388224741850525,48.864250928597478],[2.388198822880875,48.864252594787111],[2.388168867583495,48.864249743628207]]]}},
{"type":"Feature","properties":{"ID":"VOIE_NOM0000002338742826","ID_BAN":"75120_7679","name":"Place de la Porte de Montreuil","INSEE_COM":"75120","NOM_COM":"Paris 20e Arrondissement","SRC_BAN":"commune","NOM_COLL":"PL DE LA PORTE DE MONTREUIL","TYPE_VOIE":"place","MOT_DIR":"Montreuil","LD_BAN":null,"ID_SUPP":"TRONROUT0000000000193379/TRONROUT0000000000193384/TRONROUT0000000000193385/TRONROUT0000000000193389/TRONROUT0000000000193391/TRONROUT0000000000194102/TRONROUT0000000000194103/TRONROUT0000000000194110/TRONROUT0000000000194114/TRONROUT0000000000194116/TRON","INSEEDBAN":null,"COMDEL_BAN":null,"DATE_CREAT":"2023-12-08T13:42:59","DATE_MAJ":"2024-03-12T16:10:18","NOM_NORMA":"PL DE LA PORTE DE MONTREUIL","ID_BAN_ODO":null,"Nom_a_verifier":false,"other_tags":"nan"},"geometry":{"type":"MultiLineString","coordinates":[[[2.413657357500406,48.853522251988501],[2.413767832711033,48.853514699163419],[2.413886403566591,48.853514380677574]],[[2.413203085723559,48.853682807084347],[2.413300470291173,48.853627525041745],[2.413434588663309,48.853577819086951],[2.413580890719684,48.853535367478223],[2.413657357500406,48.853522251988501]],[[2.414430791335156,48.853702311749146],[2.41448350491911,48.853741241669383],[2.414530716962672,48.853784641385502]],[[2.413886403566591,48.853514380677574],[2.413977607824231,48.853523820876404],[2.414079633358034,48.853540508780178],[2.414185585495245,48.853571605390336],[2.414287348363722,48.853611674879424],[2.414359140539193,48.853650698246831],[2.414430791335156,48.853702311749146]],[[2.413001537722837,48.853911152256472],[2.41305144863427,48.853835851866918],[2.413116360038397,48.853759725679147],[2.413203085723559,48.853682807084347]],[[2.415334029463412,48.854338969997897],[2.415442850796509,48.854357488617232]],[[2.413614041561331,48.85458596812294],[2.413516143002293,48.854565702685626],[2.413402052977352,48.854530968234691]],[[2.414340291886779,48.854478905216773],[2.414295036693761,48.854503865433443],[2.4142443505018,48.854527000351901]],[[2.4142443505018,48.854527000351901],[2.41414449244764,48.854559787328384],[2.414011906952592,48.854594212646994],[2.413870024494403,48.854607007943834],[2.413737894024071,48.854600964559594],[2.413614041561331,48.85458596812294]],[[2.413070640229734,48.854309902292975],[2.413037370834843,48.854238690635427],[2.4130125720282,48.854141439433072],[2.412994708791266,48.85403343006719],[2.413001537722837,48.853911152256472]],[[2.414530716962672,48.853784641385502],[2.414577777529276,48.853841530557666],[2.414619083999387,48.853925371991579],[2.414633438082766,48.853982101122526],[2.41463809108758,48.854053172353986],[2.414630519468037,48.854120586386856],[2.41460648327488,48.854197812690273]],[[2.415334029463412,48.854338969997897],[2.415049852719572,48.854280022883728],[2.414832271330003,48.854237589039684],[2.41460648327488,48.854197812690273]],[[2.413402052977352,48.854530968234691],[2.413323365338891,48.854499105297712],[2.413243416273311,48.854458242647418],[2.413156926845188,48.854393065482427],[2.413070640229734,48.854309902292975]],[[2.41460648327488,48.854197812690273],[2.414586899102681,48.85424268425465],[2.414521888197657,48.854327804187314],[2.414428207943796,48.854417280518952],[2.414340291886779,48.854478905216773]]]}},
{"type":"Feature","properties":{"ID":"VOIE_NOM0000002338742827","ID_BAN":"75120_4581","name":"Rue Henri Poincaré","INSEE_COM":"75120","NOM_COM":"Paris 20e Arrondissement","SRC_BAN":"commune","NOM_COLL":"R HENRI POINCARE","TYPE_VOIE":"rue","MOT_DIR":"Poincaré","LD_BAN":null,"ID_SUPP":"TRONROUT0000000000186126/TRONROUT0000000000186129","INSEEDBAN":null,"COMDEL_BAN":null,"DATE_CREAT":"2023-12-08T13:42:59","DATE_MAJ":"2024-03-12T16:10:18","NOM_NORMA":"R HENRI POINCARE","ID_BAN_ODO":null,"Nom_a_verifier":false,"other_tags":"\"wikipedia\"=>\"fr:Rue_Henri-Poincar%C3%A9_(Paris)\""},"geometry":{"type":"MultiLineString","coordinates":[[[2.401905751994092,48.86977186860161],[2.402598354349747,48.869647621726365]],[[2.400811938823566,48.871235012853418],[2.401520348631986,48.870211516081376],[2.401621484301689,48.870070826011215],[2.401805794987093,48.869810040536272],[2.401905751994092,48.86977186860161]]]}},
{"type":"Feature","properties":{"ID":"VOIE_NOM0000002338742830","ID_BAN":"75120_9049","name":"Passage des Soupirs","INSEE_COM":"75120","NOM_COM":"Paris 20e Arrondissement","SRC_BAN":"commune","NOM_COLL":"PAS DES SOUPIRS","TYPE_VOIE":"passage","MOT_DIR":"Soupirs","LD_BAN":null,"ID_SUPP":"TRONROUT0000000000187033/TRONROUT0000000000187034/TRONROUT0000000000187039","INSEEDBAN":null,"COMDEL_BAN":null,"DATE_CREAT":"2023-12-08T13:42:59","DATE_MAJ":"2024-03-12T16:10:18","NOM_NORMA":"PAS DES SOUPIRS","ID_BAN_ODO":null,"Nom_a_verifier":false,"other_tags":"nan"},"geometry":{"type":"MultiLineString","coordinates":[[[2.396717611082905,48.869261089242336],[2.396477407170885,48.868813807120311]],[[2.396187667173795,48.868288931385642],[2.396029849492635,48.868026427815771]],[[2.396477407170885,48.868813807120311],[2.396187667173795,48.868288931385642]]]}},
{"type":"Feature","properties":{"ID":"VOIE_NOM0000002338742834","ID_BAN":"75120_5984","name":"Place du Maquis du Vercors","INSEE_COM":"75120","NOM_COM":"Paris 20e Arrondissement","SRC_BAN":"commune","NOM_COLL":"PL DU MAQUIS DU VERCORS","TYPE_VOIE":"place","MOT_DIR":"Vercors","LD_BAN":null,"ID_SUPP":"TRONROUT0000000082259727/TRONROUT0000000082259740/TRONROUT0000000082259749/TRONROUT0000000356677406","INSEEDBAN":null,"COMDEL_BAN":null,"DATE_CREAT":"2023-12-08T13:42:59","DATE_MAJ":"2024-03-12T16:10:18","NOM_NORMA":"PL DU MAQUIS DU VERCORS","ID_BAN_ODO":null,"Nom_a_verifier":false,"other_tags":"nan"},"geometry":{"type":"MultiLineString","coordinates":[[[2.408292748914076,48.877685360754057],[2.408352325136258,48.877602017606762]],[[2.409504172758111,48.877988120845679],[2.409461183175268,48.878051761122428]],[[2.408352325136258,48.877602017606762],[2.408453032637024,48.8776187032067],[2.408637995158023,48.877660086840358]],[[2.408637995158023,48.877660086840358],[2.408805172533666,48.877706778329518],[2.408988670198167,48.877757147470028],[2.409142183572614,48.877806469009457],[2.40920331224281,48.877826555935165],[2.40926849036956,48.877850260126557],[2.409343110395451,48.877883004155294],[2.409432524025935,48.877933807690752],[2.409504172758111,48.877988120845679]]]}},
{"type":"Feature","properties":{"ID":"VOIE_NOM0000002338742841","ID_BAN":"75120_4100","name":"Rue Géo Chavez","INSEE_COM":"75120","NOM_COM":"Paris 20e Arrondissement","SRC_BAN":"commune","NOM_COLL":"R GEO CHAVEZ","TYPE_VOIE":"rue","MOT_DIR":"Chavez","LD_BAN":null,"ID_SUPP":"TRONROUT0000000000187863/TRONROUT0000000000187873/TRONROUT0000000000188841/TRONROUT0000000000188845/TRONROUT0000000000188847/TRONROUT0000000350840253","INSEEDBAN":null,"COMDEL_BAN":null,"DATE_CREAT":"2023-12-08T13:42:59","DATE_MAJ":"2024-03-12T16:10:18","NOM_NORMA":"R GEO CHAVEZ","ID_BAN_ODO":null,"Nom_a_verifier":false,"other_tags":"\"wikipedia\"=>\"fr:Rue_G%C3%A9o-Chavez\""},"geometry":{"type":"MultiLineString","coordinates":[[[2.408624593378155,48.864670935407332],[2.408553173228293,48.864718247479203],[2.408528546265019,48.864726219830359]],[[2.408528546265019,48.864726219830359],[2.408416346458096,48.864763437543139],[2.408201457153731,48.864840617696736],[2.407963333793315,48.864923078568403],[2.407759337470015,48.86500121114716]],[[2.406617050177452,48.86559721111626],[2.40657527671459,48.865674347150978],[2.406554154312826,48.86573359878723],[2.40653646545532,48.865850425126986],[2.4065417339408,48.86598625140121],[2.406540688970635,48.866077978762092]],[[2.406617050177452,48.86559721111626],[2.406658598177681,48.86553985940354],[2.406730307934719,48.865467368424518],[2.406829248312848,48.865397710378744],[2.40694041515258,48.865331710190581],[2.407062445357126,48.865269361073629],[2.407178859242922,48.865221373439404],[2.407280217739195,48.865178707166969]],[[2.407759337470015,48.86500121114716],[2.407593680311776,48.865064244384648]],[[2.407593680311776,48.865064244384648],[2.407418460803247,48.865129028724468],[2.407280217739195,48.865178707166969]]]}},
{"type":"Feature","properties":{"ID":"VOIE_NOM0000002338742853","ID_BAN":"75120_7228","name":"Rue Pelleport","INSEE_COM":"75120","NOM_COM":"Paris 20e Arrondissement","SRC_BAN":"commune","NOM_COLL":"R PELLEPORT","TYPE_VOIE":"rue","MOT_DIR":"Pelleport","LD_BAN":null,"ID_SUPP":"TRONROUT0000000000184488/TRONROUT0000000000184491/TRONROUT0000000000185254/TRONROUT0000000000185255/TRONROUT0000000000185265/TRONROUT0000000000185268/TRONROUT0000000000186132/TRONROUT0000000000186135/TRONROUT0000000000187010/TRONROUT0000000000187017/TRON","INSEEDBAN":null,"COMDEL_BAN":null,"DATE_CREAT":"2023-12-08T13:42:59","DATE_MAJ":"2025-09-09T00:21:25","NOM_NORMA":"R PELLEPORT","ID_BAN_ODO":null,"Nom_a_verifier":false,"other_tags":"\"wikipedia\"=>\"fr:Rue_Pelleport\""},"geometry":{"type":"MultiLineString","coordinates":[[[2.404139752967521,48.864681966293055],[2.40422793485083,48.864599666014428],[2.404263878210847,48.864555777273033],[2.404287461477603,48.864519921058466],[2.40430157532422,48.864477722325013],[2.404307531404707,48.864433684304508],[2.40430997417194,48.864339265744157]],[[2.403200764563008,48.865972336556389],[2.404139752967521,48.864681966293055]],[[2.403200764563008,48.865972336556389],[2.403026376820923,48.866201697618273],[2.402641506209785,48.866716897036206],[2.402249740129791,48.867238355943485]],[[2.402249740129791,48.867238355943485],[2.401664038385988,48.868027745947288]],[[2.400487735230395,48.869316905076204],[2.399853592066919,48.870046686178284],[2.399725104733475,48.870194432301666],[2.39950269537212,48.870447828725538],[2.399223427436518,48.870784577515707]],[[2.398340230595324,48.871827866694872],[2.398847297832561,48.871244947389528],[2.399223427436518,48.870784577515707]],[[2.401427664849187,48.868311654009368],[2.400676673880659,48.869128091260755]],[[2.400676673880659,48.869128091260755],[2.400487735230395,48.869316905076204]],[[2.401664038385988,48.868027745947288],[2.401511798706335,48.868226637693624],[2.401427664849187,48.868311654009368]],[[2.404096221843511,48.863363316393738],[2.404064532831491,48.863392836857059],[2.404027319669691,48.863428625189407],[2.403994144093763,48.863468930321481]],[[2.403994144093763,48.863468930321481],[2.403993784004159,48.863500405461053],[2.40400290338049,48.863537323852945],[2.404022659518944,48.863597678074441],[2.40404376844691,48.863658938366321]],[[2.40404376844691,48.863658938366321],[2.404075514227291,48.863743634474851],[2.404135091844803,48.86389771836896]],[[2.404135091844803,48.86389771836896],[2.404300669341074,48.864318534605459],[2.40430997417194,48.864339265744157]],[[2.406346071180125,48.862342053955778],[2.406050382255675,48.862453004529108],[2.405909439495578,48.862500869397849],[2.405612611459441,48.862592027714712],[2.405209077778355,48.862716829992252],[2.405007873604681,48.862789575842825],[2.404848942740502,48.862860732901567],[2.40468991895681,48.862939983356576],[2.404621367517011,48.862974716653632],[2.404566476963536,48.863006819854931],[2.404464822348603,48.863075563325275],[2.40430394072958,48.863197972389131],[2.404096221843511,48.863363316393738]],[[2.397902001063932,48.872351773819247],[2.397922980068893,48.872306013295137],[2.398115018671998,48.87208664215435],[2.398340230595324,48.871827866694872]],[[2.397907912979674,48.872430045633706],[2.397912555206664,48.872500217048575],[2.397913285883249,48.872672892863811],[2.397909145611366,48.872795181454634],[2.397892132927822,48.87296956664219],[2.397885818446436,48.873161992285993],[2.397884260542433,48.873414697161138],[2.397885344593054,48.8735567972805],[2.397886168756,48.873721379403015],[2.397898179988869,48.873861735780274],[2.397913990120618,48.87402729256705],[2.397916842987549,48.874134327524843],[2.39791796720061,48.874155017833566]],[[2.397907912979674,48.872430045633706],[2.397902001063932,48.872351773819247]],[[2.39791796720061,48.874155017833566],[2.397917636073204,48.874301607402153]],[[2.397917636073204,48.874301607402153],[2.397920279828851,48.875134402432423],[2.397921656617054,48.875369134980374],[2.397954939631996,48.875438550921267]]]}},
{"type":"Feature","properties":{"ID":"VOIE_NOM0000002338742891","ID_BAN":"75120_7646","name":"Avenue de la Porte de Bagnolet","INSEE_COM":"75120","NOM_COM":"Paris 20e Arrondissement","SRC_BAN":"commune","NOM_COLL":"AV DE LA PORTE DE BAGNOLET","TYPE_VOIE":"avenue","MOT_DIR":"Bagnolet","LD_BAN":null,"ID_SUPP":"TRONROUT0000000000188821/TRONROUT0000000000188826/TRONROUT0000000000188828/TRONROUT0000000350840297","INSEEDBAN":null,"COMDEL_BAN":null,"DATE_CREAT":"2023-12-08T13:42:59","DATE_MAJ":"2024-03-12T16:10:18","NOM_NORMA":"AV DE LA PORTE DE BAGNOLET","ID_BAN_ODO":null,"Nom_a_verifier":false,"other_tags":"nan"},"geometry":{"type":"MultiLineString","coordinates":[[[2.409007739196652,48.864541524426585],[2.409150513185673,48.864572806913415]],[[2.410107762463106,48.864784376954219],[2.410398734983282,48.864849663845909],[2.410716939013931,48.864917782124046],[2.410957601593311,48.864972027849447]],[[2.409150513185673,48.864572806913415],[2.409414303733558,48.864630767310068]],[[2.409414303733558,48.864630767310068],[2.409600594155596,48.86467125737996],[2.409857590777508,48.864727384595511],[2.410107762463106,48.864784376954219]]]}},
{"type":"Feature","properties":{"ID":"VOIE_NOM0000002338742913","ID_BAN":"75120_7848","name":"Avenue du Professeur André Lemierre","INSEE_COM":"75120","NOM_COM":"Paris 20e Arrondissement","SRC_BAN":"commune","NOM_COLL":"AV DU PROFESSEUR ANDRE LEMIERRE","TYPE_VOIE":"avenue","MOT_DIR":"Lemierre","LD_BAN":null,"ID_SUPP":"TRONROUT0000000000192642/TRONROUT0000000000193380/TRONROUT0000000000193382/TRONROUT0000000002777646","INSEEDBAN":null,"COMDEL_BAN":null,"DATE_CREAT":"2023-12-08T13:42:59","DATE_MAJ":"2024-03-12T16:10:18","NOM_NORMA":"AV DU PROFESSEUR ANDRE LEMIERRE","ID_BAN_ODO":null,"Nom_a_verifier":false,"other_tags":"nan"},"geometry":{"type":"MultiLineString","coordinates":[[[2.415334029463412,48.854338969997897],[2.415252626839231,48.854791843215558],[2.415199659960938,48.855139631610605]],[[2.414712373036216,48.858723838351032],[2.41468460069947,48.858648157625339],[2.414638717793461,48.858486051270724],[2.414637900489122,48.85843748269108],[2.414637113497009,48.858386216225064],[2.414650692981969,48.858269367902139]],[[2.415199659960938,48.855139631610605],[2.415110986541839,48.855632939470262],[2.415021937873695,48.85615952101908]],[[2.415021937873695,48.85615952101908],[2.414871779708769,48.857030252744636],[2.414736124198092,48.857822811575588],[2.414650692981969,48.858269367902139]]]}},
{"type":"Feature","properties":{"ID":"VOIE_NOM0000002338742927","ID_BAN":"75120_0833","name":"Rue de Belleville","INSEE_COM":"75120","NOM_COM":"Paris 20e Arrondissement","SRC_BAN":"commune","NOM_COLL":"R DE BELLEVILLE","TYPE_VOIE":"rue","MOT_DIR":"Belleville","LD_BAN":null,"ID_SUPP":"TRONROUT0000000000182889/TRONROUT0000000000182890/TRONROUT0000000000182892/TRONROUT0000000000182913/TRONROUT0000000000183706/TRONROUT0000000000183718/TRONROUT0000000000183719/TRONROUT0000000000183721/TRONROUT0000000000183722/TRONROUT0000000000183727/TRON","INSEEDBAN":null,"COMDEL_BAN":null,"DATE_CREAT":"2023-12-08T13:42:59","DATE_MAJ":"2025-03-04T21:54:12","NOM_NORMA":"R DE BELLEVILLE","ID_BAN_ODO":null,"Nom_a_verifier":false,"other_tags":"\"wikipedia\"=>\"fr:Rue_de_Belleville\""},"geometry":{"type":"MultiLineString","coordinates":[[[2.406464162785779,48.876982026263924],[2.406531009404004,48.876978760355932],[2.406586856758044,48.876983533854975],[2.40664123828961,48.876997293359622]],[[2.406102190248553,48.87703958679829],[2.40620163508718,48.877047274748385],[2.406271167562645,48.877047619626474],[2.406312120273871,48.877043326082742],[2.406350387216073,48.877035421887484],[2.40638599913146,48.877021209206518],[2.406421641774497,48.877004298678038],[2.406464162785779,48.876982026263924]],[[2.406011141106451,48.877013054499066],[2.406102190248553,48.87703958679829]],[[2.405247303551713,48.87680061748155],[2.406011141106451,48.877013054499066]],[[2.403642707656814,48.876307895650754],[2.403736460494906,48.876336241908326],[2.404392774354757,48.876531066518552],[2.40463189448168,48.876605101749497],[2.405123667801268,48.876762231304212],[2.405247303551713,48.87680061748155]],[[2.402552808956573,48.875995789354171],[2.403642707656814,48.876307895650754]],[[2.399208122171167,48.875539276809235],[2.402552808956573,48.875995789354171]],[[2.398965987022432,48.875491296088789],[2.398836666920299,48.875473559421359],[2.398478243606188,48.875460067595746],[2.397954939631996,48.875438550921267]],[[2.399208122171167,48.875539276809235],[2.398965987022432,48.875491296088789]],[[2.397954939631996,48.875438550921267],[2.397506713306797,48.875409315863379]],[[2.397506713306797,48.875409315863379],[2.395694851561235,48.875281471136873]],[[2.395694851561235,48.875281471136873],[2.395367943655133,48.875254639095935]],[[2.395207143398541,48.875247531471977],[2.395367943655133,48.875254639095935]],[[2.39477744262976,48.87526694370586],[2.395207143398541,48.875247531471977]],[[2.393548189024706,48.875337165695392],[2.393960209331526,48.87531407103188]],[[2.393960209331526,48.87531407103188],[2.39477744262976,48.87526694370586]],[[2.392101521255397,48.875461130465723],[2.39226238470668,48.875462846586331]],[[2.392628283796926,48.875419737033567],[2.392338826093332,48.875455140653813],[2.39226238470668,48.875462846586331]],[[2.393548189024706,48.875337165695392],[2.39321795803578,48.875361572882696],[2.39266515682634,48.875414528121063],[2.392628283796926,48.875419737033567]],[[2.389645129763283,48.875302939350824],[2.39045749316421,48.875439280489061],[2.391333940723904,48.875459028743094],[2.391384384242512,48.875459285218128],[2.392101521255397,48.875461130465723]],[[2.388924056434099,48.87493952750296],[2.388496636417807,48.87476467290373],[2.388251798664938,48.87471575727065],[2.387822628177838,48.874690180589383],[2.387774933198164,48.874688138000167]],[[2.389283291779059,48.875115831355636],[2.388924056434099,48.87493952750296]],[[2.389596334296882,48.87527840856589],[2.389645129763283,48.875302939350824]],[[2.389283291779059,48.875115831355636],[2.389596334296882,48.87527840856589]],[[2.387774933198164,48.874688138000167],[2.387452080744171,48.874664902362376]],[[2.387452080744171,48.874664902362376],[2.387026969267486,48.874642041593646],[2.386962967489975,48.874635418510749],[2.386898997485623,48.874626097556153],[2.386813394433954,48.874601377087075],[2.38672785499497,48.874571260881176],[2.386491686952801,48.87448101670153],[2.386288143796639,48.874399033314944]],[[2.385691787589019,48.874099194239101],[2.385610488035465,48.87405650829691],[2.385388318041417,48.873935756364006]],[[2.386288143796639,48.874399033314944],[2.385691787589019,48.874099194239101]],[[2.381901924348441,48.873265787292738],[2.381209660318424,48.87312371309676]],[[2.383028408513119,48.87346675438058],[2.382670514713276,48.873410049771302],[2.382599773204042,48.873397094236026]],[[2.383085559974287,48.873476042283549],[2.383028408513119,48.87346675438058]],[[2.385388318041417,48.873935756364006],[2.385167257603319,48.873836593719403],[2.385057372186395,48.873790163221273],[2.384960981845434,48.873755493303413],[2.384835909396155,48.873725172581572],[2.384702604228078,48.873699306081569],[2.384476733580484,48.873661272141753],[2.384245378211706,48.873625907562591],[2.383163139439734,48.873487234097091],[2.383085559974287,48.873476042283549]],[[2.382599773204042,48.873397094236026],[2.382466459324237,48.873372124517957],[2.381901924348441,48.873265787292738]],[[2.381209660318424,48.87312371309676],[2.380554122851399,48.872989019604447],[2.379834493735429,48.872855789120713]],[[2.378922346237482,48.872632521302044],[2.379228115761801,48.87271504763239],[2.379834493735429,48.872855789120713]],[[2.3785499495884,48.872535258916187],[2.378695367892953,48.87257378590099],[2.378922346237482,48.872632521302044]],[[2.378097358355699,48.872417793340809],[2.378505112227343,48.872522435423548],[2.3785499495884,48.872535258916187]],[[2.378097358355699,48.872417793340809],[2.377636578896359,48.872301182793834]],[[2.376904765014236,48.872048259443247],[2.3770390058737,48.87210921369347]],[[2.377636578896359,48.872301182793834],[2.377444994262884,48.872247125689903],[2.377186879550823,48.872170238722376],[2.3770390058737,48.87210921369347]]]}},
{"type":"Feature","properties":{"ID":"VOIE_NOM0000002338742949","ID_BAN":"75120_5134","name":"Rue de la Justice","INSEE_COM":"75120","NOM_COM":"Paris 20e Arrondissement","SRC_BAN":"commune","NOM_COLL":"R DE LA JUSTICE","TYPE_VOIE":"rue","MOT_DIR":"Justice","LD_BAN":null,"ID_SUPP":"TRONROUT0000000000186097/TRONROUT0000000000186954/TRONROUT0000000000186956/TRONROUT0000000000186978/TRONROUT0000000245696513/TRONROUT0000000350840244/TRONROUT0000000356704165","INSEEDBAN":null,"COMDEL_BAN":null,"DATE_CREAT":"2023-12-08T13:42:59","DATE_MAJ":"2024-03-12T16:10:18","NOM_NORMA":"R DE LA JUSTICE","ID_BAN_ODO":null,"Nom_a_verifier":false,"other_tags":"\"wikipedia\"=>\"fr:Rue_de_la_Justice\""},"geometry":{"type":"MultiLineString","coordinates":[[[2.408781695770394,48.868604516512306],[2.408704036412887,48.868600535540651],[2.408707385417936,48.868545692564929],[2.408710622129719,48.868500741732738],[2.408682312259417,48.868472722444132]],[[2.408823885019098,48.869091265766031],[2.408743815013825,48.869059393503335]],[[2.406859345510634,48.869937714200319],[2.406928068443666,48.869888591284052],[2.40710558898759,48.869742879056879],[2.407355940642569,48.869546265051305],[2.407591193148069,48.869358569124216]],[[2.407591193148069,48.869358569124216],[2.407613208580077,48.86934069136823]],[[2.408298181078612,48.868806276545477],[2.408419314213921,48.868703451640407],[2.408544587407931,48.868596150381791],[2.408682312259417,48.868472722444132]],[[2.408743815013825,48.869059393503335],[2.40855964873856,48.868950563288948],[2.408298181078612,48.868806276545477]],[[2.407613208580077,48.86934069136823],[2.407765891658189,48.869220935922165],[2.407941962640024,48.869082409905467],[2.408116608206305,48.868949272585176],[2.408298181078612,48.868806276545477]]]}},
{"type":"Feature","properties":{"ID":"VOIE_NOM0000002338742950","ID_BAN":"75120_6263","name":"Rue Mendelssohn","INSEE_COM":"75120","NOM_COM":"Paris 20e Arrondissement","SRC_BAN":"commune","NOM_COLL":"R MENDELSSOHN","TYPE_VOIE":"rue","MOT_DIR":"Mendelssohn","LD_BAN":null,"ID_SUPP":"TRONROUT0000000000193392/TRONROUT0000000000193394/TRONROUT0000000000193397/TRONROUT0000000000193407/TRONROUT0000000350840261","INSEEDBAN":null,"COMDEL_BAN":null,"DATE_CREAT":"2023-12-08T13:42:59","DATE_MAJ":"2024-03-12T16:10:18","NOM_NORMA":"R MENDELSSOHN","ID_BAN_ODO":null,"Nom_a_verifier":false,"other_tags":"\"wikipedia\"=>\"fr:Rue_Mendelssohn\""},"geometry":{"type":"MultiLineString","coordinates":[[[2.411410633584419,48.855157926993932],[2.412060712104391,48.854676374759407]],[[2.411202959139771,48.855324183827719],[2.411410633584419,48.855157926993932]],[[2.410295828795088,48.855877311761006],[2.410403594005736,48.855868849329141]],[[2.410848302602861,48.855592242231772],[2.411202959139771,48.855324183827719]],[[2.410403594005736,48.855868849329141],[2.410493805210258,48.855845910776864],[2.410666843806041,48.855729848065721],[2.410848302602861,48.855592242231772]]]}},
{"type":"Feature","properties":{"ID":"VOIE_NOM0000002338742951","ID_BAN":"75120_8022","name":"Rue Ramus","INSEE_COM":"75120","NOM_COM":"Paris 20e Arrondissement","SRC_BAN":"commune","NOM_COLL":"R RAMUS","TYPE_VOIE":"rue","MOT_DIR":"Ramus","LD_BAN":null,"ID_SUPP":"TRONROUT0000000000188902/TRONROUT0000000000189992/TRONROUT0000000000189998/TRONROUT0000000000190003","INSEEDBAN":null,"COMDEL_BAN":null,"DATE_CREAT":"2023-12-08T13:42:59","DATE_MAJ":"2024-03-12T16:10:18","NOM_NORMA":"R RAMUS","ID_BAN_ODO":null,"Nom_a_verifier":false,"other_tags":"\"wikipedia\"=>\"fr:Rue_Ramus\""},"geometry":{"type":"MultiLineString","coordinates":[[[2.399832163247994,48.861612573914194],[2.39967427127302,48.86194813614771],[2.399639460843608,48.862011814843186],[2.399563750288775,48.862076187670326],[2.399493532973167,48.862136990641119]],[[2.39798774820341,48.863399296420425],[2.397609412438197,48.863700470765771],[2.397504844417826,48.863784482471303]],[[2.399493532973167,48.862136990641119],[2.399021400418698,48.862535727314345]],[[2.399021400418698,48.862535727314345],[2.398343001797607,48.863089910704595],[2.39798774820341,48.863399296420425]]]}},
{"type":"Feature","properties":{"ID":"VOIE_NOM0000002338742954","ID_BAN":"75120_9889","name":"Square Vitruve","INSEE_COM":"75120","NOM_COM":"Paris 20e Arrondissement","SRC_BAN":"commune","NOM_COLL":"SQ VITRUVE","TYPE_VOIE":"square","MOT_DIR":"Vitruve","LD_BAN":null,"ID_SUPP":"TRONROUT0000000000191729/TRONROUT0000000000191734/TRONROUT0000000356836709","INSEEDBAN":null,"COMDEL_BAN":null,"DATE_CREAT":"2023-12-08T13:42:59","DATE_MAJ":"2024-03-12T16:10:18","NOM_NORMA":"SQ VITRUVE","ID_BAN_ODO":null,"Nom_a_verifier":false,"other_tags":"nan"},"geometry":{"type":"MultiLineString","coordinates":[[[2.407804818325875,48.859561318930133],[2.407780203907787,48.859568391871193],[2.407743456055478,48.859563713288829],[2.40757254562322,48.859490919805431],[2.407470837800913,48.859445449058391],[2.407440955809482,48.859436307657852],[2.407417765692704,48.85943799151417],[2.407398469992676,48.859456782185752],[2.407396994554809,48.859466667662389],[2.407411843497671,48.859479332008206],[2.407592253235441,48.859555770123933],[2.407608495851157,48.85956574331172],[2.407575386859475,48.859600653817978],[2.407672965399842,48.859649701404201],[2.407612311542088,48.859709657200163]],[[2.408904442534042,48.858748352405257],[2.409100503049423,48.858886920358586],[2.409231807699896,48.858966710935491],[2.409491909307596,48.858986880930317]],[[2.407804818325875,48.859561318930133],[2.408098711406299,48.859366715967823],[2.408251542237933,48.859351283604987],[2.408546815796745,48.85915488765766],[2.408507449595834,48.859020690812613],[2.408904442534042,48.858748352405257]]]}},
{"type":"Feature","properties":{"ID":"VOIE_NOM0000002338742978","ID_BAN":"75120_x173","name":"Voie Bx/20","INSEE_COM":"75120","NOM_COM":"Paris 20e Arrondissement","SRC_BAN":"commune","NOM_COLL":"VOI BX/20","TYPE_VOIE":"voie","MOT_DIR":"Bx/20","LD_BAN":null,"ID_SUPP":"TRONROUT0000000330306498","INSEEDBAN":null,"COMDEL_BAN":null,"DATE_CREAT":"2023-12-08T13:42:59","DATE_MAJ":"2024-03-12T16:10:18","NOM_NORMA":"VOI BX/20","ID_BAN_ODO":null,"Nom_a_verifier":false,"other_tags":"nan"},"geometry":{"type":"MultiLineString","coordinates":[[[2.390473785454255,48.858668485842138],[2.390573691877597,48.858517005188929]]]}},
{"type":"Feature","properties":{"ID":"VOIE_NOM0000002338742981","ID_BAN":"75120_7020","name":"Rue de Pali-Kao","INSEE_COM":"75120","NOM_COM":"Paris 20e Arrondissement","SRC_BAN":"commune","NOM_COLL":"R DE PALI-KAO","TYPE_VOIE":"rue","MOT_DIR":"Kao","LD_BAN":null,"ID_SUPP":"TRONROUT0000000000186234/TRONROUT0000000000186235/TRONROUT0000000000186239/TRONROUT0000000000186247/TRONROUT0000000000186262/TRONROUT0000002341410435","INSEEDBAN":null,"COMDEL_BAN":null,"DATE_CREAT":"2023-12-08T13:42:59","DATE_MAJ":"2024-03-12T16:10:18","NOM_NORMA":"R DE PALI-KAO","ID_BAN_ODO":null,"Nom_a_verifier":false,"other_tags":"\"wikipedia\"=>\"fr:Rue_de_Pali-Kao\""},"geometry":{"type":"MultiLineString","coordinates":[[[2.380039752537757,48.869585065285584],[2.379989560953315,48.869564120527841]],[[2.380167206896769,48.869643283011975],[2.380150934290204,48.869636004038924],[2.380039752537757,48.869585065285584]],[[2.382412656974714,48.870665745257334],[2.382662251606877,48.870771355897872],[2.383093218889825,48.871217850163426]],[[2.382472085332314,48.870597702258401],[2.382299768156385,48.870528463506304],[2.382043338059401,48.870424615461758],[2.381805737676558,48.87034244820051]],[[2.381246928831604,48.870101236367141],[2.380636452241595,48.869848962445133],[2.380167206896769,48.869643283011975]],[[2.381805737676558,48.87034244820051],[2.381246928831604,48.870101236367141]]]}},
{"type":"Feature","properties":{"ID":"VOIE_NOM0000002338742983","ID_BAN":"75120_r224","name":"Villa des Trois Couronnes","INSEE_COM":"75120","NOM_COM":"Paris 20e Arrondissement","SRC_BAN":"commune","NOM_COLL":"VLA DES 3 COURONNES","TYPE_VOIE":"villa","MOT_DIR":"Couronnes","LD_BAN":null,"ID_SUPP":"TRONROUT0000000000186245","INSEEDBAN":null,"COMDEL_BAN":null,"DATE_CREAT":"2023-12-08T13:42:59","DATE_MAJ":"2024-03-12T16:10:18","NOM_NORMA":"VLA DES TROIS COURONNES","ID_BAN_ODO":null,"Nom_a_verifier":false,"other_tags":"nan"},"geometry":{"type":"MultiLineString","coordinates":[[[2.38090908353286,48.869506825793827],[2.381579516345766,48.86976120688329],[2.381246928831604,48.870101236367141]]]}},
{"type":"Feature","properties":{"ID":"VOIE_NOM0000002338742988","ID_BAN":"75120_6440","name":"Passage Monplaisir","INSEE_COM":"75120","NOM_COM":"Paris 20e Arrondissement","SRC_BAN":"commune","NOM_COLL":"PAS MONPLAISIR","TYPE_VOIE":"passage","MOT_DIR":"Monplaisir","LD_BAN":null,"ID_SUPP":"TRONROUT0000000000187984/TRONROUT0000000330349964","INSEEDBAN":null,"COMDEL_BAN":null,"DATE_CREAT":"2023-12-08T13:42:59","DATE_MAJ":"2024-03-12T16:10:18","NOM_NORMA":"PAS MONPLAISIR","ID_BAN_ODO":null,"Nom_a_verifier":false,"other_tags":"nan"},"geometry":{"type":"MultiLineString","coordinates":[[[2.384889974700859,48.865337327763882],[2.384826218255799,48.865310919178874]],[[2.384889974700859,48.865337327763882],[2.385031160988737,48.8653866177238],[2.385653253583291,48.865575976177894],[2.385805775927436,48.865704465381214],[2.386154975445479,48.865800687662109]]]}},
{"type":"Feature","properties":{"ID":"VOIE_NOM0000002338742998","ID_BAN":"75120_1887","name":"Boulevard de Charonne","INSEE_COM":"75120","NOM_COM":"Paris 20e Arrondissement","SRC_BAN":"commune","NOM_COLL":"BD DE CHARONNE","TYPE_VOIE":"boulevard","MOT_DIR":"Charonne","LD_BAN":null,"ID_SUPP":"TRONROUT0000000000192731/TRONROUT0000000000192733/TRONROUT0000000000192741/TRONROUT0000000000193477/TRONROUT0000000000194196/TRONROUT0000000000194199/TRONROUT0000000000195047/TRONROUT0000000000195050/TRONROUT0000000000195923/TRONROUT0000000000195926/TRON","INSEEDBAN":null,"COMDEL_BAN":null,"DATE_CREAT":"2023-12-08T13:42:59","DATE_MAJ":"2024-03-12T16:10:18","NOM_NORMA":"BD DE CHARONNE","ID_BAN_ODO":null,"Nom_a_verifier":false,"other_tags":"nan"},"geometry":{"type":"MultiLineString","coordinates":[[[2.39912112864224,48.848098095635009],[2.399180356681671,48.848397877861551]],[[2.399180356681671,48.848397877861551],[2.399245621051604,48.848765141781691],[2.399247133361468,48.848870373702674]],[[2.39935490660626,48.848860122565526],[2.399247133361468,48.848870373702674]],[[2.397180746966506,48.853036569362239],[2.397860063478575,48.852156827870083],[2.397920948363682,48.852077092044595],[2.398216923665197,48.851701753011945],[2.398428689802125,48.851419522314615],[2.398516785599168,48.851343520354121]],[[2.397180746966506,48.853036569362239],[2.396483649772618,48.853919814134137]],[[2.3988001594838,48.850760366102719],[2.398861172510648,48.85055112369794],[2.398911024254899,48.850364308953473]],[[2.398516785599168,48.851343520354121],[2.398635753216182,48.851190329277884],[2.39872836889826,48.850958762060969],[2.3988001594838,48.850760366102719]],[[2.39935490660626,48.848860122565526],[2.399367061178421,48.848987891728697],[2.399186048091726,48.849558971295842],[2.39910554539261,48.849804090257678]],[[2.39910554539261,48.849804090257678],[2.398998497694079,48.850105734969141],[2.398911024254899,48.850364308953473]],[[2.392275974112759,48.857705458450361],[2.39232056087347,48.857738960703415]],[[2.392051517152758,48.857902174571649],[2.391980406069557,48.857922498246701],[2.391851823039478,48.857962315439103],[2.39148255341177,48.858071057829434],[2.391167965827369,48.858165687757499],[2.390826066762926,48.858264674558853],[2.390519727800697,48.858353049344615],[2.390248970357837,48.858429013805207],[2.390224406716776,48.858431586679359],[2.390074478001441,48.858431721951376]],[[2.392011774626099,48.857803943883184],[2.392200543967115,48.857745545949101],[2.392275974112759,48.857705458450361]],[[2.392011774626099,48.857803943883184],[2.391308755724291,48.858014414436347],[2.39040873885812,48.85828683172771],[2.389999782128302,48.858408857555823]],[[2.393612544612025,48.857161838622339],[2.393842927939054,48.857040694662587],[2.394078740692956,48.856921376438137],[2.39430909051051,48.856802929437464],[2.394447564106723,48.856732581832993],[2.394524343454455,48.856693399071524],[2.394543590523544,48.856679106901254],[2.394556117395459,48.856656686600786],[2.394592439593265,48.856580425848975]],[[2.394452411483748,48.856550038858174],[2.394382080669873,48.856620731371642],[2.394186033082977,48.856719566553892],[2.393818508891389,48.856913763023961],[2.393385240181733,48.857135504839263],[2.392332219038044,48.857674266947193],[2.392275974112759,48.857705458450361]],[[2.39232056087347,48.857738960703415],[2.392350365821313,48.857754400946753],[2.39239384149242,48.857766313210767],[2.392448450891405,48.857758496361647],[2.39251419395122,48.85773095038379],[2.39265546107968,48.857655222988726],[2.392899498465868,48.857532351482348],[2.393223062703395,48.857368512797663],[2.393612544612025,48.857161838622339]],[[2.396483649772618,48.853919814134137],[2.396130962263927,48.85436501128703]],[[2.396130962263927,48.85436501128703],[2.394549346700722,48.856418325285134],[2.394452411483748,48.856550038858174]]]}},
{"type":"Feature","properties":{"ID":"VOIE_NOM0000002338743000","ID_BAN":"75120_2960","name":"Rue de la Duée","INSEE_COM":"75120","NOM_COM":"Paris 20e Arrondissement","SRC_BAN":"commune","NOM_COLL":"R DE LA DUEE","TYPE_VOIE":"rue","MOT_DIR":"Duée","LD_BAN":null,"ID_SUPP":"TRONROUT0000000000185253/TRONROUT0000000000185258/TRONROUT0000000000185261/TRONROUT0000000000185262/TRONROUT0000000000185275/TRONROUT0000000000185280/TRONROUT0000000000186155","INSEEDBAN":null,"COMDEL_BAN":null,"DATE_CREAT":"2023-12-08T13:42:59","DATE_MAJ":"2024-03-12T16:10:18","NOM_NORMA":"R DE LA DUEE","ID_BAN_ODO":null,"Nom_a_verifier":false,"other_tags":"\"wikipedia\"=>\"fr:Rue_de_la_Du%C3%A9e\""},"geometry":{"type":"MultiLineString","coordinates":[[[2.39543625308495,48.870544272492396],[2.396205563404641,48.870978937480452]],[[2.396205563404641,48.870978937480452],[2.396238072253003,48.870997088172814],[2.39630577477403,48.871037000412649]],[[2.39630577477403,48.871037000412649],[2.396580769338081,48.871188576046563],[2.396893696492652,48.871361026860939]],[[2.397902001063932,48.872351773819247],[2.39778237748212,48.872321494015083]],[[2.397487495674147,48.871884732189507],[2.397660296970473,48.872150006228381],[2.397758223569046,48.872288097123622],[2.39778237748212,48.872321494015083]],[[2.396893696492652,48.871361026860939],[2.397091437625421,48.871473540582635],[2.397267284560373,48.871593138396499]],[[2.397267284560373,48.871593138396499],[2.397333302854578,48.871660920926161],[2.397427252372907,48.871789099455945],[2.397487495674147,48.871884732189507]]]}},
{"type":"Feature","properties":{"ID":"VOIE_NOM0000002338743019","ID_BAN":"75120_1972","name":"Rue du Cher","INSEE_COM":"75120","NOM_COM":"Paris 20e Arrondissement","SRC_BAN":"commune","NOM_COLL":"R DU CHER","TYPE_VOIE":"rue","MOT_DIR":"Cher","LD_BAN":null,"ID_SUPP":"TRONROUT0000000000188873","INSEEDBAN":null,"COMDEL_BAN":null,"DATE_CREAT":"2023-12-08T13:42:59","DATE_MAJ":"2024-03-12T16:10:18","NOM_NORMA":"R DU CHER","ID_BAN_ODO":null,"Nom_a_verifier":false,"other_tags":"\"wikipedia\"=>\"fr:Rue_du_Cher_(Paris)\""},"geometry":{"type":"MultiLineString","coordinates":[[[2.399861707688271,48.864845854776398],[2.399866615296841,48.864774831507987],[2.399874093613538,48.864717311229832],[2.399885215628693,48.864698480852688],[2.399905858319257,48.864681496892743],[2.400423788247219,48.864331551274823],[2.40048332039063,48.864251808191689]]]}},
{"type":"Feature","properties":{"ID":"VOIE_NOM0000002338743062","ID_BAN":"75120_1828","name":"Rue Charles et Robert","INSEE_COM":"75120","NOM_COM":"Paris 20e Arrondissement","SRC_BAN":"commune","NOM_COLL":"R CHARLES ET ROBERT","TYPE_VOIE":"rue","MOT_DIR":"Robert","LD_BAN":null,"ID_SUPP":"TRONROUT0000000000194108/TRONROUT0000000000194109/TRONROUT0000000000194119/TRONROUT0000000331464223/TRONROUT0000000338525074/TRONROUT0000000356694094","INSEEDBAN":null,"COMDEL_BAN":null,"DATE_CREAT":"2023-12-08T13:42:59","DATE_MAJ":"2024-03-12T16:10:18","NOM_NORMA":"R CHARLES ET ROBERT","ID_BAN_ODO":null,"Nom_a_verifier":false,"other_tags":"\"wikipedia\"=>\"fr:Rue_Charles-et-Robert\""},"geometry":{"type":"MultiLineString","coordinates":[[[2.410997842739262,48.852732152750171],[2.410931098670772,48.852729126130939]],[[2.411629568101686,48.852787423045598],[2.411417223239785,48.852764794317977],[2.41115989776294,48.85274284320964],[2.410997842739262,48.852732152750171]],[[2.412426564250417,48.853172663322447],[2.41247076462871,48.853241230854096]],[[2.41247076462871,48.853241230854096],[2.412620743522072,48.853356184444351],[2.412833319102651,48.853479539155273],[2.413044593701107,48.853597490999043],[2.413203085723559,48.853682807084347]],[[2.411629568101686,48.852787423045598],[2.411731979538242,48.852890452364718]],[[2.411731979538242,48.852890452364718],[2.411839801789515,48.852997105576847],[2.412029636377021,48.853203090058791],[2.41211593979044,48.853284455484399]]]}},
{"type":"Feature","properties":{"ID":"VOIE_NOM0000002338743063","ID_BAN":"75120_4959","name":"Rue Jean Veber","INSEE_COM":"75120","NOM_COM":"Paris 20e Arrondissement","SRC_BAN":"commune","NOM_COLL":"R JEAN VEBER","TYPE_VOIE":"rue","MOT_DIR":"Veber","LD_BAN":null,"ID_SUPP":"TRONROUT0000000000189957/TRONROUT0000000350840278","INSEEDBAN":null,"COMDEL_BAN":null,"DATE_CREAT":"2023-12-08T13:42:59","DATE_MAJ":"2024-03-12T16:10:18","NOM_NORMA":"R JEAN VEBER","ID_BAN_ODO":null,"Nom_a_verifier":false,"other_tags":"\"wikipedia\"=>\"fr:Rue_Jean-Veber\""},"geometry":{"type":"MultiLineString","coordinates":[[[2.409157190332861,48.862421617434251],[2.409245703721784,48.862429249123679]],[[2.409245703721784,48.862429249123679],[2.409613346778068,48.862463439630538],[2.410066767768755,48.862506145940095],[2.410505237172548,48.86254517951533],[2.410905512615564,48.862586721503533]]]}},
{"type":"Feature","properties":{"ID":"VOIE_NOM0000002338743085","ID_BAN":"75120_4438","name":"Square de la Guyenne","INSEE_COM":"75120","NOM_COM":"Paris 20e Arrondissement","SRC_BAN":"commune","NOM_COLL":"SQ DE LA GUYENNE","TYPE_VOIE":"square","MOT_DIR":"Guyenne","LD_BAN":null,"ID_SUPP":"TRONROUT0000000000193393/TRONROUT0000000000193405/TRONROUT0000000350840257","INSEEDBAN":null,"COMDEL_BAN":null,"DATE_CREAT":"2023-12-08T13:42:59","DATE_MAJ":"2024-03-12T16:10:18","NOM_NORMA":"SQ DE LA GUYENNE","ID_BAN_ODO":null,"Nom_a_verifier":false,"other_tags":"nan"},"geometry":{"type":"MultiLineString","coordinates":[[[2.41116687257948,48.855020026946335],[2.411302238753573,48.855101634242445],[2.411410633584419,48.855157926993932]],[[2.410445440092581,48.854940929468299],[2.41054624689443,48.854945023488597]],[[2.41054624689443,48.854945023488597],[2.41065386773325,48.854949150984837],[2.410711085169774,48.854951231475454],[2.410841883877908,48.854954573598441],[2.410978062658439,48.854964237492837],[2.411074496529936,48.854993491264011],[2.41116687257948,48.855020026946335]]]}},
{"type":"Feature","properties":{"ID":"VOIE_NOM0000002338743097","ID_BAN":"75120_2874","name":"Rue des Docteurs Augusta et Jules Dejerine","INSEE_COM":"75120","NOM_COM":"Paris 20e Arrondissement","SRC_BAN":"commune","NOM_COLL":"R DES DOCTEURS AUGUSTA ET JULES DEJERINE","TYPE_VOIE":"rue","MOT_DIR":"Dejerine","LD_BAN":null,"ID_SUPP":"TRONROUT0000000000192643/TRONROUT0000000000193386/TRONROUT0000000000193390/TRONROUT0000000000193399/TRONROUT0000000000194111","INSEEDBAN":null,"COMDEL_BAN":null,"DATE_CREAT":"2023-12-08T13:42:59","DATE_MAJ":"2024-03-12T16:10:18","NOM_NORMA":"R DES DOCTEURS AUGUSTA ET JULES DEJERINE","ID_BAN_ODO":null,"Nom_a_verifier":false,"other_tags":"nan"},"geometry":{"type":"MultiLineString","coordinates":[[[2.412030270311916,48.853750796327049],[2.412010108592684,48.85396744013498],[2.412020130920803,48.85416624526728]],[[2.412020130920803,48.85416624526728],[2.412025003630211,48.854217532034937],[2.412061777570317,48.85458194851465],[2.412060712104391,48.854676374759407]],[[2.411464155370378,48.85705581090582],[2.411464612483291,48.857015342605159],[2.411534299244228,48.85687898479204],[2.411654165306478,48.856643945613662],[2.411712613242281,48.856537210812711],[2.411805984788894,48.856355102579251]],[[2.412073407857263,48.855604563257089],[2.412098892447716,48.855520149881222],[2.412121529564379,48.855446514665715],[2.412125902114111,48.855421354438057],[2.412113582850831,48.855305278173212],[2.412060712104391,48.854676374759407]],[[2.411805984788894,48.856355102579251],[2.411878243187183,48.856232247326581],[2.411984353224585,48.855887419827823],[2.412073407857263,48.855604563257089]]]}},
{"type":"Feature","properties":{"ID":"VOIE_NOM0000002338743127","ID_BAN":"75120_8829","name":"Impasse Satan","INSEE_COM":"75120","NOM_COM":"Paris 20e Arrondissement","SRC_BAN":"commune","NOM_COLL":"IMP SATAN","TYPE_VOIE":"impasse","MOT_DIR":"Satan","LD_BAN":null,"ID_SUPP":"TRONROUT0000000000193437","INSEEDBAN":null,"COMDEL_BAN":null,"DATE_CREAT":"2023-12-08T13:42:59","DATE_MAJ":"2024-03-12T16:10:18","NOM_NORMA":"IMP SATAN","ID_BAN_ODO":null,"Nom_a_verifier":false,"other_tags":"nan"},"geometry":{"type":"MultiLineString","coordinates":[[[2.402608774110657,48.856138664524593],[2.402799743889008,48.856005615051245],[2.403082722697602,48.855811868667047]]]}},
{"type":"Feature","properties":{"ID":"VOIE_NOM0000002338743131","ID_BAN":"75120_7503","name":"Impasse Pixérécourt","INSEE_COM":"75120","NOM_COM":"Paris 20e Arrondissement","SRC_BAN":"commune","NOM_COLL":"IMP PIXERECOURT","TYPE_VOIE":"impasse","MOT_DIR":"Pixérécourt","LD_BAN":null,"ID_SUPP":"TRONROUT0000000000184503","INSEEDBAN":null,"COMDEL_BAN":null,"DATE_CREAT":"2023-12-08T13:42:59","DATE_MAJ":"2024-03-12T16:10:18","NOM_NORMA":"IMP PIXERECOURT","ID_BAN_ODO":null,"Nom_a_verifier":false,"other_tags":"nan"},"geometry":{"type":"MultiLineString","coordinates":[[[2.394937642103665,48.873330590422704],[2.39496408768089,48.873283958740771],[2.395047472184587,48.873147681441708],[2.395109864066385,48.873058063354378],[2.395163898567414,48.872983691677639],[2.395197379412408,48.872918209465084],[2.395198037258271,48.87286155474365],[2.395156866624771,48.872650003189428]]]}},
{"type":"Feature","properties":{"ID":"VOIE_NOM0000002338743150","ID_BAN":"75120_5443","name":"Cité Leclaire","INSEE_COM":"75120","NOM_COM":"Paris 20e Arrondissement","SRC_BAN":"commune","NOM_COLL":"CITE LECLAIRE","TYPE_VOIE":"cité","MOT_DIR":"Leclaire","LD_BAN":null,"ID_SUPP":"TRONROUT0000000000190933/TRONROUT0000000000190937","INSEEDBAN":null,"COMDEL_BAN":null,"DATE_CREAT":"2023-12-08T13:42:59","DATE_MAJ":"2024-03-12T16:10:18","NOM_NORMA":"CITE LECLAIRE","ID_BAN_ODO":null,"Nom_a_verifier":false,"other_tags":"nan"},"geometry":{"type":"MultiLineString","coordinates":[[[2.40635551787966,48.860077556194476],[2.406341540100775,48.860108064533364],[2.406330339420767,48.860134089929424],[2.406254711478621,48.86031178471746],[2.406247691784041,48.860329736755482],[2.406232258687961,48.860368331944223]],[[2.406232258687961,48.860368331944223],[2.406041782212377,48.860816158926092]]]}},
{"type":"Feature","properties":{"ID":"VOIE_NOM0000002338743160","ID_BAN":"75120_8275","name":"Rue Robineau","INSEE_COM":"75120","NOM_COM":"Paris 20e Arrondissement","SRC_BAN":"commune","NOM_COLL":"R ROBINEAU","TYPE_VOIE":"rue","MOT_DIR":"Robineau","LD_BAN":null,"ID_SUPP":"TRONROUT0000000000188934/TRONROUT0000002334837234","INSEEDBAN":null,"COMDEL_BAN":null,"DATE_CREAT":"2023-12-08T13:42:59","DATE_MAJ":"2024-03-12T16:10:18","NOM_NORMA":"R ROBINEAU","ID_BAN_ODO":null,"Nom_a_verifier":false,"other_tags":"\"wikipedia\"=>\"fr:Rue_Robineau\""},"geometry":{"type":"MultiLineString","coordinates":[[[2.39336489716295,48.864735757250195],[2.393182614027354,48.864703356235587],[2.392465698797523,48.8645783081041],[2.392109271310882,48.864517141739348]],[[2.394273297339437,48.864922924403139],[2.394138908414606,48.864874579114087],[2.39336489716295,48.864735757250195]]]}},
{"type":"Feature","properties":{"ID":"VOIE_NOM0000002338743194","ID_BAN":"75120_3524","name":"Villa Faucheur","INSEE_COM":"75120","NOM_COM":"Paris 20e Arrondissement","SRC_BAN":"commune","NOM_COLL":"VLA FAUCHEUR","TYPE_VOIE":"villa","MOT_DIR":"Faucheur","LD_BAN":null,"ID_SUPP":"TRONROUT0000000000185319","INSEEDBAN":null,"COMDEL_BAN":null,"DATE_CREAT":"2023-12-08T13:42:59","DATE_MAJ":"2024-03-12T16:10:18","NOM_NORMA":"VLA FAUCHEUR","ID_BAN_ODO":null,"Nom_a_verifier":false,"other_tags":"nan"},"geometry":{"type":"MultiLineString","coordinates":[[[2.386032170842471,48.872287881991127],[2.386359019507405,48.871739164675162]]]}},
{"type":"Feature","properties":{"ID":"VOIE_NOM0000002338743213","ID_BAN":"75120_7899","name":"Rue de la Py","INSEE_COM":"75120","NOM_COM":"Paris 20e Arrondissement","SRC_BAN":"commune","NOM_COLL":"R DE LA PY","TYPE_VOIE":"rue","MOT_DIR":"Py","LD_BAN":null,"ID_SUPP":"TRONROUT0000000000187877/TRONROUT0000000000187880/TRONROUT0000000000188833/TRONROUT0000000000188842/TRONROUT0000000000188843/TRONROUT0000000000188853","INSEEDBAN":null,"COMDEL_BAN":null,"DATE_CREAT":"2023-12-08T13:42:59","DATE_MAJ":"2024-03-12T16:10:18","NOM_NORMA":"R DE LA PY","ID_BAN_ODO":null,"Nom_a_verifier":false,"other_tags":"\"wikipedia\"=>\"fr:Rue_de_la_Py\""},"geometry":{"type":"MultiLineString","coordinates":[[[2.406919021929717,48.864097710127112],[2.407160196731553,48.863986487509806],[2.407416404831074,48.863871741476082],[2.407691847648874,48.86374359997798]],[[2.40597536248107,48.864609251257292],[2.406047153932165,48.864529566314502],[2.406095352936951,48.86448663718965],[2.406147507751583,48.864455419092387],[2.406329787783404,48.864369087440473],[2.406522971593907,48.864282809577752],[2.40673952111955,48.864179559764089],[2.406919021929717,48.864097710127112]],[[2.403832395208526,48.866049230258739],[2.403416792842638,48.866272893405799]],[[2.405040969224491,48.86514331435437],[2.404979977250609,48.865232045747234],[2.404921690673318,48.865322589233237],[2.404864715602511,48.865417635902489],[2.40482312462747,48.865478584151447],[2.404809288346423,48.865496502128757],[2.404784516591961,48.865517063737705],[2.404719968857354,48.865559011651818],[2.404503214276672,48.865679344154131],[2.404231575242868,48.865830879928794],[2.403832395208526,48.866049230258739]],[[2.40564969311673,48.864718253194077],[2.405645307921485,48.864624700074103]],[[2.405040969224491,48.86514331435437],[2.405095053225109,48.865062642643252],[2.405146010447647,48.865017029606506],[2.405224393172222,48.864957163409933],[2.405356109709705,48.86488227338733],[2.405508435988467,48.864793096156475],[2.40564969311673,48.864718253194077]]]}},
{"type":"Feature","properties":{"ID":"VOIE_NOM0000002338743234","ID_BAN":"75120_7072","name":"Rue des Partants","INSEE_COM":"75120","NOM_COM":"Paris 20e Arrondissement","SRC_BAN":"commune","NOM_COLL":"R DES PARTANTS","TYPE_VOIE":"rue","MOT_DIR":"Partants","LD_BAN":null,"ID_SUPP":"TRONROUT0000000000187931/TRONROUT0000000000188944/TRONROUT0000000000188950/TRONROUT0000000000188957/TRONROUT0000000000188966","INSEEDBAN":null,"COMDEL_BAN":null,"DATE_CREAT":"2023-12-08T13:42:59","DATE_MAJ":"2024-03-12T16:10:18","NOM_NORMA":"R DES PARTANTS","ID_BAN_ODO":null,"Nom_a_verifier":false,"other_tags":"\"wikipedia\"=>\"fr:Rue_des_Partants\""},"geometry":{"type":"MultiLineString","coordinates":[[[2.389847076201049,48.865512891943794],[2.389984683882035,48.865518989438741],[2.390209539127354,48.865524631994795],[2.39031043848973,48.865522448015263],[2.390340531452907,48.865513607905662],[2.390369292899772,48.865502062984703],[2.391045116656573,48.865178143550231],[2.391177786298323,48.865140146860021]],[[2.391177786298323,48.865140146860021],[2.391237803337666,48.865136854787075],[2.391866461256288,48.865115768587252]],[[2.393041262010128,48.865603778674839],[2.393111597423697,48.865650901037228]],[[2.391866461256288,48.865115768587252],[2.392353349184037,48.865094858724305]],[[2.392353349184037,48.865094858724305],[2.392945510267873,48.86551515770492],[2.393041262010128,48.865603778674839]]]}},
{"type":"Feature","properties":{"ID":"VOIE_NOM0000002338743269","ID_BAN":"75120_4672","name":"Rue Houdart","INSEE_COM":"75120","NOM_COM":"Paris 20e Arrondissement","SRC_BAN":"commune","NOM_COLL":"R HOUDART","TYPE_VOIE":"rue","MOT_DIR":"Houdart","LD_BAN":null,"ID_SUPP":"TRONROUT0000000000188974/TRONROUT0000000000190049","INSEEDBAN":null,"COMDEL_BAN":null,"DATE_CREAT":"2023-12-08T13:42:59","DATE_MAJ":"2024-03-12T16:10:18","NOM_NORMA":"R HOUDART","ID_BAN_ODO":null,"Nom_a_verifier":false,"other_tags":"\"wikipedia\"=>\"fr:Rue_Houdart\""},"geometry":{"type":"MultiLineString","coordinates":[[[2.387687375583551,48.864044029922425],[2.388157388306479,48.86337012841453],[2.388261156658704,48.863239354875439]],[[2.38727612218495,48.864588724907868],[2.387687375583551,48.864044029922425]]]}},
{"type":"Feature","properties":{"ID":"VOIE_NOM0000002338743324","ID_BAN":"75120_1514","name":"Rue du Capitaine Tarron","INSEE_COM":"75120","NOM_COM":"Paris 20e Arrondissement","SRC_BAN":"commune","NOM_COLL":"R DU CAPITAINE TARRON","TYPE_VOIE":"rue","MOT_DIR":"Tarron","LD_BAN":null,"ID_SUPP":"TRONROUT0000000312870178/TRONROUT0000000350840251","INSEEDBAN":null,"COMDEL_BAN":null,"DATE_CREAT":"2023-12-08T13:42:59","DATE_MAJ":"2024-03-12T16:10:18","NOM_NORMA":"R DU CAPITAINE TARRON","ID_BAN_ODO":null,"Nom_a_verifier":false,"other_tags":"\"wikipedia\"=>\"fr:Rue_du_Capitaine-Tarron\""},"geometry":{"type":"MultiLineString","coordinates":[[[2.407759337470015,48.86500121114716],[2.407874830173163,48.865034158816322],[2.407994473545265,48.865061730867652],[2.408104442730637,48.865100946364983],[2.408207453706916,48.865152718102387],[2.408304920671365,48.865212556391576],[2.40838723064124,48.865286709100211],[2.408475064629718,48.865354593675022],[2.408538843323801,48.865380090371502],[2.408613771714039,48.865384057991335]],[[2.408613771714039,48.865384057991335],[2.408720142751541,48.865380086855566]]]}},
{"type":"Feature","properties":{"ID":"VOIE_NOM0000002338743342","ID_BAN":"75120_7190","name":"Rue Pauline Kergomard","INSEE_COM":"75120","NOM_COM":"Paris 20e Arrondissement","SRC_BAN":"commune","NOM_COLL":"R PAULINE KERGOMARD","TYPE_VOIE":"rue","MOT_DIR":"Kergomard","LD_BAN":null,"ID_SUPP":"TRONROUT0000000000193419","INSEEDBAN":null,"COMDEL_BAN":null,"DATE_CREAT":"2023-12-08T13:42:59","DATE_MAJ":"2024-03-12T16:10:18","NOM_NORMA":"R PAULINE KERGOMARD","ID_BAN_ODO":null,"Nom_a_verifier":false,"other_tags":"\"wikipedia\"=>\"fr:Rue_Pauline-Kergomard_(Paris)\""},"geometry":{"type":"MultiLineString","coordinates":[[[2.406766084845777,48.855981276438371],[2.406700196129015,48.855783093456743],[2.406607737694242,48.855524522386276],[2.407315747480915,48.854986624222946],[2.407635124324585,48.854945936379721]]]}},
{"type":"Feature","properties":{"ID":"VOIE_NOM0000002338743347","ID_BAN":"75120_8580","name":"Villa Sainte-Marie","INSEE_COM":"75120","NOM_COM":"Paris 20e Arrondissement","SRC_BAN":"commune","NOM_COLL":"VLA SAINTE-MARIE","TYPE_VOIE":"villa","MOT_DIR":"Marie","LD_BAN":null,"ID_SUPP":"TRONROUT0000000000185228","INSEEDBAN":null,"COMDEL_BAN":null,"DATE_CREAT":"2023-12-08T13:42:59","DATE_MAJ":"2024-03-12T16:10:18","NOM_NORMA":"VLA SAINTE-MARIE","ID_BAN_ODO":null,"Nom_a_verifier":false,"other_tags":"nan"},"geometry":{"type":"MultiLineString","coordinates":[[[2.407856572929603,48.87143734612232],[2.408111162646439,48.871228161098031],[2.408372668581948,48.871010016343391],[2.40854326048182,48.87087416056643],[2.408611942222306,48.8708286338615]]]}},
{"type":"Feature","properties":{"ID":"VOIE_NOM0000002338743350","ID_BAN":"75120_3347","name":"Rue Ernest Lefèvre","INSEE_COM":"75120","NOM_COM":"Paris 20e Arrondissement","SRC_BAN":"commune","NOM_COLL":"R ERNEST LEFEVRE","TYPE_VOIE":"rue","MOT_DIR":"Lefèvre","LD_BAN":null,"ID_SUPP":"TRONROUT0000000000186113/TRONROUT0000000000186123/TRONROUT0000000000186997","INSEEDBAN":null,"COMDEL_BAN":null,"DATE_CREAT":"2023-12-08T13:42:59","DATE_MAJ":"2024-03-12T16:10:18","NOM_NORMA":"R ERNEST LEFEVRE","ID_BAN_ODO":null,"Nom_a_verifier":false,"other_tags":"\"wikipedia\"=>\"fr:Rue_Ernest-Lef%C3%A8vre\""},"geometry":{"type":"MultiLineString","coordinates":[[[2.40266297267567,48.869718991770021],[2.402797173557758,48.869666600606429],[2.402835775827303,48.869629021090226],[2.402866229850287,48.869588702902185],[2.403114310531526,48.869234702486885]],[[2.403351307391604,48.868895934932148],[2.403801438999029,48.868277635538014]],[[2.403114310531526,48.869234702486885],[2.403351307391604,48.868895934932148]]]}},
{"type":"Feature","properties":{"ID":"VOIE_NOM0000002338743355","ID_BAN":"75120_5057","name":"Rue Juillet","INSEE_COM":"75120","NOM_COM":"Paris 20e Arrondissement","SRC_BAN":"commune","NOM_COLL":"R JUILLET","TYPE_VOIE":"rue","MOT_DIR":"Juillet","LD_BAN":null,"ID_SUPP":"TRONROUT0000000000187065","INSEEDBAN":null,"COMDEL_BAN":null,"DATE_CREAT":"2023-12-08T13:42:59","DATE_MAJ":"2024-03-12T16:10:18","NOM_NORMA":"R JUILLET","ID_BAN_ODO":null,"Nom_a_verifier":false,"other_tags":"\"wikipedia\"=>\"fr:Rue_Juillet\""},"geometry":{"type":"MultiLineString","coordinates":[[[2.392351641231711,48.866994255857698],[2.392326129520833,48.86707776486589],[2.392275871719016,48.867179134994061],[2.39211111015628,48.86739683763745],[2.392050229959345,48.867473871548867],[2.391961929501511,48.86756425620851],[2.391850245481966,48.867672508757295],[2.391760707207113,48.867752094903899],[2.391723576987413,48.867779785702865],[2.391682441327161,48.867800261424328],[2.391620837552101,48.867822431770833],[2.391564770310561,48.867837435522532],[2.391516986917712,48.867843487977346],[2.391467882396062,48.867845936342221],[2.391277000890034,48.867848563050892],[2.390877632681421,48.867843833236343],[2.390665119756101,48.867831060125177]]]}},
{"type":"Feature","properties":{"ID":"VOIE_NOM0000002338743356","ID_BAN":"75120_1580","name":"Avenue Cartellier","INSEE_COM":"75120","NOM_COM":"Paris 20e Arrondissement","SRC_BAN":"commune","NOM_COLL":"AV CARTELLIER","TYPE_VOIE":"avenue","MOT_DIR":"Cartellier","LD_BAN":null,"ID_SUPP":"TRONROUT0000000000187829/TRONROUT0000000000188795/TRONROUT0000000000188796/TRONROUT0000000000188801/TRONROUT0000000255863733/TRONROUT0000000255863738","INSEEDBAN":null,"COMDEL_BAN":null,"DATE_CREAT":"2023-12-08T13:42:59","DATE_MAJ":"2024-03-12T16:10:18","NOM_NORMA":"AV CARTELLIER","ID_BAN_ODO":null,"Nom_a_verifier":false,"other_tags":"nan"},"geometry":{"type":"MultiLineString","coordinates":[[[2.413159168448013,48.864116779338644],[2.41327488968724,48.864008526609332],[2.413313308038422,48.863986231453815],[2.413436761380807,48.863917587412885],[2.413553419457487,48.863847111264782],[2.413683818905614,48.863766809581811],[2.413907470772211,48.863636601426904],[2.414057083054692,48.863544701994499],[2.414117481122137,48.863507225403652]],[[2.412801092651685,48.864320971780316],[2.412913582272436,48.864257670537235],[2.412991762399292,48.864214885720621],[2.413068569220172,48.864172993456634],[2.413159168448013,48.864116779338644]],[[2.410957601593311,48.864972027849447],[2.411202750279038,48.864991220931714],[2.411334896646025,48.864998166347739],[2.411378545279628,48.864995683010839]],[[2.412073672939445,48.864760774897881],[2.412409905144568,48.864560074800515],[2.412599243930517,48.864451284828064],[2.412702273823133,48.864380742643526],[2.412801092651685,48.864320971780316]],[[2.411378545279628,48.864995683010839],[2.411437218127148,48.864990575526328],[2.411530048903122,48.864978441257414],[2.411636754059074,48.864944790986151],[2.411831111519853,48.864874698507528],[2.412073672939445,48.864760774897881]],[[2.411761995325951,48.865563252393208],[2.411744364327439,48.865434560311151],[2.411720722575989,48.865355302299434],[2.411716092852345,48.865282433100944],[2.411727931721132,48.865199752118137],[2.411747766188995,48.865133298528562],[2.411776969467584,48.865082179741393],[2.411822631040634,48.865022148439884],[2.41187239185997,48.864961237923211],[2.41197173043465,48.864855604024747],[2.412073672939445,48.864760774897881]]]}},
{"type":"Feature","properties":{"ID":"VOIE_NOM0000002338743358","ID_BAN":"75120_5797","name":"Rue Louis Lumière","INSEE_COM":"75120","NOM_COM":"Paris 20e Arrondissement","SRC_BAN":"commune","NOM_COLL":"R LOUIS LUMIERE","TYPE_VOIE":"rue","MOT_DIR":"Lumière","LD_BAN":null,"ID_SUPP":"TRONROUT0000000000188812/TRONROUT0000000000188823/TRONROUT0000000000189953/TRONROUT0000000000190925/TRONROUT0000000000192644/TRONROUT0000000246766882/TRONROUT0000002341410597/TRONROUT0000002341782972","INSEEDBAN":null,"COMDEL_BAN":null,"DATE_CREAT":"2023-12-08T13:42:59","DATE_MAJ":"2024-04-22T21:16:23","NOM_NORMA":"R LOUIS LUMIERE","ID_BAN_ODO":null,"Nom_a_verifier":false,"other_tags":"\"wikipedia\"=>\"fr:Rue_Louis-Lumi%C3%A8re\""},"geometry":{"type":"MultiLineString","coordinates":[[[2.410497458372841,48.864196330310641],[2.410444563498114,48.864293198453304],[2.410329689842452,48.864446419607923],[2.410205019582775,48.864622075844103],[2.410107762463106,48.864784376954219]],[[2.410905512615564,48.862586721503533],[2.410825045324681,48.863072868805133],[2.410736845918661,48.863519406802403]],[[2.411153688855289,48.861010497532419],[2.41120171564132,48.860740931105006]],[[2.410905512615564,48.862586721503533],[2.411005029166686,48.861982853958409],[2.411093883598469,48.861357349336615],[2.411153688855289,48.861010497532419]],[[2.411525795745414,48.858838615419906],[2.411421012256119,48.859427170305523],[2.41135996959068,48.859763224514325],[2.41129751239105,48.860103768350754],[2.411224060447196,48.860572863972322],[2.41120171564132,48.860740931105006]],[[2.411525795745414,48.858838615419906],[2.41153897604168,48.858757739265599],[2.411546755474465,48.858672339825063],[2.411542522711782,48.858564397701798],[2.411530273274774,48.858321514481297],[2.411470940887068,48.857179054607059]],[[2.411470940887068,48.857179054607059],[2.411464155370378,48.85705581090582]],[[2.410736845918661,48.863519406802403],[2.410497458372841,48.864196330310641]]]}},
{"type":"Feature","properties":{"ID":"VOIE_NOM0000002338743403","ID_BAN":"75120_8327","name":"Impasse Rolleboise","INSEE_COM":"75120","NOM_COM":"Paris 20e Arrondissement","SRC_BAN":"commune","NOM_COLL":"IMP ROLLEBOISE","TYPE_VOIE":"impasse","MOT_DIR":"Rolleboise","LD_BAN":null,"ID_SUPP":"TRONROUT0000000000194186","INSEEDBAN":null,"COMDEL_BAN":null,"DATE_CREAT":"2023-12-08T13:42:59","DATE_MAJ":"2024-03-12T16:10:18","NOM_NORMA":"IMP ROLLEBOISE","ID_BAN_ODO":null,"Nom_a_verifier":false,"other_tags":"nan"},"geometry":{"type":"MultiLineString","coordinates":[[[2.399306258688999,48.852844005813211],[2.398995644624001,48.853425224680414],[2.398923235259756,48.853558864030489]]]}},
{"type":"Feature","properties":{"ID":"VOIE_NOM0000002338743408","ID_BAN":"75120_1560","name":"Place Carmen","INSEE_COM":"75120","NOM_COM":"Paris 20e Arrondissement","SRC_BAN":"commune","NOM_COLL":"PL CARMEN","TYPE_VOIE":"place","MOT_DIR":"Carmen","LD_BAN":null,"ID_SUPP":"TRONROUT0000000000187933","INSEEDBAN":null,"COMDEL_BAN":null,"DATE_CREAT":"2023-12-08T13:42:59","DATE_MAJ":"2024-03-12T16:10:18","NOM_NORMA":"PL CARMEN","ID_BAN_ODO":null,"Nom_a_verifier":false,"other_tags":"\"wikipedia\"=>\"fr:Place_Carmen\""},"geometry":{"type":"MultiLineString","coordinates":[[[2.388975490823651,48.866138882965444],[2.389535462714297,48.866280238820117],[2.38966596188281,48.86631148192658]]]}},
{"type":"Feature","properties":{"ID":"VOIE_NOM0000002338743415","ID_BAN":"75120_0610","name":"Rue d'Avron","INSEE_COM":"75120","NOM_COM":"Paris 20e Arrondissement","SRC_BAN":"commune","NOM_COLL":"R D'AVRON","TYPE_VOIE":"rue","MOT_DIR":"Avron","LD_BAN":null,"ID_SUPP":"TRONROUT0000000000194123/TRONROUT0000000000194142/TRONROUT0000000000194144/TRONROUT0000000000194148/TRONROUT0000000000194153/TRONROUT0000000000194165/TRONROUT0000000000194166/TRONROUT0000000000195038/TRONROUT0000000000195040/TRONROUT0000000000195041/TRON","INSEEDBAN":null,"COMDEL_BAN":null,"DATE_CREAT":"2023-12-08T13:42:59","DATE_MAJ":"2024-03-12T16:10:18","NOM_NORMA":"R D'AVRON","ID_BAN_ODO":null,"Nom_a_verifier":false,"other_tags":"\"wikipedia\"=>\"fr:Rue_d%27Avron\""},"geometry":{"type":"MultiLineString","coordinates":[[[2.398516785599168,48.851343520354121],[2.398384883223034,48.851318574718483]],[[2.398561651178697,48.851352739399211],[2.398516785599168,48.851343520354121]],[[2.399527236499319,48.851525767828747],[2.398561651178697,48.851352739399211]],[[2.400552653330801,48.851710779737296],[2.401372729825235,48.851857882252297]],[[2.401372729825235,48.851857882252297],[2.403985387005704,48.852319700893688]],[[2.399845458886666,48.851584023539687],[2.399527236499319,48.851525767828747]],[[2.400552653330801,48.851710779737296],[2.399845458886666,48.851584023539687]],[[2.405150920278465,48.852529653417463],[2.405663616871623,48.852624834188916],[2.406126037250999,48.85270717232769]],[[2.406126037250999,48.85270717232769],[2.406619761314491,48.852793261308015]],[[2.409684071967036,48.853334537608539],[2.409960152553024,48.853385363510291],[2.410256644612061,48.853438987419715],[2.410517796925719,48.853484342355671]],[[2.409684071967036,48.853334537608539],[2.409409293523332,48.853289113584381],[2.409086941359226,48.853232661805663],[2.408843517607835,48.853186491965445]],[[2.406619761314491,48.852793261308015],[2.407469842271529,48.852941369864041]],[[2.407469842271529,48.852941369864041],[2.407811208099324,48.85300331623003],[2.408091363151098,48.853055065990702],[2.408419153951636,48.853112446709517],[2.408654441261492,48.853154979812977],[2.408843517607835,48.853186491965445]],[[2.403985387005704,48.852319700893688],[2.404095562822753,48.85233823665412]],[[2.404095562822753,48.85233823665412],[2.404611001631053,48.8524316369285],[2.405150920278465,48.852529653417463]]]}},
{"type":"Feature","properties":{"ID":"VOIE_NOM0000002338743416","ID_BAN":"75120_5ioktn","name":"Voie Z/20","INSEE_COM":"75120","NOM_COM":"Paris 20e Arrondissement","SRC_BAN":"commune","NOM_COLL":"VC Z/20","TYPE_VOIE":"voie","MOT_DIR":"Z/20","LD_BAN":null,"ID_SUPP":"TRONROUT0000000000184495","INSEEDBAN":null,"COMDEL_BAN":null,"DATE_CREAT":"2023-12-08T13:42:59","DATE_MAJ":"2024-03-12T16:10:18","NOM_NORMA":"VOI Z/20","ID_BAN_ODO":null,"Nom_a_verifier":false,"other_tags":"nan"},"geometry":{"type":"MultiLineString","coordinates":[[[2.396816957394048,48.874220522272651],[2.397383281435225,48.874293522554851],[2.397600005908455,48.874298210722131],[2.397917636073204,48.874301607402153]]]}},
{"type":"Feature","properties":{"ID":"VOIE_NOM0000002338743424","ID_BAN":"75120_3836","name":"Rue Frédérick Lemaître","INSEE_COM":"75120","NOM_COM":"Paris 20e Arrondissement","SRC_BAN":"commune","NOM_COLL":"R FREDERICK LEMAITRE","TYPE_VOIE":"rue","MOT_DIR":"Lemaître","LD_BAN":null,"ID_SUPP":"TRONROUT0000000000183746/TRONROUT0000000000183755/TRONROUT0000000000184512","INSEEDBAN":null,"COMDEL_BAN":null,"DATE_CREAT":"2023-12-08T13:42:59","DATE_MAJ":"2024-03-12T16:10:18","NOM_NORMA":"R FREDERICK LEMAITRE","ID_BAN_ODO":null,"Nom_a_verifier":false,"other_tags":"\"wikipedia\"=>\"fr:Rue_Fr%C3%A9d%C3%A9rick-Lema%C3%AEtre\""},"geometry":{"type":"MultiLineString","coordinates":[[[2.393650105284879,48.874897908443003],[2.393639577902797,48.874982392374584],[2.393548189024706,48.875337165695392]],[[2.392899677070946,48.874477713851256],[2.3923810427405,48.874173805807644],[2.392135900819801,48.874034063884636],[2.392031461974418,48.873987667488507],[2.391757461612128,48.873867563522147],[2.391458954749685,48.873744636325874],[2.39100732637263,48.873424874661623],[2.390938450805393,48.873368765525377]],[[2.392899677070946,48.874477713851256],[2.39299317971848,48.874526752003867],[2.393650105284879,48.874897908443003]]]}},
{"type":"Feature","properties":{"ID":"VOIE_NOM0000002338743439","ID_BAN":"75120_2567","name":"Rue Darcy","INSEE_COM":"75120","NOM_COM":"Paris 20e Arrondissement","SRC_BAN":"commune","NOM_COLL":"R DARCY","TYPE_VOIE":"rue","MOT_DIR":"Darcy","LD_BAN":null,"ID_SUPP":"TRONROUT0000000000186111","INSEEDBAN":null,"COMDEL_BAN":null,"DATE_CREAT":"2023-12-08T13:42:59","DATE_MAJ":"2025-07-10T22:23:48","NOM_NORMA":"R DARCY","ID_BAN_ODO":null,"Nom_a_verifier":false,"other_tags":"\"wikipedia\"=>\"fr:Rue_Darcy\""},"geometry":{"type":"MultiLineString","coordinates":[[[2.40469499950694,48.870964802140591],[2.404821943605053,48.870951044065649],[2.404902733302945,48.870919969037566],[2.404953819701814,48.870863564918906],[2.405266956740798,48.870542259953233],[2.405643310316905,48.870176301251469],[2.40610647275631,48.869728932484009],[2.406190621769384,48.869642114418802]]]}},
{"type":"Feature","properties":{"ID":"VOIE_NOM0000002338743451","ID_BAN":"75120_9188","name":"Rue du Télégraphe","INSEE_COM":"75120","NOM_COM":"Paris 20e Arrondissement","SRC_BAN":"commune","NOM_COLL":"R DU TELEGRAPHE","TYPE_VOIE":"rue","MOT_DIR":"Télégraphe","LD_BAN":null,"ID_SUPP":"TRONROUT0000000000183723/TRONROUT0000000000184487/TRONROUT0000000000184489/TRONROUT0000000000185242","INSEEDBAN":null,"COMDEL_BAN":null,"DATE_CREAT":"2023-12-08T13:42:59","DATE_MAJ":"2024-03-12T16:10:18","NOM_NORMA":"R DU TELEGRAPHE","ID_BAN_ODO":null,"Nom_a_verifier":false,"other_tags":"\"wikipedia\"=>\"fr:Rue_du_T%C3%A9l%C3%A9graphe\""},"geometry":{"type":"MultiLineString","coordinates":[[[2.400294267299601,48.871083130731286],[2.399748509182571,48.871949152524977],[2.399251453457684,48.872728180298402]],[[2.399148303882125,48.874460677522464],[2.399106800794149,48.874749154866322],[2.398965987022432,48.875491296088789]],[[2.399251453457684,48.872728180298402],[2.399210788075612,48.873653390330261],[2.39918731848658,48.874151502949736]],[[2.39918731848658,48.874151502949736],[2.399176468282424,48.874264764402191],[2.399148303882125,48.874460677522464]]]}},
{"type":"Feature","properties":{"ID":"VOIE_NOM0000002338743473","ID_BAN":"75120_3448","name":"Passage d'Eupatoria","INSEE_COM":"75120","NOM_COM":"Paris 20e Arrondissement","SRC_BAN":"commune","NOM_COLL":"PAS D'EUPATORIA","TYPE_VOIE":"passage","MOT_DIR":"Eupatoria","LD_BAN":null,"ID_SUPP":"TRONROUT0000000000187076","INSEEDBAN":null,"COMDEL_BAN":null,"DATE_CREAT":"2023-12-08T13:42:59","DATE_MAJ":"2024-03-12T16:10:18","NOM_NORMA":"PAS D'EUPATORIA","ID_BAN_ODO":null,"Nom_a_verifier":false,"other_tags":"nan"},"geometry":{"type":"MultiLineString","coordinates":[[[2.387268833220954,48.868801195159605],[2.387209021751725,48.868902514152985],[2.387099300071158,48.869074625239882]]]}},
{"type":"Feature","properties":{"ID":"VOIE_NOM0000002338743476","ID_BAN":"75120_5019","name":"Rue Joseph Python","INSEE_COM":"75120","NOM_COM":"Paris 20e Arrondissement","SRC_BAN":"commune","NOM_COLL":"R JOSEPH PYTHON","TYPE_VOIE":"rue","MOT_DIR":"Python","LD_BAN":null,"ID_SUPP":"TRONROUT0000000000188807/TRONROUT0000000000188809/TRONROUT0000000000188810/TRONROUT0000000000188820/TRONROUT0000000338525090/TRONROUT0000000338525093","INSEEDBAN":null,"COMDEL_BAN":null,"DATE_CREAT":"2023-12-08T13:42:59","DATE_MAJ":"2025-03-13T22:21:29","NOM_NORMA":"R JOSEPH PYTHON","ID_BAN_ODO":null,"Nom_a_verifier":false,"other_tags":"\"wikipedia\"=>\"fr:Rue_Joseph-Python\""},"geometry":{"type":"MultiLineString","coordinates":[[[2.412718699756202,48.863528249105485],[2.412893425810301,48.863627134454227],[2.412927177307227,48.863656078904718],[2.412947288377477,48.863685855776318],[2.412931849116465,48.863725351002294],[2.412905515685545,48.863763893443583],[2.412796720912171,48.863862287086718]],[[2.410574968854699,48.864212900190005],[2.410681103372754,48.864229610969602]],[[2.410681103372754,48.864229610969602],[2.410668306942898,48.86427631362475],[2.410687806588208,48.864360048234396],[2.410767901209303,48.86463024445726],[2.410790666339701,48.864666330111895],[2.410802801643019,48.864678081267108],[2.410827224824451,48.864688094233969],[2.410854445324443,48.864691825590256],[2.410883049226737,48.864693765071188],[2.411889065545817,48.864571006634669],[2.411947768318564,48.864563201029434],[2.411988873155467,48.864544516862985],[2.412796720912171,48.863862287086718]],[[2.410681103372754,48.864229610969602],[2.41072156758654,48.864147070951567],[2.410788641575581,48.864122219674158],[2.410820856089519,48.864045934379774],[2.410890655632835,48.863900584906581],[2.410952246074292,48.863757892991977],[2.411006919351093,48.86362416038908],[2.410984144358675,48.863588974031863],[2.410966526644476,48.863579893920125],[2.410806177296328,48.863535936275014]],[[2.410806177296328,48.863535936275014],[2.410736845918661,48.863519406802403]],[[2.410497458372841,48.864196330310641],[2.410574968854699,48.864212900190005]]]}},
{"type":"Feature","properties":{"ID":"VOIE_NOM0000002338743477","ID_BAN":"75120_8180","name":"Rue de la Réunion","INSEE_COM":"75120","NOM_COM":"Paris 20e Arrondissement","SRC_BAN":"commune","NOM_COLL":"R DE LA REUNION","TYPE_VOIE":"rue","MOT_DIR":"Réunion","LD_BAN":null,"ID_SUPP":"TRONROUT0000000000191781/TRONROUT0000000000192704/TRONROUT0000000000192706/TRONROUT0000000000192709/TRONROUT0000000000192714/TRONROUT0000000000193449/TRONROUT0000000000194162/TRONROUT0000000000194164/TRONROUT0000000000194169/TRONROUT0000000256753390","INSEEDBAN":null,"COMDEL_BAN":null,"DATE_CREAT":"2023-12-08T13:42:59","DATE_MAJ":"2025-03-31T21:51:57","NOM_NORMA":"R DE LA REUNION","ID_BAN_ODO":null,"Nom_a_verifier":false,"other_tags":"\"wikipedia\"=>\"fr:Rue_de_la_R%C3%A9union\""},"geometry":{"type":"MultiLineString","coordinates":[[[2.401475490276666,48.855250741526199],[2.401235498592297,48.855498660193703],[2.40121893809197,48.855516564278354]],[[2.400777665295209,48.855964029067209],[2.400192082024439,48.856633806847341],[2.400019416880066,48.856833495564338],[2.399995937714953,48.856860358239153]],[[2.399427352183664,48.857472658907824],[2.399327950415681,48.857582779566947]],[[2.399327950415681,48.857582779566947],[2.398656928189563,48.858330363214378]],[[2.399995937714953,48.856860358239153],[2.399427352183664,48.857472658907824]],[[2.402110556109844,48.854541632723944],[2.401475490276666,48.855250741526199]],[[2.403294765108517,48.853243488262713],[2.403559976413513,48.852933635662751],[2.403815388136493,48.852646217320689],[2.404095562822753,48.85233823665412]],[[2.402619839511732,48.853984781581815],[2.403294765108517,48.853243488262713]],[[2.402619839511732,48.853984781581815],[2.402110556109844,48.854541632723944]],[[2.398656928189563,48.858330363214378],[2.398435989474573,48.858578371460403]]]}},
{"type":"Feature","properties":{"ID":"VOIE_NOM0000002338743484","ID_BAN":"75120_9146","name":"Avenue Taillade","INSEE_COM":"75120","NOM_COM":"Paris 20e Arrondissement","SRC_BAN":"commune","NOM_COLL":"AV TAILLADE","TYPE_VOIE":"avenue","MOT_DIR":"Taillade","LD_BAN":null,"ID_SUPP":"TRONROUT0000000000183756","INSEEDBAN":null,"COMDEL_BAN":null,"DATE_CREAT":"2023-12-08T13:42:59","DATE_MAJ":"2024-03-12T16:10:18","NOM_NORMA":"AV TAILLADE","ID_BAN_ODO":null,"Nom_a_verifier":false,"other_tags":"nan"},"geometry":{"type":"MultiLineString","coordinates":[[[2.394111965714048,48.87445777533938],[2.393848485680077,48.874721744615414],[2.393650105284879,48.874897908443003]]]}},
{"type":"Feature","properties":{"ID":"VOIE_NOM0000002338743494","ID_BAN":"75120_3725","name":"Rue de Fontarabie","INSEE_COM":"75120","NOM_COM":"Paris 20e Arrondissement","SRC_BAN":"commune","NOM_COLL":"R DE FONTARABIE","TYPE_VOIE":"rue","MOT_DIR":"Fontarabie","LD_BAN":null,"ID_SUPP":"TRONROUT0000000000192700/TRONROUT0000000000192708/TRONROUT0000000337456615","INSEEDBAN":null,"COMDEL_BAN":null,"DATE_CREAT":"2023-12-08T13:42:59","DATE_MAJ":"2024-03-12T16:10:18","NOM_NORMA":"R DE FONTARABIE","ID_BAN_ODO":null,"Nom_a_verifier":false,"other_tags":"\"wikipedia\"=>\"fr:Rue_de_Fontarabie\""},"geometry":{"type":"MultiLineString","coordinates":[[[2.401835056615032,48.857526987760792],[2.401535090828061,48.857537179447853],[2.401256817181394,48.857557371728255]],[[2.401256817181394,48.857557371728255],[2.400806645669348,48.857591991627828],[2.400643038953471,48.857596568368429],[2.40056403375338,48.857592575249662],[2.400245494367029,48.857558602708025],[2.399427352183664,48.857472658907824]],[[2.403377967682036,48.858117466276823],[2.402943655290358,48.857838301710409],[2.402875933915755,48.857801090632101],[2.402805414730611,48.857770160970887],[2.402131997286332,48.857542861240184],[2.402043565486064,48.857528929195347],[2.401963218055037,48.85752313160117],[2.401835056615032,48.857526987760792]]]}},
{"type":"Feature","properties":{"ID":"VOIE_NOM0000002338743513","ID_BAN":"75120_7182","name":"Rue Paul Strauss","INSEE_COM":"75120","NOM_COM":"Paris 20e Arrondissement","SRC_BAN":"commune","NOM_COLL":"R PAUL STRAUSS","TYPE_VOIE":"rue","MOT_DIR":"Strauss","LD_BAN":null,"ID_SUPP":"TRONROUT0000000000187858/TRONROUT0000000000187861","INSEEDBAN":null,"COMDEL_BAN":null,"DATE_CREAT":"2023-12-08T13:42:59","DATE_MAJ":"2024-03-12T16:10:18","NOM_NORMA":"R PAUL STRAUSS","ID_BAN_ODO":null,"Nom_a_verifier":false,"other_tags":"\"wikipedia\"=>\"fr:Rue_Paul-Strauss\""},"geometry":{"type":"MultiLineString","coordinates":[[[2.407327930524769,48.866496474707304],[2.407147763232995,48.866396655194407],[2.406951290613296,48.866292257913173],[2.406762966644412,48.866190598701394],[2.406540688970635,48.866077978762092]],[[2.408250591704732,48.867115287834082],[2.408107132771219,48.867023745365117],[2.407965088561272,48.866927713023109],[2.407808173290304,48.866820814868078],[2.407651320017979,48.866708520772633],[2.407489004759291,48.866597098755378],[2.407327930524769,48.866496474707304]]]}},
{"type":"Feature","properties":{"ID":"VOIE_NOM0000002338743604","ID_BAN":"75120_3395","name":"Villa Etienne Marey","INSEE_COM":"75120","NOM_COM":"Paris 20e Arrondissement","SRC_BAN":"commune","NOM_COLL":"VLA ETIENNE MAREY","TYPE_VOIE":"villa","MOT_DIR":"Marey","LD_BAN":null,"ID_SUPP":"TRONROUT0000000000186976","INSEEDBAN":null,"COMDEL_BAN":null,"DATE_CREAT":"2023-12-08T13:42:59","DATE_MAJ":"2024-03-12T16:10:18","NOM_NORMA":"VLA ETIENNE MAREY","ID_BAN_ODO":null,"Nom_a_verifier":false,"other_tags":"nan"},"geometry":{"type":"MultiLineString","coordinates":[[[2.405700349274166,48.867566710196698],[2.406424574008005,48.868013677311843]]]}},
{"type":"Feature","properties":{"ID":"VOIE_NOM0000002338743630","ID_BAN":"75120_0269","name":"Villa Amélie","INSEE_COM":"75120","NOM_COM":"Paris 20e Arrondissement","SRC_BAN":"commune","NOM_COLL":"VLA AMELIE","TYPE_VOIE":"villa","MOT_DIR":"Amélie","LD_BAN":null,"ID_SUPP":"TRONROUT0000000000184474","INSEEDBAN":null,"COMDEL_BAN":null,"DATE_CREAT":"2023-12-08T13:42:59","DATE_MAJ":"2024-03-12T16:10:18","NOM_NORMA":"VLA AMELIE","ID_BAN_ODO":null,"Nom_a_verifier":false,"other_tags":"nan"},"geometry":{"type":"MultiLineString","coordinates":[[[2.401677201640736,48.873409433928344],[2.402047785636674,48.872837511061071],[2.402272598383652,48.872493289762652]]]}},
{"type":"Feature","properties":{"ID":"VOIE_NOM0000002338743631","ID_BAN":"75120_4361","name":"Rue de Guébriant","INSEE_COM":"75120","NOM_COM":"Paris 20e Arrondissement","SRC_BAN":"commune","NOM_COLL":"R DE GUEBRIANT","TYPE_VOIE":"rue","MOT_DIR":"Guébriant","LD_BAN":null,"ID_SUPP":"TRONROUT0000000312870152/TRONROUT0000000350840310","INSEEDBAN":null,"COMDEL_BAN":null,"DATE_CREAT":"2023-12-08T13:42:59","DATE_MAJ":"2024-03-12T16:10:18","NOM_NORMA":"R DE GUEBRIANT","ID_BAN_ODO":null,"Nom_a_verifier":false,"other_tags":"\"wikipedia\"=>\"fr:Rue_de_Gu%C3%A9briant\""},"geometry":{"type":"MultiLineString","coordinates":[[[2.408723167160917,48.872920134221772],[2.408623944243883,48.872893563406286]],[[2.410247690271838,48.873375522642334],[2.409869970297501,48.873261244536366],[2.409513982904765,48.873154267087372],[2.409061530754905,48.873018033730588],[2.408723167160917,48.872920134221772]]]}},
{"type":"Feature","properties":{"ID":"VOIE_NOM0000002338743647","ID_BAN":"75120_7199","name":"Rue des Pavillons","INSEE_COM":"75120","NOM_COM":"Paris 20e Arrondissement","SRC_BAN":"commune","NOM_COLL":"R DES PAVILLONS","TYPE_VOIE":"rue","MOT_DIR":"Pavillons","LD_BAN":null,"ID_SUPP":"TRONROUT0000000000184500/TRONROUT0000000000184504/TRONROUT0000000000184506/TRONROUT0000000000185250/TRONROUT0000000000185264","INSEEDBAN":null,"COMDEL_BAN":null,"DATE_CREAT":"2023-12-08T13:42:59","DATE_MAJ":"2024-03-12T16:10:18","NOM_NORMA":"R DES PAVILLONS","ID_BAN_ODO":null,"Nom_a_verifier":false,"other_tags":"\"wikipedia\"=>\"fr:Rue_des_Pavillons\""},"geometry":{"type":"MultiLineString","coordinates":[[[2.39778237748212,48.872321494015083],[2.397679280481815,48.872394720693762]],[[2.396163946928206,48.872569650940015],[2.396110393889377,48.872602656142966]],[[2.397077717847133,48.872776607182558],[2.397253465045366,48.872669572193409],[2.397341379993356,48.872612457471362],[2.397405942410507,48.872570513804369],[2.397679280481815,48.872394720693762]],[[2.397077717847133,48.872776607182558],[2.396163946928206,48.872569650940015]],[[2.396852558917335,48.872912171627654],[2.396945959033499,48.872852386840897],[2.397077717847133,48.872776607182558]]]}},
{"type":"Feature","properties":{"ID":"VOIE_NOM0000002338743666","ID_BAN":"75120_4498","name":"Villa des Hautes Traverses","INSEE_COM":"75120","NOM_COM":"Paris 20e Arrondissement","SRC_BAN":"commune","NOM_COLL":"VLA DES HAUTES TRAVERSES","TYPE_VOIE":"villa","MOT_DIR":"Traverses","LD_BAN":null,"ID_SUPP":"TRONROUT0000000256753389","INSEEDBAN":null,"COMDEL_BAN":null,"DATE_CREAT":"2023-12-08T13:42:59","DATE_MAJ":"2024-03-12T16:10:18","NOM_NORMA":"VLA DES HAUTES TRAVERSES","ID_BAN_ODO":null,"Nom_a_verifier":false,"other_tags":"nan"},"geometry":{"type":"MultiLineString","coordinates":[[[2.403894845859827,48.855111728077794],[2.40441037029028,48.854723078848892]]]}},
{"type":"Feature","properties":{"ID":"VOIE_NOM0000002338743697","ID_BAN":"75120_0817","name":"Rue Belgrand","INSEE_COM":"75120","NOM_COM":"Paris 20e Arrondissement","SRC_BAN":"commune","NOM_COLL":"R BELGRAND","TYPE_VOIE":"rue","MOT_DIR":"Belgrand","LD_BAN":null,"ID_SUPP":"TRONROUT0000000000188838/TRONROUT0000000000188839/TRONROUT0000000000188844/TRONROUT0000000000188848/TRONROUT0000000000188854/TRONROUT0000000000188855/TRONROUT0000000000188858/TRONROUT0000000000188875/TRONROUT0000000000188876/TRONROUT0000000000188877/TRON","INSEEDBAN":null,"COMDEL_BAN":null,"DATE_CREAT":"2023-12-08T13:42:59","DATE_MAJ":"2024-03-12T16:10:18","NOM_NORMA":"R BELGRAND","ID_BAN_ODO":null,"Nom_a_verifier":false,"other_tags":"\"wikipedia\"=>\"fr:Rue_Belgrand\""},"geometry":{"type":"MultiLineString","coordinates":[[[2.408506533214125,48.8645039741495],[2.408323720575414,48.864517459941858]],[[2.408323720575414,48.864517459941858],[2.408184576668704,48.86452666470327],[2.40801684944096,48.86453213056506],[2.407847789789203,48.864534891580206],[2.407695056101816,48.864540431174468],[2.407349988421006,48.864557609067049]],[[2.407349988421006,48.864557609067049],[2.407208169289303,48.864562302747956]],[[2.405645307921485,48.864624700074103],[2.40538618345535,48.864636003704952],[2.405116164688249,48.864646353285103],[2.404887068355818,48.864654207729245],[2.404629327191108,48.864663717921246]],[[2.407208169289303,48.864562302747956],[2.406958617573242,48.864570959175474],[2.406634087471521,48.864580142712676],[2.40632862978906,48.864590319319113],[2.40597536248107,48.864609251257292]],[[2.40597536248107,48.864609251257292],[2.405645307921485,48.864624700074103]],[[2.401308484789069,48.864803637102582],[2.403554661352853,48.864708730081475]],[[2.401308484789069,48.864803637102582],[2.400173983438775,48.864835728834635]],[[2.398673889388371,48.864891155034321],[2.398877110263868,48.864881383833698]],[[2.399861707688271,48.864845854776398],[2.400173983438775,48.864835728834635]],[[2.398877110263868,48.864881383833698],[2.399861707688271,48.864845854776398]],[[2.404139752967521,48.864681966293055],[2.404629327191108,48.864663717921246]],[[2.403554661352853,48.864708730081475],[2.404139752967521,48.864681966293055]]]}},
{"type":"Feature","properties":{"ID":"VOIE_NOM0000002338743722","ID_BAN":"75120_0742","name":"Villa Baumann","INSEE_COM":"75120","NOM_COM":"Paris 20e Arrondissement","SRC_BAN":"commune","NOM_COLL":"VLA BAUMANN","TYPE_VOIE":"villa","MOT_DIR":"Baumann","LD_BAN":null,"ID_SUPP":"TRONROUT0000000000186985","INSEEDBAN":null,"COMDEL_BAN":null,"DATE_CREAT":"2023-12-08T13:42:59","DATE_MAJ":"2024-03-12T16:10:18","NOM_NORMA":"VLA BAUMANN","ID_BAN_ODO":null,"Nom_a_verifier":false,"other_tags":"nan"},"geometry":{"type":"MultiLineString","coordinates":[[[2.405609902418707,48.868205689825345],[2.405677536670862,48.868251891866755],[2.406253790694914,48.868645064002877]]]}},
{"type":"Feature","properties":{"ID":"VOIE_NOM0000002338743724","ID_BAN":"75120_7106","name":"Rue Patrice de la Tour du Pin","INSEE_COM":"75120","NOM_COM":"Paris 20e Arrondissement","SRC_BAN":"commune","NOM_COLL":"R PATRICE DE LA TOUR DU PIN","TYPE_VOIE":"rue","MOT_DIR":"Pin","LD_BAN":null,"ID_SUPP":"TRONROUT0000000000195867/TRONROUT0000000000195869/TRONROUT0000000356704159/TRONROUT0000000356704160/TRONROUT0000000356704162/TRONROUT0000002215638411/TRONROUT0000002215638412/TRONROUT0000002215638413","INSEEDBAN":null,"COMDEL_BAN":null,"DATE_CREAT":"2023-12-08T13:42:59","DATE_MAJ":"2024-04-09T23:12:41","NOM_NORMA":"R PATRICE DE LA TOUR DU PIN","ID_BAN_ODO":null,"Nom_a_verifier":false,"other_tags":"\"wikipedia\"=>\"fr:Rue_Patrice-de-la-Tour-du-Pin\""},"geometry":{"type":"MultiLineString","coordinates":[[[2.411095543466408,48.849754884978019],[2.411181371256102,48.8497571061]],[[2.41099933574786,48.850309311111509],[2.411087788180069,48.850320538725626]],[[2.410674021120949,48.84991379338036],[2.410768584467744,48.849866593498909],[2.410989275658428,48.849752563170931],[2.411023332203555,48.849753630176309],[2.411095543466408,48.849754884978019]],[[2.41091027456464,48.85071358053213],[2.411013747789474,48.85072218409578]],[[2.41027836943046,48.850917318320178],[2.41031118812256,48.850666561231947],[2.410432315108824,48.850680648410069]],[[2.410432315108824,48.850680648410069],[2.410825848575991,48.850707768725279],[2.41091027456464,48.85071358053213]],[[2.410519092021266,48.850237695963976],[2.410907130796037,48.85026838637156],[2.410923472812168,48.850269366182843],[2.41099933574786,48.850309311111509]],[[2.410365422790852,48.850450084958489],[2.410494319034488,48.850379671375769],[2.410519092021266,48.850237695963976]]]}},
{"type":"Feature","properties":{"ID":"VOIE_NOM0000002338743727","ID_BAN":"75120_1870","name":"Rue Charles Renouvier","INSEE_COM":"75120","NOM_COM":"Paris 20e Arrondissement","SRC_BAN":"commune","NOM_COLL":"R CHARLES RENOUVIER","TYPE_VOIE":"rue","MOT_DIR":"Renouvier","LD_BAN":null,"ID_SUPP":"TRONROUT0000000000189971/TRONROUT0000000000189985/TRONROUT0000000000190964/TRONROUT0000000230209262/TRONROUT0000000230209263","INSEEDBAN":null,"COMDEL_BAN":null,"DATE_CREAT":"2023-12-08T13:42:59","DATE_MAJ":"2024-03-12T16:10:18","NOM_NORMA":"R CHARLES RENOUVIER","ID_BAN_ODO":null,"Nom_a_verifier":false,"other_tags":"\"wikipedia\"=>\"fr:Rue_Charles-Renouvier\""},"geometry":{"type":"MultiLineString","coordinates":[[[2.399832163247994,48.861612573914194],[2.39924803264642,48.861440566593998]],[[2.399832163247994,48.861612573914194],[2.399909593984276,48.861635445775242]],[[2.400592864531395,48.861839423401484],[2.401242200075708,48.862031535833545]],[[2.399909593984276,48.861635445775242],[2.400469288412564,48.861799233316155]],[[2.400469288412564,48.861799233316155],[2.400592864531395,48.861839423401484]]]}},
{"type":"Feature","properties":{"ID":"VOIE_NOM0000002338743741","ID_BAN":"75120_5112","name":"Rue Julien Lacroix","INSEE_COM":"75120","NOM_COM":"Paris 20e Arrondissement","SRC_BAN":"commune","NOM_COLL":"R JULIEN LACROIX","TYPE_VOIE":"rue","MOT_DIR":"Lacroix","LD_BAN":null,"ID_SUPP":"TRONROUT0000000000185373/TRONROUT0000000000185385/TRONROUT0000000000185386/TRONROUT0000000000185415/TRONROUT0000000000185421/TRONROUT0000000000185422/TRONROUT0000000000186209/TRONROUT0000000000186214/TRONROUT0000000000186215/TRONROUT0000000000186229/TRON","INSEEDBAN":null,"COMDEL_BAN":null,"DATE_CREAT":"2023-12-08T13:42:59","DATE_MAJ":"2024-03-12T16:10:18","NOM_NORMA":"R JULIEN LACROIX","ID_BAN_ODO":null,"Nom_a_verifier":false,"other_tags":"nan"},"geometry":{"type":"MultiLineString","coordinates":[[[2.386615233689847,48.867926388433901],[2.386328349219554,48.86832512358805]],[[2.386328349219554,48.86832512358805],[2.386233768897493,48.868484720873191]],[[2.386233768897493,48.868484720873191],[2.386139823846882,48.868590361022129],[2.385850343577936,48.86897739012084]],[[2.384906659534372,48.869927640971262],[2.384747488245349,48.870014957963988],[2.384634920099832,48.870080930248463],[2.384533310384098,48.870142462086925],[2.384432978609779,48.870211195106634]],[[2.38432412456053,48.870193547835314],[2.384286765421104,48.870240121198513],[2.3840651867258,48.870532165072596],[2.384020840912006,48.870593091779035],[2.384015313629876,48.870599358692687]],[[2.385850343577936,48.86897739012084],[2.385573244291795,48.869354589247301],[2.385504088190598,48.869438771972057],[2.385440575570425,48.869506795550123],[2.385367456833407,48.869580165789181]],[[2.385367456833407,48.869580165789181],[2.385321941181076,48.86962489893466],[2.385207639935675,48.869722339686007],[2.385061878731252,48.869828612071963],[2.384906659534372,48.869927640971262]],[[2.383270618974271,48.871088360538238],[2.383178505656367,48.871153537464082],[2.383093218889825,48.871217850163426]],[[2.383093218889825,48.871217850163426],[2.383066998058915,48.87124469511533],[2.383029658345091,48.871289469478789],[2.382943316500139,48.871442810925451]],[[2.381901924348441,48.873265787292738],[2.38199665466415,48.873095402761933]],[[2.38199665466415,48.873095402761933],[2.382379702154649,48.872410287606172]],[[2.382691050847037,48.871907366321722],[2.382943316500139,48.871442810925451]],[[2.382379702154649,48.872410287606172],[2.382464684009172,48.872256939667309],[2.382691050847037,48.871907366321722]],[[2.384015313629876,48.870599358692687],[2.383990520606524,48.870620815184402],[2.38394379918814,48.870652051516153],[2.383645864739158,48.870829485749795],[2.383567554804991,48.870880344675321]],[[2.383567554804991,48.870880344675321],[2.383498883041529,48.870923159160085],[2.383379271691892,48.871007980020572],[2.383270618974271,48.871088360538238]]]}},
{"type":"Feature","properties":{"ID":"VOIE_NOM0000002338743756","ID_BAN":"75120_9132","name":"Rue du Surmelin","INSEE_COM":"75120","NOM_COM":"Paris 20e Arrondissement","SRC_BAN":"commune","NOM_COLL":"R DU SURMELIN","TYPE_VOIE":"rue","MOT_DIR":"Surmelin","LD_BAN":null,"ID_SUPP":"TRONROUT0000000000186099/TRONROUT0000000000186100/TRONROUT0000000000186103/TRONROUT0000000000186104/TRONROUT0000000000186105/TRONROUT0000000000186107/TRONROUT0000000000186108/TRONROUT0000000000186122/TRONROUT0000000000186990/TRONROUT0000000000186995/TRON","INSEEDBAN":null,"COMDEL_BAN":null,"DATE_CREAT":"2023-12-08T13:42:59","DATE_MAJ":"2024-03-12T16:10:18","NOM_NORMA":"R DU SURMELIN","ID_BAN_ODO":null,"Nom_a_verifier":false,"other_tags":"\"wikipedia\"=>\"fr:Rue_du_Surmelin\""},"geometry":{"type":"MultiLineString","coordinates":[[[2.403449933991261,48.868021371687114],[2.403416040744132,48.868005014682105],[2.403377924187672,48.868000328000363],[2.403274139761651,48.868015998688577],[2.40303643723258,48.868059780226936],[2.402782335295472,48.868107076815505],[2.402685314657843,48.868127277429124],[2.402640268900419,48.868132448642719],[2.402584390143105,48.868131270407517],[2.402510852353116,48.868124607970309],[2.402388323801294,48.868110506188472],[2.402244036559477,48.868091798928567],[2.401824744950474,48.868041139945092],[2.401664038385988,48.868027745947288]],[[2.403449933991261,48.868021371687114],[2.403594565305995,48.868129113594108],[2.403801438999029,48.868277635538014]],[[2.403801438999029,48.868277635538014],[2.403947548097622,48.868375491640819],[2.404264315102091,48.868570426129175]],[[2.404264315102091,48.868570426129175],[2.404765426753937,48.868858008961801],[2.404857546765964,48.868908829887751]],[[2.404857546765964,48.868908829887751],[2.405182602150566,48.869094809667828],[2.405304528035157,48.869161966404754]],[[2.405922392560004,48.869493292336202],[2.406190621769384,48.869642114418802]],[[2.406859345510634,48.869937714200319],[2.406796566812961,48.869943698434597],[2.406740767955783,48.869935327864169],[2.406274678173573,48.869683001507141],[2.406190621769384,48.869642114418802]],[[2.40815466860156,48.870518801241758],[2.408066182503901,48.870507571663836],[2.407998236588669,48.870488349597366],[2.407854349666321,48.870433677765575],[2.407693007218374,48.870355536669365],[2.407519478240924,48.870270140345184]],[[2.407204954581677,48.870115696081321],[2.406859345510634,48.869937714200319]],[[2.407519478240924,48.870270140345184],[2.407204954581677,48.870115696081321]],[[2.405304528035157,48.869161966404754],[2.405456290168781,48.869242761261873]],[[2.405456290168781,48.869242761261873],[2.405922392560004,48.869493292336202]]]}},
{"type":"Feature","properties":{"ID":"VOIE_NOM0000002338743759","ID_BAN":"75120_8345","name":"Rue des Rondeaux","INSEE_COM":"75120","NOM_COM":"Paris 20e Arrondissement","SRC_BAN":"commune","NOM_COLL":"R DES RONDEAUX","TYPE_VOIE":"rue","MOT_DIR":"Rondeaux","LD_BAN":null,"ID_SUPP":"TRONROUT0000000000188905/TRONROUT0000000000188917/TRONROUT0000000000188930/TRONROUT0000000000189991/TRONROUT0000000000189994/TRONROUT0000000000190001/TRONROUT0000000000190963/TRONROUT0000000000190971/TRONROUT0000000330349949/TRONROUT0000000330349951","INSEEDBAN":null,"COMDEL_BAN":null,"DATE_CREAT":"2023-12-08T13:42:59","DATE_MAJ":"2024-03-12T16:10:18","NOM_NORMA":"R DES RONDEAUX","ID_BAN_ODO":null,"Nom_a_verifier":false,"other_tags":"\"wikipedia\"=>\"fr:Rue_des_Rondeaux\""},"geometry":{"type":"MultiLineString","coordinates":[[[2.39962132055336,48.860983774872487],[2.399518948173426,48.861114565365092]],[[2.399518948173426,48.861114565365092],[2.39924803264642,48.861440566593998]],[[2.39924803264642,48.861440566593998],[2.399041931097252,48.861701240594748],[2.398871877331948,48.861909034047478]],[[2.398871877331948,48.861909034047478],[2.398683646632702,48.862156306966334],[2.398552314485278,48.862315729959882]],[[2.397262973479643,48.863482884562892],[2.397082793532984,48.863622274259534],[2.396700403462483,48.86391982791568],[2.396392259461561,48.864161995631278]],[[2.396392259461561,48.864161995631278],[2.396300091438075,48.864234377369478],[2.396177623420849,48.864333586393329],[2.396002451924202,48.864510771968881],[2.395730707385177,48.864787296520603]],[[2.395730707385177,48.864787296520603],[2.395627382452796,48.864881205551768]],[[2.395627382452796,48.864881205551768],[2.395549976242628,48.864973446710842]],[[2.398552314485278,48.862315729959882],[2.398470672521239,48.862421442023191],[2.398237926352774,48.862628019994794],[2.398005043248745,48.862846288241435],[2.397645565085906,48.863167343203877]],[[2.397645565085906,48.863167343203877],[2.397587756816053,48.863215616687],[2.397262973479643,48.863482884562892]]]}},
{"type":"Feature","properties":{"ID":"VOIE_NOM0000002338743763","ID_BAN":"75120_7550","name":"Sentier de la Pointe","INSEE_COM":"75120","NOM_COM":"Paris 20e Arrondissement","SRC_BAN":"commune","NOM_COLL":"SEN DE LA POINTE","TYPE_VOIE":"sentier","MOT_DIR":"Pointe","LD_BAN":null,"ID_SUPP":"TRONROUT0000000000193453","INSEEDBAN":null,"COMDEL_BAN":null,"DATE_CREAT":"2023-12-08T13:42:59","DATE_MAJ":"2024-03-12T16:10:18","NOM_NORMA":"SEN DE LA POINTE","ID_BAN_ODO":null,"Nom_a_verifier":false,"other_tags":"nan"},"geometry":{"type":"MultiLineString","coordinates":[[[2.40139523466985,48.855830419271314],[2.401519933588637,48.855771686089497],[2.401539116423635,48.855762788556731],[2.40162562499716,48.855706562296085],[2.401879543475624,48.855551345313025]]]}},
{"type":"Feature","properties":{"ID":"VOIE_NOM0000002338743770","ID_BAN":"75120_5842","name":"Rue Lucien Leuwen","INSEE_COM":"75120","NOM_COM":"Paris 20e Arrondissement","SRC_BAN":"commune","NOM_COLL":"R LUCIEN LEUWEN","TYPE_VOIE":"rue","MOT_DIR":"Leuwen","LD_BAN":null,"ID_SUPP":"TRONROUT0000000000190961","INSEEDBAN":null,"COMDEL_BAN":null,"DATE_CREAT":"2023-12-08T13:42:59","DATE_MAJ":"2024-04-09T23:12:41","NOM_NORMA":"R LUCIEN LEUWEN","ID_BAN_ODO":null,"Nom_a_verifier":false,"other_tags":"\"wikipedia\"=>\"fr:Rue_Lucien-Leuwen\""},"geometry":{"type":"MultiLineString","coordinates":[[[2.401641994842569,48.860333777127849],[2.402106501401926,48.860477295711952],[2.402414724954969,48.860580461049494],[2.402668627502436,48.860666266928504],[2.402764861083003,48.860713513082771]]]}},
{"type":"Feature","properties":{"ID":"VOIE_NOM0000002338743775","ID_BAN":"75120_7810","name":"Rue du Pressoir","INSEE_COM":"75120","NOM_COM":"Paris 20e Arrondissement","SRC_BAN":"commune","NOM_COLL":"R DU PRESSOIR","TYPE_VOIE":"rue","MOT_DIR":"Pressoir","LD_BAN":null,"ID_SUPP":"TRONROUT0000000000187100/TRONROUT0000000256426091","INSEEDBAN":null,"COMDEL_BAN":null,"DATE_CREAT":"2023-12-08T13:42:59","DATE_MAJ":"2024-03-12T16:10:18","NOM_NORMA":"R DU PRESSOIR","ID_BAN_ODO":null,"Nom_a_verifier":false,"other_tags":"\"wikipedia\"=>\"fr:Rue_du_Pressoir\""},"geometry":{"type":"MultiLineString","coordinates":[[[2.383980214936281,48.868264496990953],[2.383038842298439,48.869017790668515],[2.38296896917118,48.869047108644665],[2.382788817704584,48.869064166565423],[2.382720467394552,48.869080002175259]],[[2.382720467394552,48.869080002175259],[2.382364589678867,48.869430706854985],[2.382236214240217,48.869564945040921],[2.382166988469092,48.869654521518235]]]}},
{"type":"Feature","properties":{"ID":"VOIE_NOM0000002338743786","ID_BAN":"75120_7031","name":"Impasse des Panoyaux","INSEE_COM":"75120","NOM_COM":"Paris 20e Arrondissement","SRC_BAN":"commune","NOM_COLL":"IMP DES PANOYAUX","TYPE_VOIE":"impasse","MOT_DIR":"Panoyaux","LD_BAN":null,"ID_SUPP":"TRONROUT0000000000187980","INSEEDBAN":null,"COMDEL_BAN":null,"DATE_CREAT":"2023-12-08T13:42:59","DATE_MAJ":"2024-03-12T16:10:18","NOM_NORMA":"IMP DES PANOYAUX","ID_BAN_ODO":null,"Nom_a_verifier":false,"other_tags":"nan"},"geometry":{"type":"MultiLineString","coordinates":[[[2.384882064950734,48.866353542091623],[2.385244885246982,48.865873359763]]]}},
{"type":"Feature","properties":{"ID":"VOIE_NOM0000002338743852","ID_BAN":"75120_7047","name":"Chemin du Parc de Charonne","INSEE_COM":"75120","NOM_COM":"Paris 20e Arrondissement","SRC_BAN":"commune","NOM_COLL":"CHE DU PARC DE CHARONNE","TYPE_VOIE":"chemin","MOT_DIR":"Charonne","LD_BAN":null,"ID_SUPP":"TRONROUT0000000000190945/TRONROUT0000000000190946","INSEEDBAN":null,"COMDEL_BAN":null,"DATE_CREAT":"2023-12-08T13:42:59","DATE_MAJ":"2024-03-12T16:10:18","NOM_NORMA":"CHE DU PARC DE CHARONNE","ID_BAN_ODO":null,"Nom_a_verifier":false,"other_tags":"nan"},"geometry":{"type":"MultiLineString","coordinates":[[[2.403436928418162,48.860943499683181],[2.402764861083003,48.860713513082771]],[[2.404598699539886,48.861380070608455],[2.403891657661013,48.861108546697103],[2.403682646350987,48.861030161908332],[2.403436928418162,48.860943499683181]]]}},
{"type":"Feature","properties":{"ID":"VOIE_NOM0000002338743853","ID_BAN":"75120_x027","name":"Voie Ab/20","INSEE_COM":"75120","NOM_COM":"Paris 20e Arrondissement","SRC_BAN":"commune","NOM_COLL":"VOI AB/20","TYPE_VOIE":"voie","MOT_DIR":"Ab/20","LD_BAN":null,"ID_SUPP":"TRONROUT0000000330349945","INSEEDBAN":null,"COMDEL_BAN":null,"DATE_CREAT":"2023-12-08T13:42:59","DATE_MAJ":"2024-04-09T23:12:41","NOM_NORMA":"VOI AB/20","ID_BAN_ODO":null,"Nom_a_verifier":false,"other_tags":"nan"},"geometry":{"type":"MultiLineString","coordinates":[[[2.397817955136182,48.856979823031381],[2.39779929216697,48.85706156966318],[2.397585308860756,48.858004806245162],[2.397576663658135,48.858045233290056]]]}},
{"type":"Feature","properties":{"ID":"VOIE_NOM0000002338743857","ID_BAN":"75120_0764","name":"Passage Beaufils","INSEE_COM":"75120","NOM_COM":"Paris 20e Arrondissement","SRC_BAN":"commune","NOM_COLL":"PAS BEAUFILS","TYPE_VOIE":"passage","MOT_DIR":"Beaufils","LD_BAN":null,"ID_SUPP":"TRONROUT0000000000194157","INSEEDBAN":null,"COMDEL_BAN":null,"DATE_CREAT":"2023-12-08T13:42:59","DATE_MAJ":"2024-03-12T16:10:18","NOM_NORMA":"PAS BEAUFILS","ID_BAN_ODO":null,"Nom_a_verifier":false,"other_tags":"nan"},"geometry":{"type":"MultiLineString","coordinates":[[[2.405150920278465,48.852529653417463],[2.405213241815165,48.852323112778429]]]}},
{"type":"Feature","properties":{"ID":"VOIE_NOM0000002338743861","ID_BAN":"75120_0533","name":"Rue Auger","INSEE_COM":"75120","NOM_COM":"Paris 20e Arrondissement","SRC_BAN":"commune","NOM_COLL":"R AUGER","TYPE_VOIE":"rue","MOT_DIR":"Auger","LD_BAN":null,"ID_SUPP":"TRONROUT0000000000195045/TRONROUT0000000330306518","INSEEDBAN":null,"COMDEL_BAN":null,"DATE_CREAT":"2023-12-08T13:42:59","DATE_MAJ":"2024-03-12T16:10:18","NOM_NORMA":"R AUGER","ID_BAN_ODO":null,"Nom_a_verifier":false,"other_tags":"\"wikipedia\"=>\"fr:Rue_Auger_(Paris)\""},"geometry":{"type":"MultiLineString","coordinates":[[[2.3988001594838,48.850760366102719],[2.398859993489927,48.850771458957787]],[[2.398859993489927,48.850771458957787],[2.398915718693515,48.850784329844437],[2.398964464492955,48.850811555271342],[2.399127919504727,48.850936486769115],[2.39935355162083,48.851105798393405],[2.399657662714751,48.851324068318036],[2.399828048488169,48.851439140698673],[2.399858976551556,48.851475269873625],[2.399868173750907,48.851504994588097],[2.399860987326694,48.851537335178278],[2.399845458886666,48.851584023539687]]]}},
{"type":"Feature","properties":{"ID":"VOIE_NOM0000002338743875","ID_BAN":"75120_7172","name":"Rue Paul Meurice","INSEE_COM":"75120","NOM_COM":"Paris 20e Arrondissement","SRC_BAN":"commune","NOM_COLL":"R PAUL MEURICE","TYPE_VOIE":"rue","MOT_DIR":"Meurice","LD_BAN":null,"ID_SUPP":"TRONROUT0000000000184457/TRONROUT0000000312870196/TRONROUT0000000312870197","INSEEDBAN":null,"COMDEL_BAN":null,"DATE_CREAT":"2023-12-08T13:42:59","DATE_MAJ":"2024-03-12T16:10:18","NOM_NORMA":"R PAUL MEURICE","ID_BAN_ODO":null,"Nom_a_verifier":false,"other_tags":"\"wikipedia\"=>\"fr:Rue_Paul-Meurice\""},"geometry":{"type":"MultiLineString","coordinates":[[[2.410144362395494,48.877202565442694],[2.41025935637587,48.877041252722073],[2.410382774246715,48.876858397453695],[2.410508979066692,48.876670159777944],[2.410686370373464,48.876416522858655],[2.41085540686738,48.876178133119609],[2.411012273328068,48.875930689917894],[2.411184358776898,48.875663536052933]],[[2.411722245067069,48.874877467563984],[2.411939932265706,48.874555677282899],[2.41216454496217,48.874224027888161],[2.412351736934304,48.873946154191273]],[[2.411184358776898,48.875663536052933],[2.41145199650549,48.875265549433522],[2.411722245067069,48.874877467563984]]]}},
{"type":"Feature","properties":{"ID":"VOIE_NOM0000002338743887","ID_BAN":"75120_x081","name":"Voie An/20","INSEE_COM":"75120","NOM_COM":"Paris 20e Arrondissement","SRC_BAN":"commune","NOM_COLL":"VOI AN/20","TYPE_VOIE":"voie","MOT_DIR":"An/20","LD_BAN":null,"ID_SUPP":"TRONROUT0000000000184464","INSEEDBAN":null,"COMDEL_BAN":null,"DATE_CREAT":"2023-12-08T13:42:59","DATE_MAJ":"2024-03-12T16:10:18","NOM_NORMA":"VOI AN/20","ID_BAN_ODO":null,"Nom_a_verifier":false,"other_tags":"nan"},"geometry":{"type":"MultiLineString","coordinates":[[[2.407346150965525,48.872563483814922],[2.407240015048917,48.872785093572134],[2.407122603518389,48.873039023332986]]]}},
{"type":"Feature","properties":{"ID":"VOIE_NOM0000002338743892","ID_BAN":"75120_0258","name":"Rue des Amandiers","INSEE_COM":"75120","NOM_COM":"Paris 20e Arrondissement","SRC_BAN":"commune","NOM_COLL":"R DES AMANDIERS","TYPE_VOIE":"rue","MOT_DIR":"Amandiers","LD_BAN":null,"ID_SUPP":"TRONROUT0000000000187049/TRONROUT0000000000187068/TRONROUT0000000000187934/TRONROUT0000000000187935/TRONROUT0000000000187938/TRONROUT0000000000187940/TRONROUT0000000000187941/TRONROUT0000000000188956/TRONROUT0000000000188960/TRONROUT0000000255748792/TRON","INSEEDBAN":null,"COMDEL_BAN":null,"DATE_CREAT":"2023-12-08T13:42:59","DATE_MAJ":"2024-03-12T16:10:18","NOM_NORMA":"R DES AMANDIERS","ID_BAN_ODO":null,"Nom_a_verifier":false,"other_tags":"\"wikipedia\"=>\"fr:Rue_des_Amandiers\""},"geometry":{"type":"MultiLineString","coordinates":[[[2.389069196946367,48.863844243057194],[2.388735640300308,48.863577233963483],[2.388439871591785,48.863342793289156]],[[2.389385349768688,48.864317111575858],[2.389154108543916,48.863926516590482],[2.389113734172609,48.863882242759978],[2.389069196946367,48.863844243057194]],[[2.389847076201049,48.865512891943794],[2.389848860593008,48.865476927419252],[2.389847845100589,48.865447244003647],[2.389813327804614,48.865251911105027],[2.389739277760939,48.864940361607324],[2.389714211836729,48.864869185852108],[2.389608658467731,48.864686980654639],[2.389385349768688,48.864317111575858]],[[2.389847076201049,48.865512891943794],[2.389779604859609,48.865687020001083],[2.38973025352623,48.865827065460408],[2.389680364598988,48.866012974489209]],[[2.389680364598988,48.866012974489209],[2.389673953461794,48.866094781744984],[2.389670784761833,48.866132537868424],[2.389678531353379,48.866169450312348]],[[2.389442339681917,48.866665580567286],[2.389019989105308,48.86722641176241],[2.388998930490263,48.86727846593341],[2.388987424258246,48.867329669525127]],[[2.388777835938735,48.8676487640708],[2.388951086360375,48.867405927835826],[2.388971955204218,48.867370060813634],[2.388987424258246,48.867329669525127]],[[2.388449283416944,48.868114741913352],[2.388513075434485,48.868022435967475],[2.388777835938735,48.8676487640708]],[[2.388167546506774,48.868308458506682],[2.388192537387186,48.868269914700733],[2.388217348683962,48.868246658724132],[2.388266791679024,48.868215434590454],[2.388318908110864,48.868188720790926],[2.38841210894579,48.868146028814202],[2.388435451361784,48.868131758670124],[2.388449283416944,48.868114741913352]],[[2.389678531353379,48.866169450312348],[2.389676715212216,48.866208112670598],[2.38966596188281,48.86631148192658]],[[2.389442339681917,48.866665580567286],[2.389580747483938,48.86648731795259],[2.389648666952411,48.866391434977473],[2.389659929992786,48.866360914859726],[2.38966596188281,48.86631148192658]]]}},
{"type":"Feature","properties":{"ID":"VOIE_NOM0000002338743898","ID_BAN":"75120_4203","name":"Rue des Glaïeuls","INSEE_COM":"75120","NOM_COM":"Paris 20e Arrondissement","SRC_BAN":"commune","NOM_COLL":"R DES GLAIEULS","TYPE_VOIE":"rue","MOT_DIR":"Glaïeuls","LD_BAN":null,"ID_SUPP":"TRONROUT0000000256619808","INSEEDBAN":null,"COMDEL_BAN":null,"DATE_CREAT":"2023-12-08T13:42:59","DATE_MAJ":"2024-03-12T16:10:18","NOM_NORMA":"R DES GLAIEULS","ID_BAN_ODO":null,"Nom_a_verifier":false,"other_tags":"\"wikipedia\"=>\"fr:Rue_des_Gla%C3%AFeuls\""},"geometry":{"type":"MultiLineString","coordinates":[[[2.408658025754713,48.876976695533514],[2.408627388098365,48.877033201948628],[2.408540065301165,48.877158676669588],[2.408405763775025,48.877338778251591],[2.408368257598257,48.877399747287399],[2.408340233788471,48.877466159149122],[2.408352325136258,48.877602017606762]]]}},
{"type":"Feature","properties":{"ID":"VOIE_NOM0000002338743902","ID_BAN":"75120_5638","name":"Rue Levert","INSEE_COM":"75120","NOM_COM":"Paris 20e Arrondissement","SRC_BAN":"commune","NOM_COLL":"R LEVERT","TYPE_VOIE":"rue","MOT_DIR":"Levert","LD_BAN":null,"ID_SUPP":"TRONROUT0000000000183752/TRONROUT0000000000184518/TRONROUT0000000000184520/TRONROUT0000000000184521/TRONROUT0000000000184522/TRONROUT0000000356726153","INSEEDBAN":null,"COMDEL_BAN":null,"DATE_CREAT":"2023-12-08T13:42:59","DATE_MAJ":"2024-03-12T16:10:18","NOM_NORMA":"R LEVERT","ID_BAN_ODO":null,"Nom_a_verifier":false,"other_tags":"\"wikipedia\"=>\"fr:Rue_Levert\""},"geometry":{"type":"MultiLineString","coordinates":[[[2.389490998606688,48.872865858712665],[2.389546133837023,48.872930891991544],[2.38980819606952,48.873138175749908]],[[2.38980819606952,48.873138175749908],[2.389918857765314,48.873234968574351]],[[2.392386764243232,48.875202671609628],[2.392628283796926,48.875419737033567]],[[2.392386764243232,48.875202671609628],[2.391827406237886,48.874766352757149],[2.391264219922395,48.874308427605172],[2.390368514571335,48.873605986434661]],[[2.389918857765314,48.873234968574351],[2.390026561617378,48.873351531564523]],[[2.390026561617378,48.873351531564523],[2.390368514571335,48.873605986434661]]]}},
{"type":"Feature","properties":{"ID":"VOIE_NOM0000002338743925","ID_BAN":"75120_2608","name":"Boulevard Davout","INSEE_COM":"75120","NOM_COM":"Paris 20e Arrondissement","SRC_BAN":"commune","NOM_COLL":"BD DAVOUT","TYPE_VOIE":"boulevard","MOT_DIR":"Davout","LD_BAN":null,"ID_SUPP":"TRONROUT0000000312564844/TRONROUT0000000317831835/TRONROUT0000000317831838/TRONROUT0000000317831839/TRONROUT0000000317831867/TRONROUT0000000317831868/TRONROUT0000000317831869/TRONROUT0000000317831870/TRONROUT0000000317831871/TRONROUT0000000317831872/TRON","INSEEDBAN":null,"COMDEL_BAN":null,"DATE_CREAT":"2023-12-08T13:42:59","DATE_MAJ":"2024-03-12T16:10:18","NOM_NORMA":"BD DAVOUT","ID_BAN_ODO":null,"Nom_a_verifier":false,"other_tags":"nan"},"geometry":{"type":"MultiLineString","coordinates":[[[2.411274555332763,48.847178221753182],[2.411291161801576,48.847276332998469],[2.41130587746301,48.847421201302261],[2.411315173237677,48.847563344857271],[2.411312368070991,48.847691039202147],[2.41132450089348,48.847823303798293],[2.411340934968767,48.847936703129541]],[[2.411289624006492,48.848980598890911],[2.411249252570288,48.848935432631571],[2.411230968031876,48.848865193188317],[2.411214726957482,48.848734707193657],[2.411186811569354,48.848552001288617],[2.411152957126327,48.84829192179253],[2.411139086011296,48.848192924728181],[2.411095846133849,48.847919308641465],[2.411057843735361,48.847664604667898],[2.411040230694701,48.847535011104505],[2.411025668859303,48.847497166582237],[2.411002890737951,48.847462879021016],[2.410970472746205,48.847437537527661],[2.410925791321479,48.847412135643793],[2.410875537518187,48.847397498543948],[2.410817047100681,48.847388216981031]],[[2.411390397522519,48.848865977637821],[2.411411385700047,48.848817515874472],[2.411422926754091,48.848760913461469],[2.41144733079961,48.848651312536042]],[[2.411340934968767,48.847936703129541],[2.411362474236745,48.848080705559269],[2.411383779995778,48.848245391928174],[2.411410566894694,48.848407407175671],[2.411434628685184,48.848569408987061],[2.41144733079961,48.848651312536042]],[[2.411512245243732,48.849057239664575],[2.411515518948111,48.849008690758772],[2.411518975446264,48.848943954412718],[2.411514449018825,48.848862091107414],[2.411507268409591,48.848773919275267],[2.41144733079961,48.848651312536042]],[[2.411289624006492,48.848980598890911],[2.411339227910121,48.848932277945444],[2.411372388550698,48.848891970249888],[2.411390397522519,48.848865977637821]],[[2.411087788180069,48.850320538725626],[2.411119901378481,48.850131833060374],[2.411146329920888,48.849963784457643],[2.411181371256102,48.8497571061]],[[2.411013747789474,48.85072218409578],[2.411047356324237,48.850521794315789],[2.411087788180069,48.850320538725626]],[[2.410898835667803,48.851243241644561],[2.410903757451903,48.851169519152968],[2.410912411507397,48.851127292295089],[2.410923658794204,48.851096769757547],[2.410958742945466,48.851007007443087],[2.410993257147234,48.850847092963058],[2.411013747789474,48.85072218409578]],[[2.411117459171968,48.851312668467592],[2.411091964885975,48.851397981254031],[2.411064548789321,48.851532748821541],[2.4110370715645,48.851672912165711],[2.411013956808777,48.851788814516411],[2.41099356739953,48.851904730267186],[2.410978689803108,48.852015277038824],[2.410969822175635,48.852076389158313],[2.410969171574396,48.852133944327498],[2.410958310900318,48.852250806295281],[2.410952819796671,48.852374889479314],[2.410956908511929,48.852495422413774],[2.41095563776697,48.852607834808296],[2.410931098670772,48.852729126130939]],[[2.411512245243732,48.849057239664575],[2.411497826578455,48.849127318195656]],[[2.411242379537773,48.849061308097227],[2.411262015442545,48.849011940361052],[2.411289624006492,48.848980598890911]],[[2.411181371256102,48.8497571061],[2.411195851488792,48.849681631837726],[2.411210799085202,48.84956478969611],[2.411227170239094,48.849442558435861],[2.411235365373587,48.849320286926933],[2.411239228657775,48.849219578532747],[2.411236034816779,48.849140419848503],[2.411242379537773,48.849061308097227]],[[2.411497826578455,48.849127318195656],[2.411483367249561,48.84920099392825],[2.411457376918587,48.849330372743744],[2.411435616640058,48.849447181424622],[2.411407989149158,48.849600834640462],[2.411380391969622,48.849751789924355],[2.411347282988653,48.849908114172436],[2.411319543241676,48.850071659617413],[2.411286210359067,48.850247768426918],[2.411254250097524,48.850422984603696],[2.411230801071896,48.8505685640528],[2.411206100995896,48.850704244465049],[2.411184309095361,48.850823750857749],[2.411165435572621,48.850926183937212],[2.411157351805654,48.851038562960611],[2.411158837425113,48.851148291016443],[2.411155542929501,48.851198638419703],[2.411117459171968,48.851312668467592]],[[2.410077309414627,48.855797092164401],[2.410093440830563,48.855696444861458],[2.410116549186276,48.85558144239269],[2.410128337484949,48.855503257328301]],[[2.410296357082645,48.854746835153762],[2.41032694006856,48.854573411793226],[2.410363065599234,48.854391921581254],[2.410387688209596,48.854263436174797],[2.410405099928564,48.854169989788488],[2.410426630455404,48.854073865642441],[2.410441367359089,48.853975909315658],[2.410460233235043,48.853874375929365],[2.410476281920259,48.853780922785639],[2.410490988125125,48.853685664321524],[2.410507026523145,48.853593110456082],[2.410517796925719,48.853484342355671]],[[2.410614653590315,48.854078389319476],[2.410581814227238,48.854210431707656],[2.410560070294304,48.854325441121404],[2.410538366959547,48.854436853328949],[2.410517975456136,48.854552768722563],[2.410496282110998,48.854663281602264],[2.410474517450887,48.854780089548242],[2.410456963202118,48.854886126054538],[2.410445440092581,48.854940929468299]],[[2.410128337484949,48.855503257328301],[2.410159592031063,48.855390993030042],[2.410194853443798,48.855285943239494],[2.410216506970518,48.855179027664256],[2.410234000733791,48.855078387003509],[2.410254260753529,48.854974162575935],[2.410274541048575,48.85486813954072],[2.410296357082645,48.854746835153762]],[[2.410600764166721,48.853017089759959],[2.410622588838181,48.852894885812638],[2.410647362671233,48.852752910695337],[2.410672299103243,48.852596546769298],[2.410705188071331,48.852460007668554],[2.410749934682384,48.852238988091493],[2.410789301184671,48.852011646514406],[2.410823135112687,48.851791472435195],[2.410869121358032,48.851581250990129],[2.410894463236201,48.851388914850105],[2.410899801874662,48.851278321061528],[2.410898835667803,48.851243241644561]],[[2.410931098670772,48.852729126130939],[2.410906467958438,48.852858511125469],[2.410884623633403,48.852982513726133],[2.410861396112926,48.853108308196624],[2.41084098551184,48.853226022381065],[2.410823402027132,48.853334756984943],[2.410807364270576,48.853427310914299],[2.410787166972986,48.853526139790453]],[[2.410517796925719,48.853484342355671],[2.410539845800158,48.853342353908438],[2.410568952493332,48.853178815838241],[2.410600764166721,48.853017089759959]],[[2.410787166972986,48.853526139790453],[2.410761467672694,48.853629438302221],[2.410727581465835,48.853733595829482],[2.410680972453751,48.853878161344937],[2.410642936557545,48.853987694477169],[2.410614653590315,48.854078389319476]],[[2.410233074102932,48.856243935821773],[2.410206944819079,48.85638500439407],[2.410196804317902,48.856438015835259],[2.410171265295592,48.856526925215611],[2.410131334134306,48.856683214586184],[2.410118345621507,48.856747004118638],[2.410096681060111,48.856854818820757],[2.41007305281045,48.857015685223658],[2.410042579554958,48.857179215889353],[2.410014913306819,48.857335565600401],[2.409981469530103,48.85752066584606]],[[2.409563135272698,48.858595118275915],[2.409579258357273,48.858495370590212],[2.409595452714229,48.858389327833173],[2.409609886691618,48.858318350820916],[2.409625428769013,48.858269862886786],[2.409666338356931,48.85814775382395],[2.409686172769669,48.858081300153245],[2.409696385431617,48.85802199377148],[2.409719760592128,48.857883609957398],[2.409743186568026,48.857740729647226],[2.409766500353171,48.857607741558724],[2.409789915889816,48.857465760498975],[2.409815975538732,48.857330987221395],[2.409842228588619,48.857179127310914],[2.409869895271868,48.857022777617736],[2.40989754141893,48.856868226487315],[2.40992094608152,48.85672714460302],[2.409945723648504,48.856585170120653],[2.409957430958824,48.85651417951069],[2.409966718064756,48.856416196577158],[2.409998859446508,48.856225693655311]],[[2.409981469530103,48.85752066584606],[2.409958074859132,48.857660848346399],[2.409934690246893,48.857800131529636],[2.409911325879724,48.85793761610141],[2.409893993499032,48.858023867741785],[2.40988067842211,48.858116434597726],[2.409884979004437,48.858218081761969],[2.409893388651275,48.858317950490374],[2.409887224094746,48.858380874213161],[2.409877133808494,48.858429389060419],[2.409852446853262,48.858563269644989],[2.409829051367012,48.858703451988411]],[[2.409535568750904,48.858742474736488],[2.409542923420216,48.85869484577627],[2.409563135272698,48.858595118275915]],[[2.409472026019028,48.860620889873353],[2.409451762238657,48.860725113638225],[2.409421753790829,48.860847276153571],[2.409411805312922,48.860883200761897]],[[2.409176046925477,48.861119463476868],[2.409197959916408,48.860990066343916],[2.409211433439222,48.860763498522125],[2.409230865022706,48.860612504865202]],[[2.409133736576384,48.861364775036989],[2.409168681380006,48.861167991602443],[2.409176046925477,48.861119463476868]],[[2.409411805312922,48.860883200761897],[2.409383353343252,48.860988283424945],[2.409352997943111,48.861141021824722],[2.40932816561543,48.861287492061088],[2.409306242626617,48.861417788475009],[2.409279975681915,48.861570546979358],[2.409257919891689,48.861712534141923],[2.409233260382093,48.861843716327968],[2.409212740701243,48.861970422222115],[2.409194906109712,48.862100738720819],[2.409188322129534,48.862200533132338],[2.40917480075914,48.86231108538324],[2.409157190332861,48.862421617434251]],[[2.409491909307596,48.858986880930317],[2.409525376148436,48.858799982478075],[2.409535568750904,48.858742474736488]],[[2.409829051367012,48.858703451988411],[2.409807140905112,48.858832849503692],[2.409779350822026,48.85899999045342],[2.409753534755685,48.859113180470736],[2.40974368871942,48.85914011222566],[2.409691620470824,48.859284649761832],[2.409677155768985,48.859358324602752],[2.409665162129268,48.859454495220426],[2.40962457502545,48.85966833878129]],[[2.409230865022706,48.860612504865202],[2.409278299800324,48.860395997381019],[2.409318746152267,48.860194744177562],[2.409355358259841,48.85997098841824],[2.409396048647349,48.859748152075113],[2.409433972064881,48.859528899394931],[2.409464560728278,48.859355477001813],[2.409474906399216,48.859284479890597],[2.409475334498279,48.859246709559642],[2.409478784017771,48.859182873162574],[2.409482162180016,48.859125331817673],[2.409480078494872,48.859068662861681],[2.409488898097028,48.859012047706301],[2.409491909307596,48.858986880930317]],[[2.40962457502545,48.85966833878129],[2.409602908227547,48.859776153110211],[2.40957215671697,48.859963964161594],[2.409543104255405,48.860122105232556],[2.409512433864216,48.860302721867967],[2.409499726218817,48.860461842872901],[2.409472026019028,48.860620889873353]],[[2.408835246521604,48.864126076861481],[2.408834797508688,48.864165645602995],[2.408834144397773,48.864223200133587]],[[2.408834144397773,48.864223200133587],[2.408844446693728,48.864276312075852],[2.408857281224115,48.864346523978874]],[[2.408540563596726,48.864388127500831],[2.408569963584175,48.86431992296307],[2.408573312455188,48.864265079778917],[2.408573720830106,48.864229108199908]],[[2.408997394822121,48.862088971399139],[2.409025695154498,48.861997378302377],[2.409070885494481,48.861738591007523],[2.409104498408785,48.861539103052792],[2.409133736576384,48.861364775036989]],[[2.409157190332861,48.862421617434251],[2.409126966027928,48.862562664797629],[2.409093750343244,48.86272708023558],[2.40906635371764,48.862859148098018],[2.409061877059336,48.86289330095137],[2.409046420971997,48.86305420665677],[2.409034649743487,48.863130592501534],[2.409015971566531,48.863215038299543],[2.408988360244407,48.863365991180913]],[[2.408988360244407,48.863365991180913],[2.408959671405937,48.86349175718086],[2.408927929867222,48.863646286976369],[2.408904662257018,48.863774777727834],[2.408878841924181,48.863887967068891],[2.408852929638633,48.864009250000088],[2.408844210546014,48.864056871956869],[2.408835246521604,48.864126076861481]],[[2.408573720830106,48.864229108199908],[2.408569937972903,48.864202109307485],[2.40857362374497,48.864117589561751],[2.40857891756837,48.86401149359336],[2.408596519550066,48.863901861075838],[2.408625178865878,48.863778793079099],[2.408655507313261,48.863628753097473],[2.408684350071149,48.863489497834571],[2.408715969756012,48.863345759564481],[2.40874207594939,48.863207390074088],[2.40877229146468,48.863067242180428],[2.408807713946401,48.862948704167408],[2.408841803870176,48.862827461526543],[2.40886923166024,48.862692695839442],[2.40890245823491,48.862527381167816],[2.408940171496766,48.862327014306217],[2.408961779513358,48.862224596092268],[2.408997394822121,48.862088971399139]],[[2.41005827918256,48.855913014056455],[2.410077309414627,48.855797092164401]],[[2.410445440092581,48.854940929468299],[2.410413504652666,48.855113446789844],[2.410390264868651,48.855240140224609],[2.410384914566427,48.855351632893154],[2.410374143500499,48.855460400798833],[2.410355215821015,48.855567329806632],[2.410332128353008,48.85568053372981],[2.410314512445113,48.855791965908168],[2.410295828795088,48.855877311761006]],[[2.410295828795088,48.855877311761006],[2.410280907870912,48.855991455236037],[2.41026216302255,48.85608219684574],[2.410244760587189,48.856174743754224],[2.410233074102932,48.856243935821773]],[[2.409998859446508,48.856225693655311],[2.410006060591073,48.856191554000652],[2.410027786160245,48.856078343473214],[2.410045239860557,48.855981300106748],[2.41005827918256,48.855913014056455]]]}},
{"type":"Feature","properties":{"ID":"VOIE_NOM0000002338743928","ID_BAN":"75120_8934","name":"Rue Serpollet","INSEE_COM":"75120","NOM_COM":"Paris 20e Arrondissement","SRC_BAN":"commune","NOM_COLL":"R SERPOLLET","TYPE_VOIE":"rue","MOT_DIR":"Serpollet","LD_BAN":null,"ID_SUPP":"TRONROUT0000000000190924/TRONROUT0000000000190930/TRONROUT0000000338525085/TRONROUT0000000350840274/TRONROUT0000002341410593","INSEEDBAN":null,"COMDEL_BAN":null,"DATE_CREAT":"2023-12-08T13:42:59","DATE_MAJ":"2024-03-12T16:10:18","NOM_NORMA":"R SERPOLLET","ID_BAN_ODO":null,"Nom_a_verifier":false,"other_tags":"\"wikipedia\"=>\"fr:Rue_Serpollet\""},"geometry":{"type":"MultiLineString","coordinates":[[[2.409568724302155,48.860627662396901],[2.409472026019028,48.860620889873353]],[[2.410232003808559,48.860673202119521],[2.410108066644963,48.860664497183819],[2.409568724302155,48.860627662396901]],[[2.412824499124587,48.861034895190919],[2.412718299466766,48.86102448131102],[2.41256179189493,48.861003028294199],[2.412405426448255,48.86096898497788],[2.412242368145663,48.860924116476575],[2.41209434327049,48.860875724234887],[2.411976141350169,48.860841867827261],[2.411836122108989,48.860808803418152],[2.411678343987161,48.860779248910092],[2.411427895192149,48.86074833911281],[2.41135980835527,48.860742608173588],[2.411284805136014,48.860745836596692]],[[2.41120171564132,48.860740931105006],[2.410675980936946,48.860705966953802],[2.410232003808559,48.860673202119521]],[[2.411284805136014,48.860745836596692],[2.41120171564132,48.860740931105006]]]}},
{"type":"Feature","properties":{"ID":"VOIE_NOM0000002338743936","ID_BAN":"75120_0055","name":"Place de l'Adjudant Vincenot","INSEE_COM":"75120","NOM_COM":"Paris 20e Arrondissement","SRC_BAN":"commune","NOM_COLL":"PL DE L'ADJUDANT VINCENOT","TYPE_VOIE":"place","MOT_DIR":"Vincenot","LD_BAN":null,"ID_SUPP":"TRONROUT0000000000185227/TRONROUT0000000000186085/TRONROUT0000000000186088/TRONROUT0000000000186093/TRONROUT0000000350840242","INSEEDBAN":null,"COMDEL_BAN":null,"DATE_CREAT":"2023-12-08T13:42:59","DATE_MAJ":"2024-03-12T16:10:18","NOM_NORMA":"PL DE L'ADJUDANT VINCENOT","ID_BAN_ODO":null,"Nom_a_verifier":false,"other_tags":"nan"},"geometry":{"type":"MultiLineString","coordinates":[[[2.408611942222306,48.8708286338615],[2.408697804628778,48.870830856722797]],[[2.408707815938089,48.870549414424367],[2.408600224283595,48.870539889529837]],[[2.408254111510354,48.870525588247965],[2.40815466860156,48.870518801241758]],[[2.408600224283595,48.870539889529837],[2.408478969915871,48.870532995024206],[2.408363127569142,48.870529724485777],[2.408254111510354,48.870525588247965]],[[2.40815466860156,48.870518801241758],[2.40821373038333,48.870600033397288],[2.408262336129521,48.870641643097606],[2.408323333472917,48.870672522013827],[2.40845895033325,48.870735246405793],[2.408611942222306,48.8708286338615]]]}},
{"type":"Feature","properties":{"ID":"VOIE_NOM0000002338743937","ID_BAN":"75120_9085","name":"Rue Stendhal","INSEE_COM":"75120","NOM_COM":"Paris 20e Arrondissement","SRC_BAN":"commune","NOM_COLL":"R STENDHAL","TYPE_VOIE":"rue","MOT_DIR":"Stendhal","LD_BAN":null,"ID_SUPP":"TRONROUT0000000000189974/TRONROUT0000000000189975/TRONROUT0000000000189977/TRONROUT0000000000189978/TRONROUT0000000000189982/TRONROUT0000000000189987/TRONROUT0000000000190949/TRONROUT0000000000190951/TRONROUT0000000000190955/TRONROUT0000000000190962","INSEEDBAN":null,"COMDEL_BAN":null,"DATE_CREAT":"2023-12-08T13:42:59","DATE_MAJ":"2024-03-12T16:10:18","NOM_NORMA":"R STENDHAL","ID_BAN_ODO":null,"Nom_a_verifier":false,"other_tags":"\"wikipedia\"=>\"fr:Rue_Stendhal\""},"geometry":{"type":"MultiLineString","coordinates":[[[2.403263122510463,48.860290609228763],[2.403364505516311,48.86024524820585],[2.403553394518453,48.860176040984413],[2.403687302308918,48.860147029973163],[2.403915458489895,48.860100501430509]],[[2.402975969371376,48.86048973061137],[2.403042070954812,48.860430703694938],[2.403112189103572,48.86037799217798],[2.403195915946441,48.860327147173052],[2.403263122510463,48.860290609228763]],[[2.402764861083003,48.860713513082771],[2.402975969371376,48.86048973061137]],[[2.402764861083003,48.860713513082771],[2.401984572161726,48.861362539521785],[2.401728508828904,48.86158339734969]],[[2.401242200075708,48.862031535833545],[2.401316617844496,48.861960860088651]],[[2.400966531377208,48.862297260948559],[2.401242200075708,48.862031535833545]],[[2.400772269986504,48.862477056186066],[2.400966531377208,48.862297260948559]],[[2.39970514232528,48.86329100862401],[2.399856510177675,48.863285472384753],[2.399892021234211,48.863279355064456],[2.399922152709726,48.863266915369785],[2.400131599540173,48.863071009577965],[2.400568414487018,48.862661299741163],[2.400772269986504,48.862477056186066]],[[2.401728508828904,48.86158339734969],[2.401442003105826,48.861843673411848]],[[2.401442003105826,48.861843673411848],[2.401316617844496,48.861960860088651]]]}},
{"type":"Feature","properties":{"ID":"VOIE_NOM0000002338743939","ID_BAN":"75120_6643","name":"Rue des Mûriers","INSEE_COM":"75120","NOM_COM":"Paris 20e Arrondissement","SRC_BAN":"commune","NOM_COLL":"R DES MURIERS","TYPE_VOIE":"rue","MOT_DIR":"Mûriers","LD_BAN":null,"ID_SUPP":"TRONROUT0000000000188952/TRONROUT0000000000188961","INSEEDBAN":null,"COMDEL_BAN":null,"DATE_CREAT":"2023-12-08T13:42:59","DATE_MAJ":"2024-03-12T16:10:18","NOM_NORMA":"R DES MURIERS","ID_BAN_ODO":null,"Nom_a_verifier":false,"other_tags":"\"wikipedia\"=>\"fr:Rue_des_M%C3%BBriers_(Paris)\""},"geometry":{"type":"MultiLineString","coordinates":[[[2.391645749907828,48.863938308657325],[2.391451757591644,48.864441852958251]],[[2.391451757591644,48.864441852958251],[2.391316869988616,48.864786514003356],[2.391177786298323,48.865140146860021]]]}},
{"type":"Feature","properties":{"ID":"VOIE_NOM0000002338743958","ID_BAN":"75120_1125","name":"Rue Botha","INSEE_COM":"75120","NOM_COM":"Paris 20e Arrondissement","SRC_BAN":"commune","NOM_COLL":"R BOTHA","TYPE_VOIE":"rue","MOT_DIR":"Botha","LD_BAN":null,"ID_SUPP":"TRONROUT0000000000185317/TRONROUT0000000356775251","INSEEDBAN":null,"COMDEL_BAN":null,"DATE_CREAT":"2023-12-08T13:42:59","DATE_MAJ":"2024-03-12T16:10:18","NOM_NORMA":"R BOTHA","ID_BAN_ODO":null,"Nom_a_verifier":false,"other_tags":"\"wikipedia\"=>\"fr:Rue_Botha\""},"geometry":{"type":"MultiLineString","coordinates":[[[2.38717247846659,48.871313449609204],[2.387137833555329,48.871592965703151]],[[2.387137833555329,48.871592965703151],[2.387212337017926,48.871517802931891],[2.387419285356317,48.871425331281827]]]}},
{"type":"Feature","properties":{"ID":"VOIE_NOM0000002338743963","ID_BAN":"75120_3759","name":"Rue des Fougères","INSEE_COM":"75120","NOM_COM":"Paris 20e Arrondissement","SRC_BAN":"commune","NOM_COLL":"R DES FOUGERES","TYPE_VOIE":"rue","MOT_DIR":"Fougères","LD_BAN":null,"ID_SUPP":"TRONROUT0000000000185218/TRONROUT0000000000185221/TRONROUT0000000000185225","INSEEDBAN":null,"COMDEL_BAN":null,"DATE_CREAT":"2023-12-08T13:42:59","DATE_MAJ":"2024-03-12T16:10:18","NOM_NORMA":"R DES FOUGERES","ID_BAN_ODO":null,"Nom_a_verifier":false,"other_tags":"\"wikipedia\"=>\"fr:Rue_des_Foug%C3%A8res\""},"geometry":{"type":"MultiLineString","coordinates":[[[2.410247690271838,48.873375522642334],[2.410409629944829,48.87279984819537],[2.410555847673737,48.872287948487894],[2.41058452768369,48.872042571719312],[2.410603857736345,48.871900572212759],[2.410637186901655,48.871485244152488]],[[2.410705827150661,48.871081781123074],[2.410684768300325,48.871135637494135],[2.410671553022246,48.871219210502126]],[[2.410637186901655,48.871485244152488],[2.41066635430027,48.871317212316534],[2.410671553022246,48.871219210502126]]]}},
{"type":"Feature","properties":{"ID":"VOIE_NOM0000002338743965","ID_BAN":"75120_9391","name":"Rue de Tourtille","INSEE_COM":"75120","NOM_COM":"Paris 20e Arrondissement","SRC_BAN":"commune","NOM_COLL":"R DE TOURTILLE","TYPE_VOIE":"rue","MOT_DIR":"Tourtille","LD_BAN":null,"ID_SUPP":"TRONROUT0000000000185418/TRONROUT0000000000185420/TRONROUT0000000000185426/TRONROUT0000000000186236/TRONROUT0000000256426097","INSEEDBAN":null,"COMDEL_BAN":null,"DATE_CREAT":"2023-12-08T13:42:59","DATE_MAJ":"2024-03-12T16:10:18","NOM_NORMA":"R DE TOURTILLE","ID_BAN_ODO":null,"Nom_a_verifier":false,"other_tags":"\"wikipedia\"=>\"fr:Rue_de_Tourtille\""},"geometry":{"type":"MultiLineString","coordinates":[[[2.381805737676558,48.87034244820051],[2.381655319830088,48.87061057306304]],[[2.381655319830088,48.87061057306304],[2.381567590496787,48.870765705132925],[2.381482619112556,48.870918153360243]],[[2.380745669651686,48.871900015835102],[2.380635220034332,48.872016358072663],[2.380505588166645,48.872140694947646],[2.380344215715884,48.872297243453481],[2.380002093217039,48.872634521456376],[2.379872415473367,48.872762454696279],[2.379845988771585,48.872806385225289],[2.379834493735429,48.872855789120713]],[[2.381482619112556,48.870918153360243],[2.381382470225004,48.871085811794025],[2.381283694601553,48.871252577883702],[2.38117113645918,48.871431863326841],[2.38107144506304,48.871560852334206]],[[2.38107144506304,48.871560852334206],[2.380947108006134,48.871698707149605],[2.380849131540067,48.871798026720917],[2.380745669651686,48.871900015835102]]]}},
{"type":"Feature","properties":{"ID":"VOIE_NOM0000002338743968","ID_BAN":"75120_2834","name":"Avenue du Docteur Gley","INSEE_COM":"75120","NOM_COM":"Paris 20e Arrondissement","SRC_BAN":"commune","NOM_COLL":"AV DU DOCTEUR GLEY","TYPE_VOIE":"avenue","MOT_DIR":"Gley","LD_BAN":null,"ID_SUPP":"TRONROUT0000000000182860/TRONROUT0000000000182863/TRONROUT0000000000182865/TRONROUT0000000082259738/TRONROUT0000000258284016","INSEEDBAN":null,"COMDEL_BAN":null,"DATE_CREAT":"2023-12-08T13:42:59","DATE_MAJ":"2024-03-12T16:10:18","NOM_NORMA":"AV DU DOCTEUR GLEY","ID_BAN_ODO":null,"Nom_a_verifier":false,"other_tags":"nan"},"geometry":{"type":"MultiLineString","coordinates":[[[2.412111361409063,48.876761677308949],[2.412208384325074,48.876742368492501]],[[2.412003228363739,48.876798918065006],[2.412111361409063,48.876761677308949]],[[2.41001302906853,48.877241488739244],[2.409947676335056,48.877353582786164],[2.409882516918158,48.87744859048815],[2.409831276544136,48.877518485555441],[2.409785469236424,48.877590206041496],[2.409718894867429,48.877689703305329],[2.409670370645444,48.877760511012298],[2.409613563933766,48.877840271137281],[2.409535979717069,48.877948707269667],[2.409504172758111,48.877988120845679]],[[2.410144362395494,48.877202565442694],[2.410414923724253,48.877149938517789],[2.410785326905887,48.877069923231971],[2.411319741250311,48.876954740263351],[2.412003228363739,48.876798918065006]],[[2.41001302906853,48.877241488739244],[2.410144362395494,48.877202565442694]]]}},
{"type":"Feature","properties":{"ID":"VOIE_NOM0000002338743970","ID_BAN":"75120_9888","name":"Rue Vitruve","INSEE_COM":"75120","NOM_COM":"Paris 20e Arrondissement","SRC_BAN":"commune","NOM_COLL":"R VITRUVE","TYPE_VOIE":"rue","MOT_DIR":"Vitruve","LD_BAN":null,"ID_SUPP":"TRONROUT0000000000190943/TRONROUT0000000000191736/TRONROUT0000000000191737/TRONROUT0000000000191738/TRONROUT0000000000191742/TRONROUT0000000000191747/TRONROUT0000000000191762/TRONROUT0000000000192684/TRONROUT0000000000192693/TRONROUT0000000000192702/TRON","INSEEDBAN":null,"COMDEL_BAN":null,"DATE_CREAT":"2023-12-08T13:42:59","DATE_MAJ":"2024-03-12T16:10:18","NOM_NORMA":"R VITRUVE","ID_BAN_ODO":null,"Nom_a_verifier":false,"other_tags":"\"wikipedia\"=>\"fr:Rue_Vitruve\""},"geometry":{"type":"MultiLineString","coordinates":[[[2.402229135252558,48.856560361007887],[2.401950598078672,48.85636650903718],[2.401586813743343,48.856119168613411],[2.401406941287804,48.855997756431201],[2.401305514327804,48.855928898615844]],[[2.402664868185724,48.856833240227168],[2.402229135252558,48.856560361007887]],[[2.403901338095206,48.857641622715448],[2.402664868185724,48.856833240227168]],[[2.405869737563649,48.858930280498136],[2.40527865333814,48.858532532090031]],[[2.404614403588615,48.858097543414907],[2.403901338095206,48.857641622715448]],[[2.40527865333814,48.858532532090031],[2.404614403588615,48.858097543414907]],[[2.406111925114207,48.858967456449946],[2.405937207050234,48.858870359372631]],[[2.40671492755749,48.859277123897975],[2.406447918468269,48.859145394932725],[2.406228376855092,48.859034585804409],[2.406111925114207,48.858967456449946]],[[2.407256912475028,48.859559505655994],[2.407141667660985,48.859505873484373],[2.40692881481186,48.859405890956857],[2.40671492755749,48.859277123897975]],[[2.408658480402285,48.86024454461181],[2.408771947055577,48.860335039553426],[2.408944873671449,48.860470795213438],[2.409052940513529,48.860556766481253],[2.409117943978169,48.860593960512212],[2.409230865022706,48.860612504865202]],[[2.407612311542088,48.859709657200163],[2.407256912475028,48.859559505655994]],[[2.407612311542088,48.859709657200163],[2.408050371305699,48.859902485714294],[2.40823617390126,48.859984345554373],[2.408374509134144,48.86004528554119],[2.408482880456408,48.860104278572486],[2.408574733403128,48.860177579358734],[2.408658480402285,48.86024454461181]]]}},
{"type":"Feature","properties":{"ID":"VOIE_NOM0000002338743977","ID_BAN":"75120_7160","name":"Rue Paul-Jean Toulet","INSEE_COM":"75120","NOM_COM":"Paris 20e Arrondissement","SRC_BAN":"commune","NOM_COLL":"R PAUL-JEAN TOULET","TYPE_VOIE":"rue","MOT_DIR":"Toulet","LD_BAN":null,"ID_SUPP":"TRONROUT0000000000192663/TRONROUT0000000000192666","INSEEDBAN":null,"COMDEL_BAN":null,"DATE_CREAT":"2023-12-08T13:42:59","DATE_MAJ":"2024-03-12T16:10:18","NOM_NORMA":"R PAUL-JEAN TOULET","ID_BAN_ODO":null,"Nom_a_verifier":false,"other_tags":"\"wikipedia\"=>\"fr:Rue_Paul-Jean-Toulet\""},"geometry":{"type":"MultiLineString","coordinates":[[[2.406879499542091,48.85715278753581],[2.406352902473319,48.857436168214534]],[[2.406352902473319,48.857436168214534],[2.406052558198584,48.857599258093103]]]}},
{"type":"Feature","properties":{"ID":"VOIE_NOM0000002338743982","ID_BAN":"75120_7504","name":"Rue Pixérécourt","INSEE_COM":"75120","NOM_COM":"Paris 20e Arrondissement","SRC_BAN":"commune","NOM_COLL":"R PIXERECOURT","TYPE_VOIE":"rue","MOT_DIR":"Pixérécourt","LD_BAN":null,"ID_SUPP":"TRONROUT0000000000184493/TRONROUT0000000000184494/TRONROUT0000000000184496/TRONROUT0000000000184497/TRONROUT0000000000184505/TRONROUT0000000000185271/TRONROUT0000000000185273/TRONROUT0000000000185276/TRONROUT0000000000185281/TRONROUT0000000000186147/TRON","INSEEDBAN":null,"COMDEL_BAN":null,"DATE_CREAT":"2023-12-08T13:42:59","DATE_MAJ":"2025-03-04T21:54:12","NOM_NORMA":"R PIXERECOURT","ID_BAN_ODO":null,"Nom_a_verifier":false,"other_tags":"\"wikipedia\"=>\"fr:Rue_Pix%C3%A9r%C3%A9court\""},"geometry":{"type":"MultiLineString","coordinates":[[[2.395409185182844,48.870879588029602],[2.395659968265095,48.871472617177396]],[[2.395845334648066,48.871946603112491],[2.395714285530671,48.871608691007062],[2.395697137256424,48.871559141005406]],[[2.395697137256424,48.871559141005406],[2.395659968265095,48.871472617177396]],[[2.39560297911085,48.870274414335881],[2.395672495597545,48.870157851633031],[2.395705535814755,48.870130139021846],[2.395761844260434,48.870094449838618]],[[2.395409185182844,48.870879588029602],[2.395375004551131,48.870770595755459],[2.395356681559401,48.870704851685943],[2.395361146997289,48.870672498153105],[2.395376455500834,48.870645595406742],[2.39543625308495,48.870544272492396]],[[2.39543625308495,48.870544272492396],[2.395480710744333,48.870472550155348],[2.39560297911085,48.870274414335881]],[[2.396110393889377,48.872602656142966],[2.395847988127991,48.871952911848645],[2.395845334648066,48.871946603112491]],[[2.396228772075587,48.872975577596158],[2.396221478500589,48.872899097423833],[2.396204579509583,48.87282796479861],[2.396110393889377,48.872602656142966]],[[2.396228772075587,48.872975577596158],[2.396321287100016,48.872992232213285],[2.396404280101859,48.873007040076246],[2.396521261259091,48.873030113242542],[2.396581214124679,48.873033113482656],[2.396626223052198,48.873031541697507],[2.396660388273948,48.8730245192369]],[[2.396660388273948,48.8730245192369],[2.396690494909822,48.873014778309411],[2.396745369617812,48.872985376855098],[2.396801690851945,48.8729487879936],[2.396852558917335,48.872912171627654]],[[2.396660388273948,48.8730245192369],[2.396636170874587,48.87311433054802],[2.396628969044967,48.873147569594636],[2.396511683756672,48.873268388394308],[2.396389745307852,48.873437747614858],[2.396269886382018,48.873662875845206],[2.396105368662835,48.873976812602791],[2.395933843152395,48.873954363156074]],[[2.395933843152395,48.873954363156074],[2.395951759621454,48.87370264026535],[2.395978374202865,48.873523807219755],[2.396005611487154,48.873408829966728],[2.396022565298733,48.873357653496988],[2.396060656510337,48.873247227648292],[2.396105303291908,48.873159318194261],[2.396228772075587,48.872975577596158]],[[2.395920655640182,48.874033437918577],[2.395933843152395,48.873954363156074]],[[2.395920655640182,48.874033437918577],[2.395916148542378,48.874069388495407],[2.395898620736701,48.874170025335268],[2.395851462024119,48.874356848572539],[2.395808041486971,48.874456455358605],[2.395756545218871,48.874547028030229]],[[2.395756545218871,48.874547028030229],[2.395604761113566,48.87482055819391],[2.395522571726726,48.87497123103303],[2.395456919270533,48.87510669866586],[2.395367943655133,48.875254639095935]]]}},
{"type":"Feature","properties":{"ID":"VOIE_NOM0000002338743984","ID_BAN":"75120_7711","name":"Avenue de la Porte de Vincennes","INSEE_COM":"75120","NOM_COM":"Paris 20e Arrondissement","SRC_BAN":"commune","NOM_COLL":"AV DE LA PORTE DE VINCENNES","TYPE_VOIE":"avenue","MOT_DIR":"Vincennes","LD_BAN":null,"ID_SUPP":"TRONROUT0000000000196619/TRONROUT0000000000196621/TRONROUT0000000000196632/TRONROUT0000000000196634/TRONROUT0000000000196635/TRONROUT0000000000197507/TRONROUT0000000000197528/TRONROUT0000000230033593/TRONROUT0000000230033597/TRONROUT0000000230033722/TRON","INSEEDBAN":null,"COMDEL_BAN":null,"DATE_CREAT":"2023-12-08T13:42:59","DATE_MAJ":"2024-03-12T16:10:18","NOM_NORMA":"AV DE LA PORTE DE VINCENNES","ID_BAN_ODO":null,"Nom_a_verifier":false,"other_tags":"nan"},"geometry":{"type":"MultiLineString","coordinates":[[[2.415876185063674,48.846703434672406],[2.415578959080062,48.846718171489023]],[[2.415196707184957,48.846659644344868],[2.415199109429984,48.846688435402172],[2.415201582318614,48.846710931329085],[2.415191176303133,48.846788224867346]],[[2.415578959080062,48.846718171489023],[2.415407111382682,48.84673172156532],[2.415316998834371,48.846747469575867],[2.415191176303133,48.846788224867346]],[[2.411274555332763,48.847178221753182],[2.411230962258083,48.84717710787794],[2.411177912266788,48.847168752615474],[2.411134481791442,48.84715324984856],[2.411103335066795,48.847136008822822],[2.411073683079632,48.847107083549858],[2.41105355915132,48.847079104526188],[2.411044356353285,48.847049380553656]],[[2.411634489240699,48.847403032024701],[2.41161528887259,48.847293216490854],[2.411671653119707,48.847249425357845],[2.413521286287269,48.8470858307833]],[[2.411464320831761,48.847026265299412],[2.411463924743016,48.847061338141735],[2.411449902663955,48.847096343952522],[2.411430562203832,48.847119632000769],[2.411404449354165,48.847139289313127],[2.411367466153413,48.847156195076806],[2.411322337798644,48.847170362691024],[2.411274555332763,48.847178221753182]],[[2.415923889589849,48.846945593642943],[2.416026185035229,48.84693709947075]],[[2.413875031684853,48.846892404640073],[2.413845600827745,48.846843695359617],[2.413831016917868,48.846807649763413]],[[2.413875031684853,48.846892404640073],[2.41355480187491,48.846892634076234]],[[2.41355480187491,48.846892634076234],[2.41311708516225,48.846919266994362],[2.412947115412612,48.846886955720109]],[[2.414068315395223,48.847032751188308],[2.414010067510925,48.847001887889888],[2.413931572912387,48.846953837666518],[2.413875031684853,48.846892404640073]],[[2.415191176303133,48.846788224867346],[2.415173079116325,48.846822311837286],[2.41514955171811,48.846854573551362],[2.415119221413939,48.846885902649333],[2.415084863850723,48.846911815929282]],[[2.415084863850723,48.846911815929282],[2.415035436949371,48.846944850346823],[2.414954579406908,48.846985825229261]],[[2.415923889589849,48.846945593642943],[2.415420557179176,48.846990801050779],[2.415379578392102,48.846999594346983],[2.415356141842306,48.847023762360614],[2.415349026182048,48.847050708186778]],[[2.412947115412612,48.846886955720109],[2.412156030029251,48.846952321581966],[2.41186547246426,48.846979672897696],[2.411464320831761,48.847026265299412]],[[2.414221783505244,48.847078470365908],[2.414313016988168,48.847084313148287],[2.414370225935744,48.847086391903886],[2.414465638185971,48.847084160844616],[2.41450927166633,48.847081676325864],[2.414647086088499,48.84706526296884],[2.414697633540231,48.847053818675626],[2.414765914941932,48.847040662403998],[2.414871117710019,48.847015995079808],[2.41488617695995,48.847009773256843],[2.414954579406908,48.846985825229261]],[[2.414221783505244,48.847078470365908],[2.414134840039692,48.84705466145445],[2.414068315395223,48.847032751188308]],[[2.413521286287269,48.8470858307833],[2.413584320024158,48.847054662392033],[2.413576640299011,48.847010556430824]]]}},
{"type":"Feature","properties":{"ID":"VOIE_NOM0000002338744010","ID_BAN":"75120_4237","name":"Square Got","INSEE_COM":"75120","NOM_COM":"Paris 20e Arrondissement","SRC_BAN":"commune","NOM_COLL":"SQ GOT","TYPE_VOIE":"square","MOT_DIR":"Got","LD_BAN":null,"ID_SUPP":"TRONROUT0000000000196696","INSEEDBAN":null,"COMDEL_BAN":null,"DATE_CREAT":"2023-12-08T13:42:59","DATE_MAJ":"2024-04-09T23:12:41","NOM_NORMA":"SQ GOT","ID_BAN_ODO":null,"Nom_a_verifier":false,"other_tags":"nan"},"geometry":{"type":"MultiLineString","coordinates":[[[2.405678675260087,48.848675857909356],[2.40556747224605,48.848628539116163],[2.405553938189076,48.848620377697493],[2.405525527968025,48.848602249481047],[2.405493585736222,48.848415924706444],[2.405443120996973,48.848180942773546],[2.405388825380002,48.847923457893089],[2.405372024588916,48.847843331935657]]]}},
{"type":"Feature","properties":{"ID":"VOIE_NOM0000002338744011","ID_BAN":"75120_4576","name":"Place Henri Krasucki","INSEE_COM":"75120","NOM_COM":"Paris 20e Arrondissement","SRC_BAN":"commune","NOM_COLL":"PL HENRI KRASUCKI","TYPE_VOIE":"place","MOT_DIR":"Krasucki","LD_BAN":null,"ID_SUPP":"TRONROUT0000000356726149/TRONROUT0000000356726150/TRONROUT0000000356726151/TRONROUT0000000356726154/TRONROUT0000000356726155","INSEEDBAN":null,"COMDEL_BAN":null,"DATE_CREAT":"2023-12-08T13:42:59","DATE_MAJ":"2024-03-12T16:10:18","NOM_NORMA":"PL HENRI KRASUCKI","ID_BAN_ODO":null,"Nom_a_verifier":false,"other_tags":"nan"},"geometry":{"type":"MultiLineString","coordinates":[[[2.389380306862929,48.872771763302971],[2.389406345995492,48.872760204780562],[2.389422736829802,48.87275759038495],[2.389441812031701,48.872758587017906],[2.389467693030581,48.872760517695497],[2.389488068258609,48.872766916959748],[2.389500274425218,48.872772375222219],[2.389520533721989,48.872788666570557],[2.389525923555389,48.872794090066549]],[[2.38936167770744,48.872849011048338],[2.389352345677326,48.872830976749889],[2.38934976674005,48.872818372908938],[2.389354067404365,48.872800408155932],[2.389362394613425,48.872787859951281],[2.389380306862929,48.872771763302971]],[[2.389525923555389,48.872794090066549],[2.38953123961124,48.872805808528327],[2.389532444783032,48.872819304693792],[2.389530870717623,48.872837283358145],[2.389519817001649,48.872849817668509],[2.389490998606688,48.872865858712665]],[[2.389396848625586,48.872872573161686],[2.38937787880753,48.872862583713648],[2.38936167770744,48.872849011048338]],[[2.389490998606688,48.872865858712665],[2.389480029200737,48.872871198772636],[2.389458153628615,48.872876483204649],[2.389437694029889,48.872877278182358],[2.389396848625586,48.872872573161686]]]}},
{"type":"Feature","properties":{"ID":"VOIE_NOM0000002338744014","ID_BAN":"75120_6038","name":"Impasse de la Mare","INSEE_COM":"75120","NOM_COM":"Paris 20e Arrondissement","SRC_BAN":"commune","NOM_COLL":"IMP DE LA MARE","TYPE_VOIE":"impasse","MOT_DIR":"Mare","LD_BAN":null,"ID_SUPP":"TRONROUT0000000000186185","INSEEDBAN":null,"COMDEL_BAN":null,"DATE_CREAT":"2023-12-08T13:42:59","DATE_MAJ":"2024-03-12T16:10:18","NOM_NORMA":"IMP DE LA MARE","ID_BAN_ODO":null,"Nom_a_verifier":false,"other_tags":"nan"},"geometry":{"type":"MultiLineString","coordinates":[[[2.388827325750756,48.869704903551558],[2.388848269457607,48.869662741641996],[2.388834118505144,48.869590722405498],[2.389013334142021,48.869304748734486]]]}},
{"type":"Feature","properties":{"ID":"VOIE_NOM0000002338744021","ID_BAN":"75120_9753","name":"Rue Victor Dejeante","INSEE_COM":"75120","NOM_COM":"Paris 20e Arrondissement","SRC_BAN":"commune","NOM_COLL":"R VICTOR DEJEANTE","TYPE_VOIE":"rue","MOT_DIR":"Dejeante","LD_BAN":null,"ID_SUPP":"TRONROUT0000000000186970/TRONROUT0000000312870175","INSEEDBAN":null,"COMDEL_BAN":null,"DATE_CREAT":"2023-12-08T13:42:59","DATE_MAJ":"2024-03-12T16:10:18","NOM_NORMA":"R VICTOR DEJEANTE","ID_BAN_ODO":null,"Nom_a_verifier":false,"other_tags":"\"wikipedia\"=>\"fr:Rue_Victor-Dejeante\""},"geometry":{"type":"MultiLineString","coordinates":[[[2.410048580732553,48.867121465785502],[2.40979639287182,48.867121121799443],[2.409394628588921,48.867087663130569],[2.409037776391627,48.867060720236701]],[[2.411068522625734,48.867218221237763],[2.410760669945129,48.867197819949254],[2.410233609062402,48.867153854474864],[2.410048580732553,48.867121465785502]]]}},
{"type":"Feature","properties":{"ID":"VOIE_NOM0000002338744025","ID_BAN":"75120_4553","name":"Rue Henri Dubouillon","INSEE_COM":"75120","NOM_COM":"Paris 20e Arrondissement","SRC_BAN":"commune","NOM_COLL":"R HENRI DUBOUILLON","TYPE_VOIE":"rue","MOT_DIR":"Dubouillon","LD_BAN":null,"ID_SUPP":"TRONROUT0000000000184465","INSEEDBAN":null,"COMDEL_BAN":null,"DATE_CREAT":"2023-12-08T13:42:59","DATE_MAJ":"2024-03-12T16:10:18","NOM_NORMA":"R HENRI DUBOUILLON","ID_BAN_ODO":null,"Nom_a_verifier":false,"other_tags":"\"wikipedia\"=>\"fr:Rue_Henri-Dubouillon\""},"geometry":{"type":"MultiLineString","coordinates":[[[2.403935500008329,48.872764187337879],[2.404136512893981,48.872830839468961],[2.404557667177086,48.872960640520198],[2.404609368820039,48.872969891024887],[2.404681673783239,48.872965753978967],[2.404769108354964,48.87295000079299],[2.404881153730165,48.872928074570737]]]}},
{"type":"Feature","properties":{"ID":"VOIE_NOM0000002338744027","ID_BAN":"75120_1500","name":"Rue du Capitaine Ferber","INSEE_COM":"75120","NOM_COM":"Paris 20e Arrondissement","SRC_BAN":"commune","NOM_COLL":"R DU CAPITAINE FERBER","TYPE_VOIE":"rue","MOT_DIR":"Ferber","LD_BAN":null,"ID_SUPP":"TRONROUT0000000000186964/TRONROUT0000000000186973/TRONROUT0000000000187859/TRONROUT0000000000187881/TRONROUT0000000000188850/TRONROUT0000000000188856/TRONROUT0000000350840246","INSEEDBAN":null,"COMDEL_BAN":null,"DATE_CREAT":"2023-12-08T13:42:59","DATE_MAJ":"2024-03-12T16:10:18","NOM_NORMA":"R DU CAPITAINE FERBER","ID_BAN_ODO":null,"Nom_a_verifier":false,"other_tags":"\"wikipedia\"=>\"fr:Rue_du_Capitaine-Ferber\""},"geometry":{"type":"MultiLineString","coordinates":[[[2.40430997417194,48.864339265744157],[2.404629327191108,48.864663717921246]],[[2.405040969224491,48.86514331435437],[2.404940166807662,48.865017805010694],[2.404836577105337,48.864897677743031],[2.404735662623241,48.864782060375241],[2.404629327191108,48.864663717921246]],[[2.405040969224491,48.86514331435437],[2.405315678635369,48.865438763625896],[2.40551894808691,48.865663708903163],[2.405723582383647,48.865888660557722],[2.40592813640442,48.866120806118516]],[[2.408877781497147,48.867945777344367],[2.40880003125866,48.867949890011111]],[[2.40880003125866,48.867949890011111],[2.40875636981988,48.86795327168749],[2.408699117764523,48.867952988859592],[2.40866373726753,48.867947418043087],[2.408632527882333,48.867934673129554],[2.408553965860712,48.8678902174304],[2.408480928020253,48.867839493619407]],[[2.406320308386402,48.866397050307334],[2.406512424438855,48.866524809810755],[2.407505498543789,48.867184448036632],[2.407801650887486,48.867394560028735]],[[2.407801650887486,48.867394560028735],[2.408015461740838,48.867533216356108],[2.408237411689519,48.867675509868555],[2.408480928020253,48.867839493619407]]]}},
{"type":"Feature","properties":{"ID":"VOIE_NOM0000002338744036","ID_BAN":"75120_3933","name":"Avenue Gambetta","INSEE_COM":"75120","NOM_COM":"Paris 20e Arrondissement","SRC_BAN":"commune","NOM_COLL":"AV GAMBETTA","TYPE_VOIE":"avenue","MOT_DIR":"Gambetta","LD_BAN":null,"ID_SUPP":"TRONROUT0000000000183692/TRONROUT0000000000183699/TRONROUT0000000000184466/TRONROUT0000000000185232/TRONROUT0000000000185234/TRONROUT0000000000185239/TRONROUT0000000000186112/TRONROUT0000000000186116/TRONROUT0000000000186118/TRONROUT0000000000186127/TRON","INSEEDBAN":null,"COMDEL_BAN":null,"DATE_CREAT":"2023-12-08T13:42:59","DATE_MAJ":"2024-03-12T16:10:18","NOM_NORMA":"AV GAMBETTA","ID_BAN_ODO":null,"Nom_a_verifier":false,"other_tags":"nan"},"geometry":{"type":"MultiLineString","coordinates":[[[2.387608864284585,48.862953625279033],[2.387527305670778,48.862934321715414]],[[2.389615315828564,48.863420741455862],[2.389482118964492,48.86338768572918],[2.389097533146797,48.863287694899654],[2.38858382104916,48.863156465555015]],[[2.391092644162676,48.863794299186502],[2.389615315828564,48.863420741455862]],[[2.392270973980783,48.864093473869879],[2.392376987003212,48.86412009305279]],[[2.392376987003212,48.86412009305279],[2.393842003795383,48.864500748630135],[2.394380266935447,48.86463297868913],[2.394527048394539,48.864670594325112]],[[2.391092644162676,48.863794299186502],[2.391645749907828,48.863938308657325]],[[2.391645749907828,48.863938308657325],[2.391804731783545,48.863981385741411],[2.392270973980783,48.864093473869879]],[[2.398266146670065,48.864905293818644],[2.398175966340113,48.864923726524985],[2.398074985341709,48.864933111440763]],[[2.398680669675465,48.865130413582719],[2.398622649443812,48.865078859673865],[2.398534807993699,48.865012766428237]],[[2.398074985341709,48.864933111440763],[2.397586758957418,48.864952239145985],[2.397266314023993,48.864961417861274]],[[2.397266314023993,48.864961417861274],[2.396258467583137,48.865003103687947]],[[2.394527048394539,48.864670594325112],[2.395309768120358,48.864881399917174],[2.395549976242628,48.864973446710842]],[[2.396258467583137,48.865003103687947],[2.395893103510291,48.865006656082102],[2.395790925757168,48.865001643585629],[2.395681995290493,48.86499120086259],[2.395615288573142,48.864983669294936],[2.395549976242628,48.864973446710842]],[[2.399342465370722,48.865899974214464],[2.399642558190942,48.866237832771674]],[[2.399642558190942,48.866237832771674],[2.399766346777905,48.86637875053276],[2.399898221431473,48.866527802737473]],[[2.399898221431473,48.866527802737473],[2.400079806943661,48.866740057661659],[2.400352885074034,48.867057093939998],[2.400460589149311,48.867174547479138]],[[2.400460589149311,48.867174547479138],[2.400727011401404,48.867478059346212]],[[2.398914647793615,48.865408585622873],[2.398680669675465,48.865130413582719]],[[2.399342465370722,48.865899974214464],[2.398914647793615,48.865408585622873]],[[2.402089913142756,48.869048822978087],[2.401427664849187,48.868311654009368]],[[2.402598354349747,48.869647621726365],[2.402089913142756,48.869048822978087]],[[2.4039425928015,48.871191287426129],[2.40308404500019,48.870210331056498]],[[2.404031362039041,48.871296951589159],[2.4039425928015,48.871191287426129]],[[2.40266297267567,48.869718991770021],[2.402598354349747,48.869647621726365]],[[2.40308404500019,48.870210331056498],[2.402967044019491,48.870070350497535],[2.402810944027097,48.869892402629269],[2.40266297267567,48.869718991770021]],[[2.405175327999684,48.873671486356955],[2.405123576926769,48.873547121286748]],[[2.405689869137903,48.874937603533994],[2.405175327999684,48.873671486356955]],[[2.404375464670012,48.871725848195297],[2.404516452298558,48.87203412192261],[2.404863924375619,48.872884820916795],[2.404881153730165,48.872928074570737]],[[2.405123576926769,48.873547121286748],[2.404881153730165,48.872928074570737]],[[2.404031362039041,48.871296951589159],[2.404293777603687,48.87159683688985]],[[2.404293777603687,48.87159683688985],[2.404375464670012,48.871725848195297]],[[2.406506428026526,48.877101846658825],[2.406464162785779,48.876982026263924]],[[2.406464162785779,48.876982026263924],[2.406433717186094,48.87690183495873],[2.406417869102752,48.876856789886276],[2.406394045781824,48.876793718665581],[2.40633582035174,48.876638745176137],[2.406288153663295,48.876514401227411],[2.406175517649416,48.876228754853329],[2.406060320246045,48.875928706294665],[2.405993312293878,48.87570713845323]],[[2.405726995699373,48.875029519658057],[2.405689869137903,48.874937603533994]],[[2.405726995699373,48.875029519658057],[2.40587140298153,48.875398062943418],[2.405993312293878,48.87570713845323]],[[2.400727011401404,48.867478059346212],[2.401122292365659,48.867956686848544]],[[2.401122292365659,48.867956686848544],[2.401427664849187,48.868311654009368]]]}},
{"type":"Feature","properties":{"ID":"VOIE_NOM0000002338744039","ID_BAN":"75120_4568","name":"Place Henri Matisse","INSEE_COM":"75120","NOM_COM":"Paris 20e Arrondissement","SRC_BAN":"commune","NOM_COLL":"PL HENRI MATISSE","TYPE_VOIE":"place","MOT_DIR":"Matisse","LD_BAN":null,"ID_SUPP":"TRONROUT0000000000187943/TRONROUT0000000000187947","INSEEDBAN":null,"COMDEL_BAN":null,"DATE_CREAT":"2023-12-08T13:42:59","DATE_MAJ":"2024-03-12T16:10:18","NOM_NORMA":"PL HENRI MATISSE","ID_BAN_ODO":null,"Nom_a_verifier":false,"other_tags":"nan"},"geometry":{"type":"MultiLineString","coordinates":[[[2.390977515806172,48.865946735599763],[2.391216862542374,48.865995618312468],[2.391436464590321,48.86610105856299]],[[2.390977515806172,48.865946735599763],[2.390833695942218,48.86635520333931]]]}},
{"type":"Feature","properties":{"ID":"VOIE_NOM0000002338744042","ID_BAN":"75120_6856","name":"Villa des Nymphéas","INSEE_COM":"75120","NOM_COM":"Paris 20e Arrondissement","SRC_BAN":"commune","NOM_COLL":"VLA DES NYMPHEAS","TYPE_VOIE":"villa","MOT_DIR":"Nymphéas","LD_BAN":null,"ID_SUPP":"TRONROUT0000000000186098/TRONROUT0000002341410588","INSEEDBAN":null,"COMDEL_BAN":null,"DATE_CREAT":"2023-12-08T13:42:59","DATE_MAJ":"2024-04-09T23:12:41","NOM_NORMA":"VLA DES NYMPHEAS","ID_BAN_ODO":null,"Nom_a_verifier":false,"other_tags":"nan"},"geometry":{"type":"MultiLineString","coordinates":[[[2.407919263456267,48.869520274192816],[2.407706644278921,48.869396013251936],[2.407613208580077,48.86934069136823]],[[2.407204954581677,48.870115696081321],[2.407316458444834,48.870020918716499],[2.407459612063776,48.869900217199266],[2.40792467531016,48.869523898305999],[2.407919263456267,48.869520274192816]]]}},
{"type":"Feature","properties":{"ID":"VOIE_NOM0000002338744054","ID_BAN":"75120_7100","name":"Square Patenne","INSEE_COM":"75120","NOM_COM":"Paris 20e Arrondissement","SRC_BAN":"commune","NOM_COLL":"SQ PATENNE","TYPE_VOIE":"square","MOT_DIR":"Patenne","LD_BAN":null,"ID_SUPP":"TRONROUT0000000000195883","INSEEDBAN":null,"COMDEL_BAN":null,"DATE_CREAT":"2023-12-08T13:42:59","DATE_MAJ":"2024-04-09T23:12:41","NOM_NORMA":"SQ PATENNE","ID_BAN_ODO":null,"Nom_a_verifier":false,"other_tags":"nan"},"geometry":{"type":"MultiLineString","coordinates":[[[2.405445800350799,48.850334904931955],[2.405472481358168,48.850265787448208],[2.405611407825391,48.849913931848533],[2.405765762669266,48.849523480474311],[2.405800844391337,48.849434618846772]]]}},
{"type":"Feature","properties":{"ID":"VOIE_NOM0000002338744075","ID_BAN":"75120_3690","name":"Rue Florian","INSEE_COM":"75120","NOM_COM":"Paris 20e Arrondissement","SRC_BAN":"commune","NOM_COLL":"R FLORIAN","TYPE_VOIE":"rue","MOT_DIR":"Florian","LD_BAN":null,"ID_SUPP":"TRONROUT0000000000191751/TRONROUT0000000000191752/TRONROUT0000000000191761","INSEEDBAN":null,"COMDEL_BAN":null,"DATE_CREAT":"2023-12-08T13:42:59","DATE_MAJ":"2024-03-12T16:10:18","NOM_NORMA":"R FLORIAN","ID_BAN_ODO":null,"Nom_a_verifier":false,"other_tags":"\"wikipedia\"=>\"fr:Rue_Florian\""},"geometry":{"type":"MultiLineString","coordinates":[[[2.403087628331788,48.859666488706772],[2.40332882853786,48.859432962738126]],[[2.404156083978507,48.85860609022361],[2.404444352970976,48.858308043342305],[2.404560141079565,48.858194402708627],[2.404593302582313,48.858154996521996],[2.404614403588615,48.858097543414907]],[[2.40332882853786,48.859432962738126],[2.404156083978507,48.85860609022361]]]}},
{"type":"Feature","properties":{"ID":"VOIE_NOM0000002338744078","ID_BAN":"75120_8349","name":"Rue des Rondonneaux","INSEE_COM":"75120","NOM_COM":"Paris 20e Arrondissement","SRC_BAN":"commune","NOM_COLL":"R DES RONDONNEAUX","TYPE_VOIE":"rue","MOT_DIR":"Rondonneaux","LD_BAN":null,"ID_SUPP":"TRONROUT0000000000189989","INSEEDBAN":null,"COMDEL_BAN":null,"DATE_CREAT":"2023-12-08T13:42:59","DATE_MAJ":"2024-03-12T16:10:18","NOM_NORMA":"R DES RONDONNEAUX","ID_BAN_ODO":null,"Nom_a_verifier":false,"other_tags":"\"wikipedia\"=>\"fr:Rue_des_Rondonneaux\""},"geometry":{"type":"MultiLineString","coordinates":[[[2.399588565340962,48.863471191450209],[2.399487856929983,48.863457196047641],[2.399449733687615,48.863453407385023],[2.399404722752771,48.863455879534762],[2.398672082058602,48.863866796928455]]]}},
{"type":"Feature","properties":{"ID":"VOIE_NOM0000002338744079","ID_BAN":"75120_9372","name":"Rue des Tourelles","INSEE_COM":"75120","NOM_COM":"Paris 20e Arrondissement","SRC_BAN":"commune","NOM_COLL":"R DES TOURELLES","TYPE_VOIE":"rue","MOT_DIR":"Tourelles","LD_BAN":null,"ID_SUPP":"TRONROUT0000000000183695/TRONROUT0000000000183703/TRONROUT0000000000183705/TRONROUT0000000000183711/TRONROUT0000000230209319/TRONROUT0000000312870195/TRONROUT0000000350840235","INSEEDBAN":null,"COMDEL_BAN":null,"DATE_CREAT":"2023-12-08T13:42:59","DATE_MAJ":"2024-03-12T16:10:18","NOM_NORMA":"R DES TOURELLES","ID_BAN_ODO":null,"Nom_a_verifier":false,"other_tags":"\"wikipedia\"=>\"fr:Rue_des_Tourelles\""},"geometry":{"type":"MultiLineString","coordinates":[[[2.403179437201545,48.874497031609842],[2.403756381155632,48.874596135237162],[2.40408022307537,48.87465260707372],[2.404372771031357,48.874703526329995]],[[2.404767373418013,48.874772039673289],[2.405689869137903,48.874937603533994]],[[2.404372771031357,48.874703526329995],[2.404397269662266,48.8747072455539],[2.404478904371573,48.874722041012205]],[[2.404478904371573,48.874722041012205],[2.404767373418013,48.874772039673289]],[[2.407535239019602,48.875356846079043],[2.407635880551051,48.875378928082348],[2.407740571280984,48.875404627357561]],[[2.407455088554894,48.875331268097696],[2.406512181497422,48.875161120111017],[2.40622503094423,48.875114729556358],[2.405726995699373,48.875029519658057]],[[2.407455088554894,48.875331268097696],[2.407535239019602,48.875356846079043]]]}},
{"type":"Feature","properties":{"ID":"VOIE_NOM0000002338744128","ID_BAN":"75120_9072","name":"Rue Stanislas Meunier","INSEE_COM":"75120","NOM_COM":"Paris 20e Arrondissement","SRC_BAN":"commune","NOM_COLL":"R STANISLAS MEUNIER","TYPE_VOIE":"rue","MOT_DIR":"Meunier","LD_BAN":null,"ID_SUPP":"TRONROUT0000000000186953","INSEEDBAN":null,"COMDEL_BAN":null,"DATE_CREAT":"2023-12-08T13:42:59","DATE_MAJ":"2024-03-12T16:10:18","NOM_NORMA":"R STANISLAS MEUNIER","ID_BAN_ODO":null,"Nom_a_verifier":false,"other_tags":"\"wikipedia\"=>\"fr:Rue_Stanislas-Meunier\""},"geometry":{"type":"MultiLineString","coordinates":[[[2.409993080982839,48.869133008301922],[2.410020369844005,48.868769811079375],[2.410042613092865,48.868370615405929],[2.410080532927751,48.867911241287445]]]}},
{"type":"Feature","properties":{"ID":"VOIE_NOM0000002338744153","ID_BAN":"75120_5861","name":"Rue des Lyanes","INSEE_COM":"75120","NOM_COM":"Paris 20e Arrondissement","SRC_BAN":"commune","NOM_COLL":"R DES LYANES","TYPE_VOIE":"rue","MOT_DIR":"Lyanes","LD_BAN":null,"ID_SUPP":"TRONROUT0000000000188861/TRONROUT0000000000189964","INSEEDBAN":null,"COMDEL_BAN":null,"DATE_CREAT":"2023-12-08T13:42:59","DATE_MAJ":"2024-03-12T16:10:18","NOM_NORMA":"R DES LYANES","ID_BAN_ODO":null,"Nom_a_verifier":false,"other_tags":"\"wikipedia\"=>\"fr:Rue_des_Lyanes\""},"geometry":{"type":"MultiLineString","coordinates":[[[2.40666922687943,48.862691701693691],[2.406185430872492,48.8629222315626],[2.405676921851144,48.863167925524351],[2.405508336720741,48.863248928243124],[2.40529865506874,48.863347713331848],[2.405135561943949,48.86342514544512]],[[2.405135561943949,48.86342514544512],[2.40455451458677,48.863695655542713],[2.404135091844803,48.86389771836896]]]}},
{"type":"Feature","properties":{"ID":"VOIE_NOM0000002338744193","ID_BAN":"75120_9801","name":"Impasse des Vignoles","INSEE_COM":"75120","NOM_COM":"Paris 20e Arrondissement","SRC_BAN":"commune","NOM_COLL":"IMP DES VIGNOLES","TYPE_VOIE":"impasse","MOT_DIR":"Vignoles","LD_BAN":null,"ID_SUPP":"TRONROUT0000000000193441/TRONROUT0000002274919608","INSEEDBAN":null,"COMDEL_BAN":null,"DATE_CREAT":"2023-12-08T13:42:59","DATE_MAJ":"2024-03-12T16:10:18","NOM_NORMA":"IMP DES VIGNOLES","ID_BAN_ODO":null,"Nom_a_verifier":false,"other_tags":"nan"},"geometry":{"type":"MultiLineString","coordinates":[[[2.402537463693621,48.855463798025887],[2.40256928279516,48.85542258690645],[2.402622917188547,48.855380585340484]],[[2.402141495128473,48.855764900391371],[2.402537463693621,48.855463798025887]]]}},
{"type":"Feature","properties":{"ID":"VOIE_NOM0000002338744203","ID_BAN":"75120_5892","name":"Rue Madeleine Marzin","INSEE_COM":"75120","NOM_COM":"Paris 20e Arrondissement","SRC_BAN":"commune","NOM_COLL":"R MADELEINE MARZIN","TYPE_VOIE":"rue","MOT_DIR":"Marzin","LD_BAN":null,"ID_SUPP":"TRONROUT0000000000194137","INSEEDBAN":null,"COMDEL_BAN":null,"DATE_CREAT":"2023-12-08T13:42:59","DATE_MAJ":"2024-03-12T16:10:18","NOM_NORMA":"R MADELEINE MARZIN","ID_BAN_ODO":null,"Nom_a_verifier":false,"other_tags":"\"wikipedia\"=>\"fr:Rue_Madeleine-Marzin\""},"geometry":{"type":"MultiLineString","coordinates":[[[2.408843517607835,48.853186491965445],[2.408843266927938,48.853088461695897],[2.408841847344413,48.852973338010969],[2.408845566867071,48.852765606739553]]]}},
{"type":"Feature","properties":{"ID":"VOIE_NOM0000002338744210","ID_BAN":"75120_8196","name":"Rue Riblette","INSEE_COM":"75120","NOM_COM":"Paris 20e Arrondissement","SRC_BAN":"commune","NOM_COLL":"R RIBLETTE","TYPE_VOIE":"rue","MOT_DIR":"Riblette","LD_BAN":null,"ID_SUPP":"TRONROUT0000000000190939/TRONROUT0000000000190942/TRONROUT0000000000190959","INSEEDBAN":null,"COMDEL_BAN":null,"DATE_CREAT":"2023-12-08T13:42:59","DATE_MAJ":"2024-03-12T16:10:18","NOM_NORMA":"R RIBLETTE","ID_BAN_ODO":null,"Nom_a_verifier":false,"other_tags":"\"wikipedia\"=>\"fr:Rue_Riblette\""},"geometry":{"type":"MultiLineString","coordinates":[[[2.40635551787966,48.860077556194476],[2.407011235920174,48.860187829052407]],[[2.404856430043541,48.859699580708913],[2.405245526866383,48.859882283249192],[2.405404610239631,48.859916349497567],[2.405741981793364,48.859973784598644]],[[2.405741981793364,48.859973784598644],[2.40635551787966,48.860077556194476]]]}},
{"type":"Feature","properties":{"ID":"VOIE_NOM0000002338744255","ID_BAN":"75120_7378","name":"Rue Philidor","INSEE_COM":"75120","NOM_COM":"Paris 20e Arrondissement","SRC_BAN":"commune","NOM_COLL":"R PHILIDOR","TYPE_VOIE":"rue","MOT_DIR":"Philidor","LD_BAN":null,"ID_SUPP":"TRONROUT0000000224966409","INSEEDBAN":null,"COMDEL_BAN":null,"DATE_CREAT":"2023-12-08T13:42:59","DATE_MAJ":"2024-03-12T16:10:18","NOM_NORMA":"R PHILIDOR","ID_BAN_ODO":null,"Nom_a_verifier":false,"other_tags":"\"wikipedia\"=>\"fr:Rue_Philidor\""},"geometry":{"type":"MultiLineString","coordinates":[[[2.407482827595878,48.850361198366713],[2.408934985572615,48.850529364772605]]]}},
{"type":"Feature","properties":{"ID":"VOIE_NOM0000002338744265","ID_BAN":"75120_6608","name":"Rue Mounet-Sully","INSEE_COM":"75120","NOM_COM":"Paris 20e Arrondissement","SRC_BAN":"commune","NOM_COLL":"R MOUNET-SULLY","TYPE_VOIE":"rue","MOT_DIR":"Sully","LD_BAN":null,"ID_SUPP":"TRONROUT0000000000195887/TRONROUT0000000000195891/TRONROUT0000000000195900/TRONROUT0000000000196685/TRONROUT0000000000196692/TRONROUT0000000000196695/TRONROUT0000000356847624","INSEEDBAN":null,"COMDEL_BAN":null,"DATE_CREAT":"2023-12-08T13:42:59","DATE_MAJ":"2024-03-12T16:10:18","NOM_NORMA":"R MOUNET-SULLY","ID_BAN_ODO":null,"Nom_a_verifier":false,"other_tags":"\"wikipedia\"=>\"fr:Rue_Mounet-Sully_(Paris)\""},"geometry":{"type":"MultiLineString","coordinates":[[[2.406101863626954,48.848251666042891],[2.406441485909796,48.848224572131421]],[[2.405678675260087,48.848675857909356],[2.405965948535363,48.848340027243339],[2.405997729823907,48.848301512854832],[2.406034879580198,48.848270219933383],[2.406065000911064,48.848257778524065],[2.406101863626954,48.848251666042891]],[[2.405478076168502,48.848939270968593],[2.405678675260087,48.848675857909356]],[[2.404465084100767,48.850174439679414],[2.404545496458982,48.850054326769637],[2.40466299854622,48.849908317147822]],[[2.40466299854622,48.849908317147822],[2.404744556981145,48.849807096173677],[2.404900551485245,48.849631599173058]],[[2.405092436089595,48.849415809557264],[2.405276317662229,48.849184690828054],[2.405478076168502,48.848939270968593]],[[2.404900551485245,48.849631599173058],[2.405092436089595,48.849415809557264]]]}},
{"type":"Feature","properties":{"ID":"VOIE_NOM0000002338744270","ID_BAN":"75120_3925","name":"Rue Galleron","INSEE_COM":"75120","NOM_COM":"Paris 20e Arrondissement","SRC_BAN":"commune","NOM_COLL":"R GALLERON","TYPE_VOIE":"rue","MOT_DIR":"Galleron","LD_BAN":null,"ID_SUPP":"TRONROUT0000000000191749/TRONROUT0000000000191756/TRONROUT0000000000191758","INSEEDBAN":null,"COMDEL_BAN":null,"DATE_CREAT":"2023-12-08T13:42:59","DATE_MAJ":"2024-03-12T16:10:18","NOM_NORMA":"R GALLERON","ID_BAN_ODO":null,"Nom_a_verifier":false,"other_tags":"\"wikipedia\"=>\"fr:Rue_Galleron\""},"geometry":{"type":"MultiLineString","coordinates":[[[2.405101423725474,48.859491251713692],[2.404566563823664,48.859182814580059]],[[2.404576389664585,48.858919355535875],[2.404582129055922,48.858894202444013],[2.404571534124873,48.858867169388795],[2.404544502119462,48.858847249300858],[2.404156083978507,48.85860609022361]],[[2.404566563823664,48.859182814580059],[2.404519201013559,48.859152900542853],[2.404452983630275,48.859103107076912],[2.404442285927094,48.859085066948488],[2.404450751223322,48.859059927432355],[2.404499049270281,48.859008005804867],[2.404550083315247,48.858955198425335],[2.404576389664585,48.858919355535875]]]}},
{"type":"Feature","properties":{"ID":"VOIE_NOM0000002338744282","ID_BAN":"75120_4524","name":"Rue Helene Jakubowicz","INSEE_COM":"75120","NOM_COM":"Paris 20e Arrondissement","SRC_BAN":"commune","NOM_COLL":"R HELENE JAKUBOWICZ","TYPE_VOIE":"rue","MOT_DIR":"Jakubowicz","LD_BAN":null,"ID_SUPP":"TRONROUT0000000000187026","INSEEDBAN":null,"COMDEL_BAN":null,"DATE_CREAT":"2023-12-08T13:42:59","DATE_MAJ":"2024-03-12T16:10:18","NOM_NORMA":"R HELENE JAKUBOWICZ","ID_BAN_ODO":null,"Nom_a_verifier":false,"other_tags":"\"wikipedia\"=>\"fr:Rue_H%C3%A9l%C3%A8ne-Jakubowicz\""},"geometry":{"type":"MultiLineString","coordinates":[[[2.399222186686601,48.868528136425972],[2.399175414044729,48.868564774472581],[2.399090078650504,48.868635393714861],[2.398860189176203,48.868828496150407],[2.398664750997376,48.868989395079367],[2.398529748158755,48.869111026562628],[2.39843197625282,48.869195972202512],[2.398360291362006,48.869264860826789],[2.398300760627222,48.869343703208116],[2.398239897697324,48.869419840847634],[2.398144996572033,48.869492209955723],[2.397729572162666,48.869813881478471],[2.397431221341484,48.870031817929757],[2.397342998715432,48.870115911363683],[2.397304215236112,48.870168776914646],[2.39727621242747,48.870232488769936]]]}},
{"type":"Feature","properties":{"ID":"VOIE_NOM0000002338744295","ID_BAN":"75120_0228","name":"Place Alphonse Allais","INSEE_COM":"75120","NOM_COM":"Paris 20e Arrondissement","SRC_BAN":"commune","NOM_COLL":"PL ALPHONSE ALLAIS","TYPE_VOIE":"place","MOT_DIR":"Allais","LD_BAN":null,"ID_SUPP":"TRONROUT0000000256426098","INSEEDBAN":null,"COMDEL_BAN":null,"DATE_CREAT":"2023-12-08T13:42:59","DATE_MAJ":"2024-03-12T16:10:18","NOM_NORMA":"PL ALPHONSE ALLAIS","ID_BAN_ODO":null,"Nom_a_verifier":false,"other_tags":"nan"},"geometry":{"type":"MultiLineString","coordinates":[[[2.381655319830088,48.87061057306304],[2.381952497072628,48.870727223042287],[2.38225370130481,48.870849289068836]]]}},
{"type":"Feature","properties":{"ID":"VOIE_NOM0000002338744316","ID_BAN":"75120_0832","name":"Boulevard de Belleville","INSEE_COM":"75120","NOM_COM":"Paris 20e Arrondissement","SRC_BAN":"commune","NOM_COLL":"BD DE BELLEVILLE","TYPE_VOIE":"boulevard","MOT_DIR":"Belleville","LD_BAN":null,"ID_SUPP":"TRONROUT0000000000185434/TRONROUT0000000000185446/TRONROUT0000000000185452/TRONROUT0000000000185457/TRONROUT0000000000186257/TRONROUT0000000000186259/TRONROUT0000000000186264/TRONROUT0000000000187084/TRONROUT0000000000187085/TRONROUT0000000000187097/TRON","INSEEDBAN":null,"COMDEL_BAN":null,"DATE_CREAT":"2023-12-08T13:42:59","DATE_MAJ":"2024-03-12T16:10:18","NOM_NORMA":"BD DE BELLEVILLE","ID_BAN_ODO":null,"Nom_a_verifier":false,"other_tags":"nan"},"geometry":{"type":"MultiLineString","coordinates":[[[2.383060804266213,48.867048351299538],[2.383170876003084,48.86707769749956],[2.383289126576027,48.86710708574018]],[[2.383289126576027,48.86710708574018],[2.382866909709522,48.867420577686744]],[[2.382752287418164,48.867775225703845],[2.382157983628654,48.868229922987659]],[[2.382866909709522,48.867420577686744],[2.382516221033255,48.867679577419352]],[[2.382516221033255,48.867679577419352],[2.381850680557521,48.868163583877831],[2.381388583932931,48.868504743935326],[2.380669324301087,48.869033432844631]],[[2.382157983628654,48.868229922987659],[2.382078184989806,48.868291565428486],[2.38161745187826,48.868632733367555],[2.380879183211558,48.869155029894898]],[[2.378402873817359,48.870807769113689],[2.379302817751572,48.870107358700693]],[[2.377662898197043,48.871467634771264],[2.377969025941252,48.871176941533399],[2.378402873817359,48.870807769113689]],[[2.377130270742926,48.872001768276192],[2.377662898197043,48.871467634771264]],[[2.377015018672577,48.871949006979925],[2.377130270742926,48.872001768276192]],[[2.3770390058737,48.87210921369347],[2.377130270742926,48.872001768276192]],[[2.379989560953315,48.869564120527841],[2.380669324301087,48.869033432844631]],[[2.379302817751572,48.870107358700693],[2.379989560953315,48.869564120527841]]]}},
{"type":"Feature","properties":{"ID":"VOIE_NOM0000002338744329","ID_BAN":"75120_3616","name":"Rue Fernand Raynaud","INSEE_COM":"75120","NOM_COM":"Paris 20e Arrondissement","SRC_BAN":"commune","NOM_COLL":"R FERNAND RAYNAUD","TYPE_VOIE":"rue","MOT_DIR":"Raynaud","LD_BAN":null,"ID_SUPP":"TRONROUT0000000000185304","INSEEDBAN":null,"COMDEL_BAN":null,"DATE_CREAT":"2023-12-08T13:42:59","DATE_MAJ":"2024-03-12T16:10:18","NOM_NORMA":"R FERNAND RAYNAUD","ID_BAN_ODO":null,"Nom_a_verifier":false,"other_tags":"\"wikipedia\"=>\"fr:Rue_Fernand-Raynaud\""},"geometry":{"type":"MultiLineString","coordinates":[[[2.391849868950028,48.87120780119124],[2.391655587012126,48.871267069430935],[2.391450304233212,48.871334375446757],[2.391383285286012,48.871352920748173]]]}},
{"type":"Feature","properties":{"ID":"VOIE_NOM0000002338744337","ID_BAN":"75120_0549","name":"Rue Auguste Chapuis","INSEE_COM":"75120","NOM_COM":"Paris 20e Arrondissement","SRC_BAN":"commune","NOM_COLL":"R AUGUSTE CHAPUIS","TYPE_VOIE":"rue","MOT_DIR":"Chapuis","LD_BAN":null,"ID_SUPP":"TRONROUT0000000000193387/TRONROUT0000002334476265","INSEEDBAN":null,"COMDEL_BAN":null,"DATE_CREAT":"2023-12-08T13:42:59","DATE_MAJ":"2024-03-12T16:10:18","NOM_NORMA":"R AUGUSTE CHAPUIS","ID_BAN_ODO":null,"Nom_a_verifier":false,"other_tags":"\"wikipedia\"=>\"fr:Rue_Auguste-Chapuis\""},"geometry":{"type":"MultiLineString","coordinates":[[[2.411315449441663,48.855983059052903],[2.410933397809997,48.855660112176047],[2.410848302602861,48.855592242231772]],[[2.411805984788894,48.856355102579251],[2.411719219865162,48.856314205483599],[2.411704299700927,48.856307836709426],[2.411315449441663,48.855983059052903]]]}},
{"type":"Feature","properties":{"ID":"VOIE_NOM0000002338744345","ID_BAN":"75120_1112","name":"Rue du Borrégo","INSEE_COM":"75120","NOM_COM":"Paris 20e Arrondissement","SRC_BAN":"commune","NOM_COLL":"R DU BORREGO","TYPE_VOIE":"rue","MOT_DIR":"Borrégo","LD_BAN":null,"ID_SUPP":"TRONROUT0000000000184477/TRONROUT0000000000184478/TRONROUT0000000000184479/TRONROUT0000000000184484/TRONROUT0000000000185256/TRONROUT0000000257459861/TRONROUT0000002492542372","INSEEDBAN":null,"COMDEL_BAN":null,"DATE_CREAT":"2023-12-08T13:42:59","DATE_MAJ":"2025-09-09T00:21:25","NOM_NORMA":"R DU BORREGO","ID_BAN_ODO":null,"Nom_a_verifier":false,"other_tags":"\"wikipedia\"=>\"fr:Rue_du_Borr%C3%A9go\""},"geometry":{"type":"MultiLineString","coordinates":[[[2.401677201640736,48.873409433928344],[2.402252014016911,48.873574185626097]],[[2.402252014016911,48.873574185626097],[2.402869061239986,48.873741843211548],[2.403369177723879,48.873881934843467],[2.40341537537309,48.873895655081988]],[[2.399251453457684,48.872728180298402],[2.400258425148448,48.873012023218919],[2.400515266550665,48.873084357139682]],[[2.399251453457684,48.872728180298402],[2.398022904898546,48.872389254614525],[2.397902001063932,48.872351773819247]],[[2.400515266550665,48.873084357139682],[2.400956914784948,48.873209776832724]],[[2.400956914784948,48.873209776832724],[2.401273556500424,48.873298596353429]],[[2.401273556500424,48.873298596353429],[2.401677201640736,48.873409433928344]]]}},
{"type":"Feature","properties":{"ID":"VOIE_NOM0000002338832648","ID_BAN":"75120_0865","name":"Avenue Benoît Frachon","INSEE_COM":"75120","NOM_COM":"Paris 20e Arrondissement","SRC_BAN":"commune","NOM_COLL":"AV BENOIT FRACHON","TYPE_VOIE":"avenue","MOT_DIR":"Frachon","LD_BAN":null,"ID_SUPP":"TRONROUT0000000000194101/TRONROUT0000000356694095/TRONROUT0000000356869251","INSEEDBAN":null,"COMDEL_BAN":null,"DATE_CREAT":"2023-12-08T13:42:59","DATE_MAJ":"2024-03-12T16:10:18","NOM_NORMA":"AV BENOIT FRACHON","ID_BAN_ODO":null,"Nom_a_verifier":false,"other_tags":"nan"},"geometry":{"type":"MultiLineString","coordinates":[[[2.415334029463412,48.854338969997897],[2.415303088506064,48.85418143300636],[2.415315908575776,48.854132031536011]],[[2.415439544667893,48.853558851721125],[2.41546133804151,48.853438445548676],[2.41549032846399,48.85328389928528],[2.415512434316139,48.853135614802987],[2.415546107801772,48.852928029800609],[2.415575581830412,48.852730317075228],[2.415610627629608,48.852521839335544],[2.415653970582074,48.85230260988105],[2.415690186910927,48.852111225391496]],[[2.415315908575776,48.854132031536011],[2.415369843537722,48.853940734024704],[2.415439544667893,48.853558851721125]]]}},
{"type":"Feature","properties":{"ID":"VOIE_NOM0000002338836214","ID_BAN":null,"name":"Avenue Rachel","INSEE_COM":"75120","NOM_COM":"Paris 20e Arrondissement","SRC_BAN":null,"NOM_COLL":"AV RACHEL","TYPE_VOIE":"avenue","MOT_DIR":"RACHEL","LD_BAN":null,"ID_SUPP":"TRONROUT0000000356847448","INSEEDBAN":null,"COMDEL_BAN":null,"DATE_CREAT":"2023-12-08T13:42:59","DATE_MAJ":"2024-03-12T16:10:18","NOM_NORMA":"AV RACHEL","ID_BAN_ODO":null,"Nom_a_verifier":true,"other_tags":"nan"},"geometry":{"type":"MultiLineString","coordinates":[[[2.391034111813475,48.859822500804547],[2.39148576317455,48.858963225437691]]]}},
{"type":"Feature","properties":{"ID":"VOIE_NOM0000002338836645","ID_BAN":null,"name":"Passage Piat","INSEE_COM":"75120","NOM_COM":"Paris 20e Arrondissement","SRC_BAN":null,"NOM_COLL":"PAS PIAT","TYPE_VOIE":"passage","MOT_DIR":"PIAT","LD_BAN":null,"ID_SUPP":"TRONROUT0000000000185320/TRONROUT0000000000185342/TRONROUT0000000000186201","INSEEDBAN":null,"COMDEL_BAN":null,"DATE_CREAT":"2023-12-08T13:42:59","DATE_MAJ":"2024-12-16T22:01:03","NOM_NORMA":"PAS PIAT","ID_BAN_ODO":null,"Nom_a_verifier":true,"other_tags":"nan"},"geometry":{"type":"MultiLineString","coordinates":[[[2.38603216816495,48.871478479867996],[2.38603833128836,48.871418255966368],[2.386045741031186,48.871367931152498],[2.386389274642559,48.87102254894058],[2.386416856870306,48.870995710243619],[2.386461030745344,48.870949171185515]],[[2.386632156113045,48.870772878933032],[2.386673433759426,48.870740714332612],[2.386724253848522,48.870708598609397],[2.386777731191155,48.870450762969554],[2.386784949520759,48.87041662515216]],[[2.386461030745344,48.870949171185515],[2.386632156113045,48.870772878933032]]]}},
{"type":"Feature","properties":{"ID":"VOIE_NOM0000002338836653","ID_BAN":"75120_6229","name":"Rue Max Ernst","INSEE_COM":"75120","NOM_COM":"Paris 20e Arrondissement","SRC_BAN":"commune","NOM_COLL":"R MAX ERNST","TYPE_VOIE":"rue","MOT_DIR":"Ernst","LD_BAN":null,"ID_SUPP":"TRONROUT0000000000187961","INSEEDBAN":null,"COMDEL_BAN":null,"DATE_CREAT":"2023-12-08T13:42:59","DATE_MAJ":"2024-03-12T16:10:18","NOM_NORMA":"R MAX ERNST","ID_BAN_ODO":null,"Nom_a_verifier":false,"other_tags":"\"wikipedia\"=>\"fr:Rue_Max-Ernst\""},"geometry":{"type":"MultiLineString","coordinates":[[[2.387378083427069,48.866003010787431],[2.388484980147918,48.866351320042284],[2.389442339681917,48.866665580567286]]]}},
{"type":"Feature","properties":{"ID":"VOIE_NOM0000002338836674","ID_BAN":"75120_6428","name":"Rue Mondoville","INSEE_COM":"75120","NOM_COM":"Paris 20e Arrondissement","SRC_BAN":"commune","NOM_COLL":"R MONDONVILLE","TYPE_VOIE":"rue","MOT_DIR":"Mondoville","LD_BAN":null,"ID_SUPP":"TRONROUT0000000356704166","INSEEDBAN":null,"COMDEL_BAN":null,"DATE_CREAT":"2023-12-08T13:42:59","DATE_MAJ":"2024-03-12T16:10:18","NOM_NORMA":"R MONDOVILLE","ID_BAN_ODO":null,"Nom_a_verifier":false,"other_tags":"nan"},"geometry":{"type":"MultiLineString","coordinates":[[[2.406540688970635,48.866077978762092],[2.406761550260642,48.865955864306649],[2.406870002436414,48.865888951416359]]]}},
{"type":"Feature","properties":{"ID":"VOIE_NOM0000002338836681","ID_BAN":null,"name":"Avenue Ibsen","INSEE_COM":"75120","NOM_COM":"Paris 20e Arrondissement","SRC_BAN":null,"NOM_COLL":"AV IBSEN","TYPE_VOIE":"avenue","MOT_DIR":"IBSEN","LD_BAN":null,"ID_SUPP":"TRONROUT0000000000186952/TRONROUT0000000000187837/TRONROUT0000000000187840/TRONROUT0000000000188804/TRONROUT0000000117790210/TRONROUT0000000230209279/TRONROUT0000000230209280/TRONROUT0000000255863740","INSEEDBAN":null,"COMDEL_BAN":null,"DATE_CREAT":"2023-12-08T13:42:59","DATE_MAJ":"2024-12-16T22:01:03","NOM_NORMA":"AV IBSEN","ID_BAN_ODO":null,"Nom_a_verifier":true,"other_tags":"nan"},"geometry":{"type":"MultiLineString","coordinates":[[[2.410957601593311,48.864972027849447],[2.411043118939975,48.865003925579671],[2.411148838451929,48.865057506783288],[2.411262553665952,48.86512731532401],[2.411296295066136,48.865157159484163]],[[2.413201432292706,48.866899539915771],[2.413242817806797,48.866977085823954],[2.413397946132422,48.867122639523167],[2.413545240784401,48.867237577154114]],[[2.411761995325951,48.865563252393208],[2.412167584699697,48.86598163882087],[2.412546354579883,48.866361220521114],[2.412659547270668,48.866477790629339]],[[2.411371854807417,48.86522588088642],[2.411628167465532,48.865463667313243],[2.411761995325951,48.865563252393208]],[[2.413545240784401,48.867237577154114],[2.413900444484973,48.867532500915267]],[[2.412901526379663,48.86665794605603],[2.413201432292706,48.866899539915771]],[[2.412659547270668,48.866477790629339],[2.412901526379663,48.86665794605603]],[[2.411296295066136,48.865157159484163],[2.411371854807417,48.86522588088642]]]}},
{"type":"Feature","properties":{"ID":"VOIE_NOM0000002338836688","ID_BAN":null,"name":"Cité Dubourg","INSEE_COM":"75120","NOM_COM":"Paris 20e Arrondissement","SRC_BAN":null,"NOM_COLL":"CITE DUBOURG","TYPE_VOIE":"cité","MOT_DIR":"DUBOURG","LD_BAN":null,"ID_SUPP":"TRONROUT0000000000189976","INSEEDBAN":null,"COMDEL_BAN":null,"DATE_CREAT":"2023-12-08T13:42:59","DATE_MAJ":"2024-12-16T22:01:03","NOM_NORMA":"CITE DUBOURG","ID_BAN_ODO":null,"Nom_a_verifier":true,"other_tags":"nan"},"geometry":{"type":"MultiLineString","coordinates":[[[2.400772269986504,48.862477056186066],[2.401121515287748,48.862688351038614],[2.401121184481174,48.862717128321471],[2.401297186800923,48.862821433231822],[2.401325468959907,48.862851252990097],[2.401424286725148,48.862911103825056],[2.401463256133378,48.862959863173742],[2.401683939950285,48.863090471841893],[2.401767187194945,48.863081894583821],[2.402000129141436,48.863213463263364],[2.402140913049612,48.863298704721061]]]}},
{"type":"Feature","properties":{"ID":"VOIE_NOM0000002338836689","ID_BAN":"75120_4818","name":"Rue du Japon","INSEE_COM":"75120","NOM_COM":"Paris 20e Arrondissement","SRC_BAN":"commune","NOM_COLL":"R DU JAPON","TYPE_VOIE":"rue","MOT_DIR":"Japon","LD_BAN":null,"ID_SUPP":"TRONROUT0000000000188896","INSEEDBAN":null,"COMDEL_BAN":null,"DATE_CREAT":"2023-12-08T13:42:59","DATE_MAJ":"2024-03-12T16:10:18","NOM_NORMA":"R DU JAPON","ID_BAN_ODO":null,"Nom_a_verifier":false,"other_tags":"\"wikipedia\"=>\"fr:Rue_du_Japon\""},"geometry":{"type":"MultiLineString","coordinates":[[[2.400173983438775,48.864835728834635],[2.400098804040201,48.864972051723107],[2.399581803884199,48.865595399713158],[2.399342465370722,48.865899974214464]]]}},
{"type":"Feature","properties":{"ID":"VOIE_NOM0000002338836697","ID_BAN":null,"name":"Villa Des Hauts De Belleville","INSEE_COM":"75120","NOM_COM":"Paris 20e Arrondissement","SRC_BAN":null,"NOM_COLL":"VLA DES HAUTS DE BELLEVILLE","TYPE_VOIE":"villa","MOT_DIR":"BELLEVILLE","LD_BAN":null,"ID_SUPP":"TRONROUT0000000000184482","INSEEDBAN":null,"COMDEL_BAN":null,"DATE_CREAT":"2023-12-08T13:42:59","DATE_MAJ":"2024-12-16T22:01:03","NOM_NORMA":"VLA DES HAUTS DE BELLEVILLE","ID_BAN_ODO":null,"Nom_a_verifier":true,"other_tags":"nan"},"geometry":{"type":"MultiLineString","coordinates":[[[2.401647390828383,48.874817639605169],[2.401881169010783,48.874287302640063],[2.402103447663197,48.873808169515208],[2.402208977932073,48.873641420678176],[2.402252014016911,48.873574185626097]]]}},
{"type":"Feature","properties":{"ID":"VOIE_NOM0000002338836701","ID_BAN":null,"name":"Cité Antoine Loubeyre","INSEE_COM":"75120","NOM_COM":"Paris 20e Arrondissement","SRC_BAN":null,"NOM_COLL":"CITE ANTOINE LOUBEYRE","TYPE_VOIE":"cité","MOT_DIR":"LOUBEYRE","LD_BAN":null,"ID_SUPP":"TRONROUT0000000000186182","INSEEDBAN":null,"COMDEL_BAN":null,"DATE_CREAT":"2023-12-08T13:42:59","DATE_MAJ":"2024-12-16T22:01:03","NOM_NORMA":"CITE ANTOINE LOUBEYRE","ID_BAN_ODO":null,"Nom_a_verifier":true,"other_tags":"nan"},"geometry":{"type":"MultiLineString","coordinates":[[[2.388607595483095,48.871003322899817],[2.388657061969896,48.870970300118238],[2.389337159182737,48.870521405574053],[2.389376997957492,48.870495528058299]]]}},
{"type":"Feature","properties":{"ID":"VOIE_NOM0000002338836727","ID_BAN":"75120_7255","name":"Rue du Père Prosper-Enfantin","INSEE_COM":"75120","NOM_COM":"Paris 20e Arrondissement","SRC_BAN":"commune","NOM_COLL":"R DU PERE PROSPER ENFANTIN","TYPE_VOIE":"rue","MOT_DIR":"Enfantin","LD_BAN":null,"ID_SUPP":"TRONROUT0000000000188835","INSEEDBAN":null,"COMDEL_BAN":null,"DATE_CREAT":"2023-12-08T13:42:59","DATE_MAJ":"2025-09-02T22:35:31","NOM_NORMA":"R DU PERE PROSPER-ENFANTIN","ID_BAN_ODO":null,"Nom_a_verifier":false,"other_tags":"\"wikipedia\"=>\"fr:Rue_du_P%C3%A8re-Prosper-Enfantin\""},"geometry":{"type":"MultiLineString","coordinates":[[[2.407472469969724,48.865533998739281],[2.407507835718345,48.865420857105626],[2.407554913857747,48.865236725633594],[2.407593680311776,48.865064244384648]]]}},
{"type":"Feature","properties":{"ID":"VOIE_NOM0000002338836736","ID_BAN":"75120_4145","name":"Allée Georges Rouault","INSEE_COM":"75120","NOM_COM":"Paris 20e Arrondissement","SRC_BAN":"commune","NOM_COLL":"ALL GEORGES ROUAULT","TYPE_VOIE":"allée","MOT_DIR":"Rouault","LD_BAN":null,"ID_SUPP":"TRONROUT0000000000186206/TRONROUT0000000000186230/TRONROUT0000000129500328","INSEEDBAN":null,"COMDEL_BAN":null,"DATE_CREAT":"2023-12-08T13:42:59","DATE_MAJ":"2024-03-12T16:10:18","NOM_NORMA":"ALL GEORGES ROUAULT","ID_BAN_ODO":null,"Nom_a_verifier":false,"other_tags":"nan"},"geometry":{"type":"MultiLineString","coordinates":[[[2.38276980560737,48.869403118997482],[2.382801457065824,48.869378100749216],[2.382861649985093,48.869360424360075],[2.382920287928067,48.869358928008161],[2.383049459615919,48.869387473364604],[2.383775035144644,48.869590864104062]],[[2.383775035144644,48.869590864104062],[2.383727995340248,48.869649078868761],[2.383670305305327,48.869685654668459],[2.383585362088212,48.869721190752827],[2.383545744521636,48.869728181419561],[2.383498043609669,48.869727036399965],[2.383162379982067,48.869637171941172],[2.382887794378104,48.86957010489462],[2.3827940330998,48.86954443998529],[2.382754905743768,48.869510063376417],[2.382740294377158,48.869477611861306],[2.382742094467869,48.869440748288774],[2.38276980560737,48.869403118997482]],[[2.383775035144644,48.869590864104062],[2.383788624428848,48.869594531416844],[2.384356256461675,48.86978181659353],[2.384788422888177,48.869896455838074],[2.384906659534372,48.869927640971262]]]}},
{"type":"Feature","properties":{"ID":"VOIE_NOM0000002338841705","ID_BAN":null,"name":"Avenue Neigre","INSEE_COM":"75120","NOM_COM":"Paris 20e Arrondissement","SRC_BAN":null,"NOM_COLL":"AV NEIGRE","TYPE_VOIE":"avenue","MOT_DIR":"NEIGRE","LD_BAN":null,"ID_SUPP":"TRONROUT0000000000190993","INSEEDBAN":null,"COMDEL_BAN":null,"DATE_CREAT":"2023-12-08T13:42:59","DATE_MAJ":"2024-03-12T16:10:18","NOM_NORMA":"AV NEIGRE","ID_BAN_ODO":null,"Nom_a_verifier":true,"other_tags":"nan"},"geometry":{"type":"MultiLineString","coordinates":[[[2.391456397347623,48.861827488450132],[2.391658110265303,48.861712498687723],[2.391910609272813,48.861567188963328],[2.392007224417714,48.861464255334987],[2.392098513220933,48.861350502440736],[2.392191437372183,48.861213374834271]]]}},
{"type":"Feature","properties":{"ID":"VOIE_NOM0000002338855559","ID_BAN":null,"name":"Avenue Feuillant","INSEE_COM":"75120","NOM_COM":"Paris 20e Arrondissement","SRC_BAN":null,"NOM_COLL":"AV FEUILLANT","TYPE_VOIE":"avenue","MOT_DIR":"FEUILLANT","LD_BAN":null,"ID_SUPP":"TRONROUT0000000000190032/TRONROUT0000000000191001/TRONROUT0000000216627740","INSEEDBAN":null,"COMDEL_BAN":null,"DATE_CREAT":"2023-12-08T13:42:59","DATE_MAJ":"2024-03-12T16:10:18","NOM_NORMA":"AV FEUILLANT","ID_BAN_ODO":null,"Nom_a_verifier":true,"other_tags":"nan"},"geometry":{"type":"MultiLineString","coordinates":[[[2.394263997618333,48.861971237508136],[2.39362185934033,48.861748545868487]],[[2.393055843559608,48.861544223670805],[2.392573906414369,48.861377198612608]],[[2.39362185934033,48.861748545868487],[2.393055843559608,48.861544223670805]]]}},
{"type":"Feature","properties":{"ID":"VOIE_NOM0000002338856053","ID_BAN":null,"name":"Allée Jean Monnet","INSEE_COM":"75120","NOM_COM":"Paris 20e Arrondissement","SRC_BAN":null,"NOM_COLL":"ALL JEAN MONNET","TYPE_VOIE":"allée","MOT_DIR":"MONNET","LD_BAN":null,"ID_SUPP":"TRONROUT0000000000182862","INSEEDBAN":null,"COMDEL_BAN":null,"DATE_CREAT":"2023-12-08T13:42:59","DATE_MAJ":"2024-03-12T16:10:18","NOM_NORMA":"ALL JEAN MONNET","ID_BAN_ODO":null,"Nom_a_verifier":true,"other_tags":"nan"},"geometry":{"type":"MultiLineString","coordinates":[[[2.411648466507143,48.877425806124577],[2.411566927126274,48.877402022801661],[2.411518007597941,48.877387393069405]]]}},
{"type":"Feature","properties":{"ID":"VOIE_NOM0000002338856122","ID_BAN":null,"name":"Allée Neus Català","INSEE_COM":"75120","NOM_COM":"Paris 20e Arrondissement","SRC_BAN":null,"NOM_COLL":"allée neus català","TYPE_VOIE":"allée","MOT_DIR":"català","LD_BAN":null,"ID_SUPP":"TRONROUT0000002334478463","INSEEDBAN":null,"COMDEL_BAN":null,"DATE_CREAT":"2023-12-08T13:42:59","DATE_MAJ":"2025-02-24T21:33:10","NOM_NORMA":"ALL NEUS CATALA","ID_BAN_ODO":null,"Nom_a_verifier":true,"other_tags":"nan"},"geometry":{"type":"MultiLineString","coordinates":[[[2.396046750905237,48.854340303846229],[2.397073526561104,48.852998256433061]]]}},
{"type":"Feature","properties":{"ID":"VOIE_NOM0000002338856136","ID_BAN":null,"name":"Allée Nicole Girard-Mangin","INSEE_COM":"75120","NOM_COM":"Paris 20e Arrondissement","SRC_BAN":null,"NOM_COLL":"ALL NICOLE GIRARD-MANGIN","TYPE_VOIE":"allée","MOT_DIR":"MANGIN","LD_BAN":null,"ID_SUPP":"TRONROUT0000002334478467","INSEEDBAN":null,"COMDEL_BAN":null,"DATE_CREAT":"2023-12-08T13:42:59","DATE_MAJ":"2024-03-12T16:10:18","NOM_NORMA":"ALL NICOLE GIRARD-MANGIN","ID_BAN_ODO":null,"Nom_a_verifier":true,"other_tags":"nan"},"geometry":{"type":"MultiLineString","coordinates":[[[2.388313461804181,48.860990364340459],[2.387433184998509,48.862824120166458]]]}},
{"type":"Feature","properties":{"ID":"VOIE_NOM0000002338856174","ID_BAN":null,"name":"Allée Pierre Beregovoy","INSEE_COM":"75120","NOM_COM":"Paris 20e Arrondissement","SRC_BAN":null,"NOM_COLL":"ALL PIERRE BEREGOVOY","TYPE_VOIE":"allée","MOT_DIR":"BEREGOVOY","LD_BAN":null,"ID_SUPP":"TRONROUT0000000356378806/TRONROUT0000000356378807","INSEEDBAN":null,"COMDEL_BAN":null,"DATE_CREAT":"2023-12-08T13:42:59","DATE_MAJ":"2024-03-12T16:10:18","NOM_NORMA":"ALL PIERRE BEREGOVOY","ID_BAN_ODO":null,"Nom_a_verifier":true,"other_tags":"nan"},"geometry":{"type":"MultiLineString","coordinates":[[[2.392220778154343,48.857646720588363],[2.392259137884478,48.857629827824795],[2.393512643534867,48.856962576638658],[2.394345091773725,48.85651981725605]],[[2.389853126891624,48.858362243228889],[2.39035381797813,48.858204711422722],[2.392167384833463,48.857667134364611],[2.392220778154343,48.857646720588363]]]}},
{"type":"Feature","properties":{"ID":"VOIE_NOM0000002338856187","ID_BAN":null,"name":"Allée Stefa Skurnik","INSEE_COM":"75120","NOM_COM":"Paris 20e Arrondissement","SRC_BAN":null,"NOM_COLL":"ALL STEFA SKURNIK","TYPE_VOIE":"allée","MOT_DIR":"SKURNIK","LD_BAN":null,"ID_SUPP":"TRONROUT0000002334478465","INSEEDBAN":null,"COMDEL_BAN":null,"DATE_CREAT":"2023-12-08T13:42:59","DATE_MAJ":"2024-03-12T16:10:18","NOM_NORMA":"ALL STEFA SKURNIK","ID_BAN_ODO":null,"Nom_a_verifier":true,"other_tags":"nan"},"geometry":{"type":"MultiLineString","coordinates":[[[2.389536802908129,48.858488337133856],[2.389485638190159,48.858551030349055],[2.388854240060221,48.859858154154431]]]}},
{"type":"Feature","properties":{"ID":"VOIE_NOM0000002338856289","ID_BAN":null,"name":"Avenue Aguado","INSEE_COM":"75120","NOM_COM":"Paris 20e Arrondissement","SRC_BAN":null,"NOM_COLL":"AV AGUADO","TYPE_VOIE":"avenue","MOT_DIR":"AGUADO","LD_BAN":null,"ID_SUPP":"TRONROUT0000000000190000/TRONROUT0000000000190007/TRONROUT0000000000190010","INSEEDBAN":null,"COMDEL_BAN":null,"DATE_CREAT":"2023-12-08T13:42:59","DATE_MAJ":"2024-03-12T16:10:18","NOM_NORMA":"AV AGUADO","ID_BAN_ODO":null,"Nom_a_verifier":true,"other_tags":"nan"},"geometry":{"type":"MultiLineString","coordinates":[[[2.396783542501658,48.862272652667365],[2.397888851965788,48.862638855049035]],[[2.395167510052431,48.861753669504616],[2.395699868564023,48.861922737301661]],[[2.395699868564023,48.861922737301661],[2.396783542501658,48.862272652667365]]]}},
{"type":"Feature","properties":{"ID":"VOIE_NOM0000002338856472","ID_BAN":null,"name":"Avenue Cail","INSEE_COM":"75120","NOM_COM":"Paris 20e Arrondissement","SRC_BAN":null,"NOM_COLL":"AV CAIL","TYPE_VOIE":"avenue","MOT_DIR":"CAIL","LD_BAN":null,"ID_SUPP":"TRONROUT0000000000190038/TRONROUT0000000216627737/TRONROUT0000000356847457","INSEEDBAN":null,"COMDEL_BAN":null,"DATE_CREAT":"2023-12-08T13:42:59","DATE_MAJ":"2024-03-12T16:10:18","NOM_NORMA":"AV CAIL","ID_BAN_ODO":null,"Nom_a_verifier":true,"other_tags":"nan"},"geometry":{"type":"MultiLineString","coordinates":[[[2.39105330886309,48.863311152390921],[2.391290737105785,48.863289876682394],[2.391495694281672,48.863247750537752],[2.391683152410926,48.863186648909668],[2.391885739736384,48.863113932413476]],[[2.392240848448558,48.86293676716307],[2.392687569692247,48.862734884184235]],[[2.391885739736384,48.863113932413476],[2.392069391224049,48.863028528592167],[2.392240848448558,48.86293676716307]]]}},
{"type":"Feature","properties":{"ID":"VOIE_NOM0000002338856535","ID_BAN":null,"name":"Avenue Carette","INSEE_COM":"75120","NOM_COM":"Paris 20e Arrondissement","SRC_BAN":null,"NOM_COLL":"AV CARETTE","TYPE_VOIE":"avenue","MOT_DIR":"CARETTE","LD_BAN":null,"ID_SUPP":"TRONROUT0000000000190002/TRONROUT0000000000190973/TRONROUT0000000000190978","INSEEDBAN":null,"COMDEL_BAN":null,"DATE_CREAT":"2023-12-08T13:42:59","DATE_MAJ":"2024-03-12T16:10:18","NOM_NORMA":"AV CARETTE","ID_BAN_ODO":null,"Nom_a_verifier":true,"other_tags":"nan"},"geometry":{"type":"MultiLineString","coordinates":[[[2.398523651759683,48.861964842332185],[2.397324608447289,48.861572092588567]],[[2.396217754173896,48.861223863584328],[2.395727486056757,48.861069399992061]],[[2.397324608447289,48.861572092588567],[2.396217754173896,48.861223863584328]]]}},
{"type":"Feature","properties":{"ID":"VOIE_NOM0000002338856638","ID_BAN":null,"name":"Avenue Eugene Delacroix","INSEE_COM":"75120","NOM_COM":"Paris 20e Arrondissement","SRC_BAN":null,"NOM_COLL":"AV EUGENE DELACROIX","TYPE_VOIE":"avenue","MOT_DIR":"DELACROIX","LD_BAN":null,"ID_SUPP":"TRONROUT0000000000190028/TRONROUT0000000216627739","INSEEDBAN":null,"COMDEL_BAN":null,"DATE_CREAT":"2023-12-08T13:42:59","DATE_MAJ":"2024-03-12T16:10:18","NOM_NORMA":"AV EUGENE DELACROIX","ID_BAN_ODO":null,"Nom_a_verifier":true,"other_tags":"nan"},"geometry":{"type":"MultiLineString","coordinates":[[[2.393802673088323,48.862609233690733],[2.393653077757793,48.862579696890862],[2.393557782796846,48.862569321267998],[2.393429681615026,48.862566873381276],[2.393275589165302,48.862572387675677]],[[2.393275589165302,48.862572387675677],[2.393091164932624,48.86260742626186],[2.39296945955396,48.862640984021262]]]}},
{"type":"Feature","properties":{"ID":"VOIE_NOM0000002338856815","ID_BAN":null,"name":"Avenue Frederic Soulie","INSEE_COM":"75120","NOM_COM":"Paris 20e Arrondissement","SRC_BAN":null,"NOM_COLL":"AV FREDERIC SOULIE","TYPE_VOIE":"avenue","MOT_DIR":"SOULIE","LD_BAN":null,"ID_SUPP":"TRONROUT0000000000190016","INSEEDBAN":null,"COMDEL_BAN":null,"DATE_CREAT":"2023-12-08T13:42:59","DATE_MAJ":"2024-03-12T16:10:18","NOM_NORMA":"AV FREDERIC SOULIE","ID_BAN_ODO":null,"Nom_a_verifier":true,"other_tags":"nan"},"geometry":{"type":"MultiLineString","coordinates":[[[2.392764359559484,48.862812617291624],[2.392704387441654,48.862929227495187],[2.392656682178379,48.863045899910553],[2.392643848913503,48.863094399265307],[2.39263633139421,48.863154617042717],[2.392643345753876,48.863254479619023],[2.392651052087473,48.863294989121975],[2.392666894625477,48.863339137280235],[2.392698988628132,48.863392361322624],[2.392742028819455,48.863442043527996]]]}},
{"type":"Feature","properties":{"ID":"VOIE_NOM0000002338857697","ID_BAN":null,"name":"Chemin Lebrun","INSEE_COM":"75120","NOM_COM":"Paris 20e Arrondissement","SRC_BAN":null,"NOM_COLL":"CHE LEBRUN","TYPE_VOIE":"chemin","MOT_DIR":"LEBRUN","LD_BAN":null,"ID_SUPP":"TRONROUT0000000216627760","INSEEDBAN":null,"COMDEL_BAN":null,"DATE_CREAT":"2023-12-08T13:42:59","DATE_MAJ":"2024-03-12T16:10:18","NOM_NORMA":"CHE LEBRUN","ID_BAN_ODO":null,"Nom_a_verifier":true,"other_tags":"nan"},"geometry":{"type":"MultiLineString","coordinates":[[[2.393615876196165,48.859217760765446],[2.393613169047371,48.859099033461746],[2.39359452790978,48.859061166493873],[2.393577082232786,48.859037695107027],[2.3934662449826,48.858957990979789],[2.393316082795955,48.8588609998151],[2.393258242416548,48.858795054332994],[2.393220981848434,48.858717521676468],[2.393171099184771,48.858670502753689]]]}},
{"type":"Feature","properties":{"ID":"VOIE_NOM0000002338857733","ID_BAN":null,"name":"Chemin Leger","INSEE_COM":"75120","NOM_COM":"Paris 20e Arrondissement","SRC_BAN":null,"NOM_COLL":"CHE LEGER","TYPE_VOIE":"chemin","MOT_DIR":"LEGER","LD_BAN":null,"ID_SUPP":"TRONROUT0000000000192726","INSEEDBAN":null,"COMDEL_BAN":null,"DATE_CREAT":"2023-12-08T13:42:59","DATE_MAJ":"2024-03-12T16:10:18","NOM_NORMA":"CHE LEGER","ID_BAN_ODO":null,"Nom_a_verifier":true,"other_tags":"nan"},"geometry":{"type":"MultiLineString","coordinates":[[[2.395054441191161,48.857639494951492],[2.394891099649616,48.85820795526152]]]}},
{"type":"Feature","properties":{"ID":"VOIE_NOM0000002338858405","ID_BAN":null,"name":"Avenue Pacthod","INSEE_COM":"75120","NOM_COM":"Paris 20e Arrondissement","SRC_BAN":null,"NOM_COLL":"AV PACTHOD","TYPE_VOIE":"avenue","MOT_DIR":"PACTHOD","LD_BAN":null,"ID_SUPP":"TRONROUT0000000000190968/TRONROUT0000000000190972","INSEEDBAN":null,"COMDEL_BAN":null,"DATE_CREAT":"2023-12-08T13:42:59","DATE_MAJ":"2024-03-12T16:10:18","NOM_NORMA":"AV PACTHOD","ID_BAN_ODO":null,"Nom_a_verifier":true,"other_tags":"nan"},"geometry":{"type":"MultiLineString","coordinates":[[[2.39848146865787,48.860069713736671],[2.397376074308978,48.85971520677834]],[[2.399688498005176,48.860476882112636],[2.39848146865787,48.860069713736671]]]}},
{"type":"Feature","properties":{"ID":"VOIE_NOM0000002338859135","ID_BAN":null,"name":"Chemin Monvoisin","INSEE_COM":"75120","NOM_COM":"Paris 20e Arrondissement","SRC_BAN":null,"NOM_COLL":"CHE MONVOISIN","TYPE_VOIE":"chemin","MOT_DIR":"MONVOISIN","LD_BAN":null,"ID_SUPP":"TRONROUT0000000356824798/TRONROUT0000002341410524","INSEEDBAN":null,"COMDEL_BAN":null,"DATE_CREAT":"2023-12-08T13:42:59","DATE_MAJ":"2024-03-17T19:26:33","NOM_NORMA":"CHE MONVOISIN","ID_BAN_ODO":null,"Nom_a_verifier":true,"other_tags":"nan"},"geometry":{"type":"MultiLineString","coordinates":[[[2.394466819237069,48.86047036010546],[2.394495618791982,48.860455216975033],[2.394591652020641,48.860401742184145],[2.394705580931611,48.860333068978939],[2.394755106552153,48.860293748318647],[2.39479923256595,48.860249903608228],[2.394889265100102,48.860126249360093],[2.394979119672701,48.860017882990036],[2.395039537814998,48.859979516617145],[2.395116227535127,48.859948427216764],[2.395209178396893,48.859925514050069],[2.395304781977657,48.859908909627514],[2.395377246970343,48.859889490191406],[2.395441607369515,48.859863734355883]],[[2.394324309615064,48.860535291053537],[2.394398243325297,48.860506886206494],[2.394466819237069,48.86047036010546]]]}},
{"type":"Feature","properties":{"ID":"VOIE_NOM0000002338859151","ID_BAN":null,"name":"Avenue Laterale Du Sud","INSEE_COM":"75120","NOM_COM":"Paris 20e Arrondissement","SRC_BAN":null,"NOM_COLL":"AV LATERALE DU SUD","TYPE_VOIE":"avenue","MOT_DIR":"LATERALE","LD_BAN":null,"ID_SUPP":"TRONROUT0000000000191013/TRONROUT0000000216627752/TRONROUT0000000356814461/TRONROUT0000002008353318","INSEEDBAN":null,"COMDEL_BAN":null,"DATE_CREAT":"2023-12-08T13:42:59","DATE_MAJ":"2024-03-12T16:10:18","NOM_NORMA":"AV LATERALE DU SUD","ID_BAN_ODO":null,"Nom_a_verifier":true,"other_tags":"nan"},"geometry":{"type":"MultiLineString","coordinates":[[[2.391464049329123,48.860472216069994],[2.390863124102833,48.860224537084719]],[[2.392296838885407,48.86082449417934],[2.392445977462754,48.860892702226458]],[[2.391464049329123,48.860472216069994],[2.392021512702661,48.860707080339786],[2.392205961498377,48.860786260210247]],[[2.392205961498377,48.860786260210247],[2.392296838885407,48.86082449417934]]]}},
{"type":"Feature","properties":{"ID":"VOIE_NOM0000002338859189","ID_BAN":null,"name":"Avenue Principale","INSEE_COM":"75120","NOM_COM":"Paris 20e Arrondissement","SRC_BAN":null,"NOM_COLL":"AV PRINCIPALE","TYPE_VOIE":"avenue","MOT_DIR":"PRINCIPALE","LD_BAN":null,"ID_SUPP":"TRONROUT0000000000191016/TRONROUT0000000000191021/TRONROUT0000000356874167","INSEEDBAN":null,"COMDEL_BAN":null,"DATE_CREAT":"2023-12-08T13:42:59","DATE_MAJ":"2024-03-12T16:10:18","NOM_NORMA":"AV PRINCIPALE","ID_BAN_ODO":null,"Nom_a_verifier":true,"other_tags":"nan"},"geometry":{"type":"MultiLineString","coordinates":[[[2.391493325409681,48.860766450539174],[2.390659763895147,48.860480714354516]],[[2.39020367701055,48.860319207191637],[2.389377018175774,48.860027201642772]],[[2.390659763895147,48.860480714354516],[2.39020367701055,48.860319207191637]]]}},
{"type":"Feature","properties":{"ID":"VOIE_NOM0000002338860148","ID_BAN":null,"name":"Chemin Laine","INSEE_COM":"75120","NOM_COM":"Paris 20e Arrondissement","SRC_BAN":null,"NOM_COLL":"CHE LAINE","TYPE_VOIE":"chemin","MOT_DIR":"LAINE","LD_BAN":null,"ID_SUPP":"TRONROUT0000000216627765","INSEEDBAN":null,"COMDEL_BAN":null,"DATE_CREAT":"2023-12-08T13:42:59","DATE_MAJ":"2024-03-12T16:10:18","NOM_NORMA":"CHE LAINE","ID_BAN_ODO":null,"Nom_a_verifier":true,"other_tags":"nan"},"geometry":{"type":"MultiLineString","coordinates":[[[2.393770547339086,48.858341682415023],[2.393561884703356,48.858118486660452]]]}},
{"type":"Feature","properties":{"ID":"VOIE_NOM0000002338861041","ID_BAN":null,"name":"Chemin Bichat","INSEE_COM":"75120","NOM_COM":"Paris 20e Arrondissement","SRC_BAN":null,"NOM_COLL":"CHE BICHAT","TYPE_VOIE":"chemin","MOT_DIR":"BICHAT","LD_BAN":null,"ID_SUPP":"TRONROUT0000000356874172/TRONROUT0000000356874174","INSEEDBAN":null,"COMDEL_BAN":null,"DATE_CREAT":"2023-12-08T13:42:59","DATE_MAJ":"2024-03-12T16:10:18","NOM_NORMA":"CHE BICHAT","ID_BAN_ODO":null,"Nom_a_verifier":true,"other_tags":"nan"},"geometry":{"type":"MultiLineString","coordinates":[[[2.391767863056532,48.859667048334686],[2.391830725573673,48.859652978301575],[2.391916915211946,48.859625536594422],[2.392003167726267,48.859592699073616],[2.39209217745545,48.859557177461163]],[[2.39164371302492,48.859560294537538],[2.391732867966898,48.859629097968693],[2.391767863056532,48.859667048334686]]]}},
{"type":"Feature","properties":{"ID":"VOIE_NOM0000002338861059","ID_BAN":null,"name":"Chemin Du Bassin","INSEE_COM":"75120","NOM_COM":"Paris 20e Arrondissement","SRC_BAN":null,"NOM_COLL":"CHE DU BASSIN","TYPE_VOIE":"chemin","MOT_DIR":"BASSIN","LD_BAN":null,"ID_SUPP":"TRONROUT0000000216627766/TRONROUT0000000216627767","INSEEDBAN":null,"COMDEL_BAN":null,"DATE_CREAT":"2023-12-08T13:42:59","DATE_MAJ":"2024-03-12T16:10:18","NOM_NORMA":"CHE DU BASSIN","ID_BAN_ODO":null,"Nom_a_verifier":true,"other_tags":"nan"},"geometry":{"type":"MultiLineString","coordinates":[[[2.394146986848713,48.860780813745123],[2.393908815037292,48.860749929385875],[2.393783632571284,48.860731308440585],[2.393662528586998,48.860713607372013],[2.393584934485181,48.860705120107127]],[[2.39305497745412,48.860799562641262],[2.393340285328321,48.860762337510486],[2.393481036016332,48.860731573899294],[2.393584934485181,48.860705120107127]]]}},
{"type":"Feature","properties":{"ID":"VOIE_NOM0000002338861075","ID_BAN":null,"name":"Chemin Bourget","INSEE_COM":"75120","NOM_COM":"Paris 20e Arrondissement","SRC_BAN":null,"NOM_COLL":"CHE BOURGET","TYPE_VOIE":"chemin","MOT_DIR":"BOURGET","LD_BAN":null,"ID_SUPP":"TRONROUT0000000000190043/TRONROUT0000000000191011","INSEEDBAN":null,"COMDEL_BAN":null,"DATE_CREAT":"2023-12-08T13:42:59","DATE_MAJ":"2024-03-12T16:10:18","NOM_NORMA":"CHE BOURGET","ID_BAN_ODO":null,"Nom_a_verifier":true,"other_tags":"nan"},"geometry":{"type":"MultiLineString","coordinates":[[[2.391114010998596,48.860916510377756],[2.391032030277829,48.861050095507238],[2.391000040932463,48.86110479270706],[2.390976208279481,48.861161330094092],[2.390970052077343,48.86122155480804],[2.390972105202571,48.861279123265142],[2.391017153133215,48.861389971798125],[2.391076931187883,48.861523378844154],[2.391147340114558,48.861680222860358]],[[2.391147340114558,48.861680222860358],[2.39116817039308,48.861763967778174],[2.391187658774444,48.861845907172416],[2.391195237661264,48.861897208299204],[2.391197459203627,48.86194038807993],[2.391191250620333,48.8620051092119]]]}},
{"type":"Feature","properties":{"ID":"VOIE_NOM0000002338861076","ID_BAN":null,"name":"Chemin Cabail","INSEE_COM":"75120","NOM_COM":"Paris 20e Arrondissement","SRC_BAN":null,"NOM_COLL":"CHE CABAIL","TYPE_VOIE":"chemin","MOT_DIR":"CABAIL","LD_BAN":null,"ID_SUPP":"TRONROUT0000000216627745","INSEEDBAN":null,"COMDEL_BAN":null,"DATE_CREAT":"2023-12-08T13:42:59","DATE_MAJ":"2024-03-12T16:10:18","NOM_NORMA":"CHE CABAIL","ID_BAN_ODO":null,"Nom_a_verifier":true,"other_tags":"nan"},"geometry":{"type":"MultiLineString","coordinates":[[[2.39362185934033,48.861748545868487],[2.393712852085874,48.861659971900252],[2.393807786955679,48.861584008632839],[2.393850698366688,48.86152756735359],[2.393910415219344,48.861432539400219],[2.39391645296763,48.861382206742434]]]}},
{"type":"Feature","properties":{"ID":"VOIE_NOM0000002338861080","ID_BAN":null,"name":"Chemin Du Bastion","INSEE_COM":"75120","NOM_COM":"Paris 20e Arrondissement","SRC_BAN":null,"NOM_COLL":"CHE DU BASTION","TYPE_VOIE":"chemin","MOT_DIR":"BASTION","LD_BAN":null,"ID_SUPP":"TRONROUT0000000000190031","INSEEDBAN":null,"COMDEL_BAN":null,"DATE_CREAT":"2023-12-08T13:42:59","DATE_MAJ":"2024-03-12T16:10:18","NOM_NORMA":"CHE DU BASTION","ID_BAN_ODO":null,"Nom_a_verifier":true,"other_tags":"nan"},"geometry":{"type":"MultiLineString","coordinates":[[[2.39296945955396,48.862640984021262],[2.393018915335939,48.862607959187542],[2.393036948682417,48.862581070370162],[2.393011511765573,48.862424455731343],[2.39296872283006,48.862236276049522],[2.39294218526733,48.86205717218634],[2.392930221544555,48.861914115943961],[2.392937046206324,48.861796336601067],[2.392959786480559,48.861716410397904],[2.392997592774332,48.86163026519889],[2.393055843559608,48.861544223670805]]]}},
{"type":"Feature","properties":{"ID":"VOIE_NOM0000002338861098","ID_BAN":null,"name":"Avenue Casimir-Perier","INSEE_COM":"75120","NOM_COM":"Paris 20e Arrondissement","SRC_BAN":null,"NOM_COLL":"AV CASIMIR-PERIER","TYPE_VOIE":"avenue","MOT_DIR":"PERIER","LD_BAN":null,"ID_SUPP":"TRONROUT0000000000191008/TRONROUT0000000000191810/TRONROUT0000000216627748/TRONROUT0000000356847449/TRONROUT0000000356874169/TRONROUT0000000356874170","INSEEDBAN":null,"COMDEL_BAN":null,"DATE_CREAT":"2023-12-08T13:42:59","DATE_MAJ":"2024-03-12T16:10:18","NOM_NORMA":"AV CASIMIR-PERIER","ID_BAN_ODO":null,"Nom_a_verifier":true,"other_tags":"nan"},"geometry":{"type":"MultiLineString","coordinates":[[[2.392435864994823,48.859422222398187],[2.392283469836945,48.859399864298325],[2.392201768180296,48.859393153946534],[2.392117235784346,48.859395422612437],[2.392051710779991,48.859404083199557],[2.392003872211584,48.859415531646654]],[[2.391230447166739,48.859817204322916],[2.390863124102833,48.860224537084719]],[[2.392435864994823,48.859422222398187],[2.392596102305547,48.859473399153714]],[[2.392003872211584,48.859415531646654],[2.39189441887129,48.859450949313278],[2.391815012618043,48.859481123517767],[2.391702665174853,48.859530915823271],[2.39164371302492,48.859560294537538]],[[2.393509811373644,48.859898926801975],[2.393419583855738,48.85980493763369],[2.393326316660612,48.859737913325397],[2.393261336011401,48.859699811397078],[2.393159650747419,48.859653429204499],[2.392596102305547,48.859473399153714]],[[2.39164371302492,48.859560294537538],[2.391610782362612,48.859579013374123],[2.391477591516421,48.859662874613434],[2.391341684893012,48.859745822542457],[2.391230447166739,48.859817204322916]]]}},
{"type":"Feature","properties":{"ID":"VOIE_NOM0000002338861099","ID_BAN":null,"name":"Avenue Circulaire","INSEE_COM":"75120","NOM_COM":"Paris 20e Arrondissement","SRC_BAN":null,"NOM_COLL":"AV CIRCULAIRE","TYPE_VOIE":"avenue","MOT_DIR":"CIRCULAIRE","LD_BAN":null,"ID_SUPP":"TRONROUT0000000000188904/TRONROUT0000000000188915/TRONROUT0000000000188932/TRONROUT0000000000188955/TRONROUT0000000000189993/TRONROUT0000000000189996/TRONROUT0000000000190036/TRONROUT0000000000190039/TRONROUT0000000000190041/TRONROUT0000000000190046/TRON","INSEEDBAN":null,"COMDEL_BAN":null,"DATE_CREAT":"2023-12-08T13:42:59","DATE_MAJ":"2024-03-12T16:10:18","NOM_NORMA":"AV CIRCULAIRE","ID_BAN_ODO":null,"Nom_a_verifier":true,"other_tags":"nan"},"geometry":{"type":"MultiLineString","coordinates":[[[2.396821455847009,48.858527075743595],[2.396768646499098,48.858497131142606],[2.39649365587308,48.858350949962258]],[[2.398084760507279,48.858778058680095],[2.397866851969902,48.858763472244036],[2.397584887164696,48.858748562963086],[2.397385955497647,48.858743064632876],[2.397296139222313,48.858730920817592],[2.397214614843101,48.858708925903294],[2.397084307102511,48.85866240283201],[2.396914891922587,48.858579708712028],[2.396821455847009,48.858527075743595]],[[2.39911798228835,48.859243715855072],[2.398929885828629,48.85912585640132],[2.398588518552027,48.858943372945632],[2.398340342363301,48.858835103362168],[2.39823167356165,48.858803079869531],[2.398084760507279,48.858778058680095]],[[2.399803435641951,48.860320073456528],[2.399890813407803,48.860189207446204],[2.399939728143702,48.860084229478709],[2.399944583409982,48.860017702362732],[2.399924885142187,48.859952850812121],[2.399867273438203,48.859866224867098],[2.399735218874738,48.859734258287361],[2.39911798228835,48.859243715855072]],[[2.399688498005176,48.860476882112636],[2.399803435641951,48.860320073456528]],[[2.390165128007959,48.861632952597532],[2.390097184110014,48.861731534147431]],[[2.399067365181478,48.861268784335472],[2.399354988966865,48.860912289648795],[2.399592951907548,48.860606807621451],[2.399688498005176,48.860476882112636]],[[2.390449723702472,48.860725165728823],[2.390347549796679,48.860837063301723],[2.390128876264511,48.861120141863211],[2.390110589263992,48.86116861324701],[2.390104621556679,48.861212650690078],[2.390110867900643,48.861261247097787],[2.390125134155241,48.861323374532546]],[[2.390125134155241,48.861323374532546],[2.390155303433316,48.861424254787885]],[[2.398523651759683,48.861964842332185],[2.398895825445198,48.861487362550029],[2.399067365181478,48.861268784335472]],[[2.390155303433316,48.861424254787885],[2.390173100801729,48.861534065419782],[2.390165128007959,48.861632952597532]],[[2.391926249261081,48.863380343531162],[2.391543534090997,48.863353216803866],[2.39105330886309,48.863311152390921]],[[2.39281396513815,48.863468489432542],[2.393198035690628,48.863613432737111]],[[2.395154314430472,48.864416554559391],[2.395288598728651,48.864473891609784],[2.395569487871116,48.864584130764761]],[[2.395154314430472,48.864416554559391],[2.39411370827241,48.863993996679582]],[[2.393198035690628,48.863613432737111],[2.393340525362912,48.86366811561399]],[[2.396042217970046,48.86413774615832],[2.3960904769804,48.864090324605215],[2.396284322843501,48.863948307353603]],[[2.393340525362912,48.86366811561399],[2.39411370827241,48.863993996679582]],[[2.392742028819455,48.863442043527996],[2.392472380782516,48.863420889486711],[2.391926249261081,48.863380343531162]],[[2.392742028819455,48.863442043527996],[2.39281396513815,48.863468489432542]],[[2.396284322843501,48.863948307353603],[2.396715690855195,48.86365909599472],[2.397115777403433,48.863363430060971]],[[2.390097184110014,48.861731534147431],[2.390011342197124,48.861845313264844],[2.389940176826191,48.861986147429114],[2.389872468132638,48.862180959752784]],[[2.397888851965788,48.862638855049035],[2.398244287933203,48.862313282191742],[2.398523651759683,48.861964842332185]],[[2.389872468132638,48.862180959752784],[2.389847081191592,48.862253677121927],[2.389829787886203,48.86233363049196],[2.38981358367077,48.862436972325732],[2.389804426117788,48.862520564532275]],[[2.389804426117788,48.862520564532275],[2.389802399536098,48.862577212804048],[2.389807156363589,48.862636593688123],[2.389821717549695,48.862673540986684],[2.38986325448192,48.862734908068269],[2.389911606545877,48.862796309873822],[2.390015294537012,48.86290475952881],[2.390147616749151,48.86301245565619],[2.390303163391109,48.863115773230675],[2.390395332800783,48.863160310528635],[2.390480792495126,48.86319582015723],[2.390556763779121,48.863226784693524],[2.390636918879406,48.863249676402432],[2.390805533601712,48.863284709822295],[2.39094981393453,48.863302531663585],[2.39105330886309,48.863311152390921]],[[2.397888851965788,48.862638855049035],[2.397599397663037,48.862916194452104],[2.397427159428233,48.86307630956108],[2.397115777403433,48.863363430060971]]]}},
{"type":"Feature","properties":{"ID":"VOIE_NOM0000002338861100","ID_BAN":null,"name":"Avenue De La Chapelle","INSEE_COM":"75120","NOM_COM":"Paris 20e Arrondissement","SRC_BAN":null,"NOM_COLL":"AV DE LA CHAPELLE","TYPE_VOIE":"avenue","MOT_DIR":"CHAPELLE","LD_BAN":null,"ID_SUPP":"TRONROUT0000000000190027/TRONROUT0000000000190033/TRONROUT0000000000190034/TRONROUT0000000000190988/TRONROUT0000000000190990/TRONROUT0000000000191000/TRONROUT0000000216627736/TRONROUT0000000216627754/TRONROUT0000000356847450","INSEEDBAN":null,"COMDEL_BAN":null,"DATE_CREAT":"2023-12-08T13:42:59","DATE_MAJ":"2024-03-12T16:10:18","NOM_NORMA":"AV DE LA CHAPELLE","ID_BAN_ODO":null,"Nom_a_verifier":true,"other_tags":"nan"},"geometry":{"type":"MultiLineString","coordinates":[[[2.393088201696523,48.860755663280948],[2.393528404537379,48.860175119836555]],[[2.39305497745412,48.860799562641262],[2.393088201696523,48.860755663280948]],[[2.392865569792199,48.861028833928877],[2.39305497745412,48.860799562641262]],[[2.39116915103868,48.863079711452563],[2.39105330886309,48.863311152390921]],[[2.391933132008582,48.862206736477887],[2.391534939779638,48.862688559077682]],[[2.391534939779638,48.862688559077682],[2.39126416575988,48.862997455277402],[2.39116915103868,48.863079711452563]],[[2.392348364891493,48.861665642242428],[2.392178053724126,48.861893210569399],[2.391933132008582,48.862206736477887]],[[2.392573906414369,48.861377198612608],[2.392865569792199,48.861028833928877]],[[2.392573906414369,48.861377198612608],[2.392461785991153,48.861524121820551],[2.392348364891493,48.861665642242428]]]}},
{"type":"Feature","properties":{"ID":"VOIE_NOM0000002338861101","ID_BAN":null,"name":"Avenue De La Conservation","INSEE_COM":"75120","NOM_COM":"Paris 20e Arrondissement","SRC_BAN":null,"NOM_COLL":"AV DE LA CONSERVATION","TYPE_VOIE":"avenue","MOT_DIR":"CONSERVATION","LD_BAN":null,"ID_SUPP":"TRONROUT0000000216627725/TRONROUT0000000356874166/TRONROUT0000002341410507","INSEEDBAN":null,"COMDEL_BAN":null,"DATE_CREAT":"2023-12-08T13:42:59","DATE_MAJ":"2024-03-17T19:26:33","NOM_NORMA":"AV DE LA CONSERVATION","ID_BAN_ODO":null,"Nom_a_verifier":true,"other_tags":"nan"},"geometry":{"type":"MultiLineString","coordinates":[[[2.390863124102833,48.860224537084719],[2.390652825595157,48.8601416260842]],[[2.390430324470037,48.860053256478835],[2.38956480749744,48.859704395451494]],[[2.390652825595157,48.8601416260842],[2.390430324470037,48.860053256478835]]]}},
{"type":"Feature","properties":{"ID":"VOIE_NOM0000002338861102","ID_BAN":null,"name":"Avenue De L'Ouest","INSEE_COM":"75120","NOM_COM":"Paris 20e Arrondissement","SRC_BAN":null,"NOM_COLL":"AV DE L'OUEST","TYPE_VOIE":"avenue","MOT_DIR":"L","LD_BAN":null,"ID_SUPP":"TRONROUT0000000000190056","INSEEDBAN":null,"COMDEL_BAN":null,"DATE_CREAT":"2023-12-08T13:42:59","DATE_MAJ":"2024-03-12T16:10:18","NOM_NORMA":"AV DE L'OUEST","ID_BAN_ODO":null,"Nom_a_verifier":true,"other_tags":"nan"},"geometry":{"type":"MultiLineString","coordinates":[[[2.387979253839948,48.862521137355408],[2.389804426117788,48.862520564532275]]]}},
{"type":"Feature","properties":{"ID":"VOIE_NOM0000002338861103","ID_BAN":null,"name":"Chemin Camille Jordan","INSEE_COM":"75120","NOM_COM":"Paris 20e Arrondissement","SRC_BAN":null,"NOM_COLL":"CHE CAMILLE JORDAN","TYPE_VOIE":"chemin","MOT_DIR":"JORDAN","LD_BAN":null,"ID_SUPP":"TRONROUT0000000216627778","INSEEDBAN":null,"COMDEL_BAN":null,"DATE_CREAT":"2023-12-08T13:42:59","DATE_MAJ":"2024-03-12T16:10:18","NOM_NORMA":"CHE CAMILLE JORDAN","ID_BAN_ODO":null,"Nom_a_verifier":true,"other_tags":"nan"},"geometry":{"type":"MultiLineString","coordinates":[[[2.396613343638062,48.858961309761206],[2.396631945276106,48.859002773433019],[2.396636949091777,48.859041470505645],[2.396628375883052,48.859075602395777],[2.396606288115036,48.859099773345214],[2.396531888875817,48.859168647758239],[2.396406853234157,48.859255253629399],[2.396169276274979,48.859408742422708],[2.395941280082785,48.859558681712471],[2.395652948698346,48.859739792933865],[2.39555549225093,48.859798657476055],[2.395441607369515,48.859863734355883]]]}},
{"type":"Feature","properties":{"ID":"VOIE_NOM0000002338861104","ID_BAN":null,"name":"Chemin Casariera","INSEE_COM":"75120","NOM_COM":"Paris 20e Arrondissement","SRC_BAN":null,"NOM_COLL":"CHE CASARIERA","TYPE_VOIE":"chemin","MOT_DIR":"CASARIERA","LD_BAN":null,"ID_SUPP":"TRONROUT0000000216627734","INSEEDBAN":null,"COMDEL_BAN":null,"DATE_CREAT":"2023-12-08T13:42:59","DATE_MAJ":"2024-03-12T16:10:18","NOM_NORMA":"CHE CASARIERA","ID_BAN_ODO":null,"Nom_a_verifier":true,"other_tags":"nan"},"geometry":{"type":"MultiLineString","coordinates":[[[2.393758753394706,48.863103649501248],[2.394269799061285,48.862410146173836],[2.394286730087556,48.862360768020572]]]}},
{"type":"Feature","properties":{"ID":"VOIE_NOM0000002338861106","ID_BAN":null,"name":"Avenue Des Acacias","INSEE_COM":"75120","NOM_COM":"Paris 20e Arrondissement","SRC_BAN":null,"NOM_COLL":"AV DES ACACIAS","TYPE_VOIE":"avenue","MOT_DIR":"ACACIAS","LD_BAN":null,"ID_SUPP":"TRONROUT0000000000191777/TRONROUT0000000000191796/TRONROUT0000000356814450/TRONROUT0000002341410523","INSEEDBAN":null,"COMDEL_BAN":null,"DATE_CREAT":"2023-12-08T13:42:59","DATE_MAJ":"2024-03-17T19:26:33","NOM_NORMA":"AV DES ACACIAS","ID_BAN_ODO":null,"Nom_a_verifier":true,"other_tags":"nan"},"geometry":{"type":"MultiLineString","coordinates":[[[2.396597168734664,48.858710310850824],[2.396798762517616,48.858839034229305],[2.396875750571015,48.858899678408648],[2.396941866772079,48.858957569711116],[2.397056329744955,48.859077759391432]],[[2.396597168734664,48.858710310850824],[2.396491508318657,48.858654018608576],[2.396383070241997,48.858602208985943],[2.396282632613512,48.85856572849918],[2.396167172002741,48.858531870158821],[2.395980799292488,48.858501251179369],[2.395802437308947,48.858485061885503],[2.395726125632083,48.858483777217565],[2.395656524120516,48.858491519846091],[2.395553910549523,48.85852517671762],[2.395464863205476,48.858564298109698],[2.395372839465393,48.858624988691616],[2.395302820219639,48.858668702828538],[2.395118562968018,48.858808069512335],[2.39503051224532,48.858878672704179],[2.394938121915152,48.858970838175622],[2.394857736318664,48.859085547909046],[2.394793726220873,48.859198541705894],[2.39474838923877,48.859346704362721],[2.394713114830015,48.859449950630946],[2.394704707458895,48.859469693696283]],[[2.397056329744955,48.859077759391432],[2.397134400405961,48.859162691159014],[2.397165289565046,48.859202417949348],[2.397179802984001,48.85924386092973],[2.397183361073931,48.859289745445672],[2.397175901375971,48.859345467252446],[2.397155010177579,48.859384033841991],[2.397123163562143,48.859427041959378],[2.397090016413296,48.859464647445868],[2.397052863710309,48.859495037982214]],[[2.394704707458895,48.859469693696283],[2.394675124884669,48.859552283798926],[2.39463056049411,48.859633898756435],[2.394560069003684,48.85971808055735],[2.394489754962573,48.859786974348523],[2.394328975061911,48.859899478155903],[2.394131646223108,48.859990212433765],[2.394035832929887,48.860024801750953],[2.393934703762548,48.860047672589417],[2.393877355853755,48.860056375585913]]]}},
{"type":"Feature","properties":{"ID":"VOIE_NOM0000002338861107","ID_BAN":null,"name":"Avenue Des Ailantes","INSEE_COM":"75120","NOM_COM":"Paris 20e Arrondissement","SRC_BAN":null,"NOM_COLL":"AV DES AILANTES","TYPE_VOIE":"avenue","MOT_DIR":"AILANTES","LD_BAN":null,"ID_SUPP":"TRONROUT0000000000190022/TRONROUT0000000000190026/TRONROUT0000000000190042","INSEEDBAN":null,"COMDEL_BAN":null,"DATE_CREAT":"2023-12-08T13:42:59","DATE_MAJ":"2024-03-12T16:10:18","NOM_NORMA":"AV DES AILANTES","ID_BAN_ODO":null,"Nom_a_verifier":true,"other_tags":"nan"},"geometry":{"type":"MultiLineString","coordinates":[[[2.391933132008582,48.862206736477887],[2.392179108589204,48.862386955264526],[2.392405040403986,48.862532896719763],[2.392570235964404,48.862627266937636],[2.392688376904585,48.862665638903685]],[[2.391456397347623,48.861827488450132],[2.391394151926432,48.861788500151228],[2.391319671302318,48.861746751558513],[2.391280397073972,48.86172496755507],[2.391241070338209,48.861707679988513],[2.391147340114558,48.861680222860358]],[[2.391933132008582,48.862206736477887],[2.391714280367918,48.862038346483004],[2.391456397347623,48.861827488450132]]]}},
{"type":"Feature","properties":{"ID":"VOIE_NOM0000002338861108","ID_BAN":null,"name":"Avenue De Saint-Morys","INSEE_COM":"75120","NOM_COM":"Paris 20e Arrondissement","SRC_BAN":null,"NOM_COLL":"AV DE SAINT-MORYS","TYPE_VOIE":"avenue","MOT_DIR":"MORYS","LD_BAN":null,"ID_SUPP":"TRONROUT0000000000191003/TRONROUT0000000000191004/TRONROUT0000000000191005/TRONROUT0000000216627744","INSEEDBAN":null,"COMDEL_BAN":null,"DATE_CREAT":"2023-12-08T13:42:59","DATE_MAJ":"2024-03-12T16:10:18","NOM_NORMA":"AV DE SAINT-MORYS","ID_BAN_ODO":null,"Nom_a_verifier":true,"other_tags":"nan"},"geometry":{"type":"MultiLineString","coordinates":[[[2.392865569792199,48.861028833928877],[2.392445977462754,48.860892702226458]],[[2.394550462386795,48.861600359050243],[2.39391645296763,48.861382206742434]],[[2.393348993274134,48.861185073286521],[2.392865569792199,48.861028833928877]],[[2.39391645296763,48.861382206742434],[2.393348993274134,48.861185073286521]]]}},
{"type":"Feature","properties":{"ID":"VOIE_NOM0000002338861109","ID_BAN":null,"name":"Avenue Des Combattants Etrangers Morts Pour La France","INSEE_COM":"75120","NOM_COM":"Paris 20e Arrondissement","SRC_BAN":null,"NOM_COLL":"AV DES COMBATTANTS ETRANGERS MORTS POUR LA FRANCE","TYPE_VOIE":"avenue","MOT_DIR":"FRANCE","LD_BAN":null,"ID_SUPP":"TRONROUT0000000000190006/TRONROUT0000000000190011/TRONROUT0000000000190015/TRONROUT0000000216627732","INSEEDBAN":null,"COMDEL_BAN":null,"DATE_CREAT":"2023-12-08T13:42:59","DATE_MAJ":"2024-03-12T16:10:18","NOM_NORMA":"AV DES COMBATTANTS ETRANGERS MORTS POUR LA FRANCE","ID_BAN_ODO":null,"Nom_a_verifier":true,"other_tags":"nan"},"geometry":{"type":"MultiLineString","coordinates":[[[2.394036838390079,48.862282159512731],[2.394286730087556,48.862360768020572]],[[2.396240911396359,48.862989390190783],[2.396708048646706,48.863141936030019],[2.396923925079719,48.863215870746096],[2.396990359085701,48.863246783118193],[2.397044494763097,48.863280331517224],[2.397115777403433,48.863363430060971]],[[2.394286730087556,48.862360768020572],[2.395153178947542,48.862635852313566]],[[2.395153178947542,48.862635852313566],[2.396240911396359,48.862989390190783]]]}},
{"type":"Feature","properties":{"ID":"VOIE_NOM0000002338861110","ID_BAN":null,"name":"Avenue Des Peupliers","INSEE_COM":"75120","NOM_COM":"Paris 20e Arrondissement","SRC_BAN":null,"NOM_COLL":"AV DES PEUPLIERS","TYPE_VOIE":"avenue","MOT_DIR":"PEUPLIERS","LD_BAN":null,"ID_SUPP":"TRONROUT0000000000190035/TRONROUT0000000000190037/TRONROUT0000000000190044","INSEEDBAN":null,"COMDEL_BAN":null,"DATE_CREAT":"2023-12-08T13:42:59","DATE_MAJ":"2024-03-12T16:10:18","NOM_NORMA":"AV DES PEUPLIERS","ID_BAN_ODO":null,"Nom_a_verifier":true,"other_tags":"nan"},"geometry":{"type":"MultiLineString","coordinates":[[[2.389804426117788,48.862520564532275],[2.389946251786691,48.862514992176173],[2.390090929760648,48.86249864207312],[2.390213894399633,48.862474087074872],[2.390317798002375,48.862447636160773],[2.390444967146618,48.862413209571848],[2.390546260240348,48.862376852389794],[2.390722875497704,48.86231030095162]],[[2.391191250620333,48.8620051092119],[2.391456397347623,48.861827488450132]],[[2.390722875497704,48.86231030095162],[2.391191250620333,48.8620051092119]]]}},
{"type":"Feature","properties":{"ID":"VOIE_NOM0000002338861111","ID_BAN":null,"name":"Avenue Des Thuyas","INSEE_COM":"75120","NOM_COM":"Paris 20e Arrondissement","SRC_BAN":null,"NOM_COLL":"AV DES THUYAS","TYPE_VOIE":"avenue","MOT_DIR":"THUYAS","LD_BAN":null,"ID_SUPP":"TRONROUT0000000000188912/TRONROUT0000000000188931/TRONROUT0000000000190017","INSEEDBAN":null,"COMDEL_BAN":null,"DATE_CREAT":"2023-12-08T13:42:59","DATE_MAJ":"2024-03-12T16:10:18","NOM_NORMA":"AV DES THUYAS","ID_BAN_ODO":null,"Nom_a_verifier":true,"other_tags":"nan"},"geometry":{"type":"MultiLineString","coordinates":[[[2.395669224421444,48.863741951807512],[2.396284322843501,48.863948307353603]],[[2.393758753394706,48.863103649501248],[2.394585767770788,48.863371343169376]],[[2.394585767770788,48.863371343169376],[2.395669224421444,48.863741951807512]]]}},
{"type":"Feature","properties":{"ID":"VOIE_NOM0000002338861112","ID_BAN":null,"name":"Avenue De Vincennes Ceinture","INSEE_COM":"75120","NOM_COM":"Paris 20e Arrondissement","SRC_BAN":null,"NOM_COLL":"AV DE VINCENNES CEINTURE","TYPE_VOIE":"avenue","MOT_DIR":"CEINTURE","LD_BAN":null,"ID_SUPP":"TRONROUT0000000000195872/TRONROUT0000000000196675","INSEEDBAN":null,"COMDEL_BAN":null,"DATE_CREAT":"2023-12-08T13:42:59","DATE_MAJ":"2024-06-17T16:42:27","NOM_NORMA":"AV DE VINCENNES CEINTURE","ID_BAN_ODO":null,"Nom_a_verifier":true,"other_tags":"nan"},"geometry":{"type":"MultiLineString","coordinates":[[[2.409829542365639,48.847469687744002],[2.409838296437286,48.847538981136381],[2.409858346567165,48.847693768802699],[2.409862982314464,48.847765739924334],[2.409879370469388,48.848003249968237],[2.409908264908275,48.848339750442804],[2.409912316518933,48.848704008207932],[2.409909037502436,48.848993583471255]],[[2.409909037502436,48.848993583471255],[2.409921401278897,48.849105164112551]]]}},
{"type":"Feature","properties":{"ID":"VOIE_NOM0000002338861113","ID_BAN":null,"name":"Avenue Du Boulevard","INSEE_COM":"75120","NOM_COM":"Paris 20e Arrondissement","SRC_BAN":null,"NOM_COLL":"AV DU BOULEVARD","TYPE_VOIE":"avenue","MOT_DIR":"BOULEVARD","LD_BAN":null,"ID_SUPP":"TRONROUT0000000000191017/TRONROUT0000000000191026/TRONROUT0000000000191034/TRONROUT0000000216627724/TRONROUT0000000216627726/TRONROUT0000000216627730","INSEEDBAN":null,"COMDEL_BAN":null,"DATE_CREAT":"2023-12-08T13:42:59","DATE_MAJ":"2024-03-12T16:10:18","NOM_NORMA":"AV DU BOULEVARD","ID_BAN_ODO":null,"Nom_a_verifier":true,"other_tags":"nan"},"geometry":{"type":"MultiLineString","coordinates":[[[2.38956480749744,48.859704395451494],[2.38944576215358,48.859860274207641],[2.389377018175774,48.860027201642772]],[[2.389377018175774,48.860027201642772],[2.389328524922427,48.86009440506858],[2.389161571939725,48.860151111078395],[2.389055932328897,48.860325944062652]],[[2.388277502791596,48.861847255353503],[2.387979253839948,48.862521137355408]],[[2.388486700086038,48.861443619789995],[2.388277502791596,48.861847255353503]],[[2.389055932328897,48.860325944062652],[2.388700647782404,48.860983349306501]],[[2.388700647782404,48.860983349306501],[2.388486700086038,48.861443619789995]]]}},
{"type":"Feature","properties":{"ID":"VOIE_NOM0000002338861114","ID_BAN":null,"name":"Avenue Du Puits","INSEE_COM":"75120","NOM_COM":"Paris 20e Arrondissement","SRC_BAN":null,"NOM_COLL":"AV DU PUITS","TYPE_VOIE":"avenue","MOT_DIR":"PUITS","LD_BAN":null,"ID_SUPP":"TRONROUT0000000000191019/TRONROUT0000000000191020","INSEEDBAN":null,"COMDEL_BAN":null,"DATE_CREAT":"2023-12-08T13:42:59","DATE_MAJ":"2024-03-12T16:10:18","NOM_NORMA":"AV DU PUITS","ID_BAN_ODO":null,"Nom_a_verifier":true,"other_tags":"nan"},"geometry":{"type":"MultiLineString","coordinates":[[[2.390863124102833,48.860224537084719],[2.390659763895147,48.860480714354516]],[[2.390659763895147,48.860480714354516],[2.390449723702472,48.860725165728823]]]}},
{"type":"Feature","properties":{"ID":"VOIE_NOM0000002338861115","ID_BAN":null,"name":"Avenue Transversale Numero 1","INSEE_COM":"75120","NOM_COM":"Paris 20e Arrondissement","SRC_BAN":null,"NOM_COLL":"AV TRANSVERSALE NUMERO 1","TYPE_VOIE":"avenue","MOT_DIR":"1","LD_BAN":null,"ID_SUPP":"TRONROUT0000000000190008/TRONROUT0000000000190009/TRONROUT0000000000190021/TRONROUT0000000000190025/TRONROUT0000000000190974/TRONROUT0000000000190980/TRONROUT0000000000191786/TRONROUT0000000216627774/TRONROUT0000002341410525/TRONROUT0000002341410532","INSEEDBAN":null,"COMDEL_BAN":null,"DATE_CREAT":"2023-12-08T13:42:59","DATE_MAJ":"2024-03-17T19:26:33","NOM_NORMA":"AV TRANSVERSALE NUMERO 1","ID_BAN_ODO":null,"Nom_a_verifier":true,"other_tags":"nan"},"geometry":{"type":"MultiLineString","coordinates":[[[2.397052863710309,48.859495037982214],[2.397034968803438,48.859510236679384],[2.397007450166426,48.859532581639776],[2.396975853145696,48.859554006697522]],[[2.396975853145696,48.859554006697522],[2.39685957786491,48.859590293853486],[2.396792648832627,48.859602547334667],[2.396533349515686,48.859630918401542],[2.396233110042534,48.859663579083097],[2.396163444494152,48.859676717750965],[2.396084071641484,48.859704196905668],[2.395968730863836,48.859777361042859],[2.395904016307693,48.859833693091069],[2.395850163351355,48.859893677315235],[2.395626030192219,48.860180335805161]],[[2.395626030192219,48.860180335805161],[2.395464072390363,48.860394461040151]],[[2.395464072390363,48.860394461040151],[2.394932461288202,48.861101356725818]],[[2.39435949678191,48.861846712155284],[2.394263997618333,48.861971237508136]],[[2.394263997618333,48.861971237508136],[2.394036838390079,48.862282159512731]],[[2.394036838390079,48.862282159512731],[2.393802673088323,48.862609233690733]],[[2.393802673088323,48.862609233690733],[2.393502033395111,48.863025904695888]],[[2.394932461288202,48.861101356725818],[2.394550462386795,48.861600359050243]],[[2.394550462386795,48.861600359050243],[2.39435949678191,48.861846712155284]]]}},
{"type":"Feature","properties":{"ID":"VOIE_NOM0000002338861116","ID_BAN":null,"name":"Avenue Transversale Numero 2","INSEE_COM":"75120","NOM_COM":"Paris 20e Arrondissement","SRC_BAN":null,"NOM_COLL":"AV TRANSVERSALE NUMERO 2","TYPE_VOIE":"avenue","MOT_DIR":"2","LD_BAN":null,"ID_SUPP":"TRONROUT0000000000188933/TRONROUT0000000000190005/TRONROUT0000000000190014/TRONROUT0000000000190981/TRONROUT0000000000190982/TRONROUT0000000000190985/TRONROUT0000000000191783/TRONROUT0000000000191784/TRONROUT0000002341410530","INSEEDBAN":null,"COMDEL_BAN":null,"DATE_CREAT":"2023-12-08T13:42:59","DATE_MAJ":"2024-03-17T19:26:33","NOM_NORMA":"AV TRANSVERSALE NUMERO 2","ID_BAN_ODO":null,"Nom_a_verifier":true,"other_tags":"nan"},"geometry":{"type":"MultiLineString","coordinates":[[[2.398084760507279,48.858778058680095],[2.397990617995904,48.858904392792226]],[[2.397990617995904,48.858904392792226],[2.397561586951866,48.859467022356846],[2.397376074308978,48.85971520677834]],[[2.397376074308978,48.85971520677834],[2.396756090939136,48.860523291659938]],[[2.39411370827241,48.863993996679582],[2.394585767770788,48.863371343169376]],[[2.395153178947542,48.862635852313566],[2.395699868564023,48.861922737301661]],[[2.394585767770788,48.863371343169376],[2.395153178947542,48.862635852313566]],[[2.395699868564023,48.861922737301661],[2.395961591189607,48.861568818084301]],[[2.396217754173896,48.861223863584328],[2.396756090939136,48.860523291659938]],[[2.395961591189607,48.861568818084301],[2.396217754173896,48.861223863584328]]]}},
{"type":"Feature","properties":{"ID":"VOIE_NOM0000002338861117","ID_BAN":null,"name":"Avenue Transversale Numero 3","INSEE_COM":"75120","NOM_COM":"Paris 20e Arrondissement","SRC_BAN":null,"NOM_COLL":"AV TRANSVERSALE NUMERO 3","TYPE_VOIE":"avenue","MOT_DIR":"3","LD_BAN":null,"ID_SUPP":"TRONROUT0000000000188913/TRONROUT0000000000190004/TRONROUT0000000000190012/TRONROUT0000000000190013/TRONROUT0000000000190965/TRONROUT0000000000190967/TRONROUT0000000000191779","INSEEDBAN":null,"COMDEL_BAN":null,"DATE_CREAT":"2023-12-08T13:42:59","DATE_MAJ":"2024-03-12T16:10:18","NOM_NORMA":"AV TRANSVERSALE NUMERO 3","ID_BAN_ODO":null,"Nom_a_verifier":true,"other_tags":"nan"},"geometry":{"type":"MultiLineString","coordinates":[[[2.39911798228835,48.859243715855072],[2.39848146865787,48.860069713736671]],[[2.39848146865787,48.860069713736671],[2.397851915935821,48.860881353246768]],[[2.397851915935821,48.860881353246768],[2.397570940891072,48.861251368001021],[2.397324608447289,48.861572092588567]],[[2.395669224421444,48.863741951807512],[2.395575046215121,48.863870082030935],[2.395154314430472,48.864416554559391]],[[2.396240911396359,48.862989390190783],[2.395669224421444,48.863741951807512]],[[2.397324608447289,48.861572092588567],[2.396783542501658,48.862272652667365]],[[2.396783542501658,48.862272652667365],[2.396240911396359,48.862989390190783]]]}},
{"type":"Feature","properties":{"ID":"VOIE_NOM0000002338861118","ID_BAN":null,"name":"Chemin Abadie","INSEE_COM":"75120","NOM_COM":"Paris 20e Arrondissement","SRC_BAN":null,"NOM_COLL":"CHE ABADIE","TYPE_VOIE":"chemin","MOT_DIR":"ABADIE","LD_BAN":null,"ID_SUPP":"TRONROUT0000000000191788","INSEEDBAN":null,"COMDEL_BAN":null,"DATE_CREAT":"2023-12-08T13:42:59","DATE_MAJ":"2024-03-12T16:10:18","NOM_NORMA":"CHE ABADIE","ID_BAN_ODO":null,"Nom_a_verifier":true,"other_tags":"nan"},"geometry":{"type":"MultiLineString","coordinates":[[[2.397990617995904,48.858904392792226],[2.397873335327328,48.858910098140086],[2.39763057168011,48.858923265914264],[2.397469582318319,48.85893684495997],[2.397375344118393,48.85895345798982],[2.397297398332483,48.858975549073783],[2.397159037082022,48.859036007613931],[2.397056329744955,48.859077759391432]]]}},
{"type":"Feature","properties":{"ID":"VOIE_NOM0000002338861119","ID_BAN":null,"name":"Chemin Adanson","INSEE_COM":"75120","NOM_COM":"Paris 20e Arrondissement","SRC_BAN":null,"NOM_COLL":"CHE ADANSON","TYPE_VOIE":"chemin","MOT_DIR":"ADANSON","LD_BAN":null,"ID_SUPP":"TRONROUT0000000216627770","INSEEDBAN":null,"COMDEL_BAN":null,"DATE_CREAT":"2023-12-08T13:42:59","DATE_MAJ":"2024-03-12T16:10:18","NOM_NORMA":"CHE ADANSON","ID_BAN_ODO":null,"Nom_a_verifier":true,"other_tags":"nan"},"geometry":{"type":"MultiLineString","coordinates":[[[2.394009100425855,48.861268459285128],[2.394306990534888,48.861204315259506],[2.394566539257378,48.861155265369185],[2.394768874377616,48.861103227548341],[2.394827899633202,48.861067552299431]]]}},
{"type":"Feature","properties":{"ID":"VOIE_NOM0000002338861120","ID_BAN":null,"name":"Chemin Amussat","INSEE_COM":"75120","NOM_COM":"Paris 20e Arrondissement","SRC_BAN":null,"NOM_COLL":"CHE AMUSSAT","TYPE_VOIE":"chemin","MOT_DIR":"AMUSSAT","LD_BAN":null,"ID_SUPP":"TRONROUT0000000356874178","INSEEDBAN":null,"COMDEL_BAN":null,"DATE_CREAT":"2023-12-08T13:42:59","DATE_MAJ":"2024-03-12T16:10:18","NOM_NORMA":"CHE AMUSSAT","ID_BAN_ODO":null,"Nom_a_verifier":true,"other_tags":"nan"},"geometry":{"type":"MultiLineString","coordinates":[[[2.394287382383049,48.858201303568954],[2.394207299462739,48.857938289102727]]]}},
{"type":"Feature","properties":{"ID":"VOIE_NOM0000002338861121","ID_BAN":null,"name":"Chemin Bernard","INSEE_COM":"75120","NOM_COM":"Paris 20e Arrondissement","SRC_BAN":null,"NOM_COLL":"CHE BERNARD","TYPE_VOIE":"chemin","MOT_DIR":"BERNARD","LD_BAN":null,"ID_SUPP":"TRONROUT0000000000191793/TRONROUT0000000000191795/TRONROUT0000000356847452","INSEEDBAN":null,"COMDEL_BAN":null,"DATE_CREAT":"2023-12-08T13:42:59","DATE_MAJ":"2024-03-12T16:10:18","NOM_NORMA":"CHE BERNARD","ID_BAN_ODO":null,"Nom_a_verifier":true,"other_tags":"nan"},"geometry":{"type":"MultiLineString","coordinates":[[[2.394711002709129,48.858810505457029],[2.394755603238329,48.858608378279463],[2.394806537375443,48.85844765299003],[2.394830301958161,48.858396510460175],[2.394869162742737,48.858336450804167]],[[2.39649365587308,48.858350949962258],[2.396396423678095,48.858273115819351],[2.396115048202912,48.85809002833718],[2.396064902926999,48.858065492929718],[2.396007818181912,48.858051714627358],[2.395935689621527,48.858042357088458],[2.395780289650709,48.858044270576855],[2.395551064447992,48.85806559659769],[2.395305359200014,48.858097631056964],[2.395200135236017,48.858121381636948],[2.395097532539952,48.858154138835104],[2.394961813148331,48.858221803003758]],[[2.394869162742737,48.858336450804167],[2.394961813148331,48.858221803003758]]]}},
{"type":"Feature","properties":{"ID":"VOIE_NOM0000002338861122","ID_BAN":null,"name":"Chemin Bertholle","INSEE_COM":"75120","NOM_COM":"Paris 20e Arrondissement","SRC_BAN":null,"NOM_COLL":"CHE BERTHOLLE","TYPE_VOIE":"chemin","MOT_DIR":"BERTHOLLE","LD_BAN":null,"ID_SUPP":"TRONROUT0000000000190999","INSEEDBAN":null,"COMDEL_BAN":null,"DATE_CREAT":"2023-12-08T13:42:59","DATE_MAJ":"2024-03-12T16:10:18","NOM_NORMA":"CHE BERTHOLLE","ID_BAN_ODO":null,"Nom_a_verifier":true,"other_tags":"nan"},"geometry":{"type":"MultiLineString","coordinates":[[[2.393584934485181,48.860705120107127],[2.393551176826321,48.860794883448229],[2.393496325617065,48.860940299196287],[2.393469707011245,48.861002219018047],[2.393434868690358,48.86106769454446],[2.393348993274134,48.861185073286521]]]}},
{"type":"Feature","properties":{"ID":"VOIE_NOM0000002338861123","ID_BAN":null,"name":"Chemin Casimir Delavigne","INSEE_COM":"75120","NOM_COM":"Paris 20e Arrondissement","SRC_BAN":null,"NOM_COLL":"CHE CASIMIR DELAVIGNE","TYPE_VOIE":"chemin","MOT_DIR":"DELAVIGNE","LD_BAN":null,"ID_SUPP":"TRONROUT0000000000190024/TRONROUT0000000216627733/TRONROUT0000000356824803","INSEEDBAN":null,"COMDEL_BAN":null,"DATE_CREAT":"2023-12-08T13:42:59","DATE_MAJ":"2024-03-12T16:10:18","NOM_NORMA":"CHE CASIMIR DELAVIGNE","ID_BAN_ODO":null,"Nom_a_verifier":true,"other_tags":"nan"},"geometry":{"type":"MultiLineString","coordinates":[[[2.393609355550905,48.863057026165954],[2.393758753394706,48.863103649501248]],[[2.393502033395111,48.863025904695888],[2.393438275413618,48.862999500643568],[2.393369232994468,48.862958680293751],[2.393270560545643,48.862887132050474],[2.393181555119209,48.862804840627426],[2.393114410437916,48.862718163276732],[2.393084728141067,48.862691931820052],[2.393053588577697,48.862673787047605],[2.39296945955396,48.862640984021262]],[[2.393502033395111,48.863025904695888],[2.393609355550905,48.863057026165954]]]}},
{"type":"Feature","properties":{"ID":"VOIE_NOM0000002338861124","ID_BAN":null,"name":"Chemin Chenier","INSEE_COM":"75120","NOM_COM":"Paris 20e Arrondissement","SRC_BAN":null,"NOM_COLL":"CHE CHENIER","TYPE_VOIE":"chemin","MOT_DIR":"CHENIER","LD_BAN":null,"ID_SUPP":"TRONROUT0000000356874171/TRONROUT0000000356874173","INSEEDBAN":null,"COMDEL_BAN":null,"DATE_CREAT":"2023-12-08T13:42:59","DATE_MAJ":"2024-03-12T16:10:18","NOM_NORMA":"CHE CHENIER","ID_BAN_ODO":null,"Nom_a_verifier":true,"other_tags":"nan"},"geometry":{"type":"MultiLineString","coordinates":[[[2.39209217745545,48.859557177461163],[2.392003872211584,48.859415531646654]],[[2.391767863056532,48.859667048334686],[2.391764748757936,48.859700308274057],[2.391777905591072,48.859740845671922],[2.391808853995757,48.859775178074194],[2.391845474598799,48.859790653048428],[2.391893145603907,48.85979359333497],[2.391970895498651,48.859788592328947],[2.392044808444729,48.859761987500093],[2.392135244314812,48.859721077034756],[2.39218874466606,48.859691670393133],[2.392223164005587,48.859662166820101],[2.392231729706159,48.859628934555467],[2.392218457149883,48.859598289413604],[2.392198286067344,48.859574803992928],[2.392171184984862,48.859561176166018],[2.392133086109917,48.859555586575723],[2.39209217745545,48.859557177461163]]]}},
{"type":"Feature","properties":{"ID":"VOIE_NOM0000002338861125","ID_BAN":null,"name":"Chemin De La Bedoyere","INSEE_COM":"75120","NOM_COM":"Paris 20e Arrondissement","SRC_BAN":null,"NOM_COLL":"CHE DE LA BEDOYERE","TYPE_VOIE":"chemin","MOT_DIR":"BEDOYERE","LD_BAN":null,"ID_SUPP":"TRONROUT0000000000191007/TRONROUT0000000000191798","INSEEDBAN":null,"COMDEL_BAN":null,"DATE_CREAT":"2023-12-08T13:42:59","DATE_MAJ":"2024-03-12T16:10:18","NOM_NORMA":"CHE DE LA BEDOYERE","ID_BAN_ODO":null,"Nom_a_verifier":true,"other_tags":"nan"},"geometry":{"type":"MultiLineString","coordinates":[[[2.394814384879059,48.858828115893651],[2.39472163904411,48.858950857150475],[2.394661811582222,48.8590557779387],[2.394580177282782,48.859160588366272],[2.39450968635132,48.859244770173433],[2.394408897438571,48.859355778966709],[2.39426103692453,48.859529503560282],[2.394207119652482,48.85959488281361],[2.394104966491306,48.859705884416456],[2.393963162414865,48.859827477265441]],[[2.393963162414865,48.859827477265441],[2.393783666429524,48.859908408493617]]]}},
{"type":"Feature","properties":{"ID":"VOIE_NOM0000002338861126","ID_BAN":null,"name":"Chemin De La Cave","INSEE_COM":"75120","NOM_COM":"Paris 20e Arrondissement","SRC_BAN":null,"NOM_COLL":"CHE DE LA CAVE","TYPE_VOIE":"chemin","MOT_DIR":"CAVE","LD_BAN":null,"ID_SUPP":"TRONROUT0000000216627741","INSEEDBAN":null,"COMDEL_BAN":null,"DATE_CREAT":"2023-12-08T13:42:59","DATE_MAJ":"2024-03-12T16:10:18","NOM_NORMA":"CHE DE LA CAVE","ID_BAN_ODO":null,"Nom_a_verifier":true,"other_tags":"nan"},"geometry":{"type":"MultiLineString","coordinates":[[[2.393275589165302,48.862572387675677],[2.393367149399976,48.862435252397468],[2.393421426664339,48.862339297840194],[2.393432822732971,48.862297086489058],[2.393436072235482,48.862252135817016],[2.393436857505001,48.862184689080941],[2.3934241681038,48.861986769307407],[2.393430290148557,48.861929242378963],[2.393441644239897,48.861890628171693],[2.393477657633938,48.861841346822004],[2.393523033859168,48.861807401742794],[2.393568368153692,48.861777053806058],[2.39362185934033,48.861748545868487]]]}},
{"type":"Feature","properties":{"ID":"VOIE_NOM0000002338861127","ID_BAN":null,"name":"Chemin De La Citerne","INSEE_COM":"75120","NOM_COM":"Paris 20e Arrondissement","SRC_BAN":null,"NOM_COLL":"CHE DE LA CITERNE","TYPE_VOIE":"chemin","MOT_DIR":"CITERNE","LD_BAN":null,"ID_SUPP":"TRONROUT0000000216627769/TRONROUT0000000356824801","INSEEDBAN":null,"COMDEL_BAN":null,"DATE_CREAT":"2023-12-08T13:42:59","DATE_MAJ":"2024-03-12T16:10:18","NOM_NORMA":"CHE DE LA CITERNE","ID_BAN_ODO":null,"Nom_a_verifier":true,"other_tags":"nan"},"geometry":{"type":"MultiLineString","coordinates":[[[2.394009100425855,48.861268459285128],[2.394059924414409,48.86111762689734],[2.394084600867082,48.860988246336007],[2.394115032313747,48.860832813917845],[2.394124834458026,48.860810379945505],[2.394146986848713,48.860780813745123]],[[2.39391645296763,48.861382206742434],[2.394009100425855,48.861268459285128]]]}},
{"type":"Feature","properties":{"ID":"VOIE_NOM0000002338861128","ID_BAN":null,"name":"Chemin De La Guerite","INSEE_COM":"75120","NOM_COM":"Paris 20e Arrondissement","SRC_BAN":null,"NOM_COLL":"CHE DE LA GUERITE","TYPE_VOIE":"chemin","MOT_DIR":"GUERITE","LD_BAN":null,"ID_SUPP":"TRONROUT0000000216627746/TRONROUT0000000356847453","INSEEDBAN":null,"COMDEL_BAN":null,"DATE_CREAT":"2023-12-08T13:42:59","DATE_MAJ":"2024-03-12T16:10:18","NOM_NORMA":"CHE DE LA GUERITE","ID_BAN_ODO":null,"Nom_a_verifier":true,"other_tags":"nan"},"geometry":{"type":"MultiLineString","coordinates":[[[2.39649365587308,48.858350949962258],[2.396353705249451,48.858313370898841],[2.396240835456787,48.85829121718416],[2.396133302664667,48.858278983098408],[2.396013503921213,48.858266687006797],[2.395918132965624,48.858263507569021],[2.395795399956259,48.858269183363795],[2.395679314474358,48.858289282137399],[2.39546468343445,48.858344856836759],[2.395367438106823,48.85838573543797],[2.39527278272151,48.858438318542859],[2.395182080117716,48.858502613044223]],[[2.395182080117716,48.858502613044223],[2.395116003397765,48.858558937842702],[2.394938309888668,48.858719921735343],[2.394814384879059,48.858828115893651]]]}},
{"type":"Feature","properties":{"ID":"VOIE_NOM0000002338861129","ID_BAN":null,"name":"Chemin De L'Ancienne Porte","INSEE_COM":"75120","NOM_COM":"Paris 20e Arrondissement","SRC_BAN":null,"NOM_COLL":"CHE DE L'ANCIENNE PORTE","TYPE_VOIE":"chemin","MOT_DIR":"PORTE","LD_BAN":null,"ID_SUPP":"TRONROUT0000000216627749","INSEEDBAN":null,"COMDEL_BAN":null,"DATE_CREAT":"2023-12-08T13:42:59","DATE_MAJ":"2024-03-12T16:10:18","NOM_NORMA":"CHE DE L'ANCIENNE PORTE","ID_BAN_ODO":null,"Nom_a_verifier":true,"other_tags":"nan"},"geometry":{"type":"MultiLineString","coordinates":[[[2.391230447166739,48.859817204322916],[2.391973051772338,48.860070997572862]]]}},
{"type":"Feature","properties":{"ID":"VOIE_NOM0000002338861130","ID_BAN":null,"name":"Chemin Denon","INSEE_COM":"75120","NOM_COM":"Paris 20e Arrondissement","SRC_BAN":null,"NOM_COLL":"CHE DENON","TYPE_VOIE":"chemin","MOT_DIR":"DENON","LD_BAN":null,"ID_SUPP":"TRONROUT0000000000191006/TRONROUT0000000216627751","INSEEDBAN":null,"COMDEL_BAN":null,"DATE_CREAT":"2023-12-08T13:42:59","DATE_MAJ":"2024-03-12T16:10:18","NOM_NORMA":"CHE DENON","ID_BAN_ODO":null,"Nom_a_verifier":true,"other_tags":"nan"},"geometry":{"type":"MultiLineString","coordinates":[[[2.392904396724846,48.859802325153396],[2.39289075759082,48.859920070134386],[2.392852931401602,48.860008014015655],[2.392769163895413,48.860178464478444],[2.392658367611749,48.860328992110361],[2.39254491819193,48.860473210744573],[2.392474191492263,48.860577175656751],[2.392399165897897,48.860699105576714]],[[2.392399165897897,48.860699105576714],[2.392296838885407,48.86082449417934]]]}},
{"type":"Feature","properties":{"ID":"VOIE_NOM0000002338861132","ID_BAN":null,"name":"Chemin Des Anglais","INSEE_COM":"75120","NOM_COM":"Paris 20e Arrondissement","SRC_BAN":null,"NOM_COLL":"CHE DES ANGLAIS","TYPE_VOIE":"chemin","MOT_DIR":"ANGLAIS","LD_BAN":null,"ID_SUPP":"TRONROUT0000000000190979/TRONROUT0000000000190983/TRONROUT0000000356824799","INSEEDBAN":null,"COMDEL_BAN":null,"DATE_CREAT":"2023-12-08T13:42:59","DATE_MAJ":"2024-03-12T16:10:18","NOM_NORMA":"CHE DES ANGLAIS","ID_BAN_ODO":null,"Nom_a_verifier":true,"other_tags":"nan"},"geometry":{"type":"MultiLineString","coordinates":[[[2.395194584040983,48.861182723313853],[2.395274711174098,48.86109049584357],[2.395504155923253,48.860816455861517],[2.395652474939074,48.860603161116323],[2.395713289628106,48.860530621351721],[2.395783790783948,48.860445539641738],[2.39582952929168,48.860380118442862],[2.395878160413558,48.860300322318167],[2.395899084206603,48.860259058108525]],[[2.396968673600381,48.859703261734914],[2.396975853145696,48.859554006697522]],[[2.395899084206603,48.860259058108525],[2.395953500510367,48.86015051213073],[2.395985692586101,48.860077827724538],[2.396021931674961,48.860008761108588],[2.396073183777812,48.859937971554366],[2.396113250856827,48.859891407835015],[2.396153130252162,48.859861031355777],[2.396194184931767,48.859846848994941],[2.396240649623842,48.859836291292993],[2.396349642361352,48.859840438512187],[2.396466791863813,48.8598464254585],[2.396577137155546,48.859851478636159],[2.396663074684031,48.859845616524218],[2.396749105906619,48.859831660722229],[2.396818833982866,48.859813125962908],[2.396876420571727,48.85978373783707],[2.396940967466125,48.859741793934631],[2.396960287860973,48.85972120636989],[2.396968673600381,48.859703261734914]]]}},
{"type":"Feature","properties":{"ID":"VOIE_NOM0000002338861133","ID_BAN":null,"name":"Chemin Des Chevres","INSEE_COM":"75120","NOM_COM":"Paris 20e Arrondissement","SRC_BAN":null,"NOM_COLL":"CHE DES CHEVRES","TYPE_VOIE":"chemin","MOT_DIR":"CHEVRES","LD_BAN":null,"ID_SUPP":"TRONROUT0000000356824796/TRONROUT0000002341410520","INSEEDBAN":null,"COMDEL_BAN":null,"DATE_CREAT":"2023-12-08T13:42:59","DATE_MAJ":"2024-03-17T19:26:33","NOM_NORMA":"CHE DES CHEVRES","ID_BAN_ODO":null,"Nom_a_verifier":true,"other_tags":"nan"},"geometry":{"type":"MultiLineString","coordinates":[[[2.39622690555612,48.858787585685391],[2.396129162213922,48.858753816707349],[2.39600963343352,48.858718139002271],[2.395838491896495,48.8586669117363],[2.395740519577446,48.858652926881462],[2.395655988536629,48.858655198048545],[2.39558630332613,48.858670134978148],[2.395508096360677,48.858714707223626],[2.395319886464345,48.85884236275227],[2.395167351351386,48.858949513346289],[2.395076365812166,48.859038088636893],[2.395008612113318,48.859121385233784],[2.394976440151615,48.859192270854976],[2.394960664856014,48.859259641984863],[2.394953286333206,48.859308169316137],[2.394931662433269,48.859409685976395],[2.394913014953596,48.859489633394695],[2.394900487554132,48.859512053675303]],[[2.394900487554132,48.859512053675303],[2.394868482324303,48.859568550569158],[2.394803547468944,48.859643767165622],[2.394650110349651,48.85982825612669],[2.394548323446084,48.859907782872256],[2.394450583224232,48.859990927382405],[2.394264088268138,48.86020492688781],[2.394189234708872,48.86031246930807],[2.394102124792501,48.860419050274849],[2.394071941279811,48.860435984992755],[2.394028191045473,48.860447454941209],[2.394027615761936,48.860496915961761],[2.393995514838099,48.860561506192902],[2.393946891050145,48.860640402242574],[2.394199563384173,48.860713629107096]]]}},
{"type":"Feature","properties":{"ID":"VOIE_NOM0000002338861134","ID_BAN":null,"name":"Chemin D'Ornano","INSEE_COM":"75120","NOM_COM":"Paris 20e Arrondissement","SRC_BAN":null,"NOM_COLL":"CHE D'ORNANO","TYPE_VOIE":"chemin","MOT_DIR":"ORNANO","LD_BAN":null,"ID_SUPP":"TRONROUT0000000000190047","INSEEDBAN":null,"COMDEL_BAN":null,"DATE_CREAT":"2023-12-08T13:42:59","DATE_MAJ":"2024-03-12T16:10:18","NOM_NORMA":"CHE D'ORNANO","ID_BAN_ODO":null,"Nom_a_verifier":true,"other_tags":"nan"},"geometry":{"type":"MultiLineString","coordinates":[[[2.390722875497704,48.86231030095162],[2.390519346359372,48.862114107137188],[2.390437193099443,48.862029150453516],[2.390351119529211,48.861929784240658],[2.390269135231968,48.861830438789852],[2.390241059937002,48.86178352988388],[2.390207806449457,48.861713211651406],[2.390165128007959,48.861632952597532]]]}},
{"type":"Feature","properties":{"ID":"VOIE_NOM0000002338861136","ID_BAN":null,"name":"Chemin Du Dragon","INSEE_COM":"75120","NOM_COM":"Paris 20e Arrondissement","SRC_BAN":null,"NOM_COLL":"CHE DU DRAGON","TYPE_VOIE":"chemin","MOT_DIR":"DRAGON","LD_BAN":null,"ID_SUPP":"TRONROUT0000000000191790/TRONROUT0000000216627768/TRONROUT0000000356824797/TRONROUT0000000356847456/TRONROUT0000002341410519","INSEEDBAN":null,"COMDEL_BAN":null,"DATE_CREAT":"2023-12-08T13:42:59","DATE_MAJ":"2024-03-17T19:26:33","NOM_NORMA":"CHE DU DRAGON","ID_BAN_ODO":null,"Nom_a_verifier":true,"other_tags":"nan"},"geometry":{"type":"MultiLineString","coordinates":[[[2.39622690555612,48.858787585685391],[2.396179214382504,48.858786445708212],[2.396135549381092,48.858790722101475],[2.396091821830068,48.858800394235722],[2.395982289155924,48.858843010003056],[2.395871236983847,48.858899108178917],[2.395780701182689,48.858949014424532],[2.395681883450316,48.859007872230109],[2.39553782863222,48.859088985092228]],[[2.39553782863222,48.859088985092228],[2.39536657773085,48.85916456429895],[2.395321330253855,48.859187718648869],[2.395285560506055,48.859216316946032],[2.395073933599563,48.859482352840303],[2.395032367236033,48.859540600136526]],[[2.394199563384173,48.860713629107096],[2.394146986848713,48.860780813745123]],[[2.395032367236033,48.859540600136526],[2.394982466591016,48.859612295453026],[2.394608176026969,48.860152707390597],[2.394418484869252,48.860407161428789],[2.394324309615064,48.860535291053537]],[[2.394324309615064,48.860535291053537],[2.394225930023487,48.860673292094397],[2.394199563384173,48.860713629107096]]]}},
{"type":"Feature","properties":{"ID":"VOIE_NOM0000002338861137","ID_BAN":null,"name":"Chemin Du Pere Eternel","INSEE_COM":"75120","NOM_COM":"Paris 20e Arrondissement","SRC_BAN":null,"NOM_COLL":"CHE DU PERE ETERNEL","TYPE_VOIE":"chemin","MOT_DIR":"ETERNEL","LD_BAN":null,"ID_SUPP":"TRONROUT0000000216627750","INSEEDBAN":null,"COMDEL_BAN":null,"DATE_CREAT":"2023-12-08T13:42:59","DATE_MAJ":"2024-03-12T16:10:18","NOM_NORMA":"CHE DU PERE ETERNEL","ID_BAN_ODO":null,"Nom_a_verifier":true,"other_tags":"nan"},"geometry":{"type":"MultiLineString","coordinates":[[[2.391464049329123,48.860472216069994],[2.391565852545361,48.860391792697136],[2.391660662228323,48.86032662254037],[2.391785687333677,48.860241820294533],[2.391882100830875,48.860155973179801],[2.391973051772338,48.860070997572862]]]}},
{"type":"Feature","properties":{"ID":"VOIE_NOM0000002338861138","ID_BAN":null,"name":"Chemin Du Quinconce","INSEE_COM":"75120","NOM_COM":"Paris 20e Arrondissement","SRC_BAN":null,"NOM_COLL":"CHE DU QUINCONCE","TYPE_VOIE":"chemin","MOT_DIR":"QUINCONCE","LD_BAN":null,"ID_SUPP":"TRONROUT0000000216627743/TRONROUT0000002341410526/TRONROUT0000002341410533","INSEEDBAN":null,"COMDEL_BAN":null,"DATE_CREAT":"2023-12-08T13:42:59","DATE_MAJ":"2024-03-17T19:26:33","NOM_NORMA":"CHE DU QUINCONCE","ID_BAN_ODO":null,"Nom_a_verifier":true,"other_tags":"nan"},"geometry":{"type":"MultiLineString","coordinates":[[[2.394286730087556,48.862360768020572],[2.394624411057465,48.861922697991979]],[[2.395099098531862,48.861306350116969],[2.395194584040983,48.861182723313853]],[[2.394624411057465,48.861922697991979],[2.395099098531862,48.861306350116969]]]}},
{"type":"Feature","properties":{"ID":"VOIE_NOM0000002338861139","ID_BAN":null,"name":"Chemin Du Tertre","INSEE_COM":"75120","NOM_COM":"Paris 20e Arrondissement","SRC_BAN":null,"NOM_COLL":"CHE DU TERTRE","TYPE_VOIE":"chemin","MOT_DIR":"TERTRE","LD_BAN":null,"ID_SUPP":"TRONROUT0000000216627735/TRONROUT0000000356847463/TRONROUT0000000356847466","INSEEDBAN":null,"COMDEL_BAN":null,"DATE_CREAT":"2023-12-08T13:42:59","DATE_MAJ":"2024-03-12T16:10:18","NOM_NORMA":"CHE DU TERTRE","ID_BAN_ODO":null,"Nom_a_verifier":true,"other_tags":"nan"},"geometry":{"type":"MultiLineString","coordinates":[[[2.393609355550905,48.863057026165954],[2.393526360316499,48.863160929301102]],[[2.393037750732074,48.863214211463259],[2.392989069772569,48.863180688903086],[2.392959418711357,48.863151759559237],[2.392927272194728,48.863103032020391],[2.392906029849626,48.863054359785018],[2.392890973183233,48.8629427649607],[2.392857348565538,48.862903922660855],[2.392764359559484,48.862812617291624]],[[2.393526360316499,48.863160929301102],[2.393468726225346,48.863193912881449],[2.393427615813176,48.863212590709502],[2.39338512141021,48.863233060192329],[2.393323565649998,48.863251634350817],[2.393270313643697,48.863259458470623],[2.393215782396106,48.863260081344436],[2.393131411381717,48.863247962095521],[2.39308249984586,48.863234223931748],[2.393037750732074,48.863214211463259]]]}},
{"type":"Feature","properties":{"ID":"VOIE_NOM0000002338861140","ID_BAN":null,"name":"Chemin Errazu","INSEE_COM":"75120","NOM_COM":"Paris 20e Arrondissement","SRC_BAN":null,"NOM_COLL":"CHE ERRAZU","TYPE_VOIE":"chemin","MOT_DIR":"ERRAZU","LD_BAN":null,"ID_SUPP":"TRONROUT0000000000190045","INSEEDBAN":null,"COMDEL_BAN":null,"DATE_CREAT":"2023-12-08T13:42:59","DATE_MAJ":"2024-03-12T16:10:18","NOM_NORMA":"CHE ERRAZU","ID_BAN_ODO":null,"Nom_a_verifier":true,"other_tags":"nan"},"geometry":{"type":"MultiLineString","coordinates":[[[2.39116915103868,48.863079711452563],[2.391166060409891,48.862994258200139],[2.391151908064657,48.862922238803712],[2.391114941972297,48.862819525684827],[2.391072355827602,48.862731173431889],[2.391024338839677,48.862640994835722],[2.390963949883476,48.862559746679793],[2.390806466273086,48.862388969329693],[2.390722875497704,48.86231030095162]]]}},
{"type":"Feature","properties":{"ID":"VOIE_NOM0000002338861141","ID_BAN":null,"name":"Chemin Georges Hainl","INSEE_COM":"75120","NOM_COM":"Paris 20e Arrondissement","SRC_BAN":null,"NOM_COLL":"CHE GEORGES HAINL","TYPE_VOIE":"chemin","MOT_DIR":"HAINL","LD_BAN":null,"ID_SUPP":"TRONROUT0000000216627738","INSEEDBAN":null,"COMDEL_BAN":null,"DATE_CREAT":"2023-12-08T13:42:59","DATE_MAJ":"2024-03-12T16:10:18","NOM_NORMA":"CHE GEORGES HAINL","ID_BAN_ODO":null,"Nom_a_verifier":true,"other_tags":"nan"},"geometry":{"type":"MultiLineString","coordinates":[[[2.391534939779638,48.862688559077682],[2.392240848448558,48.86293676716307]]]}},
{"type":"Feature","properties":{"ID":"VOIE_NOM0000002338861142","ID_BAN":null,"name":"Chemin Gosselin","INSEE_COM":"75120","NOM_COM":"Paris 20e Arrondissement","SRC_BAN":null,"NOM_COLL":"CHE GOSSELIN","TYPE_VOIE":"chemin","MOT_DIR":"GOSSELIN","LD_BAN":null,"ID_SUPP":"TRONROUT0000000216627731","INSEEDBAN":null,"COMDEL_BAN":null,"DATE_CREAT":"2023-12-08T13:42:59","DATE_MAJ":"2024-03-12T16:10:18","NOM_NORMA":"CHE GOSSELIN","ID_BAN_ODO":null,"Nom_a_verifier":true,"other_tags":"nan"},"geometry":{"type":"MultiLineString","coordinates":[[[2.390097184110014,48.861731534147431],[2.388486700086038,48.861443619789995]]]}},
{"type":"Feature","properties":{"ID":"VOIE_NOM0000002338861143","ID_BAN":null,"name":"Chemin Laplace","INSEE_COM":"75120","NOM_COM":"Paris 20e Arrondissement","SRC_BAN":null,"NOM_COLL":"CHE LAPLACE","TYPE_VOIE":"chemin","MOT_DIR":"LAPLACE","LD_BAN":null,"ID_SUPP":"TRONROUT0000000216627773/TRONROUT0000000356824806","INSEEDBAN":null,"COMDEL_BAN":null,"DATE_CREAT":"2023-12-08T13:42:59","DATE_MAJ":"2024-03-12T16:10:18","NOM_NORMA":"CHE LAPLACE","ID_BAN_ODO":null,"Nom_a_verifier":true,"other_tags":"nan"},"geometry":{"type":"MultiLineString","coordinates":[[[2.394827899633202,48.861067552299431],[2.394801423874366,48.860999967632345],[2.39479273977296,48.860926177525421],[2.394764629551242,48.860881967515532],[2.394769992954076,48.860772274685353],[2.394799074641826,48.860732850625624],[2.394819002124003,48.860660104536755]],[[2.394932461288202,48.861101356725818],[2.394827899633202,48.861067552299431]]]}},
{"type":"Feature","properties":{"ID":"VOIE_NOM0000002338861144","ID_BAN":null,"name":"Chemin Lauriston","INSEE_COM":"75120","NOM_COM":"Paris 20e Arrondissement","SRC_BAN":null,"NOM_COLL":"CHE LAURISTON","TYPE_VOIE":"chemin","MOT_DIR":"LAURISTON","LD_BAN":null,"ID_SUPP":"TRONROUT0000000000191797/TRONROUT0000000216627761","INSEEDBAN":null,"COMDEL_BAN":null,"DATE_CREAT":"2023-12-08T13:42:59","DATE_MAJ":"2024-03-12T16:10:18","NOM_NORMA":"CHE LAURISTON","ID_BAN_ODO":null,"Nom_a_verifier":true,"other_tags":"nan"},"geometry":{"type":"MultiLineString","coordinates":[[[2.393883151865855,48.85955816792368],[2.393771431460426,48.85943708977711],[2.393698671026844,48.859364773547867],[2.393658275397079,48.859322299652675],[2.393627514437468,48.859271780454804],[2.393615876196165,48.859217760765446]],[[2.393883151865855,48.85955816792368],[2.39389094231181,48.859591483145998],[2.393906470925442,48.859662610045802],[2.393919451571308,48.859718435171729],[2.393963162414865,48.859827477265441]]]}},
{"type":"Feature","properties":{"ID":"VOIE_NOM0000002338861145","ID_BAN":null,"name":"Chemin Lesseps","INSEE_COM":"75120","NOM_COM":"Paris 20e Arrondissement","SRC_BAN":null,"NOM_COLL":"CHE LESSEPS","TYPE_VOIE":"chemin","MOT_DIR":"LESSEPS","LD_BAN":null,"ID_SUPP":"TRONROUT0000000216627747/TRONROUT0000000356824792","INSEEDBAN":null,"COMDEL_BAN":null,"DATE_CREAT":"2023-12-08T13:42:59","DATE_MAJ":"2024-03-12T16:10:18","NOM_NORMA":"CHE LESSEPS","ID_BAN_ODO":null,"Nom_a_verifier":true,"other_tags":"nan"},"geometry":{"type":"MultiLineString","coordinates":[[[2.394605933775429,48.858820766109133],[2.394711002709129,48.858810505457029]],[[2.394605933775429,48.858820766109133],[2.39443779495002,48.858863083967648],[2.394259801851011,48.858932332073813],[2.394124047971121,48.859002693122363],[2.394074627687613,48.859033020642777],[2.394026444742923,48.85907414655248],[2.393986501949147,48.859109918098881],[2.39394500789314,48.859161869990594],[2.393918505803866,48.859213897796259],[2.393901554527952,48.85926507462208],[2.393888482730028,48.859334257996345],[2.39388094626775,48.859396274640467],[2.393883151865855,48.85955816792368]]]}},
{"type":"Feature","properties":{"ID":"VOIE_NOM0000002338861146","ID_BAN":null,"name":"Chemin Luzarraga","INSEE_COM":"75120","NOM_COM":"Paris 20e Arrondissement","SRC_BAN":null,"NOM_COLL":"CHE LUZARRAGA","TYPE_VOIE":"chemin","MOT_DIR":"LUZARRAGA","LD_BAN":null,"ID_SUPP":"TRONROUT0000000000190057","INSEEDBAN":null,"COMDEL_BAN":null,"DATE_CREAT":"2023-12-08T13:42:59","DATE_MAJ":"2024-03-12T16:10:18","NOM_NORMA":"CHE LUZARRAGA","ID_BAN_ODO":null,"Nom_a_verifier":true,"other_tags":"nan"},"geometry":{"type":"MultiLineString","coordinates":[[[2.389872468132638,48.862180959752784],[2.388277502791596,48.861847255353503]]]}},
{"type":"Feature","properties":{"ID":"VOIE_NOM0000002338861147","ID_BAN":null,"name":"Chemin Maison","INSEE_COM":"75120","NOM_COM":"Paris 20e Arrondissement","SRC_BAN":null,"NOM_COLL":"CHE MAISON","TYPE_VOIE":"chemin","MOT_DIR":"MAISON","LD_BAN":null,"ID_SUPP":"TRONROUT0000000216627763","INSEEDBAN":null,"COMDEL_BAN":null,"DATE_CREAT":"2023-12-08T13:42:59","DATE_MAJ":"2024-03-12T16:10:18","NOM_NORMA":"CHE MAISON","ID_BAN_ODO":null,"Nom_a_verifier":true,"other_tags":"nan"},"geometry":{"type":"MultiLineString","coordinates":[[[2.392652243918493,48.859217370693337],[2.392774455449625,48.859256662735916],[2.392879116930976,48.859281476090175],[2.39299892774517,48.859292876016177],[2.393254023358656,48.859274384082227],[2.393476597281417,48.859239538562662],[2.393615876196165,48.859217760765446]]]}},
{"type":"Feature","properties":{"ID":"VOIE_NOM0000002338861148","ID_BAN":null,"name":"Chemin Marjolin","INSEE_COM":"75120","NOM_COM":"Paris 20e Arrondissement","SRC_BAN":null,"NOM_COLL":"CHE MARJOLIN","TYPE_VOIE":"chemin","MOT_DIR":"MARJOLIN","LD_BAN":null,"ID_SUPP":"TRONROUT0000000356874176","INSEEDBAN":null,"COMDEL_BAN":null,"DATE_CREAT":"2023-12-08T13:42:59","DATE_MAJ":"2024-03-12T16:10:18","NOM_NORMA":"CHE MARJOLIN","ID_BAN_ODO":null,"Nom_a_verifier":true,"other_tags":"nan"},"geometry":{"type":"MultiLineString","coordinates":[[[2.392627438901147,48.859240627778817],[2.39232754598987,48.859126687128629]]]}},
{"type":"Feature","properties":{"ID":"VOIE_NOM0000002338861149","ID_BAN":null,"name":"Chemin Mehul","INSEE_COM":"75120","NOM_COM":"Paris 20e Arrondissement","SRC_BAN":null,"NOM_COLL":"CHE MEHUL","TYPE_VOIE":"chemin","MOT_DIR":"MEHUL","LD_BAN":null,"ID_SUPP":"TRONROUT0000000216627753/TRONROUT0000000216627756/TRONROUT0000000216627758","INSEEDBAN":null,"COMDEL_BAN":null,"DATE_CREAT":"2023-12-08T13:42:59","DATE_MAJ":"2024-03-12T16:10:18","NOM_NORMA":"CHE MEHUL","ID_BAN_ODO":null,"Nom_a_verifier":true,"other_tags":"nan"},"geometry":{"type":"MultiLineString","coordinates":[[[2.392955156138302,48.860710021266044],[2.393010648632196,48.860626663734344],[2.393049470281583,48.860453287190403],[2.393117972597085,48.860306142119612],[2.393142012033659,48.860231618434618],[2.393148039910272,48.86018218505253],[2.393138152474743,48.860094898487063],[2.393124134368769,48.860011188345041],[2.393082941472118,48.859920145620514],[2.393049444379671,48.859870511768506],[2.393000703673026,48.859842384862212],[2.392904396724846,48.859802325153396]],[[2.392786649914585,48.859730679506299],[2.392653261189321,48.859597798888721],[2.392584716661062,48.859514711240742],[2.39258225293002,48.859492215106371],[2.392596102305547,48.859473399153714]],[[2.392904396724846,48.859802325153396],[2.392839321983186,48.859772316623939],[2.392786649914585,48.859730679506299]]]}},
{"type":"Feature","properties":{"ID":"VOIE_NOM0000002338861150","ID_BAN":null,"name":"Chemin Moliere Et La Fontaine","INSEE_COM":"75120","NOM_COM":"Paris 20e Arrondissement","SRC_BAN":null,"NOM_COLL":"CHE MOLIERE ET LA FONTAINE","TYPE_VOIE":"chemin","MOT_DIR":"FONTAINE","LD_BAN":null,"ID_SUPP":"TRONROUT0000000216627771/TRONROUT0000000216627772/TRONROUT0000002341410531","INSEEDBAN":null,"COMDEL_BAN":null,"DATE_CREAT":"2023-12-08T13:42:59","DATE_MAJ":"2024-03-17T19:26:33","NOM_NORMA":"CHE MOLIERE ET LA FONTAINE","ID_BAN_ODO":null,"Nom_a_verifier":true,"other_tags":"nan"},"geometry":{"type":"MultiLineString","coordinates":[[[2.394146986848713,48.860780813745123],[2.394211328043942,48.860756857174096],[2.394417228178328,48.860749805181712],[2.39447862381316,48.860744719785387],[2.394549612364864,48.860735186170977],[2.394679479540971,48.860702567402626],[2.394819002124003,48.860660104536755]],[[2.395283249586054,48.860354875651041],[2.395312226277433,48.860324444366924],[2.395393840055662,48.860221432133173],[2.395410863227296,48.860163960098561],[2.395423943647387,48.860093877318036],[2.395430866787272,48.859967104721505],[2.395441607369515,48.859863734355883]],[[2.394819002124003,48.860660104536755],[2.39489438225067,48.860624511949041],[2.394960242513717,48.86058707249466],[2.395230800077194,48.860411269289692],[2.395283249586054,48.860354875651041]]]}},
{"type":"Feature","properties":{"ID":"VOIE_NOM0000002338861151","ID_BAN":null,"name":"Chemin Serre","INSEE_COM":"75120","NOM_COM":"Paris 20e Arrondissement","SRC_BAN":null,"NOM_COLL":"CHE SERRE","TYPE_VOIE":"chemin","MOT_DIR":"SERRE","LD_BAN":null,"ID_SUPP":"TRONROUT0000000000191800/TRONROUT0000000000191801/TRONROUT0000000216627762/TRONROUT0000000216627764/TRONROUT0000000356814452/TRONROUT0000000356874175/TRONROUT0000000356874177","INSEEDBAN":null,"COMDEL_BAN":null,"DATE_CREAT":"2023-12-08T13:42:59","DATE_MAJ":"2024-03-12T16:10:18","NOM_NORMA":"CHE SERRE","ID_BAN_ODO":null,"Nom_a_verifier":true,"other_tags":"nan"},"geometry":{"type":"MultiLineString","coordinates":[[[2.394891099649616,48.85820795526152],[2.394810835533526,48.858194958522994],[2.394695063269184,48.858188077547396],[2.394496039986747,48.858190668049119],[2.394382868109553,48.858194592081823],[2.394287382383049,48.858201303568954]],[[2.394287382383049,48.858201303568954],[2.394163108687801,48.858222258774731],[2.393978606308843,48.858265392503675],[2.393860958464569,48.858302569179244],[2.393770547339086,48.858341682415023]],[[2.393770547339086,48.858341682415023],[2.393654084148355,48.858394153769204],[2.393548534338393,48.858445780970634],[2.39329755405825,48.858579410663822]],[[2.392435864994823,48.859422222398187],[2.392627438901147,48.859240627778817]],[[2.392627438901147,48.859240627778817],[2.392652243918493,48.859217370693337]],[[2.393171099184771,48.858670502753689],[2.39329755405825,48.858579410663822]],[[2.392652243918493,48.859217370693337],[2.392933799002987,48.858916619243963],[2.393077332557149,48.85876355918716],[2.393121511061838,48.858715218571788],[2.393171099184771,48.858670502753689]]]}},
{"type":"Feature","properties":{"ID":"VOIE_NOM0000002338861152","ID_BAN":null,"name":"Chemin Suchet Et Massena","INSEE_COM":"75120","NOM_COM":"Paris 20e Arrondissement","SRC_BAN":null,"NOM_COLL":"CHE SUCHET ET MASSENA","TYPE_VOIE":"chemin","MOT_DIR":"MASSENA","LD_BAN":null,"ID_SUPP":"TRONROUT0000000000191791/TRONROUT0000000356824795","INSEEDBAN":null,"COMDEL_BAN":null,"DATE_CREAT":"2023-12-08T13:42:59","DATE_MAJ":"2024-03-12T16:10:18","NOM_NORMA":"CHE SUCHET ET MASSENA","ID_BAN_ODO":null,"Nom_a_verifier":true,"other_tags":"nan"},"geometry":{"type":"MultiLineString","coordinates":[[[2.396613343638062,48.858961309761206],[2.396582267567358,48.858937770089369],[2.396457557285273,48.85887868373549],[2.396332763929351,48.858826791591085],[2.39622690555612,48.858787585685391]],[[2.397052863710309,48.859495037982214],[2.397029382303377,48.859404085843728],[2.397015004262394,48.859350952049276],[2.396980401086452,48.859278830092165],[2.396933396461233,48.859218337108885],[2.396891729085164,48.859167763797892],[2.396841853088719,48.859119847131737],[2.39673373648835,48.859040159775589],[2.396613343638062,48.858961309761206]]]}},
{"type":"Feature","properties":{"ID":"VOIE_NOM0000002338861153","ID_BAN":null,"name":"Chemin Talma","INSEE_COM":"75120","NOM_COM":"Paris 20e Arrondissement","SRC_BAN":null,"NOM_COLL":"CHE TALMA","TYPE_VOIE":"chemin","MOT_DIR":"TALMA","LD_BAN":null,"ID_SUPP":"TRONROUT0000000216627755/TRONROUT0000000356847451","INSEEDBAN":null,"COMDEL_BAN":null,"DATE_CREAT":"2023-12-08T13:42:59","DATE_MAJ":"2024-03-12T16:10:18","NOM_NORMA":"CHE TALMA","ID_BAN_ODO":null,"Nom_a_verifier":true,"other_tags":"nan"},"geometry":{"type":"MultiLineString","coordinates":[[[2.392399165897897,48.860699105576714],[2.39250912462028,48.860737436266156],[2.39259077600176,48.860748642854645],[2.39287289691739,48.860750973802432],[2.392955156138302,48.860710021266044]],[[2.392955156138302,48.860710021266044],[2.393088201696523,48.860755663280948]]]}},
{"type":"Feature","properties":{"ID":"VOIE_NOM0000002338861154","ID_BAN":null,"name":"Cité Bisson","INSEE_COM":"75120","NOM_COM":"Paris 20e Arrondissement","SRC_BAN":null,"NOM_COLL":"CITE BISSON","TYPE_VOIE":"cité","MOT_DIR":"BISSON","LD_BAN":null,"ID_SUPP":"TRONROUT0000000230209283","INSEEDBAN":null,"COMDEL_BAN":null,"DATE_CREAT":"2023-12-08T13:42:59","DATE_MAJ":"2024-06-17T16:42:27","NOM_NORMA":"CITE BISSON","ID_BAN_ODO":null,"Nom_a_verifier":true,"other_tags":"nan"},"geometry":{"type":"MultiLineString","coordinates":[[[2.380418441598132,48.870183287097994],[2.380617922905473,48.870260763204854],[2.38080789445567,48.870335491764251],[2.380882485821137,48.870368253753711],[2.380898331224367,48.870411503905025],[2.380888307806383,48.870451922239553],[2.380801271311254,48.870548600445801],[2.380788852771701,48.870561126923796],[2.380717025064147,48.870639896995222]]]}},
{"type":"Feature","properties":{"ID":"VOIE_NOM0000002338861155","ID_BAN":null,"name":"Passage Des Pruniers","INSEE_COM":"75120","NOM_COM":"Paris 20e Arrondissement","SRC_BAN":null,"NOM_COLL":"PAS DES PRUNIERS","TYPE_VOIE":"passage","MOT_DIR":"PRUNIERS","LD_BAN":null,"ID_SUPP":"TRONROUT0000000000188968","INSEEDBAN":null,"COMDEL_BAN":null,"DATE_CREAT":"2023-12-08T13:42:59","DATE_MAJ":"2024-03-12T16:10:18","NOM_NORMA":"PAS DES PRUNIERS","ID_BAN_ODO":null,"Nom_a_verifier":true,"other_tags":"nan"},"geometry":{"type":"MultiLineString","coordinates":[[[2.391177786298323,48.865140146860021],[2.391015479625462,48.86503140020875],[2.390891391954991,48.864918351136033],[2.390898943289548,48.864855435701799]]]}},
{"type":"Feature","properties":{"ID":"VOIE_NOM0000002338861156","ID_BAN":null,"name":"Passage Thomas Sankara","INSEE_COM":"75120","NOM_COM":"Paris 20e Arrondissement","SRC_BAN":null,"NOM_COLL":"PAS THOMAS SANKARA","TYPE_VOIE":"passage","MOT_DIR":"SANKARA","LD_BAN":null,"ID_SUPP":"TRONROUT0000000356814434","INSEEDBAN":null,"COMDEL_BAN":null,"DATE_CREAT":"2023-12-08T13:42:59","DATE_MAJ":"2024-03-12T16:10:18","NOM_NORMA":"PAS THOMAS SANKARA","ID_BAN_ODO":null,"Nom_a_verifier":true,"other_tags":"nan"},"geometry":{"type":"MultiLineString","coordinates":[[[2.387687375583551,48.864044029922425],[2.387873435680866,48.864102539586739],[2.387994355413253,48.864136433639501],[2.388105839632288,48.864161285909617]]]}},
{"type":"Feature","properties":{"ID":"VOIE_NOM0000002338861157","ID_BAN":null,"name":"Rue Des Vallees","INSEE_COM":"75120","NOM_COM":"Paris 20e Arrondissement","SRC_BAN":null,"NOM_COLL":"R DES VALLEES","TYPE_VOIE":"rue","MOT_DIR":"VALLEES","LD_BAN":null,"ID_SUPP":"TRONROUT0000000000196628","INSEEDBAN":null,"COMDEL_BAN":null,"DATE_CREAT":"2023-12-08T13:42:59","DATE_MAJ":"2024-03-12T16:10:18","NOM_NORMA":"R DES VALLEES","ID_BAN_ODO":null,"Nom_a_verifier":true,"other_tags":"nan"},"geometry":{"type":"MultiLineString","coordinates":[[[2.416082541956762,48.8472584436266],[2.41601705635359,48.847265318822345]]]}},
{"type":"Feature","properties":{"ID":"VOIE_NOM0000002338861158","ID_BAN":null,"name":"Rue Des Villegranges","INSEE_COM":"75120","NOM_COM":"Paris 20e Arrondissement","SRC_BAN":null,"NOM_COLL":"R DES VILLEGRANGES","TYPE_VOIE":"rue","MOT_DIR":"VILLEGRANGES","LD_BAN":null,"ID_SUPP":"TRONROUT0000000000184442","INSEEDBAN":null,"COMDEL_BAN":null,"DATE_CREAT":"2023-12-08T13:42:59","DATE_MAJ":"2024-03-12T16:10:18","NOM_NORMA":"R DES VILLEGRANGES","ID_BAN_ODO":null,"Nom_a_verifier":true,"other_tags":"nan"},"geometry":{"type":"MultiLineString","coordinates":[[[2.413057780507624,48.874083618610101],[2.413134074935039,48.874088489335293],[2.413149061161166,48.874089462137746]]]}},
{"type":"Feature","properties":{"ID":"VOIE_NOM0000002338861159","ID_BAN":null,"name":"Rue Jules David","INSEE_COM":"75120","NOM_COM":"Paris 20e Arrondissement","SRC_BAN":null,"NOM_COLL":"R JULES DAVID","TYPE_VOIE":"rue","MOT_DIR":"DAVID","LD_BAN":null,"ID_SUPP":"TRONROUT0000000000183684","INSEEDBAN":null,"COMDEL_BAN":null,"DATE_CREAT":"2023-12-08T13:42:59","DATE_MAJ":"2024-03-12T16:10:18","NOM_NORMA":"R JULES DAVID","ID_BAN_ODO":null,"Nom_a_verifier":true,"other_tags":"nan"},"geometry":{"type":"MultiLineString","coordinates":[[[2.412768508056322,48.875192873810491],[2.412680063726497,48.875177151286195]]]}},
{"type":"Feature","properties":{"ID":"VOIE_NOM0000002338861161","ID_BAN":null,"name":"Rond-Point Casimir-Perier","INSEE_COM":"75120","NOM_COM":"Paris 20e Arrondissement","SRC_BAN":null,"NOM_COLL":"RPT CASIMIR-PERIER","TYPE_VOIE":"rond-point","MOT_DIR":"PERIER","LD_BAN":null,"ID_SUPP":"TRONROUT0000000000190986/TRONROUT0000000000190987/TRONROUT0000000000190989/TRONROUT0000000000190995","INSEEDBAN":null,"COMDEL_BAN":null,"DATE_CREAT":"2023-12-08T13:42:59","DATE_MAJ":"2024-03-12T16:10:18","NOM_NORMA":"RPT CASIMIR-PERIER","ID_BAN_ODO":null,"Nom_a_verifier":true,"other_tags":"nan"},"geometry":{"type":"MultiLineString","coordinates":[[[2.393783666429524,48.859908408493617],[2.393741582978198,48.859893805787088],[2.393708966811625,48.859885546443742],[2.393661295619921,48.859882606880774],[2.393621770619627,48.859882406610787],[2.39357947788829,48.859885789681528],[2.393545341802874,48.859891012762745],[2.393509811373644,48.859898926801975]],[[2.393877355853755,48.860056375585913],[2.393874922925723,48.860031181614261],[2.393861774850155,48.859989745165883],[2.393840365496087,48.859955461626747],[2.393809363328836,48.859925626213986],[2.393783666429524,48.859908408493617]],[[2.393528404537379,48.860175119836555],[2.39348904681876,48.860160530859019],[2.393451146286406,48.860137855152871],[2.39342690656808,48.860112550643514],[2.393412176017135,48.86008999236298],[2.393404302039731,48.860063871456966],[2.39340320086401,48.860041382259183],[2.39340352544614,48.860013504219921],[2.393411954338551,48.859991962672446],[2.393424524374012,48.859965945390819],[2.393443856711148,48.859944459106337],[2.393468682637632,48.85991940328303],[2.393509811373644,48.859898926801975]],[[2.393528404537379,48.860175119836555],[2.393582848813776,48.860181691150451],[2.393631883213656,48.860184637649851],[2.393682332886154,48.860183094577131],[2.393732855808811,48.860175256442666],[2.393764297577068,48.86016732162588],[2.393797175519401,48.860153098664242],[2.393828816062848,48.860128077291179],[2.393853641891693,48.86010302139217],[2.393867553744771,48.860078809553237],[2.393877355853755,48.860056375585913]]]}},
{"type":"Feature","properties":{"ID":"VOIE_NOM0000002338861162","ID_BAN":null,"name":"Rond-Point Des Travailleurs Municipaux","INSEE_COM":"75120","NOM_COM":"Paris 20e Arrondissement","SRC_BAN":null,"NOM_COLL":"RPT DES TRAVAILLEURS MUNICIPAUX","TYPE_VOIE":"rond-point","MOT_DIR":"MUNICIPAUX","LD_BAN":null,"ID_SUPP":"TRONROUT0000000000190018/TRONROUT0000000000190019/TRONROUT0000000000190020/TRONROUT0000000000190023","INSEEDBAN":null,"COMDEL_BAN":null,"DATE_CREAT":"2023-12-08T13:42:59","DATE_MAJ":"2024-03-12T16:10:18","NOM_NORMA":"RPT DES TRAVAILLEURS MUNICIPAUX","ID_BAN_ODO":null,"Nom_a_verifier":true,"other_tags":"nan"},"geometry":{"type":"MultiLineString","coordinates":[[[2.39296945955396,48.862640984021262],[2.392744427774427,48.862651533844975],[2.392688376904585,48.862665638903685]],[[2.392688376904585,48.862665638903685],[2.392671811188904,48.862683541689705],[2.392671559583534,48.862705124634381],[2.392687569692247,48.862734884184235]],[[2.39296945955396,48.862640984021262],[2.392764359559484,48.862812617291624]],[[2.392687569692247,48.862734884184235],[2.392709031844529,48.86276467139713],[2.39273191992368,48.862789069785869],[2.392764359559484,48.862812617291624]]]}},
{"type":"Feature","properties":{"ID":"VOIE_NOM0000002338861163","ID_BAN":null,"name":"Sentier Des Ecuyers","INSEE_COM":"75120","NOM_COM":"Paris 20e Arrondissement","SRC_BAN":null,"NOM_COLL":"SEN DES ECUYERS","TYPE_VOIE":"sentier","MOT_DIR":"ECUYERS","LD_BAN":null,"ID_SUPP":"TRONROUT0000000000193426","INSEEDBAN":null,"COMDEL_BAN":null,"DATE_CREAT":"2023-12-08T13:42:59","DATE_MAJ":"2024-06-17T16:42:27","NOM_NORMA":"SEN DES ECUYERS","ID_BAN_ODO":null,"Nom_a_verifier":true,"other_tags":"nan"},"geometry":{"type":"MultiLineString","coordinates":[[[2.406764056260628,48.854842692768308],[2.40698271541895,48.854550589243757],[2.407191709850554,48.854269229551655],[2.407253976398398,48.854186797988234]]]}},
{"type":"Feature","properties":{"ID":"VOIE_NOM0000002338861164","ID_BAN":null,"name":"Villa Henry Chevreau","INSEE_COM":"75120","NOM_COM":"Paris 20e Arrondissement","SRC_BAN":null,"NOM_COLL":"VLA HENRY CHEVREAU","TYPE_VOIE":"villa","MOT_DIR":"CHEVREAU","LD_BAN":null,"ID_SUPP":"TRONROUT0000000000186188","INSEEDBAN":null,"COMDEL_BAN":null,"DATE_CREAT":"2023-12-08T13:42:59","DATE_MAJ":"2024-06-17T16:42:27","NOM_NORMA":"VLA HENRY CHEVREAU","ID_BAN_ODO":null,"Nom_a_verifier":true,"other_tags":"nan"},"geometry":{"type":"MultiLineString","coordinates":[[[2.389201433571749,48.870237422016579],[2.389290178727532,48.870226183469249],[2.389890935225832,48.870148306849579],[2.389880619494218,48.870097891408541],[2.390093594246096,48.870071996712063]]]}},
{"type":"Feature","properties":{"ID":"VOIE_NOM0000002341329243","ID_BAN":null,"name":"Passage De La Station De Ménilmontant","INSEE_COM":"75120","NOM_COM":"Paris 20e Arrondissement","SRC_BAN":null,"NOM_COLL":"Passage de la Station de Ménilmontant","TYPE_VOIE":"passage","MOT_DIR":"Ménilmontant","LD_BAN":null,"ID_SUPP":"TRONROUT0000002206616016","INSEEDBAN":null,"COMDEL_BAN":null,"DATE_CREAT":"2024-02-06T08:55:06","DATE_MAJ":"2024-12-16T22:01:03","NOM_NORMA":"PAS DE LA STATION DE MENILMONTANT","ID_BAN_ODO":null,"Nom_a_verifier":true,"other_tags":"nan"},"geometry":{"type":"MultiLineString","coordinates":[[[2.388693265493667,48.869511760764901],[2.388949431274961,48.869174018569183],[2.389119337412942,48.868984226259826],[2.389246351605225,48.868848175097639],[2.389155451913978,48.868810838373314]]]}},
{"type":"Feature","properties":{"ID":"VOIE_NOM0000002341416842","ID_BAN":null,"name":"Avenue Ibsen","INSEE_COM":"75120","NOM_COM":"Paris 20e Arrondissement","SRC_BAN":null,"NOM_COLL":"AVENUE IBSEN","TYPE_VOIE":"avenue","MOT_DIR":"IBSEN","LD_BAN":null,"ID_SUPP":"TRONROUT0000000000187823","INSEEDBAN":null,"COMDEL_BAN":null,"DATE_CREAT":"2024-02-14T08:42:50","DATE_MAJ":"2024-03-17T19:26:33","NOM_NORMA":"AV IBSEN","ID_BAN_ODO":null,"Nom_a_verifier":true,"other_tags":"nan"},"geometry":{"type":"MultiLineString","coordinates":[[[2.413727619500277,48.867142241577156],[2.413730065562659,48.867046024480985],[2.413739387933189,48.866944445034896],[2.413724012248061,48.866857133998231]]]}},
{"type":"Feature","properties":{"ID":"VOIE_NOM0000002341416843","ID_BAN":null,"name":"Jardin  Des Cendriers (Dit Des Amandiers)","INSEE_COM":"75120","NOM_COM":"Paris 20e Arrondissement","SRC_BAN":null,"NOM_COLL":"JARDIN  DES CENDRIERS (DIT DES AMANDIERS)","TYPE_VOIE":"jardin","MOT_DIR":"AMANDIERS)","LD_BAN":null,"ID_SUPP":"TRONROUT0000000000187951","INSEEDBAN":null,"COMDEL_BAN":null,"DATE_CREAT":"2024-02-14T08:42:50","DATE_MAJ":"2024-03-17T19:26:33","NOM_NORMA":"JARD DES CENDRIERS (DIT DES AMANDIERS)","ID_BAN_ODO":null,"Nom_a_verifier":true,"other_tags":"nan"},"geometry":{"type":"MultiLineString","coordinates":[[[2.387505264951606,48.865736557605054],[2.387568917553028,48.86577195761695],[2.387657232624502,48.865796691691237],[2.387823275365296,48.865819125274861],[2.387975898692191,48.865823503196935],[2.388158404312668,48.865837027094202],[2.388327215808014,48.865855876768798],[2.38841537301669,48.865894099577609],[2.388610338349934,48.866007513221085],[2.388828804191692,48.866093166994617],[2.388975490823651,48.866138882965444]]]}},
{"type":"Feature","properties":{"ID":"VOIE_NOM0000002341416844","ID_BAN":null,"name":"Porte Des Lilas - Peripherique Interieur","INSEE_COM":"75120","NOM_COM":"Paris 20e Arrondissement","SRC_BAN":null,"NOM_COLL":"PORTE DES LILAS - PERIPHERIQUE INTERIEUR","TYPE_VOIE":"porte","MOT_DIR":"INTERIEUR","LD_BAN":null,"ID_SUPP":"TRONROUT0000000082259721/TRONROUT0000002334476263","INSEEDBAN":null,"COMDEL_BAN":null,"DATE_CREAT":"2024-02-14T08:42:50","DATE_MAJ":"2024-03-17T19:26:33","NOM_NORMA":"PTE DES LILAS - PERIPHERIQUE INTERIEUR","ID_BAN_ODO":null,"Nom_a_verifier":true,"other_tags":"nan"},"geometry":{"type":"MultiLineString","coordinates":[[[2.409269081979228,48.876355577576525],[2.409391587036315,48.876133148175292],[2.409527938671284,48.875891900971446],[2.409616599926335,48.875768230670005],[2.409718873832692,48.875646426077026],[2.409808693753813,48.875540747936277],[2.409905330011156,48.875435103320889],[2.410187199010794,48.875105538711431],[2.410318913713405,48.87503244247668]],[[2.408352325136258,48.877602017606762],[2.408559959580587,48.877327848877407],[2.408708149632944,48.877125332488177],[2.408775812966661,48.877050123004132],[2.408828223734814,48.87699732139513],[2.408913794362707,48.876906012324014],[2.408985710519775,48.876816434433465],[2.409166091520739,48.876540331275208],[2.409269081979228,48.876355577576525]]]}},
{"type":"Feature","properties":{"ID":"VOIE_NOM0000002341416845","ID_BAN":null,"name":"Passage Des Haies","INSEE_COM":"75120","NOM_COM":"Paris 20e Arrondissement","SRC_BAN":null,"NOM_COLL":"PASSAGE DES HAIES","TYPE_VOIE":"passage","MOT_DIR":"HAIES","LD_BAN":null,"ID_SUPP":"TRONROUT0000000256753393/TRONROUT0000002341410557","INSEEDBAN":null,"COMDEL_BAN":null,"DATE_CREAT":"2024-02-14T08:42:50","DATE_MAJ":"2024-06-17T16:42:27","NOM_NORMA":"PAS DES HAIES","ID_BAN_ODO":null,"Nom_a_verifier":true,"other_tags":"nan"},"geometry":{"type":"MultiLineString","coordinates":[[[2.401643780772662,48.854006885109335],[2.401993714280645,48.853678573432845],[2.40203091155583,48.853643684715905]],[[2.401445195686046,48.854210044060586],[2.401643780772662,48.854006885109335]]]}},
{"type":"Feature","properties":{"ID":"VOIE_NOM0000002341416846","ID_BAN":null,"name":"Square Paganini","INSEE_COM":"75120","NOM_COM":"Paris 20e Arrondissement","SRC_BAN":null,"NOM_COLL":"SQUARE PAGANINI","TYPE_VOIE":"square","MOT_DIR":"PAGANINI","LD_BAN":null,"ID_SUPP":"TRONROUT0000002336249853","INSEEDBAN":null,"COMDEL_BAN":null,"DATE_CREAT":"2024-02-14T08:42:50","DATE_MAJ":"2024-03-17T19:26:33","NOM_NORMA":"SQ PAGANINI","ID_BAN_ODO":null,"Nom_a_verifier":true,"other_tags":"nan"},"geometry":{"type":"MultiLineString","coordinates":[[[2.411457665746832,48.851838663407861],[2.411543662185082,48.851343544567783]]]}},
{"type":"Feature","properties":{"ID":"VOIE_NOM0000002341416847","ID_BAN":null,"name":"Cité Georges Et Blanche A Boisselat","INSEE_COM":"75120","NOM_COM":"Paris 20e Arrondissement","SRC_BAN":null,"NOM_COLL":"CITE GEORGES ET BLANCHE A BOISSELAT","TYPE_VOIE":"cité","MOT_DIR":"BOISSELAT","LD_BAN":null,"ID_SUPP":"TRONROUT0000002341410591","INSEEDBAN":null,"COMDEL_BAN":null,"DATE_CREAT":"2024-02-14T08:42:50","DATE_MAJ":"2024-03-17T19:26:33","NOM_NORMA":"CITE GEORGES ET BLANCHE A BOISSELAT","ID_BAN_ODO":null,"Nom_a_verifier":true,"other_tags":"nan"},"geometry":{"type":"MultiLineString","coordinates":[[[2.408874543623537,48.853815289926743],[2.409378848556661,48.853931098125337]]]}},
{"type":"Feature","properties":{"ID":"VOIE_NOM0000002487680769","ID_BAN":null,"name":"Allée Maria Doriath","INSEE_COM":"75120","NOM_COM":"Paris 20e Arrondissement","SRC_BAN":null,"NOM_COLL":"Allée Maria Doriath","TYPE_VOIE":"allée","MOT_DIR":"Doriath","LD_BAN":null,"ID_SUPP":"TRONROUT0000000356378808","INSEEDBAN":null,"COMDEL_BAN":null,"DATE_CREAT":"2024-12-16T22:01:03","DATE_MAJ":null,"NOM_NORMA":"ALL MARIA DORIATH","ID_BAN_ODO":null,"Nom_a_verifier":true,"other_tags":"nan"},"geometry":{"type":"MultiLineString","coordinates":[[[2.397073526561104,48.852998256433061],[2.398384883223034,48.851318574718483]]]}},
{"type":"Feature","properties":{"ID":"VOIE_NOM0000002492558490","ID_BAN":"75120_1zslwv","name":"Voie Cd/20","INSEE_COM":"75120","NOM_COM":"Paris 20e Arrondissement","SRC_BAN":"commune","NOM_COLL":"Voie Cd/20","TYPE_VOIE":"voie","MOT_DIR":"Cd/20","LD_BAN":null,"ID_SUPP":"TRONROUT0000002492542373","INSEEDBAN":null,"COMDEL_BAN":null,"DATE_CREAT":"2025-09-09T00:21:25","DATE_MAJ":null,"NOM_NORMA":"VOI CD/20","ID_BAN_ODO":null,"Nom_a_verifier":false,"other_tags":"nan"},"geometry":{"type":"MultiLineString","coordinates":[[[2.40404376844691,48.863658938366321],[2.404503772016096,48.863484057980109]]]}},
{"type":"Feature","properties":{"ID":"VOIE_NOM0000002492558491","ID_BAN":"75120_dr6pbp","name":"Voie Ca/20","INSEE_COM":"75120","NOM_COM":"Paris 20e Arrondissement","SRC_BAN":"commune","NOM_COLL":"Voie Ca/20","TYPE_VOIE":"voie","MOT_DIR":"Ca/20","LD_BAN":null,"ID_SUPP":"TRONROUT0000000202267782","INSEEDBAN":null,"COMDEL_BAN":null,"DATE_CREAT":"2025-09-09T00:21:25","DATE_MAJ":null,"NOM_NORMA":"VOI CA/20","ID_BAN_ODO":null,"Nom_a_verifier":false,"other_tags":"nan"},"geometry":{"type":"MultiLineString","coordinates":[[[2.392650742033958,48.86881693412905],[2.39271591183802,48.868839748241001],[2.392820403865335,48.868880748550126],[2.393158407511095,48.869004772611369],[2.393405457178417,48.869095958638169]]]}}
]
}
