{
"type": "FeatureCollection",
"name": "rues_paris_boies_de_vincennes",
"crs": { "type": "name", "properties": { "name": "urn:ogc:def:crs:OGC:1.3:CRS84" } },
"features": [
{"type":"Feature","properties":{"ID":"VOIE_NOM0000002338636751","ID_BAN":"75112_3156","name":"Place Edouard Renard","INSEE_COM":"75112","NOM_COM":"Paris 12e Arrondissement","SRC_BAN":"commune","NOM_COLL":"PL EDOUARD RENARD","TYPE_VOIE":"place","MOT_DIR":"Renard","LD_BAN":null,"ID_SUPP":"TRONROUT0000000000202521/TRONROUT0000000000202526/TRONROUT0000000000202541/TRONROUT0000000000202559/TRONROUT0000002005939204/TRONROUT0000002005939205","INSEEDBAN":null,"COMDEL_BAN":null,"DATE_CREAT":"2023-12-08T13:42:59","DATE_MAJ":"2024-03-12T16:10:18","NOM_NORMA":"PL EDOUARD RENARD","ID_BAN_ODO":null,"Nom_a_verifier":false,"other_tags":"nan"},"geometry":{"type":"MultiLineString","coordinates":[[[2.40797114671643,48.834847900307473],[2.408021479523805,48.834854444973253],[2.408066250892927,48.834870855095872],[2.408125772502685,48.834908023556395],[2.408170135527091,48.834960406163837]],[[2.406932690030943,48.835596422421666],[2.40714875135224,48.835525544458292]],[[2.408247442897414,48.835110982368469],[2.408218299615031,48.835037989737927],[2.408199646262303,48.835001023541089],[2.408170135527091,48.834960406163837]],[[2.406899990811869,48.835237414303023],[2.407090177474065,48.835165508761833],[2.407339177027423,48.835073208981143],[2.407556751227487,48.834988847302604],[2.40776468658887,48.834913431137231],[2.407867235577939,48.834880662395385],[2.40797114671643,48.834847900307473]],[[2.406592073342996,48.83535909987183],[2.406899990811869,48.835237414303023]],[[2.40714875135224,48.835525544458292],[2.40735662809645,48.835455524914195],[2.40758650537483,48.835367626707203],[2.407829994557642,48.835280694809335],[2.407992770919813,48.835223041950108],[2.408100881854062,48.835180407545195],[2.408180272291359,48.83514752393782],[2.408247442897414,48.835110982368469]]]}},
{"type":"Feature","properties":{"ID":"VOIE_NOM0000002338648580","ID_BAN":"75112_9dj8my","name":"Place du Cardinal Lavigerie","INSEE_COM":"75112","NOM_COM":"Paris 12e Arrondissement","SRC_BAN":"commune","NOM_COLL":"PL DU CARDINAL LAVIGERIE","TYPE_VOIE":"place","MOT_DIR":"Lavigerie","LD_BAN":null,"ID_SUPP":"TRONROUT0000000000203416/TRONROUT0000000338524287","INSEEDBAN":null,"COMDEL_BAN":null,"DATE_CREAT":"2023-12-08T13:42:59","DATE_MAJ":"2024-03-12T16:10:18","NOM_NORMA":"PL DU CARDINAL LAVIGERIE","ID_BAN_ODO":null,"Nom_a_verifier":false,"other_tags":"nan"},"geometry":{"type":"MultiLineString","coordinates":[[[2.402346049408614,48.833297301015712],[2.402579320023388,48.833150970464011],[2.402781021076573,48.83302516722452],[2.402999273865647,48.832881458938907],[2.403282023460115,48.832696701210637],[2.403472792440186,48.832573540326976],[2.403766570113427,48.832377144662438],[2.403894202061208,48.832295039166425]],[[2.402270579830035,48.833344590250682],[2.402346049408614,48.833297301015712]]]}},
{"type":"Feature","properties":{"ID":"VOIE_NOM0000002338657292","ID_BAN":null,"name":"Avenue De Joinville","INSEE_COM":"75112","NOM_COM":"Paris 12e Arrondissement","SRC_BAN":null,"NOM_COLL":"AV DE JOINVILLE","TYPE_VOIE":"avenue","MOT_DIR":"JOINVILLE","LD_BAN":null,"ID_SUPP":"TRONROUT0000000000205336/TRONROUT0000000000205337/TRONROUT0000000217444748/TRONROUT0000000217444751","INSEEDBAN":null,"COMDEL_BAN":null,"DATE_CREAT":"2023-12-08T13:42:59","DATE_MAJ":"2024-12-16T22:01:03","NOM_NORMA":"AV DE JOINVILLE","ID_BAN_ODO":null,"Nom_a_verifier":true,"other_tags":"nan"},"geometry":{"type":"MultiLineString","coordinates":[[[2.464598001665879,48.82721747998626],[2.464662615319994,48.827292416550684],[2.464732806787169,48.827354786927714],[2.464870539888169,48.8274723207684]],[[2.464492557559454,48.827271869156355],[2.464630336075707,48.827384906663575],[2.464777483654476,48.827514174498546]],[[2.464870539888169,48.8274723207684],[2.464971773905715,48.827562710205399]],[[2.464777483654476,48.827514174498546],[2.464857117912068,48.827585580697324]]]}},
{"type":"Feature","properties":{"ID":"VOIE_NOM0000002338658634","ID_BAN":null,"name":"Rue Maurice Gredat","INSEE_COM":"75112","NOM_COM":"Paris 12e Arrondissement","SRC_BAN":null,"NOM_COLL":"R MAURICE GREDAT","TYPE_VOIE":"rue","MOT_DIR":"GREDAT","LD_BAN":null,"ID_SUPP":"TRONROUT0000000004410948","INSEEDBAN":null,"COMDEL_BAN":null,"DATE_CREAT":"2023-12-08T13:42:59","DATE_MAJ":"2024-03-12T16:10:18","NOM_NORMA":"R MAURICE GREDAT","ID_BAN_ODO":null,"Nom_a_verifier":true,"other_tags":"nan"},"geometry":{"type":"MultiLineString","coordinates":[[[2.434144075250625,48.819215861610871],[2.434353594907106,48.819361652154797]]]}},
{"type":"Feature","properties":{"ID":"VOIE_NOM0000002338739618","ID_BAN":"75112_5788","name":"Square Louis Gentil","INSEE_COM":"75112","NOM_COM":"Paris 12e Arrondissement","SRC_BAN":"commune","NOM_COLL":"SQ LOUIS GENTIL","TYPE_VOIE":"square","MOT_DIR":"Gentil","LD_BAN":null,"ID_SUPP":"TRONROUT0000000000203397/TRONROUT0000000000203399/TRONROUT0000000338524290","INSEEDBAN":null,"COMDEL_BAN":null,"DATE_CREAT":"2023-12-08T13:42:59","DATE_MAJ":"2024-03-12T16:10:18","NOM_NORMA":"SQ LOUIS GENTIL","ID_BAN_ODO":null,"Nom_a_verifier":false,"other_tags":"nan"},"geometry":{"type":"MultiLineString","coordinates":[[[2.404198245365234,48.833464830091899],[2.404149420536529,48.833445700199981],[2.404008364377953,48.833391035496625]],[[2.405326136086252,48.833713271725173],[2.405091206095029,48.833647349174839],[2.404962203296248,48.833610732864813],[2.404354003349953,48.833425134441903],[2.40429955483036,48.833421265812682],[2.404258615668222,48.833427357464501],[2.404225726601803,48.833444281583276],[2.404198245365234,48.833464830091899]],[[2.404198245365234,48.833464830091899],[2.404195284467635,48.833485500741233],[2.404193654973751,48.833508876117754],[2.404202964541301,48.833528708524533],[2.404227258798971,48.833548615571267],[2.404314113551232,48.833577827853702],[2.404805541602236,48.833729568917668],[2.40496718724967,48.833770844614975],[2.405204903712954,48.833831385067796]]]}},
{"type":"Feature","properties":{"ID":"VOIE_NOM0000002338739746","ID_BAN":"75112_jq4c2d","name":"Avenue du Tremblay","INSEE_COM":"75112","NOM_COM":"Paris 12e Arrondissement","SRC_BAN":"commune","NOM_COLL":"AV DU TREMBLAY","TYPE_VOIE":"avenue","MOT_DIR":"Tremblay","LD_BAN":null,"ID_SUPP":"TRONROUT0000000000199083/TRONROUT0000000000199834/TRONROUT0000000000200778/TRONROUT0000000000201614/TRONROUT0000000000202378/TRONROUT0000000000203190/TRONROUT0000000000204657/TRONROUT0000000000205345/TRONROUT0000000000205346/TRONROUT0000000000205353/TRON","INSEEDBAN":null,"COMDEL_BAN":null,"DATE_CREAT":"2023-12-08T13:42:59","DATE_MAJ":"2024-03-12T16:10:18","NOM_NORMA":"AV DU TREMBLAY","ID_BAN_ODO":null,"Nom_a_verifier":false,"other_tags":"nan"},"geometry":{"type":"MultiLineString","coordinates":[[[2.464901757025183,48.825359850020781],[2.46493036376268,48.82522687173752],[2.46494891007148,48.825145112334368],[2.464970318815184,48.825049875224849],[2.464994580733037,48.824942059729779],[2.465013385227486,48.824835119172555],[2.465032291150389,48.824718286016918],[2.465052854283154,48.824572680505426],[2.465065822927828,48.824503487230992],[2.465087240421293,48.824407350719952],[2.465104230426264,48.82434447099191],[2.465122665434857,48.824273503413245]],[[2.465034867583037,48.825396420221324],[2.465070487174639,48.825243687212222],[2.465089042496563,48.825161028462965],[2.465137528940341,48.824948994733759],[2.465156167082123,48.824858242019907],[2.465187330885421,48.82474146366576],[2.465222608277411,48.824622005585816],[2.465240895636577,48.824565427223767]],[[2.464279064642414,48.827368943797872],[2.464382367076342,48.827257885218557]],[[2.461074140613974,48.829851179827841],[2.461525382709371,48.829553724288139],[2.461643400307388,48.829469715408294],[2.461744941823513,48.829398223349088],[2.462422820237065,48.828918313867845],[2.463155930263538,48.828364900452485],[2.463496492946465,48.828098418077033],[2.463773960708556,48.827873921945567],[2.46396376178625,48.827696698573149]],[[2.457308936483147,48.832340677937879],[2.45870785027517,48.831436862866738],[2.459053475242967,48.831211787265701],[2.459958948838338,48.830595318976364],[2.461074140613974,48.829851179827841]],[[2.464153737198733,48.82750238772249],[2.464279064642414,48.827368943797872]],[[2.46396376178625,48.827696698573149],[2.464153737198733,48.82750238772249]],[[2.464708029842279,48.826318606918548],[2.464901757025183,48.825359850020781]],[[2.465034867583037,48.825396420221324],[2.464836973438787,48.826363252939416]],[[2.464547692543365,48.827076054392762],[2.464577016682527,48.82700603518245],[2.464595453349886,48.826935067853285],[2.464665621198484,48.826601717330895],[2.464694635511878,48.826429168972048],[2.464703491201864,48.82636265553456],[2.464708029842279,48.826318606918548]],[[2.464836973438787,48.826363252939416],[2.46483551906048,48.826372240090222],[2.464816778269448,48.82647288520144],[2.464790820840311,48.82661307009667],[2.464724573810912,48.826962626812907],[2.46470342238112,48.827032682642738],[2.464670058320115,48.827098186971135],[2.464629966868918,48.827155566883199]],[[2.454935540221642,48.834062954416154],[2.454982289716357,48.834021796863794]],[[2.454807655160917,48.83417659034648],[2.454935540221642,48.834062954416154]],[[2.45315947447118,48.835841875764785],[2.453122267517303,48.835882176822068],[2.45293600536127,48.836105265493934],[2.452750943424241,48.836343648430251],[2.452580893750163,48.836579401666164],[2.452399707658722,48.836837587597635],[2.452049468333024,48.837365705718177],[2.451952534214791,48.837514555066477]],[[2.451819516188132,48.837726194007757],[2.451952534214791,48.837514555066477]],[[2.449137686848923,48.84177716588885],[2.449140053835217,48.841939959988323],[2.449149841515775,48.842045229544908]],[[2.449137686848923,48.84177716588885],[2.448964592919578,48.842039879612855],[2.44890927896213,48.842245576986834]],[[2.450544496357883,48.839644968348551],[2.450789537467111,48.839276458118164],[2.451009663732922,48.838944706570594],[2.451247810610924,48.838583358416905],[2.451300423680483,48.838503556976981],[2.451636865360864,48.837993365418022],[2.451819516188132,48.837726194007757]],[[2.449137686848923,48.84177716588885],[2.450044752876991,48.840392734840115],[2.450281493731422,48.840036778689829],[2.450544496357883,48.839644968348551]],[[2.453446286196035,48.835514021140717],[2.453753556979027,48.835183561105474],[2.45405496971408,48.834891745939927],[2.454482997997905,48.834477295147934],[2.454807655160917,48.83417659034648]],[[2.45315947447118,48.835841875764785],[2.453225638891773,48.835768430776255],[2.453446286196035,48.835514021140717]],[[2.457196485385666,48.832412116585957],[2.457251348753055,48.832376391094151],[2.457308936483147,48.832340677937879]],[[2.454982289716357,48.834021796863794],[2.455165087386516,48.833867939654802],[2.455512556914363,48.83359971371484],[2.456393903102155,48.832953484590185],[2.456805506747497,48.832673854505082],[2.457089473504429,48.832484479176607],[2.457196485385666,48.832412116585957]]]}},
{"type":"Feature","properties":{"ID":"VOIE_NOM0000002338739772","ID_BAN":"75112_0831","name":"Avenue de la Belle Gabrielle","INSEE_COM":"75112","NOM_COM":"Paris 12e Arrondissement","SRC_BAN":"commune","NOM_COLL":"AV DE LA BELLE GABRIELLE","TYPE_VOIE":"avenue","MOT_DIR":"Gabrielle","LD_BAN":null,"ID_SUPP":"TRONROUT0000000000201559/TRONROUT0000000000202347/TRONROUT0000000000203960/TRONROUT0000000000204650/TRONROUT0000000000205340/TRONROUT0000000004406700/TRONROUT0000000004406956/TRONROUT0000000100998996/TRONROUT0000000101030664/TRONROUT0000000217444753/TRON","INSEEDBAN":null,"COMDEL_BAN":null,"DATE_CREAT":"2023-12-08T13:42:59","DATE_MAJ":"2024-03-12T16:10:18","NOM_NORMA":"AV DE LA BELLE GABRIELLE","ID_BAN_ODO":null,"Nom_a_verifier":false,"other_tags":"nan"},"geometry":{"type":"MultiLineString","coordinates":[[[2.464870539888169,48.8274723207684],[2.464777483654476,48.827514174498546]],[[2.464777483654476,48.827514174498546],[2.464739169597176,48.827531090957585],[2.464706137683073,48.827564219616498],[2.464678581813685,48.827594674682636],[2.464661941154306,48.827623379872477]],[[2.464632015731461,48.828813105074708],[2.464607627050192,48.828535092395491],[2.464610827079943,48.828356133232241],[2.464637118493171,48.82791826041128],[2.464646704073336,48.827780700515582],[2.464651159771186,48.827744745868792],[2.464661941154306,48.827623379872477]],[[2.465037516514103,48.83044816331936],[2.465077154299844,48.830567955832514],[2.465144936633404,48.83073284230548],[2.465208909624013,48.830870730812684],[2.465272790705598,48.831017612477815],[2.465348867285402,48.831170844139933],[2.465426352616533,48.831319585217798],[2.465481400294531,48.83139807572848],[2.465505790718533,48.83141077579571],[2.46553293320731,48.831420790070567],[2.4655614010233,48.831434407708485],[2.465581612699126,48.831456082704804]],[[2.464670118369935,48.829082185427659],[2.464649617136646,48.828956182727367],[2.464632015731461,48.828813105074708]],[[2.464670118369935,48.829082185427659],[2.464679062295358,48.829139784739979],[2.464702177139617,48.829276591475256],[2.464738811968145,48.829423351696882],[2.464771526757094,48.829553905803643],[2.464805613092892,48.829683566659867],[2.464899058013574,48.83000235932937],[2.464947851837452,48.830159066778918],[2.465004468244835,48.830349984961167],[2.465028230500576,48.830423838992054],[2.465037516514103,48.83044816331936]],[[2.469841147530554,48.836168797192784],[2.469834017515896,48.835798230172315],[2.469787974771501,48.835503036634691],[2.469724350790882,48.835195174038844],[2.469623817709189,48.83489973868658],[2.469609262628322,48.834857404285998],[2.469537639367605,48.834666422595326],[2.469510961185397,48.834610544023526],[2.469496296446822,48.834579001418795],[2.469482994004041,48.834547464853614],[2.469488708542684,48.834521408788675],[2.469499917944531,48.834490880299008],[2.469496032469829,48.834471077166853]],[[2.469851066867315,48.836399076694931],[2.469835303782603,48.836475452212312],[2.469803238423912,48.83654725867639]],[[2.46318597737142,48.842247538763154],[2.463519810699625,48.84211413332973],[2.463741475493356,48.842023393152104],[2.464181057444528,48.84180861868591],[2.464478376103009,48.841648066381538],[2.46490324180869,48.841406242722762],[2.465258517101661,48.841173999356464],[2.465410865260515,48.841065858438846],[2.465504258746295,48.840993428084303],[2.465699348660685,48.840836013271918],[2.465876734920338,48.840677619724602]],[[2.469803238423912,48.83654725867639],[2.469661828529987,48.836787659536604],[2.469573293706516,48.836919472464807],[2.469472533957363,48.837047633665804],[2.469235747548336,48.837288510228184],[2.468992403699485,48.837504175183824],[2.468911255037571,48.83757936087482],[2.468835619729405,48.837648275493272],[2.468673394608693,48.837791452057239],[2.468546929395536,48.837901511085683],[2.468075517268972,48.838303226659505],[2.468023306407836,48.838346163566321],[2.467913269660948,48.838448200739016],[2.467786608412481,48.838577144514829],[2.467621248579605,48.838759877265112],[2.467319402317011,48.839099389275745]],[[2.467319402317011,48.839099389275745],[2.467189700650502,48.839258896902017],[2.466928748572963,48.83959589187598],[2.466639265157901,48.839924664791035],[2.466436743355435,48.84014320421101],[2.466164109594404,48.840422586498953],[2.466073332363315,48.840505821327937],[2.465876734920338,48.840677619724602]],[[2.466569253346512,48.832520838634885],[2.466519228374958,48.832483741720516],[2.466273218864985,48.832295577093056],[2.466051795461354,48.832101226153952],[2.465822578289197,48.831869966137461],[2.465627464284061,48.831634361191036],[2.465575149755092,48.83155498361721],[2.465568633789725,48.831526174926807],[2.465577074349572,48.831500131152133],[2.465584180362069,48.831471383327909],[2.465581612699126,48.831456082704804]],[[2.469496032469829,48.834471077166853],[2.469471685406374,48.834453881355707],[2.469443242380142,48.834437566729811],[2.469409341118772,48.834422127243151],[2.469397245421389,48.834405885121775],[2.469324827037553,48.834293143947029],[2.469197169521043,48.834119900511595],[2.469012572659205,48.833919423361422],[2.46889120610101,48.833797470961557],[2.468756135072831,48.833683551792042],[2.468618156780551,48.833587606736415],[2.468485472111639,48.833506974153721],[2.468248335054884,48.833382707804695],[2.468095144387775,48.833309178482118],[2.467962286840511,48.833245632366506],[2.467882336739519,48.833203906135097],[2.467760304190909,48.833147602827758],[2.467651793278927,48.833101252538611],[2.467329087259265,48.832952320688058],[2.467127134516121,48.832851592095608],[2.466938823254062,48.832749125226925],[2.466569253346512,48.832520838634885]]]}},
{"type":"Feature","properties":{"ID":"VOIE_NOM0000002338739829","ID_BAN":"75112_7652","name":"Avenue de la Porte de Charenton","INSEE_COM":"75112","NOM_COM":"Paris 12e Arrondissement","SRC_BAN":"commune","NOM_COLL":"AV DE LA PORTE DE CHARENTON","TYPE_VOIE":"avenue","MOT_DIR":"Charenton","LD_BAN":null,"ID_SUPP":"TRONROUT0000000000204116/TRONROUT0000000000204120/TRONROUT0000000000204130/TRONROUT0000000000204134/TRONROUT0000000000204836/TRONROUT0000000230033127/TRONROUT0000000247129251/TRONROUT0000000338524308","INSEEDBAN":null,"COMDEL_BAN":null,"DATE_CREAT":"2023-12-08T13:42:59","DATE_MAJ":"2024-03-12T16:10:18","NOM_NORMA":"AV DE LA PORTE DE CHARENTON","ID_BAN_ODO":null,"Nom_a_verifier":false,"other_tags":"nan"},"geometry":{"type":"MultiLineString","coordinates":[[[2.401508451268692,48.829361979081213],[2.40136430155122,48.829459288818271]],[[2.40136430155122,48.829459288818271],[2.401277701981099,48.829527207331942]],[[2.400993693330716,48.829703860171989],[2.401066362188753,48.829662853163285],[2.401184281154225,48.829595990995067],[2.40123643499127,48.829562076109902],[2.401277701981099,48.829527207331942]],[[2.397904275333556,48.831700232937436],[2.397806956958043,48.831751906275578],[2.39767121630122,48.83182766895191]],[[2.398056704319328,48.831594874865736],[2.398185684770127,48.831514580889916],[2.398442313427066,48.831351287706873],[2.39868662897548,48.831192428889395],[2.398911768854485,48.831042466862172],[2.399298545521378,48.830815071350223],[2.399375417750539,48.830764193461633]],[[2.398056704319328,48.831594874865736],[2.397904275333556,48.831700232937436]],[[2.39954291809911,48.830650814812785],[2.399663772714485,48.830565981562657],[2.399939741823458,48.830378499218163],[2.40033080244196,48.830133134410936],[2.400639582518193,48.829935022493913],[2.400993693330716,48.829703860171989]],[[2.39954291809911,48.830650814812785],[2.399375417750539,48.830764193461633]]]}},
{"type":"Feature","properties":{"ID":"VOIE_NOM0000002338739974","ID_BAN":"75112_pa81ne","name":"Route de la Pyramide","INSEE_COM":"75112","NOM_COM":"Paris 12e Arrondissement","SRC_BAN":"commune","NOM_COLL":"RTE DE LA PYRAMIDE","TYPE_VOIE":"route","MOT_DIR":"Pyramide","LD_BAN":null,"ID_SUPP":"TRONROUT0000000000199868/TRONROUT0000000000200828/TRONROUT0000000000201635/TRONROUT0000000000202426/TRONROUT0000000000203218/TRONROUT0000000000204676/TRONROUT0000000000205355/TRONROUT0000000000205356/TRONROUT0000000000205358/TRONROUT0000000000205360/TRON","INSEEDBAN":null,"COMDEL_BAN":null,"DATE_CREAT":"2023-12-08T13:42:59","DATE_MAJ":"2024-03-12T16:10:18","NOM_NORMA":"RTE DE LA PYRAMIDE","ID_BAN_ODO":null,"Nom_a_verifier":false,"other_tags":"nan"},"geometry":{"type":"MultiLineString","coordinates":[[[2.462410746362474,48.818992833993462],[2.462452056780199,48.818948950486373]],[[2.462329375910764,48.819091399046343],[2.462410746362474,48.818992833993462]],[[2.462072504774204,48.819435602498686],[2.462227187454189,48.819227644027933],[2.462329375910764,48.819091399046343]],[[2.461092448182748,48.820305378485649],[2.460683847123063,48.820569750098706],[2.460475273180343,48.820719903499544]],[[2.460475273180343,48.820719903499544],[2.460346247850558,48.820816453312617]],[[2.461417458403097,48.820090094374017],[2.461601262269578,48.819964110766733],[2.461668515137362,48.819914048768609],[2.461731849304642,48.819847780406349],[2.461788346005506,48.819784179345895],[2.462072504774204,48.819435602498686]],[[2.461417458403097,48.820090094374017],[2.461092448182748,48.820305378485649]],[[2.457907313111985,48.823924435411335],[2.457881257459836,48.823941405294029],[2.457844408658539,48.823948433186452],[2.457811683255862,48.823951882289286],[2.457780385317891,48.823949042276837],[2.457754610207446,48.82393903235188]],[[2.457689870323732,48.823877581722371],[2.457687398894623,48.823853287565711],[2.457697157374903,48.823831746976197],[2.457713679058466,48.823814733897883]],[[2.457875952985804,48.823796582925425],[2.457953169072318,48.823706096730731],[2.45801658735674,48.823632635949821],[2.458200162044339,48.823399631952171],[2.45848448593079,48.823039373505054]],[[2.457713679058466,48.823814733897883],[2.457736992003351,48.823799550349868],[2.457771126075428,48.823791610812144],[2.457814747344674,48.823788211122],[2.457841987255971,48.823788334622904],[2.457875952985804,48.823796582925425]],[[2.457875952985804,48.823796582925425],[2.457900338001169,48.823809284629611],[2.457917856944121,48.823827351415375],[2.457933957801775,48.823850807980946],[2.457940524689143,48.82387422132787],[2.457932100249534,48.823898466088451],[2.457907313111985,48.823924435411335]],[[2.457754610207446,48.82393903235188],[2.457720728587808,48.823922690081886],[2.45769916110185,48.823901007435218],[2.457689870323732,48.823877581722371]],[[2.460346247850558,48.820816453312617],[2.460106068377385,48.820993444522593],[2.459993328906851,48.82109546369044],[2.459898368586551,48.821190368086476],[2.45964195571155,48.821487800613426],[2.459458347581061,48.821725303860248],[2.45929959791116,48.821929642501523],[2.458934845687278,48.822428941587219]],[[2.458934845687278,48.822428941587219],[2.458686135524963,48.822770475736462],[2.458673700398173,48.822787507461264],[2.45848448593079,48.823039373505054]],[[2.454659696875151,48.827093429978461],[2.454644507015807,48.827113146766074],[2.454623878222487,48.827131939382255],[2.454599191389764,48.827148015389682],[2.454567712942426,48.827162261684805],[2.454532204682851,48.827171093394938],[2.454487180645077,48.827178082956983],[2.454444956049794,48.827177890344053],[2.454401416429094,48.827173194886463],[2.454353875277586,48.827160386860946],[2.454326746567298,48.827149470688035]],[[2.454243342413721,48.827049260459788],[2.454246424315705,48.82701509860815],[2.454263145827007,48.826979200265946],[2.45429481251495,48.826946967582444],[2.454340043456364,48.826920192978044],[2.454387923209657,48.826900625371259]],[[2.454602877277003,48.826925888754012],[2.454725193236433,48.826822120024076]],[[2.454387923209657,48.826900625371259],[2.454465665083391,48.826891086999048],[2.454524187314165,48.826895850774626],[2.45456495551772,48.826905030381198],[2.454602877277003,48.826925888754012]],[[2.454602877277003,48.826925888754012],[2.45463131156069,48.826942207017993],[2.454647496567424,48.826957570050979],[2.454660853949016,48.826982813215913],[2.454666048274725,48.827007119789506],[2.454671195570702,48.827035922978737],[2.454668151573715,48.827066487547683],[2.454659696875151,48.827093429978461]],[[2.454326746567298,48.827149470688035],[2.454283376426234,48.827128587370332],[2.454259094294,48.827105992411148],[2.454247108570766,48.827079856096731],[2.454243342413721,48.827049260459788]],[[2.45767190800551,48.824033090996089],[2.457754610207446,48.82393903235188]],[[2.454725193236433,48.826822120024076],[2.455783575492355,48.825908687711241],[2.45614662795949,48.825577573489866],[2.456307562464018,48.825427211565582],[2.4570050938168,48.824760351961949],[2.457171621204441,48.824595624296435],[2.457341068132667,48.824412022898926],[2.457452673199355,48.824289315862671],[2.457614011608798,48.824099381671232],[2.45767190800551,48.824033090996089]],[[2.451233485344687,48.829461975124836],[2.451280148443573,48.829428912740291],[2.451509405022222,48.829260883825242],[2.451792142690946,48.82905892375063]],[[2.449043018325994,48.831140909809228],[2.449180424786144,48.831029122288712],[2.450018302054768,48.830374644021148],[2.450236641108719,48.830209265536546],[2.450855968821428,48.829738145918022],[2.450920491901689,48.829690775854665],[2.451233485344687,48.829461975124836]],[[2.445429881314692,48.8336154453837],[2.445373674995989,48.833648461144556],[2.445305045648265,48.833696708412383],[2.445270616083162,48.833731623836677],[2.445242969033401,48.833769268793176]],[[2.445242969033401,48.833769268793176],[2.445270166278595,48.83377389174224],[2.445302755130412,48.833783935858527],[2.445335257872001,48.833802073819811],[2.445362273336535,48.833823783772601],[2.445382439265773,48.833849059403661],[2.445394412532585,48.833876095765518]],[[2.449043018325994,48.831140909809228],[2.44838660222684,48.831637930080895],[2.448227340107403,48.831755011994964],[2.447933543006913,48.83196950331812],[2.447709740424532,48.83213485217756],[2.447335091470966,48.832393936728629],[2.44697964352435,48.832640517773214],[2.446433571816069,48.833005830773871]],[[2.446433571816069,48.833005830773871],[2.446129082134829,48.833199582679953],[2.445793201186003,48.833398584508842],[2.44559300302704,48.833520869266337],[2.445429881314692,48.8336154453837]],[[2.445381271919179,48.833958776080991],[2.445356521590065,48.833980245984279],[2.445327713165903,48.833998998979226],[2.445296218477992,48.834014142063779],[2.445262047101042,48.834024775919026],[2.445229314540502,48.834028221547641]],[[2.445229314540502,48.834028221547641],[2.445178853429851,48.834033383654649],[2.445136671179726,48.834028691171937],[2.445098604441589,48.834021319683565],[2.445068749576818,48.834010388837534],[2.445040324005662,48.833993169086092],[2.445020033715866,48.833979584520876],[2.445003868516276,48.833962421647449]],[[2.444543984983822,48.834291251801133],[2.444274583488306,48.834514840685756],[2.443349878880751,48.83524981533607],[2.443132907200848,48.835410690267643]],[[2.443132907200848,48.835410690267643],[2.442577970942097,48.835835301517605],[2.441631845624611,48.836530590592332]],[[2.444777639659754,48.83409807462855],[2.444897152562855,48.834005095770785],[2.444943708835372,48.833982827795815],[2.445003868516276,48.833962421647449]],[[2.444543984983822,48.834291251801133],[2.444777639659754,48.83409807462855]],[[2.444987030484762,48.833880501627178],[2.445000930736374,48.833854484645073],[2.445016193230467,48.833828473981654],[2.44504093405341,48.833807903462933],[2.445071066435447,48.833792754122534],[2.44510796220957,48.833782132959392],[2.445142104741315,48.833774197097185],[2.44519258474802,48.833767236370214],[2.445242969033401,48.833769268793176]],[[2.445003868516276,48.833962421647449],[2.444986475121335,48.833932662012799],[2.444982666028011,48.833906562856477],[2.444987030484762,48.833880501627178]],[[2.438705999962769,48.838627692279708],[2.439410298617523,48.838129153094023],[2.439790583949012,48.837860227769767],[2.440249185918639,48.837529611939196],[2.440843734619505,48.837098901628622]],[[2.437781725903535,48.839308662451664],[2.437807815180729,48.839289898557396],[2.438037139166602,48.839123695574216],[2.438705999962769,48.838627692279708]],[[2.436328900134304,48.84035677153161],[2.436234065914733,48.840432769968402],[2.436206457423667,48.840465916055273],[2.436159483020374,48.840525951560998]],[[2.436788908444872,48.840026176126123],[2.436328900134304,48.84035677153161]],[[2.437781725903535,48.839308662451664],[2.437696626554414,48.839366720701413]],[[2.437696626554414,48.839366720701413],[2.43712538121231,48.839779537247566],[2.436874087612341,48.839960924064663],[2.436788908444872,48.840026176126123]],[[2.441631845624611,48.836530590592332],[2.441246043396284,48.836807590464041]],[[2.441246043396284,48.836807590464041],[2.440843734619505,48.837098901628622]],[[2.45419206670852,48.827263075586522],[2.454326746567298,48.827149470688035]],[[2.451792142690946,48.82905892375063],[2.452021348727579,48.828895390406601],[2.452497605714826,48.828554913566862],[2.452693871084673,48.828414611570558],[2.453716855437848,48.827635941406214],[2.454117901997338,48.827321195872848],[2.45419206670852,48.827263075586522]]]}},
{"type":"Feature","properties":{"ID":"VOIE_NOM0000002338740024","ID_BAN":"75112_r573","name":"Route du Fort de Gravelle","INSEE_COM":"75112","NOM_COM":"Paris 12e Arrondissement","SRC_BAN":"commune","NOM_COLL":"RTE DU FORT DE GRAVELLE","TYPE_VOIE":"route","MOT_DIR":"Gravelle","LD_BAN":null,"ID_SUPP":"TRONROUT0000000000207457/TRONROUT0000000358476537","INSEEDBAN":null,"COMDEL_BAN":null,"DATE_CREAT":"2023-12-08T13:42:59","DATE_MAJ":"2024-03-12T16:10:18","NOM_NORMA":"RTE DU FORT DE GRAVELLE","ID_BAN_ODO":null,"Nom_a_verifier":false,"other_tags":"nan"},"geometry":{"type":"MultiLineString","coordinates":[[[2.453344937418833,48.820625462445435],[2.453931460219215,48.820021965898384],[2.454027800582657,48.819926173031924],[2.454068218286795,48.819838219120122]],[[2.452802360265179,48.821193182121803],[2.453344937418833,48.820625462445435]]]}},
{"type":"Feature","properties":{"ID":"VOIE_NOM0000002338740067","ID_BAN":"75112_8419","name":"Route Royale de Beauté","INSEE_COM":"75112","NOM_COM":"Paris 12e Arrondissement","SRC_BAN":"commune","NOM_COLL":"RTE ROYALE DE BEAUTE","TYPE_VOIE":"route","MOT_DIR":"Beauté","LD_BAN":null,"ID_SUPP":"TRONROUT0000000230033302/TRONROUT0000000356884992/TRONROUT0000000356884993/TRONROUT0000002202484443","INSEEDBAN":null,"COMDEL_BAN":null,"DATE_CREAT":"2023-12-08T13:42:59","DATE_MAJ":"2024-03-12T16:10:18","NOM_NORMA":"RTE ROYALE DE BEAUTE","ID_BAN_ODO":null,"Nom_a_verifier":false,"other_tags":"nan"},"geometry":{"type":"MultiLineString","coordinates":[[[2.444854266699078,48.833810634659535],[2.444793867671151,48.833853523661169],[2.444723971056223,48.833892771093446],[2.44465134981801,48.83393200583339],[2.444561095750772,48.833963963754705]],[[2.438177048348456,48.834739075644826],[2.438313479782688,48.834720829815225],[2.439942263331453,48.834521614381302],[2.441433213999975,48.834343317871515],[2.441595555269426,48.834322491212539],[2.443240680203635,48.834121508476478]],[[2.444561095750772,48.833963963754705],[2.444506499938604,48.833973603184567],[2.444430098356136,48.833984040666955],[2.444346885440013,48.833994446457986],[2.444256880361987,48.834003021909723],[2.444199588697012,48.834009950589468]],[[2.443240680203635,48.834121508476478],[2.444199588697012,48.834009950589468]]]}},
{"type":"Feature","properties":{"ID":"VOIE_NOM0000002338740102","ID_BAN":"75112_r574","name":"Route des Fortifications","INSEE_COM":"75112","NOM_COM":"Paris 12e Arrondissement","SRC_BAN":"commune","NOM_COLL":"RTE DES FORTIFICATIONS","TYPE_VOIE":"route","MOT_DIR":"Fortifications","LD_BAN":null,"ID_SUPP":"TRONROUT0000000000204105/TRONROUT0000000000204111/TRONROUT0000000230033141/TRONROUT0000000338524281/TRONROUT0000000356869363","INSEEDBAN":null,"COMDEL_BAN":null,"DATE_CREAT":"2023-12-08T13:42:59","DATE_MAJ":"2024-03-12T16:10:18","NOM_NORMA":"RTE DES FORTIFICATIONS","ID_BAN_ODO":null,"Nom_a_verifier":false,"other_tags":"nan"},"geometry":{"type":"MultiLineString","coordinates":[[[2.399534377353961,48.830800966350331],[2.399496329786743,48.830792681012987],[2.399375417750539,48.830764193461633]],[[2.401370056174056,48.83109346922226],[2.401274879207323,48.831077703557369],[2.400971702346649,48.831024921521163],[2.400382913920295,48.830932034336904],[2.399893328078961,48.830860327491699],[2.399769567067782,48.830842618459215],[2.399534377353961,48.830800966350331]],[[2.403534683679212,48.832045921063269],[2.403894202061208,48.832295039166425]],[[2.403194229209525,48.831797796302133],[2.403052310631162,48.831699956460348],[2.402898112247849,48.831603853867428],[2.402856131506113,48.831582059472574],[2.402823644933242,48.831563909934644],[2.402765431294113,48.831532141419231],[2.402621750136048,48.831469367544003],[2.402289457341104,48.831341795993609],[2.402045161320607,48.831262329934219],[2.40195693919747,48.831234008448021],[2.401789927310998,48.831186406127166],[2.401607880127649,48.831143225181634],[2.401370056174056,48.83109346922226]],[[2.403534683679212,48.832045921063269],[2.403327913355805,48.831900991083856],[2.403194229209525,48.831797796302133]]]}},
{"type":"Feature","properties":{"ID":"VOIE_NOM0000002338740209","ID_BAN":"75112_r571","name":"Route de la Ferme","INSEE_COM":"75112","NOM_COM":"Paris 12e Arrondissement","SRC_BAN":"commune","NOM_COLL":"RTE DE LA FERME","TYPE_VOIE":"route","MOT_DIR":"Ferme","LD_BAN":null,"ID_SUPP":"TRONROUT0000000000206086/TRONROUT0000000000206087/TRONROUT0000000000206623/TRONROUT0000000000206636/TRONROUT0000000000207020/TRONROUT0000000000207027/TRONROUT0000000000207467/TRONROUT0000000217444750/TRONROUT0000000238873780/TRONROUT0000000356660780/TRON","INSEEDBAN":null,"COMDEL_BAN":null,"DATE_CREAT":"2023-12-08T13:42:59","DATE_MAJ":"2024-04-22T21:16:23","NOM_NORMA":"RTE DE LA FERME","ID_BAN_ODO":null,"Nom_a_verifier":false,"other_tags":"nan"},"geometry":{"type":"MultiLineString","coordinates":[[[2.4643608378046,48.827099500500594],[2.464222737151804,48.827017938995795]],[[2.464222737151804,48.827017938995795],[2.463978921847253,48.826884639710286],[2.463950456928935,48.82687102164045],[2.463661907379439,48.826716835750169],[2.463630746247669,48.826700507412276]],[[2.463630746247669,48.826700507412276],[2.462961569568836,48.826339556614933],[2.462744835032465,48.826222564903667]],[[2.462744835032465,48.826222564903667],[2.462597121397153,48.826149052545901],[2.46245486567432,48.826074665165706]],[[2.46245486567432,48.826074665165706],[2.462378989320687,48.826035651329839],[2.462083620230521,48.825883229550172],[2.461159302585018,48.825433881802908],[2.46067925259719,48.825227561497414],[2.460578852915919,48.825189335246478],[2.4600293813544,48.824979101636337],[2.459924933813953,48.824937259076492]],[[2.45956138380906,48.824793516595626],[2.459333534026026,48.824698952436648],[2.459169494635012,48.824624462524078]],[[2.459924933813953,48.824937259076492],[2.45956138380906,48.824793516595626]],[[2.459169494635012,48.824624462524078],[2.459032630706167,48.824556390890386],[2.45881455972091,48.824438486383606]],[[2.45881455972091,48.824438486383606],[2.4586737134224,48.824360503253253],[2.458467902135679,48.824242653581877],[2.458360910823342,48.824183710101856],[2.458248537148099,48.824118446560895],[2.458140231068663,48.824055000076953],[2.45802645855224,48.823993327452264]],[[2.45802645855224,48.823993327452264],[2.457907313111985,48.823924435411335]],[[2.457591801094804,48.823746728505078],[2.457713679058466,48.823814733897883]],[[2.457525447007772,48.823709553405109],[2.457591801094804,48.823746728505078]],[[2.452876813293662,48.821236692609062],[2.453288368932887,48.821474210115255],[2.453477804906115,48.821592893624192],[2.453644154713458,48.821705175744434],[2.453960795666216,48.821902684809267],[2.454058224858645,48.821963387474526],[2.454245147554493,48.82206227208178],[2.454476827209469,48.822179347976075],[2.454823822820578,48.822340118952212],[2.455279204369987,48.822556244217274],[2.456347067617214,48.823075543141044],[2.456626116496816,48.823222509247088],[2.457037901564449,48.823441127576437],[2.457250581935142,48.823552715417414],[2.457525447007772,48.823709553405109]],[[2.451818054556736,48.820765069941395],[2.452314409236037,48.820967904179113]],[[2.452802360265179,48.821193182121803],[2.452876813293662,48.821236692609062]],[[2.452314409236037,48.820967904179113],[2.452528629632551,48.821060621016031],[2.452802360265179,48.821193182121803]],[[2.451818054556736,48.820765069941395],[2.451757014199675,48.82074140643757],[2.45141943959529,48.820593260665191],[2.451259358722393,48.820533167626223],[2.451141326972786,48.820489456073439],[2.451009695284401,48.820443883219497],[2.450700080457698,48.820357021009379],[2.450564240582663,48.820323120159294],[2.450399753518498,48.820293584345926],[2.450237971481576,48.820265859485239],[2.450116942347472,48.820248214910599],[2.449989056354561,48.820235035533379],[2.449831208594313,48.820221718167765],[2.449676027765836,48.820213809099542]]]}},
{"type":"Feature","properties":{"ID":"VOIE_NOM0000002338740277","ID_BAN":"75112_7597","name":"Boulevard Poniatowski","INSEE_COM":"75112","NOM_COM":"Paris 12e Arrondissement","SRC_BAN":"commune","NOM_COLL":"BD PONIATOWSKI","TYPE_VOIE":"boulevard","MOT_DIR":"Poniatowski","LD_BAN":null,"ID_SUPP":"TRONROUT0000000000202570/TRONROUT0000000000202578/TRONROUT0000000000203409/TRONROUT0000000000203413/TRONROUT0000000000203428/TRONROUT0000000000204122/TRONROUT0000000000204131/TRONROUT0000000000204132/TRONROUT0000000000204135/TRONROUT0000000000204141/TRON","INSEEDBAN":null,"COMDEL_BAN":null,"DATE_CREAT":"2023-12-08T13:42:59","DATE_MAJ":"2024-03-12T16:10:18","NOM_NORMA":"BD PONIATOWSKI","ID_BAN_ODO":null,"Nom_a_verifier":false,"other_tags":"nan"},"geometry":{"type":"MultiLineString","coordinates":[[[2.388344385052708,48.828518322452716],[2.388502886984623,48.828592881369666],[2.38864379789196,48.828657457073113],[2.388767149260631,48.828709351677681],[2.3888918419078,48.828763051745561],[2.389019259048381,48.828816765598305],[2.389164320783937,48.82887596565368],[2.389290418500347,48.828926074989887],[2.389400286854665,48.82896620826061],[2.389491148842066,48.829000848186382]],[[2.389491148842066,48.829000848186382],[2.389589116409481,48.829010341948084],[2.389774979919338,48.829075145709076],[2.389895798593749,48.829110837538465],[2.389992256992843,48.829132914447108],[2.390104997874083,48.829160470531761],[2.390258434423298,48.829202623912714]],[[2.390168707310767,48.829303795204105],[2.390062945087376,48.829261884859662],[2.389935494211507,48.829210870088566],[2.389798603431101,48.829151712685452],[2.389650805427999,48.829093398827226],[2.389570892821932,48.829054318064266],[2.389491148842066,48.829000848186382]],[[2.390258434423298,48.829202623912714],[2.390319446237007,48.829227217939739],[2.390383182367911,48.829251825821451]],[[2.390383182367911,48.829251825821451],[2.390524192010339,48.829308305426572]],[[2.390292103798242,48.829352090941747],[2.390168707310767,48.829303795204105]],[[2.390913169376081,48.829477569804148],[2.391307324817084,48.829670242835064]],[[2.391307324817084,48.829670242835064],[2.391493003864676,48.829751231572935],[2.391646264866194,48.829808671519785],[2.39176562994297,48.829852448350124],[2.391887761475858,48.829892641648641],[2.391995003968785,48.82992466480745],[2.392108973442328,48.829963917012705],[2.39223379834689,48.830006821747908],[2.392453785369115,48.830066398441453]],[[2.392381381197599,48.83020093594444],[2.392287937661136,48.830153693990518],[2.392273037842311,48.83014642332877],[2.392170111864659,48.830094636250521],[2.392049562034106,48.830035564543032],[2.391862319633049,48.829971656761813],[2.391687253063641,48.82991500556502],[2.39149594609734,48.829849277786813],[2.391280341544269,48.829764539276411],[2.391219339150402,48.829739046435527]],[[2.392453785369115,48.830066398441453],[2.392565177896881,48.830093045948807],[2.392740392679761,48.830137105432634],[2.392944139695778,48.83018760506453],[2.393152046855592,48.830231829872822],[2.393396659354825,48.830282536071167],[2.393653458535661,48.830339599129658],[2.393891271684137,48.830389370466278],[2.394114017894511,48.830446259945631],[2.394244419654142,48.830478398380642],[2.394376162842426,48.83051234220121]],[[2.390524192010339,48.829308305426572],[2.390619089176136,48.829347461889846],[2.390726203643259,48.829390277994619]],[[2.390437126407075,48.829414886689079],[2.390367994100628,48.829385754486303],[2.390292103798242,48.829352090941747]],[[2.390726203643259,48.829390277994619],[2.390913169376081,48.829477569804148]],[[2.391219339150402,48.829739046435527],[2.39115289875139,48.829712626509696],[2.390990219157884,48.829645244897698],[2.390837022410937,48.829582408206292],[2.390731280105786,48.829538699831353],[2.390639096268314,48.829500456660263],[2.39054012291671,48.829460380078167],[2.390437126407075,48.829414886689079]],[[2.39767121630122,48.83182766895191],[2.397518202569088,48.831747753960435],[2.397413895629307,48.83169686392192],[2.39723367002097,48.831614113347982],[2.397073909042805,48.831528767557586]],[[2.397904275333556,48.831700232937436],[2.398217509670669,48.831825922047209],[2.39876796908809,48.832053532139184]],[[2.399909340040411,48.83266453783866],[2.399617560610678,48.832567740720783],[2.398761237528369,48.832282836802626],[2.39824060925217,48.832067068599869],[2.398048069308446,48.831988754170119],[2.39767121630122,48.83182766895191]],[[2.39876796908809,48.832053532139184],[2.399026905952588,48.832162757509714],[2.39931564671507,48.83228652185565],[2.399571913250143,48.832391235768725],[2.399855352656555,48.83250238103178],[2.40015245685488,48.832609996674485],[2.40045496979368,48.832721236139633],[2.40086200322491,48.832865375616542],[2.401283940798824,48.83301678321213],[2.401657119123131,48.833143662500412],[2.401980102859982,48.833252302332667],[2.402270579830035,48.833344590250682]],[[2.406592073342996,48.83535909987183],[2.406468893296647,48.8352892377073]],[[2.405652857088702,48.834809422173898],[2.405447175749834,48.834686985813086],[2.405200760662173,48.834552654789846],[2.405083002668628,48.834485516184792],[2.404957153505355,48.834411142291039],[2.40483413191064,48.834327788683886],[2.404725808036574,48.834269690296857]],[[2.405464942981803,48.834920908763721],[2.40532578749168,48.834818588870291],[2.405170428925433,48.834703597127493],[2.405008095447445,48.834602960298483],[2.404855164998631,48.834514061759947],[2.404715755039407,48.834434223950865],[2.404611476785364,48.834379743058541],[2.404503060587872,48.834329738292254],[2.404420342643465,48.834296049949934]],[[2.406468893296647,48.8352892377073],[2.40622122312976,48.835145009657879],[2.406027676704928,48.835033426950659],[2.405834172112257,48.834918246667392],[2.405652857088702,48.834809422173898]],[[2.405464942981803,48.834920908763721],[2.405652997636618,48.835036062567283],[2.405888456382744,48.835175734345476],[2.406102201716132,48.835308102917985],[2.406306442808227,48.835437725823191],[2.40635110147557,48.835464029017174],[2.406395801153229,48.8354867349438],[2.406444587756163,48.835509461133896]],[[2.399909340040411,48.83266453783866],[2.400102009468454,48.832732057454521],[2.400333997670275,48.83281596248171],[2.400575491180644,48.832902612784743],[2.400856324748536,48.833003849516658],[2.401126344205847,48.833097836502319],[2.401397695889791,48.833194527630049],[2.401645952490827,48.833285706400062],[2.401887305896623,48.833384944411492],[2.402111043909476,48.833475999580116]],[[2.403640730648436,48.833850577325975],[2.403314984363862,48.833744626385375],[2.40293915561577,48.833610544227668],[2.402636724967136,48.833491217309721],[2.402448187716537,48.833419225670724],[2.402270579830035,48.833344590250682]],[[2.402111043909476,48.833475999580116],[2.402336320234539,48.833551772796454],[2.40262138143737,48.833641334668769],[2.402860292002099,48.833716275610151],[2.403089605714914,48.833796564362402],[2.403343296565708,48.833889565381007],[2.403580744155471,48.833973491206052],[2.403789677683501,48.834049180136411],[2.404014897232898,48.834130346032822],[2.40422513261004,48.834211436859896],[2.404420342643465,48.834296049949934]],[[2.403640730648436,48.833850577325975],[2.403794047943578,48.833905303554594],[2.403977222052466,48.833970071379497],[2.404146794610079,48.834032972430144],[2.404321775502563,48.834099497628351],[2.40446017103398,48.834148752481319],[2.404583520322753,48.834203328457917],[2.404725808036574,48.834269690296857]],[[2.396267009621373,48.831213516002798],[2.395923909529105,48.831079576522477],[2.395537075619279,48.830958006160692],[2.395178630010648,48.830855464818178],[2.395004804234606,48.830808717879236],[2.394833640470998,48.830767380362609]],[[2.397224103570991,48.831381128991801],[2.39701943285611,48.831291959289246],[2.396849919435643,48.831225450719863],[2.396669571453354,48.831153491043359],[2.396494578981431,48.831089652421447],[2.396402294458211,48.831059507582566],[2.396322207149864,48.831034820443286]],[[2.397073909042805,48.831528767557586],[2.396852954181985,48.831434119287579],[2.396625189197535,48.831339436241315],[2.39633216524096,48.831233630971305],[2.396267009621373,48.831213516002798]],[[2.397904275333556,48.831700232937436],[2.397714430464457,48.83162462960459],[2.397607326451517,48.831580021214265],[2.397458254586768,48.831512717120511],[2.39732817056412,48.831452703455035],[2.397224103570991,48.831381128991801]],[[2.394272474974672,48.830643124883338],[2.394151513882312,48.830619128624079],[2.394008716438826,48.830598619075694],[2.393848294618018,48.830570825086724],[2.393697439494411,48.830540381273927],[2.393569730858303,48.830510954004311],[2.393433828464401,48.830483283778221],[2.393296616384577,48.830451109909902],[2.393149869349368,48.830418887502098],[2.392999004601882,48.830389342119695],[2.392857675139057,48.83035984495141],[2.392704138793872,48.830325788788052],[2.392544011927027,48.830272812208356],[2.392381381197599,48.83020093594444]],[[2.39495902790491,48.83064480130593],[2.394521538289323,48.830545455521147],[2.394376162842426,48.83051234220121]],[[2.394833640470998,48.830767380362609],[2.39469917200213,48.830733423265713],[2.394556499365448,48.830702122589209],[2.394409740397813,48.83067080104982],[2.394272474974672,48.830643124883338]],[[2.396322207149864,48.831034820443286],[2.396179636880534,48.830994528558826],[2.395776592437509,48.830861185336147],[2.395450745237349,48.830766903795897],[2.39495902790491,48.83064480130593]]]}},
{"type":"Feature","properties":{"ID":"VOIE_NOM0000002338740289","ID_BAN":"75112_4035","name":"Avenue du Général Dodds","INSEE_COM":"75112","NOM_COM":"Paris 12e Arrondissement","SRC_BAN":"commune","NOM_COLL":"AV DU GENERAL DODDS","TYPE_VOIE":"avenue","MOT_DIR":"Dodds","LD_BAN":null,"ID_SUPP":"TRONROUT0000000230033234/TRONROUT0000000338524292/TRONROUT0000000338524295/TRONROUT0000002000647506","INSEEDBAN":null,"COMDEL_BAN":null,"DATE_CREAT":"2023-12-08T13:42:59","DATE_MAJ":"2024-03-12T16:10:18","NOM_NORMA":"AV DU GENERAL DODDS","ID_BAN_ODO":null,"Nom_a_verifier":false,"other_tags":"nan"},"geometry":{"type":"MultiLineString","coordinates":[[[2.405326136086252,48.833713271725173],[2.405491421303971,48.833554905800042],[2.405714565520153,48.83334016712341]],[[2.404769903634052,48.834225840886113],[2.404725808036574,48.834269690296857]],[[2.405204903712954,48.833831385067796],[2.405326136086252,48.833713271725173]],[[2.405204903712954,48.833831385067796],[2.405009441827502,48.83400758774961],[2.404863512841618,48.8341408670641],[2.404769903634052,48.834225840886113]]]}},
{"type":"Feature","properties":{"ID":"VOIE_NOM0000002338740383","ID_BAN":"75112_r693","name":"Route du Ruisseau","INSEE_COM":"75112","NOM_COM":"Paris 12e Arrondissement","SRC_BAN":"commune","NOM_COLL":"RTE DES RUISSEAUX","TYPE_VOIE":"route","MOT_DIR":"Ruisseau","LD_BAN":null,"ID_SUPP":"TRONROUT0000000000207108/TRONROUT0000000258513271/TRONROUT0000002489542217","INSEEDBAN":null,"COMDEL_BAN":null,"DATE_CREAT":"2023-12-08T13:42:59","DATE_MAJ":"2025-04-09T22:52:28","NOM_NORMA":"RTE DU RUISSEAU","ID_BAN_ODO":null,"Nom_a_verifier":false,"other_tags":"nan"},"geometry":{"type":"MultiLineString","coordinates":[[[2.434503604141514,48.82248318488768],[2.434100996677974,48.822557726850626],[2.433355880657042,48.82269090282572],[2.433282217304348,48.822701346199679],[2.432834798488174,48.822763080324847]],[[2.432834798488174,48.822763080324847],[2.432526749533344,48.822784103157204],[2.432220052503491,48.822806030987209],[2.431771573398547,48.822839875592386]],[[2.431771573398547,48.822839875592386],[2.431500561458351,48.822836788743857]]]}},
{"type":"Feature","properties":{"ID":"VOIE_NOM0000002338740625","ID_BAN":"75112_r701","name":"Route Saint-Hubert","INSEE_COM":"75112","NOM_COM":"Paris 12e Arrondissement","SRC_BAN":"commune","NOM_COLL":"RTE SAINT-HUBERT","TYPE_VOIE":"route","MOT_DIR":"Hubert","LD_BAN":null,"ID_SUPP":"TRONROUT0000000000205366/TRONROUT0000000000205376/TRONROUT0000000000205384/TRONROUT0000000000205393/TRONROUT0000000356876032/TRONROUT0000000356876045/TRONROUT0000000356876601/TRONROUT0000000356876602/TRONROUT0000000356876604/TRONROUT0000000356876609/TRON","INSEEDBAN":null,"COMDEL_BAN":null,"DATE_CREAT":"2023-12-08T13:42:59","DATE_MAJ":"2024-04-09T23:12:41","NOM_NORMA":"RTE SAINT-HUBERT","ID_BAN_ODO":null,"Nom_a_verifier":false,"other_tags":"nan"},"geometry":{"type":"MultiLineString","coordinates":[[[2.44376052066941,48.827663795927641],[2.444140794527159,48.827642180486841],[2.445644179601771,48.827555624550001],[2.445991742567907,48.82753565033051],[2.446203010135115,48.827523138335366],[2.446374748298875,48.827513141081404]],[[2.446374748298875,48.827513141081404],[2.446633707966518,48.827499050362718]],[[2.440321416581626,48.827884284294782],[2.440438759926916,48.827865946686103],[2.443464734828106,48.82768220589535]],[[2.437082532388172,48.828103817709206],[2.437685019691117,48.828066180540077]],[[2.437685019691117,48.828066180540077],[2.43789492929606,48.828053676822954],[2.439989962483339,48.827925902282004],[2.440161780423639,48.827908719382314]],[[2.440161780423639,48.827908719382314],[2.440321416581626,48.827884284294782]],[[2.434209223046301,48.828273729646568],[2.43467263299107,48.828248940097346],[2.435318730661202,48.828209722244218]],[[2.435318730661202,48.828209722244218],[2.436052050875507,48.828166415401029]],[[2.436052050875507,48.828166415401029],[2.437082532388172,48.828103817709206]],[[2.45408659959099,48.827058438088947],[2.454154750698051,48.8270542523356],[2.454243342413721,48.827049260459788]],[[2.453995283683378,48.827063417411267],[2.45408659959099,48.827058438088947]],[[2.449681414127532,48.827317051701897],[2.450322002675514,48.827281324983645],[2.451064822479693,48.827238869198467],[2.451274725541712,48.827226341988634],[2.452328268903789,48.827169115062254],[2.453460999257481,48.827094253452159],[2.453995283683378,48.827063417411267]],[[2.446633707966518,48.827499050362718],[2.446753648339079,48.827492410346444],[2.447158456407495,48.827469100080862],[2.449478311256374,48.827330506787689],[2.449613243329471,48.827323033550378],[2.449681414127532,48.827317051701897]]]}},
{"type":"Feature","properties":{"ID":"VOIE_NOM0000002338740759","ID_BAN":"75112_r665","name":"Route du Pesage","INSEE_COM":"75112","NOM_COM":"Paris 12e Arrondissement","SRC_BAN":"commune","NOM_COLL":"RTE DU PESAGE","TYPE_VOIE":"route","MOT_DIR":"Pesage","LD_BAN":null,"ID_SUPP":"TRONROUT0000000000206095/TRONROUT0000000000206097/TRONROUT0000000000206653/TRONROUT0000000000207035/TRONROUT0000000000207050/TRONROUT0000000000207489/TRONROUT0000000000207499/TRONROUT0000000000207502/TRONROUT0000000000207503/TRONROUT0000000000207504/TRON","INSEEDBAN":null,"COMDEL_BAN":null,"DATE_CREAT":"2023-12-08T13:42:59","DATE_MAJ":"2024-04-09T23:12:41","NOM_NORMA":"RTE DU PESAGE","ID_BAN_ODO":null,"Nom_a_verifier":false,"other_tags":"nan"},"geometry":{"type":"MultiLineString","coordinates":[[[2.446328164113812,48.825742970854407],[2.446370911556082,48.826078632922496],[2.446447589744782,48.826682463363539],[2.44653529368819,48.827146043248689],[2.446566341614967,48.827300877998766],[2.446604620206423,48.827416174052011]],[[2.446604620206423,48.827416174052011],[2.446633707966518,48.827499050362718]],[[2.44621724365357,48.8246443285475],[2.446266184467542,48.825166188929835],[2.446328164113812,48.825742970854407]],[[2.446129047567056,48.823714871775707],[2.44613154226482,48.823736468198248],[2.446136311935048,48.823800345521512],[2.446143385258043,48.823903805762697],[2.446145698456029,48.823942489357925],[2.44616219663969,48.824184496089963],[2.44621724365357,48.8246443285475]],[[2.445992023414217,48.822253659998836],[2.446037078890861,48.822628006872392],[2.446111178146015,48.823473757954872],[2.446129047567056,48.823714871775707]],[[2.444561989043024,48.819688313314259],[2.444651001942536,48.819770569685048],[2.444799181841051,48.819924151159263]],[[2.445097655527361,48.820288883122196],[2.445144709639311,48.82034666130015],[2.445168927256449,48.82037465421287]],[[2.444799181841051,48.819924151159263],[2.44492014381821,48.820075807334213],[2.445097655527361,48.820288883122196]],[[2.445351572947216,48.820617432657301],[2.445291128885144,48.820538007531489],[2.445219961987885,48.82044234392032],[2.445168927256449,48.82037465421287]],[[2.445734115563415,48.821146238330115],[2.445683270692814,48.821060562337678],[2.445606893735446,48.820942390561783],[2.445522355187861,48.820823281506136]],[[2.44580498804213,48.821269780718595],[2.445756885906021,48.821182318736334],[2.445734115563415,48.821146238330115]],[[2.445992023414217,48.822253659998836],[2.445949510901155,48.821896412811768],[2.445920030659822,48.821722697603782],[2.445894368817237,48.821574182449638],[2.445848679573665,48.82138780086207],[2.445843461243708,48.821366191765392],[2.44580498804213,48.821269780718595]],[[2.445351572947216,48.820617432657301],[2.445412189371853,48.820680669849764],[2.445472643348143,48.820759195576755],[2.445522355187861,48.820823281506136]],[[2.443128493245619,48.818735505157626],[2.442962960976062,48.818677174201206],[2.442805552179056,48.81862337773525]],[[2.443128493245619,48.818735505157626],[2.44325462787133,48.818784658708026],[2.443486469850389,48.818882870328721]],[[2.443486469850389,48.818882870328721],[2.443685560698944,48.818987224730165],[2.443833025939777,48.819079646817698],[2.443961377525738,48.8191764766988],[2.444066740699684,48.819257910208243]],[[2.444561989043024,48.819688313314259],[2.444414990329563,48.819551825082463],[2.44426254486679,48.819415311335227],[2.444066740699684,48.819257910208243]]]}},
{"type":"Feature","properties":{"ID":"VOIE_NOM0000002338740835","ID_BAN":"75112_r533","name":"Route de Ceinture du Lac Daumesnil","INSEE_COM":"75112","NOM_COM":"Paris 12e Arrondissement","SRC_BAN":"commune","NOM_COLL":"RTE DE CEINTURE DU LAC DAUMESNIL","TYPE_VOIE":"route","MOT_DIR":"Daumesnil","LD_BAN":null,"ID_SUPP":"TRONROUT0000000000202537/TRONROUT0000000000203312/TRONROUT0000000000203315/TRONROUT0000000000203330/TRONROUT0000000000203339/TRONROUT0000000000203353/TRONROUT0000000000203354/TRONROUT0000000000203369/TRONROUT0000000000204064/TRONROUT0000000000204076/TRON","INSEEDBAN":null,"COMDEL_BAN":null,"DATE_CREAT":"2023-12-08T13:42:59","DATE_MAJ":"2025-05-20T22:17:17","NOM_NORMA":"RTE DE CEINTURE DU LAC DAUMESNIL","ID_BAN_ODO":null,"Nom_a_verifier":false,"other_tags":"nan"},"geometry":{"type":"MultiLineString","coordinates":[[[2.408667797748845,48.833363797967984],[2.408777343577456,48.833434489966983],[2.408924950939736,48.83351256487677],[2.409084931094953,48.833580807713702],[2.409265396334137,48.833644654684221],[2.409329197759606,48.833664755800442]],[[2.408378998901953,48.833002623788992],[2.408404381173119,48.833046818230798],[2.408507660692603,48.833189428710924]],[[2.408507660692603,48.833189428710924],[2.408580180663714,48.833281522552198],[2.408667797748845,48.833363797967984]],[[2.408232487556557,48.832588190925954],[2.408287495817891,48.832782726012958],[2.408308576864072,48.832845785877197],[2.408353688123084,48.832952134136967],[2.408378998901953,48.833002623788992]],[[2.408296019496157,48.832031797851826],[2.408273509642576,48.832094642104366],[2.408236857000198,48.8322032840343],[2.408219203710049,48.832318315510662],[2.408214886633651,48.832458595197409],[2.408223421644976,48.832546775255288],[2.408232487556557,48.832588190925954]],[[2.408543058037632,48.831510488016661],[2.408452250087503,48.83170969823437],[2.408367176034544,48.831883754464904],[2.408323814790388,48.831983369595079],[2.408296019496157,48.832031797851826]],[[2.408786914007003,48.831149248992951],[2.408687296577646,48.831284560876448],[2.408606922715379,48.831404678588697],[2.408543058037632,48.831510488016661]],[[2.408786914007003,48.831149248992951],[2.408912626444005,48.830995179280002],[2.408992835840884,48.830889450381576]],[[2.408992835840884,48.830889450381576],[2.409271415924175,48.830709154555656]],[[2.410284825157935,48.830116076574804],[2.410049089335127,48.830242624136993],[2.409864017038078,48.830346037677991],[2.409645895630678,48.830480765646534],[2.409445654470763,48.830600292257017],[2.409271415924175,48.830709154555656]],[[2.410708282702712,48.829892422588969],[2.410362946069303,48.830074191481529],[2.410284825157935,48.830116076574804]],[[2.410339769184676,48.834050173268842],[2.410408654369238,48.834102675968836]],[[2.409994357990429,48.833874892610858],[2.410159748973278,48.833946758123396],[2.41026137886685,48.833994925567794],[2.410339769184676,48.834050173268842]],[[2.409329197759606,48.833664755800442],[2.409490765287106,48.833713219900361],[2.409710716381425,48.833779059853164],[2.409866815247958,48.833829295176294],[2.409994357990429,48.833874892610858]],[[2.412742018752124,48.833767900026224],[2.412759105338272,48.833702330330155],[2.41277877454447,48.833649364407712],[2.412803821783054,48.8336027204329],[2.412843772636726,48.833563344529431]],[[2.411653088262625,48.829460880894359],[2.410708282702712,48.829892422588969]],[[2.411653088262625,48.829460880894359],[2.41182556996389,48.829386182386216],[2.412010381381416,48.829305248670828],[2.412192437540964,48.829226999228631],[2.412384068611063,48.829145199079868]],[[2.412384068611063,48.829145199079868],[2.412596272860003,48.829050908517402],[2.412835789744654,48.828950456094304],[2.412983557448513,48.828892722554713]],[[2.416453465687504,48.827884423962409],[2.416557186388225,48.827866942642636],[2.416673186013858,48.827847722387965]],[[2.416673186013858,48.827847722387965],[2.416875128374503,48.827817229308152],[2.417048345831178,48.827797388296297],[2.417243346620059,48.827778552550889],[2.417419227698907,48.82776412019355]],[[2.418073436205046,48.830415942568223],[2.417726645187364,48.830729932293501],[2.4176317611778,48.830809513903908],[2.417465380456666,48.830948105380884],[2.41736776124055,48.831028572813963],[2.417092891768888,48.831244880036849],[2.416955516527666,48.831347637495256],[2.416827726382603,48.831445944697336]],[[2.418694176689347,48.827889940136536],[2.418587022283457,48.827848947665039],[2.418470212997612,48.827818700570006],[2.418338380664727,48.827791977767234],[2.418213228472698,48.827776979106133],[2.418047203479135,48.827762680797584],[2.417872915635654,48.827756436355514],[2.417738088387542,48.827753981261743],[2.417610011344856,48.827756955099638],[2.417419227698907,48.82776412019355]],[[2.419216938718946,48.828773860625518],[2.419112194316237,48.829005388750559],[2.418989681115258,48.829242226623421],[2.418859184441895,48.829461937558101],[2.418816196166658,48.829530080564183],[2.418676473894455,48.829721866043307],[2.418491257914619,48.829961995947507],[2.418384847131585,48.830098182252939],[2.418245553292469,48.830251296468965],[2.418073436205046,48.830415942568223]],[[2.418694176689347,48.827889940136536],[2.418799788699289,48.827947113644463],[2.418885009524559,48.828000590501247],[2.418959353753012,48.828052215714436],[2.419028139473032,48.828113706926217],[2.419099499255124,48.828188701119309]],[[2.419542234687641,48.828553296068577],[2.419369876977086,48.828618113250059],[2.419320630407208,48.828636760872634],[2.419293217759913,48.828651917022626],[2.419268449189942,48.828674280947247],[2.419216938718946,48.828773860625518]],[[2.419099499255124,48.828188701119309],[2.419151118996901,48.828201542992836],[2.419321442365528,48.828196973895331],[2.41943183304415,48.828192113627885]],[[2.414874057447843,48.832675728260938],[2.414950796099873,48.832635632233583],[2.415137198383076,48.83253491564097],[2.41562800808184,48.832257612149711],[2.415968264786036,48.832042527107006],[2.416142574383538,48.831926460652554],[2.416467842630958,48.831711300976664],[2.416727451300726,48.831520103071895],[2.416827726382603,48.831445944697336]],[[2.415239837599194,48.828121325523718],[2.415571594965482,48.828054595200321],[2.416099957235636,48.827947453062187],[2.416453465687504,48.827884423962409]],[[2.41385526529602,48.833142006977909],[2.414174232483638,48.833004168175883]],[[2.414174232483638,48.833004168175883],[2.414249508874243,48.832973059090151],[2.414380949773908,48.832914344659081],[2.414568544684242,48.832828924008496],[2.414874057447843,48.832675728260938]],[[2.413689639591302,48.828609287724753],[2.414038404446615,48.828484186096411],[2.414529231015314,48.828323804252221],[2.414977526566763,48.828190193397234],[2.415239837599194,48.828121325523718]],[[2.412983557448513,48.828892722554713],[2.413202489209633,48.828805658871687],[2.413357137534565,48.828741663049591],[2.41352132030469,48.82867771378173],[2.413689639591302,48.828609287724753]],[[2.41308199816275,48.833458388756995],[2.413032754897499,48.833476134395085],[2.412931462752904,48.833518806754306],[2.412843772636726,48.833563344529431]],[[2.41385526529602,48.833142006977909],[2.413466528831346,48.833305584372489],[2.413321463512535,48.833364230960036],[2.41308199816275,48.833458388756995]]]}},
{"type":"Feature","properties":{"ID":"VOIE_NOM0000002338740970","ID_BAN":"75112_4437","name":"Boulevard de la Guyane","INSEE_COM":"75112","NOM_COM":"Paris 12e Arrondissement","SRC_BAN":"commune","NOM_COLL":"BD DE LA GUYANE","TYPE_VOIE":"boulevard","MOT_DIR":"Guyane","LD_BAN":null,"ID_SUPP":"TRONROUT0000000000198352/TRONROUT0000000000200001/TRONROUT0000000000200885/TRONROUT0000000000202502/TRONROUT0000000000202505/TRONROUT0000000000202509/TRONROUT0000000004407319/TRONROUT0000000004407324/TRONROUT0000000004407632/TRONROUT0000000004407633/TRON","INSEEDBAN":null,"COMDEL_BAN":null,"DATE_CREAT":"2023-12-08T13:42:59","DATE_MAJ":"2024-03-12T16:10:18","NOM_NORMA":"BD DE LA GUYANE","ID_BAN_ODO":null,"Nom_a_verifier":false,"other_tags":"nan"},"geometry":{"type":"MultiLineString","coordinates":[[[2.41289476110613,48.836656504528882],[2.413094629691667,48.83717641704164]],[[2.411356738933002,48.83435287201128],[2.411281711488421,48.834240981624873],[2.411260707538393,48.834170727851308],[2.411269602249722,48.834106916787327],[2.411312949474783,48.83400820009232]],[[2.411169609740507,48.83427550499627],[2.411132940370636,48.83426543146507],[2.411092204545215,48.834253539172948],[2.410971247659364,48.834227761374514],[2.410764468397555,48.834201560690595]],[[2.411356738933002,48.83435287201128],[2.41126728645441,48.83431196037224],[2.411169609740507,48.83427550499627]],[[2.412716278081813,48.836173570276202],[2.412601273430474,48.835860926812749],[2.412398974081976,48.835315818710725],[2.412340361443805,48.835197714199275],[2.412272091398269,48.835090354550388],[2.412197081209684,48.834976666185042],[2.412105632712789,48.834870991235093],[2.41202207421208,48.834790537165702],[2.411931643719069,48.834715445425537],[2.411765504639919,48.834588717578143],[2.411669534435009,48.834521692651606],[2.411568074795224,48.834458238091948],[2.411356738933002,48.83435287201128]],[[2.412716278081813,48.836173570276202],[2.41289476110613,48.836656504528882]],[[2.414626625489727,48.843912924998932],[2.414601959948307,48.843803982239216]],[[2.414500979333849,48.843210812324315],[2.414482833867304,48.843127982718464],[2.414447461029162,48.843001899664905],[2.414299477907319,48.842105415674872],[2.414266337855692,48.841901998634505],[2.414253531886481,48.841829087969963],[2.414173306944023,48.841329551553791],[2.414164436959542,48.841270150486785],[2.414158261560692,48.841213460686355],[2.414122417965083,48.84100823148141],[2.414062669964503,48.840626610877187]],[[2.414601959948307,48.843803982239216],[2.414500979333849,48.843210812324315]],[[2.413913294575755,48.839855128552401],[2.413896402379053,48.839782197690589]],[[2.414062669964503,48.840626610877187],[2.414008956401399,48.840314270300418],[2.413958845361674,48.840045116492973],[2.413913294575755,48.839855128552401]],[[2.413094629691667,48.83717641704164],[2.413255874748141,48.83761789510045],[2.413288911130992,48.837708892608532],[2.413374711125215,48.837953939576913],[2.413467805700993,48.838277266561064]],[[2.413217299305102,48.83777689276971],[2.413005875048903,48.837193968754157],[2.413001939943011,48.837180459021873],[2.412811476849852,48.836672284227845],[2.412721554122915,48.836430813757779],[2.412627656760326,48.836179430661261],[2.412503329344944,48.835847854708526],[2.412320968619915,48.835346913180167],[2.412251680897749,48.835208970190429],[2.412150002967595,48.835043887061808],[2.411988476677892,48.834870415345208],[2.411760443559759,48.834675031591701],[2.411678024878017,48.834614368868799],[2.411490059967613,48.834490231357108],[2.411320700497388,48.83440755583932],[2.411222993093566,48.83437379845158],[2.41116461881579,48.834355523811887],[2.411169609740507,48.83427550499627]],[[2.41333408512754,48.838174083701674],[2.413255592808154,48.837885003918664],[2.413217299305102,48.83777689276971]],[[2.413806331732078,48.839795246732308],[2.413790893141892,48.839714228740213],[2.413783214323487,48.839670122502056],[2.413738419981166,48.839534099702988],[2.413575623952194,48.83898739039099],[2.413406090320079,48.838434352010381],[2.41336420495179,48.838282154686851],[2.41333408512754,48.838174083701674]],[[2.413467805700993,48.838277266561064],[2.413558429635978,48.838578097254903],[2.413683080570646,48.839003206255953],[2.41377228392597,48.839309425775049],[2.413867784574752,48.839661543322947],[2.413896402379053,48.839782197690589]]]}},
{"type":"Feature","properties":{"ID":"VOIE_NOM0000002338740976","ID_BAN":"75112_r635","name":"Route des Merisiers","INSEE_COM":"75112","NOM_COM":"Paris 12e Arrondissement","SRC_BAN":"commune","NOM_COLL":"RTE DES MERISIERS","TYPE_VOIE":"route","MOT_DIR":"Merisiers","LD_BAN":null,"ID_SUPP":"TRONROUT0000000000203961/TRONROUT0000000000203966/TRONROUT0000000000203967/TRONROUT0000000000203978/TRONROUT0000000240163410/TRONROUT0000000356908856/TRONROUT0000000356908864","INSEEDBAN":null,"COMDEL_BAN":null,"DATE_CREAT":"2023-12-08T13:42:59","DATE_MAJ":"2025-04-09T22:52:28","NOM_NORMA":"RTE DES MERISIERS","ID_BAN_ODO":null,"Nom_a_verifier":false,"other_tags":"nan"},"geometry":{"type":"MultiLineString","coordinates":[[[2.464037692167107,48.831635341941961],[2.464382707957919,48.831600013694235]],[[2.464382707957919,48.831600013694235],[2.46448773596781,48.831586993569651]],[[2.46448773596781,48.831586993569651],[2.46458456301645,48.831576634725877]],[[2.46458456301645,48.831576634725877],[2.4646745790287,48.831566245318669],[2.465400173070254,48.831481353332691]],[[2.465400173070254,48.831481353332691],[2.465581612699126,48.831456082704804]],[[2.464037692167107,48.831635341941961],[2.462196308425761,48.831860910245844],[2.460453192840664,48.832067107609817],[2.458643221423455,48.832281970624059]],[[2.458643221423455,48.832281970624059],[2.457551884653602,48.832427219397864],[2.457403149799825,48.832450827504964],[2.457352625890728,48.832462289989046],[2.457303379919447,48.832481852504714],[2.457288301842945,48.832490777704102]]]}},
{"type":"Feature","properties":{"ID":"VOIE_NOM0000002338741129","ID_BAN":"75112_r712","name":"Route de la Tourelle","INSEE_COM":"75112","NOM_COM":"Paris 12e Arrondissement","SRC_BAN":"commune","NOM_COLL":"RTE DE LA TOURELLE","TYPE_VOIE":"route","MOT_DIR":"Tourelle","LD_BAN":null,"ID_SUPP":"TRONROUT0000000000198330/TRONROUT0000000000199151/TRONROUT0000000000199161/TRONROUT0000000000199919/TRONROUT0000000000199920/TRONROUT0000000000199930/TRONROUT0000000000199937/TRONROUT0000000000199939/TRONROUT0000000000199940/TRONROUT0000000000199941/TRON","INSEEDBAN":null,"COMDEL_BAN":null,"DATE_CREAT":"2023-12-08T13:42:59","DATE_MAJ":"2024-07-16T00:28:39","NOM_NORMA":"RTE DE LA TOURELLE","ID_BAN_ODO":null,"Nom_a_verifier":false,"other_tags":"nan"},"geometry":{"type":"MultiLineString","coordinates":[[[2.4490997535414,48.820229142950026],[2.448819021201945,48.820244937315437],[2.44846463181507,48.820271183770309],[2.4482165656939,48.820288926133706],[2.447978013685753,48.820308510649603],[2.447494032903101,48.820353942085468],[2.447132737224819,48.820389146406775],[2.446771431516709,48.820425248963268],[2.446592792700129,48.820446007270007],[2.446452325339671,48.820463344533614],[2.4459354457462,48.820528403551862],[2.445351572947216,48.820617432657301]],[[2.444048502670496,48.820840721200256],[2.444206810969046,48.820810878476244],[2.444374662077564,48.820780180512799],[2.444647571986646,48.820731982847661],[2.444908176304081,48.820688224296227]],[[2.444908176304081,48.820688224296227],[2.445131922429506,48.820652388498537],[2.445224695123023,48.820637529630027],[2.445351572947216,48.820617432657301]],[[2.444048502670496,48.820840721200256],[2.443673227082174,48.820909126844704],[2.443265245214559,48.820979177783983],[2.442748097021535,48.821068504828148],[2.442439783189966,48.821115633713497],[2.442150651214151,48.821152058830286],[2.44182463131038,48.821199103527711]],[[2.440410895399581,48.821324703670179],[2.440656293484072,48.821302468141276],[2.441003961302297,48.821269018404429],[2.441429325948369,48.821229635017417],[2.441656969958774,48.82121181136236]],[[2.441656969958774,48.82121181136236],[2.44182463131038,48.821199103527711]],[[2.439440467140045,48.821388510677778],[2.439737551639004,48.821372814920927],[2.439961082084386,48.821357673333146],[2.440170993104403,48.821342467566453],[2.440410895399581,48.821324703670179]],[[2.434951186778946,48.822280243972401],[2.435362683285332,48.822139187618312],[2.43570984490638,48.82202750553104],[2.436118331425595,48.821912514141253],[2.436597646792759,48.821796955715925],[2.437033251786493,48.821692881424667],[2.437438581955834,48.821617443020543],[2.437872443706752,48.821548432974325],[2.438314359650217,48.82149025165085],[2.438737052671663,48.821446368421611],[2.439096980061881,48.821412981765263],[2.439440467140045,48.821388510677778]],[[2.434503604141514,48.82248318488768],[2.434574825853409,48.822446647444963]],[[2.434574825853409,48.822446647444963],[2.434951186778946,48.822280243972401]],[[2.425666450103038,48.841182028550321],[2.425368098312322,48.841302008972193],[2.425025521647597,48.841478435577663],[2.42472938536368,48.841644292238954]],[[2.426213398793554,48.84100568117978],[2.426012456315831,48.84106497411566],[2.425766295093892,48.841147432945803],[2.425666450103038,48.841182028550321]],[[2.426370564571926,48.840962366424542],[2.426213398793554,48.84100568117978]],[[2.426485365823195,48.840930540007101],[2.426370564571926,48.840962366424542]],[[2.424465926431887,48.841812104082834],[2.424413487436095,48.841872108683333],[2.424347225006843,48.84195003387272]],[[2.424638817824323,48.841702314869487],[2.424465926431887,48.841812104082834]],[[2.42472938536368,48.841644292238954],[2.424638817824323,48.841702314869487]],[[2.424347225006843,48.84195003387272],[2.424195116954184,48.842028445205763],[2.424095030739684,48.842084622880854],[2.424023605893132,48.84213644168841],[2.42394800402987,48.842196334546074],[2.423880556955076,48.842258065339593],[2.423806187977489,48.842329655673154],[2.423726299278978,48.842407514861648],[2.423643605821189,48.842492555329606],[2.423569156612503,48.842571339967051],[2.423491922523838,48.842655507269832],[2.423413216258988,48.842749560338845],[2.423283341302334,48.842911717737437]],[[2.423283341302334,48.842911717737437],[2.423152967854646,48.843118840362258],[2.42307526439646,48.843245274817249]],[[2.422853619496059,48.843573369859108],[2.422765094224837,48.843692557016055]],[[2.422765094224837,48.843692557016055],[2.422653126853874,48.843836812913992],[2.422534595380905,48.843958553127692],[2.422435387811295,48.844057902630276],[2.422325349452308,48.844150904259749],[2.422225007899309,48.844229562934487],[2.422112483071239,48.844300967830776],[2.422019252758617,48.84435268002948],[2.421923317151381,48.84440258037214],[2.421847988927573,48.844437291195568]],[[2.42307526439646,48.843245274817249],[2.423043319611246,48.843299981453598],[2.422965715186558,48.843417422741467],[2.422944958988702,48.843446102000776],[2.422902054143753,48.843506151856076],[2.422853619496059,48.843573369859108]],[[2.427672614508376,48.840636740138493],[2.427451288003001,48.840691441182472],[2.427205417437158,48.840747823009941],[2.426984020759912,48.840808818353949],[2.426736707565682,48.840872387165334],[2.426485365823195,48.840930540007101]],[[2.428148309774429,48.840496017269203],[2.427802391119188,48.84060588345951]],[[2.427802391119188,48.84060588345951],[2.427672614508376,48.840636740138493]],[[2.428908231697638,48.84015519365407],[2.428672584413451,48.840273682989107],[2.428390574127584,48.840395547750468],[2.428148309774429,48.840496017269203]],[[2.430062340933771,48.839275729685674],[2.430044413425668,48.839295430150898],[2.430016840939019,48.839324977597236],[2.429969948952844,48.839376916931201]],[[2.429969948952844,48.839376916931201],[2.429894112008894,48.839459296477415],[2.429876184374067,48.839478996914195]],[[2.429876184374067,48.839478996914195],[2.429748073970575,48.839606994474437],[2.429563897485461,48.83975361105648],[2.429373104813173,48.83988220862247],[2.42919206478658,48.839991066539625],[2.428908231697638,48.84015519365407]],[[2.42956843727967,48.833238664558458],[2.429646969351135,48.833407219978241],[2.430129360051478,48.83426751132135],[2.430221547681009,48.834433433166616]],[[2.42956843727967,48.833238664558458],[2.429487791479388,48.833014338447569]],[[2.429487791479388,48.833014338447569],[2.429445824141884,48.832865743287115],[2.429413156373037,48.83273877718316],[2.429383508533807,48.832584844550496],[2.429356732974502,48.832417435134168],[2.429347489153444,48.832266297886811]],[[2.429347489153444,48.832266297886811],[2.429362922670798,48.83210088853172],[2.429371039311127,48.831857199547194],[2.429398472720507,48.831591118554336],[2.429459887768723,48.831207382812359],[2.42952780771071,48.830851558258523]],[[2.42952780771071,48.830851558258523],[2.429612230171267,48.830481422414849],[2.429674969561458,48.830225402437989],[2.429747341784874,48.829960434644768],[2.429899961822245,48.829457517278399]],[[2.429899961822245,48.829457517278399],[2.429901353466464,48.82945482581345],[2.430006729317662,48.829161235284374],[2.430127362613672,48.828842535026567],[2.430274503631581,48.828466401358142],[2.430481667033241,48.827957446876511],[2.430618924590565,48.827612743312578],[2.430737324333554,48.827373175771655],[2.430784666251882,48.827278967486237]],[[2.430543393287099,48.835650003533992],[2.430535838440625,48.835593307809397],[2.430469289254696,48.8353249812711],[2.430407983534352,48.835075566193105],[2.430264467933565,48.834619805575848],[2.430221547681009,48.834433433166616]],[[2.430712875841942,48.836971971091025],[2.43065285016299,48.836355623540399],[2.430619748184857,48.836143216847539],[2.430543393287099,48.835650003533992]],[[2.430062340933771,48.839275729685674],[2.430187931426313,48.839128833228138],[2.43029572168418,48.83898994607528],[2.430405178412897,48.838823186628098],[2.43049000349927,48.838666202736526],[2.430562635457098,48.838502865209044],[2.430642540528187,48.838297292359442],[2.430686512670797,48.838138315085182]],[[2.430686512670797,48.838138315085182],[2.43071392009908,48.837999044844139],[2.430728928633961,48.837872306604829],[2.430738359984983,48.837757233481106],[2.430739907728654,48.837366019402708],[2.430712875841942,48.836971971091025]],[[2.432935021266106,48.823566693948386],[2.433090676127795,48.823406444601765],[2.433182877321874,48.823319642696099],[2.433277733738487,48.823239148894231],[2.433386268263884,48.823153323598348],[2.433490677424485,48.823071076139755],[2.433652621205918,48.822958522469698],[2.433804854722644,48.822862111277949],[2.434503604141514,48.82248318488768]],[[2.432268153622042,48.824517761752205],[2.432350010398387,48.8243805467242],[2.432517661833313,48.824119625697399],[2.432541246529508,48.82408016532203]],[[2.432541246529508,48.82408016532203],[2.432610462243014,48.823977965528762],[2.432700342454773,48.823854278829188],[2.432805301976139,48.823721669868078]],[[2.432805301976139,48.823721669868078],[2.432841193096763,48.823677770938261],[2.432874350397666,48.823634758401738],[2.432935021266106,48.823566693948386]],[[2.431056416293456,48.826717256181787],[2.431399948498702,48.826067747183551],[2.431914226374476,48.825123155554962],[2.432268153622042,48.824517761752205]],[[2.430907268509001,48.827028627298574],[2.431056416293456,48.826717256181787]],[[2.430864101636126,48.827114761208335],[2.430907268509001,48.827028627298574]],[[2.430784666251882,48.827278967486237],[2.430811154587425,48.827223332747607],[2.430864101636126,48.827114761208335]],[[2.449676027765836,48.820213809099542],[2.449520733050242,48.820216691769879],[2.449339533699179,48.820222153063064],[2.4490997535414,48.820229142950026]]]}},
{"type":"Feature","properties":{"ID":"VOIE_NOM0000002338741264","ID_BAN":"75112_r519","name":"Route de la Brasserie","INSEE_COM":"75112","NOM_COM":"Paris 12e Arrondissement","SRC_BAN":"commune","NOM_COLL":"RTE DE LA BRASSERIE","TYPE_VOIE":"route","MOT_DIR":"Brasserie","LD_BAN":null,"ID_SUPP":"TRONROUT0000000000205468/TRONROUT0000000000205475/TRONROUT0000000000205480/TRONROUT0000000000205481","INSEEDBAN":null,"COMDEL_BAN":null,"DATE_CREAT":"2023-12-08T13:42:59","DATE_MAJ":"2024-03-12T16:10:18","NOM_NORMA":"RTE DE LA BRASSERIE","ID_BAN_ODO":null,"Nom_a_verifier":false,"other_tags":"nan"},"geometry":{"type":"MultiLineString","coordinates":[[[2.422815979880357,48.827040214651966],[2.422875156437611,48.826985638746741],[2.42293406410348,48.826955344470669],[2.423006413277581,48.826941303656035],[2.423157852220279,48.826919549990407],[2.423301168341194,48.826893260118979],[2.423398203715871,48.826864048838061],[2.423492693844441,48.826818636568909],[2.423657285624358,48.826716002474591],[2.42378923688893,48.826608714038201],[2.423899334987939,48.826506716391968],[2.423954463369174,48.826448522957307]],[[2.422815979880357,48.827040214651966],[2.422678758739234,48.827008074395607],[2.422568649769223,48.826987756685476],[2.422455687222516,48.826979116887159],[2.422312549810815,48.826989217971018],[2.422176152947027,48.827005647033737],[2.42212279277174,48.827026974055592],[2.422116885919094,48.827068316477643],[2.422144054140994,48.827197956852068],[2.422131376752098,48.827235669079229],[2.422094341366997,48.827258873702867],[2.421747913741521,48.827298570111203],[2.421693490282604,48.827292910738272],[2.421651604921574,48.827262129653199],[2.421609674526475,48.827112631660839],[2.421595350182325,48.827053204040318],[2.421567075850023,48.827023388115833],[2.421520825150917,48.82701776819075],[2.421400802816239,48.827031577468375],[2.421282042665455,48.827054386422226]],[[2.421282042665455,48.827054386422226],[2.421067687357578,48.827099216749403],[2.420918631545931,48.827151557851209],[2.42068190263669,48.827248442537126],[2.42052320147571,48.827310629475392],[2.420450731153196,48.827335460626315],[2.420211806441591,48.827384667193719],[2.419923896209184,48.827429138848771],[2.419738302176788,48.827459716394308],[2.41962234459087,48.827475342348286],[2.419522862159532,48.827479356365494],[2.419384059461289,48.827466990771939]],[[2.423872068821479,48.827618204678828],[2.423675529826282,48.827406805526145],[2.42357841420008,48.827319998110212],[2.423444562483002,48.827229416032928],[2.423332036959382,48.827181206957107],[2.42321400363165,48.827138367420332],[2.423010249179931,48.827087019900702],[2.422815979880357,48.827040214651966]]]}},
{"type":"Feature","properties":{"ID":"VOIE_NOM0000002338741516","ID_BAN":"75112_r663","name":"Route des Pelouses Marigny","INSEE_COM":"75112","NOM_COM":"Paris 12e Arrondissement","SRC_BAN":"commune","NOM_COLL":"RTE DES PELOUSES MARIGNY","TYPE_VOIE":"route","MOT_DIR":"Marigny","LD_BAN":null,"ID_SUPP":"TRONROUT0000000000197482/TRONROUT0000000000197487/TRONROUT0000000000197491/TRONROUT0000000000197492/TRONROUT0000000000197495/TRONROUT0000000000198299/TRONROUT0000000000198301/TRONROUT0000000356918027/TRONROUT0000002345461428","INSEEDBAN":null,"COMDEL_BAN":null,"DATE_CREAT":"2023-12-08T13:42:59","DATE_MAJ":"2024-04-24T20:41:02","NOM_NORMA":"RTE DES PELOUSES MARIGNY","ID_BAN_ODO":null,"Nom_a_verifier":false,"other_tags":"nan"},"geometry":{"type":"MultiLineString","coordinates":[[[2.443585879834939,48.845558436070021],[2.443919448602258,48.845711977496769],[2.444164922216326,48.845821040461331],[2.444286978123055,48.845875568586159]],[[2.443585879834939,48.845558436070021],[2.443258914469265,48.845424710163549],[2.442967060028484,48.845320825453939]],[[2.442967060028484,48.845320825453939],[2.44278235811565,48.845263306119605],[2.442616674649583,48.845211271219327]],[[2.442616674649583,48.845211271219327],[2.442341259900842,48.845099367370054],[2.442306035678922,48.845080316767437],[2.442273603950703,48.845054983703733]],[[2.442208846466103,48.844994425161957],[2.442096072689602,48.84496422066551]],[[2.442273603950703,48.845054983703733],[2.442208846466103,48.844994425161957]],[[2.441924786595375,48.844926548302887],[2.441968291776211,48.844935744767476],[2.442096072689602,48.84496422066551]],[[2.441352285627851,48.844564135112222],[2.44144171184414,48.844611319030285],[2.441674767707565,48.844733819577073],[2.441825210322826,48.84480916788322],[2.441876678767639,48.844838187299814],[2.441918580567613,48.844869860124781],[2.441934661465105,48.84489511701873],[2.441934468866717,48.844913103176651],[2.441924786595375,48.844926548302887]],[[2.441352285627851,48.844564135112222],[2.441131320494322,48.844457878752607],[2.441014759921373,48.844399775571965]]]}},
{"type":"Feature","properties":{"ID":"VOIE_NOM0000002338741673","ID_BAN":"75112_8700","name":"Avenue de Saint-Maurice","INSEE_COM":"75112","NOM_COM":"Paris 12e Arrondissement","SRC_BAN":"commune","NOM_COLL":"AV DE SAINT-MAURICE","TYPE_VOIE":"avenue","MOT_DIR":"Maurice","LD_BAN":null,"ID_SUPP":"TRONROUT0000000000202480/TRONROUT0000000000202481/TRONROUT0000000000202482/TRONROUT0000000000202484/TRONROUT0000000000203295/TRONROUT0000000000203296/TRONROUT0000000000204053/TRONROUT0000000000205489/TRONROUT0000000000205491/TRONROUT0000000000205494/TRON","INSEEDBAN":null,"COMDEL_BAN":null,"DATE_CREAT":"2023-12-08T13:42:59","DATE_MAJ":"2025-04-09T22:52:28","NOM_NORMA":"AV DE SAINT-MAURICE","ID_BAN_ODO":null,"Nom_a_verifier":false,"other_tags":"nan"},"geometry":{"type":"MultiLineString","coordinates":[[[2.419851263781683,48.826122003071461],[2.419670554472701,48.826693125293019],[2.419558284994922,48.826989372265686]],[[2.419558284994922,48.826989372265686],[2.419467036313887,48.827232658341543],[2.419403839768494,48.827403231624196],[2.419384059461289,48.827466990771939]],[[2.419380794273114,48.827882483177596],[2.419359621920758,48.827581991312918]],[[2.419359621920758,48.827581991312918],[2.419378280592393,48.827496641882043],[2.419384059461289,48.827466990771939]],[[2.419380794273114,48.827882483177596],[2.41943183304415,48.828192113627885]],[[2.420064792728463,48.834600465592608],[2.420112000426244,48.834520651171921],[2.420160490219654,48.834448037847167],[2.420275548915188,48.834269622318132],[2.420324238262546,48.834179022615807],[2.420356590319741,48.834087444351482]],[[2.419796237439636,48.834983191087133],[2.419868107081872,48.834890905336053]],[[2.419868107081872,48.834890905336053],[2.419944263454126,48.834780653068947]],[[2.419944263454126,48.834780653068947],[2.420005264368331,48.834685616423698],[2.420064792728463,48.834600465592608]],[[2.420368541609003,48.833625229440251],[2.420360765877298,48.833466903741339],[2.420344890134047,48.832934403309913],[2.420357667963158,48.832765384749194],[2.420379481281955,48.8326413781732]],[[2.420356590319741,48.834087444351482],[2.420369500657876,48.83402904830097],[2.420379814160509,48.833836634509204],[2.420368541609003,48.833625229440251]],[[2.420379481281955,48.8326413781732],[2.420389736790075,48.83257667362971],[2.420499104058801,48.832051974589973],[2.420513395932724,48.831991786384869],[2.420545893568692,48.831764404475258],[2.420574524251411,48.831517217740881],[2.420577443048846,48.83125461717087],[2.420575705518035,48.831043257828519],[2.420561868362428,48.830817449972379],[2.420535781804454,48.830590683354444],[2.420475811359911,48.830348463275882],[2.420408880714657,48.830119699879575],[2.420333487760801,48.829916977014619],[2.420297779724313,48.829820571704687]],[[2.420297779724313,48.829820571704687],[2.420213804702137,48.82965468114962],[2.42014690784882,48.829545533431038],[2.420071918478268,48.829429151486153],[2.420002187881294,48.82932988295952],[2.419908469524209,48.829182831569987],[2.419668452151976,48.828839907524532],[2.419635159963925,48.828771394034035],[2.41956318745738,48.828628944654639]],[[2.419851263781683,48.826122003071461],[2.419888428308701,48.825964793644559],[2.419943066518626,48.825583725795951],[2.419951969149484,48.825518114954534],[2.419960851747227,48.825454302752078],[2.419987047823377,48.82518102121881],[2.419996929396736,48.824904962376984],[2.419995716058402,48.824769151509493],[2.419993792397718,48.824697192513163],[2.419994392675581,48.824643233171791],[2.419979266413303,48.824288807614849],[2.419973116718001,48.824229419286944]],[[2.419962519541093,48.824080072251441],[2.419973116718001,48.824229419286944]]]}},
{"type":"Feature","properties":{"ID":"VOIE_NOM0000002338742075","ID_BAN":"75112_r636","name":"Avenue des Minimes","INSEE_COM":"75112","NOM_COM":"Paris 12e Arrondissement","SRC_BAN":"commune","NOM_COLL":"AV DES MINIMES","TYPE_VOIE":"avenue","MOT_DIR":"Minimes","LD_BAN":null,"ID_SUPP":"TRONROUT0000000000199124/TRONROUT0000000000199132/TRONROUT0000000000199842/TRONROUT0000000000199843/TRONROUT0000000000199873/TRONROUT0000000000199913/TRONROUT0000000000200782/TRONROUT0000000000201600/TRONROUT0000000000201609/TRONROUT0000000004406710/TRON","INSEEDBAN":null,"COMDEL_BAN":null,"DATE_CREAT":"2023-12-08T13:42:59","DATE_MAJ":"2024-10-08T22:05:18","NOM_NORMA":"AV DES MINIMES","ID_BAN_ODO":null,"Nom_a_verifier":false,"other_tags":"nan"},"geometry":{"type":"MultiLineString","coordinates":[[[2.44660262221979,48.83992358496802],[2.446321668409646,48.839950164940277],[2.44389965681679,48.840160171744365],[2.441474881580997,48.840371915371492],[2.439032316952636,48.840588922619446]],[[2.439032316952636,48.840588922619446],[2.438875482327828,48.840602576757185],[2.438812752328093,48.840607678630242]],[[2.43707709093976,48.840592328749651],[2.437180723185723,48.840584722164031],[2.437516250266646,48.840552124762468],[2.437749458833418,48.840531636545307],[2.43791450691558,48.840514425049321]],[[2.43791450691558,48.840514425049321],[2.438264961654192,48.840487291830875]],[[2.438264961654192,48.840487291830875],[2.438559459569936,48.840468888539419]],[[2.438696819638025,48.840618826338947],[2.438677003003576,48.840561174533534],[2.438650199918818,48.84051967835628],[2.438608352034698,48.840483507707205],[2.438559459569936,48.840468888539419]],[[2.438696819638025,48.840618826338947],[2.438812752328093,48.840607678630242]],[[2.436159483020374,48.840525951560998],[2.436288252497932,48.840587714700519],[2.436403748029163,48.840617038317099],[2.436587569515507,48.840627797155243],[2.4369352522655,48.840605151555927],[2.43707709093976,48.840592328749651]],[[2.434127192507933,48.840850915953276],[2.434369979848756,48.840826882201483],[2.434574706524911,48.840794573852932],[2.434651246876263,48.840772451691151],[2.434707565207231,48.840730448072854],[2.434754404924848,48.840683003498377]],[[2.433610320131455,48.840895236371573],[2.433742594026074,48.840885070297908],[2.434067225681682,48.840852430984341],[2.434127192507933,48.840850915953276]],[[2.427444242380856,48.841580871568446],[2.427303780868215,48.841591890845642],[2.425818628737498,48.841715178374223],[2.425279762847905,48.841775545693913],[2.425182928889207,48.841784074004494]],[[2.425182928889207,48.841784074004494],[2.425095651972973,48.841790849453147],[2.42500427772606,48.841798504500815],[2.424919695918368,48.841807990845574],[2.424829614606771,48.841821947472411],[2.424738150931653,48.841837696097343],[2.424652097345378,48.841857068099195],[2.424534597793657,48.841886181695941],[2.424464863838393,48.841908330137379],[2.424400589618051,48.841929605451639],[2.424347225006843,48.84195003387272]],[[2.427575156761254,48.841570705799498],[2.427444242380856,48.841580871568446]],[[2.428130169985212,48.84152839247848],[2.427575156761254,48.841570705799498]],[[2.428244744502208,48.841517248507472],[2.428130169985212,48.84152839247848]],[[2.430718812462053,48.841293416355832],[2.43063972161067,48.841299335444212],[2.428351124513046,48.841507863981981],[2.428244744502208,48.841517248507472]],[[2.431678889116918,48.841214341206218],[2.431532950269272,48.841228037491554]],[[2.431532950269272,48.841228037491554],[2.430718812462053,48.841293416355832]],[[2.432487613868867,48.841145332708699],[2.432915783985954,48.841114087023179]],[[2.432487613868867,48.841145332708699],[2.432661163349909,48.841098490015227],[2.432902952122404,48.841041178305595]],[[2.432487613868867,48.841145332708699],[2.43233490237445,48.841155400414657]],[[2.43233490237445,48.841155400414657],[2.432248999683828,48.841161288241082]],[[2.432248999683828,48.841161288241082],[2.431678889116918,48.841214341206218]],[[2.433261183552391,48.840925959640238],[2.433433163875439,48.840897994881807],[2.433525917293216,48.840888541220743],[2.433610320131455,48.840895236371573]],[[2.433261183552391,48.840925959640238],[2.433403379476228,48.841005776616491],[2.433522883445893,48.841042316845353]],[[2.433522883445893,48.841042316845353],[2.43348176576499,48.841064606043197],[2.433424416025804,48.841076026069466],[2.433297581584715,48.841087116917308],[2.433067064326528,48.84111030729003],[2.432915783985954,48.841114087023179]],[[2.432902952122404,48.841041178305595],[2.433143690909259,48.840955081716935],[2.433261183552391,48.840925959640238]],[[2.454600371954033,48.836670468438328],[2.455382904835733,48.836620971798617],[2.455482345574294,48.836622323879219]],[[2.455482345574294,48.836622323879219],[2.455544787337719,48.836644192716022],[2.455668214774823,48.836696917247011],[2.455792882734498,48.836761338948591],[2.45591886640254,48.836830263290828]],[[2.454600371954033,48.836670468438328],[2.4539201727283,48.836705138099028],[2.453583337197192,48.836735976767947],[2.453468731465724,48.836751641631224],[2.453390870964843,48.836771071740408],[2.453299217276047,48.836806627209725],[2.45314035610894,48.83688504456935],[2.452958108178414,48.836984939361173],[2.452730722848617,48.83710171517086],[2.45254852060236,48.837197112744448],[2.452392334570073,48.837280038127879],[2.452208721474921,48.837379925505743],[2.452152553199844,48.837409347081881],[2.451952534214791,48.837514555066477]],[[2.451952534214791,48.837514555066477],[2.451763384895338,48.837622510603211],[2.451756525818151,48.837626975955509],[2.45158661903135,48.837718830957705],[2.451334581850707,48.83784718269181],[2.450842651385225,48.838114732583009],[2.450405590212803,48.838346558226192],[2.44966697821507,48.838749671863276],[2.449169448046356,48.839029779971156],[2.448810561064995,48.839211595634751],[2.448542046841738,48.839350657735466],[2.448384609308193,48.839421880378474],[2.448310687350324,48.839454815674046],[2.448224503657169,48.839487694364543],[2.447998840184261,48.83956849469449],[2.447810170656539,48.83962967952575],[2.447356506624494,48.839754393770846],[2.4469357769424,48.839856774653519],[2.446732290382335,48.839901700857126],[2.44660262221979,48.83992358496802]]]}},
{"type":"Feature","properties":{"ID":"VOIE_NOM0000002338742232","ID_BAN":"75112_lygxl1","name":"Avenue des Tribunes","INSEE_COM":"75112","NOM_COM":"Paris 12e Arrondissement","SRC_BAN":"commune","NOM_COLL":"AV DES TRIBUNES","TYPE_VOIE":"avenue","MOT_DIR":"Tribunes","LD_BAN":null,"ID_SUPP":"TRONROUT0000000000204728/TRONROUT0000000000204748/TRONROUT0000000000204749/TRONROUT0000000000204764/TRONROUT0000000000205432/TRONROUT0000000000205450/TRONROUT0000000000205465/TRONROUT0000000000206098/TRONROUT0000000000206114/TRONROUT0000000000206133/TRON","INSEEDBAN":null,"COMDEL_BAN":null,"DATE_CREAT":"2023-12-08T13:42:59","DATE_MAJ":"2024-03-12T16:10:18","NOM_NORMA":"AV DES TRIBUNES","ID_BAN_ODO":null,"Nom_a_verifier":false,"other_tags":"nan"},"geometry":{"type":"MultiLineString","coordinates":[[[2.443150767030029,48.824811761387743],[2.441388730458832,48.82489168169689]],[[2.441388730458832,48.82489168169689],[2.440629157747631,48.824974470592728],[2.440105638166046,48.825018787848926]],[[2.440105638166046,48.825018787848926],[2.439404648094711,48.825100044502278],[2.438786594439061,48.825195176828309],[2.438498799318911,48.825231599374924]],[[2.434351031873253,48.826000798859667],[2.433639361768023,48.826185398622769],[2.432773000868544,48.826440310636045]],[[2.430907268509001,48.827028627298574],[2.432383511028913,48.82655807860931],[2.432658225576423,48.826473042821412],[2.432773000868544,48.826440310636045]],[[2.438498799318911,48.825231599374924],[2.437395509234712,48.825356822470233]],[[2.434351031873253,48.826000798859667],[2.434656979619524,48.825924000512728],[2.43547488197246,48.825739896208823],[2.436736587775043,48.825451751940228],[2.437144593993743,48.82538352220088],[2.437395509234712,48.825356822470233]],[[2.426978418936347,48.828801407236256],[2.427364621889669,48.82861349059327],[2.427996209203611,48.828283747179015],[2.428853451448199,48.82787143706841],[2.4293560093555,48.827630107467705]],[[2.426836006727276,48.828869076698133],[2.426978418936347,48.828801407236256]],[[2.421596465918142,48.82953096784582],[2.422318015256489,48.829446317319096],[2.422435826764723,48.829386628737673]],[[2.420297779724313,48.829820571704687],[2.421418988330925,48.829566084060794],[2.421596465918142,48.82953096784582]],[[2.423900562048386,48.829354121206698],[2.42403006440784,48.829345751282673],[2.424353029822849,48.829334715089523],[2.424692459828423,48.829312964825881],[2.424941929098845,48.829296177275396],[2.425194231552602,48.829269509787629],[2.425456078598351,48.829241988254182],[2.425727638620256,48.82919832418591],[2.425984353366796,48.829141997115912],[2.426250780625248,48.829069527486872],[2.426540551274257,48.82898008122568],[2.426836006727276,48.828869076698133]],[[2.423900562048386,48.829354121206698],[2.423593971892635,48.829362537001224],[2.423538094442282,48.829364965783292],[2.423427701663137,48.829369829835827]],[[2.430600788184067,48.827153080004045],[2.430907268509001,48.827028627298574]],[[2.4293560093555,48.827630107467705],[2.429710335818987,48.827490596893789],[2.430600788184067,48.827153080004045]]]}},
{"type":"Feature","properties":{"ID":"VOIE_NOM0000002338742317","ID_BAN":"75112_wr50h0","name":"Avenue du Polygone","INSEE_COM":"75112","NOM_COM":"Paris 12e Arrondissement","SRC_BAN":"commune","NOM_COLL":"AV DU POLYGONE","TYPE_VOIE":"avenue","MOT_DIR":"Polygone","LD_BAN":null,"ID_SUPP":"TRONROUT0000000000199917/TRONROUT0000000000200836/TRONROUT0000000000201642/TRONROUT0000000000202455/TRONROUT0000000000202457/TRONROUT0000000000202466/TRONROUT0000000317486659/TRONROUT0000000317486660/TRONROUT0000000317486661/TRONROUT0000000317486662/TRON","INSEEDBAN":null,"COMDEL_BAN":null,"DATE_CREAT":"2023-12-08T13:42:59","DATE_MAJ":"2024-03-12T16:10:18","NOM_NORMA":"AV DU POLYGONE","ID_BAN_ODO":null,"Nom_a_verifier":false,"other_tags":"nan"},"geometry":{"type":"MultiLineString","coordinates":[[[2.430221547681009,48.834433433166616],[2.430421542305488,48.834582780457829],[2.430548711888879,48.834664328551298],[2.430700334131437,48.834752288423324],[2.430836932516009,48.834843774051244],[2.430970767544028,48.834938843814093],[2.430982939743703,48.834946995976516],[2.431130201876727,48.835060116657509]],[[2.431130201876727,48.835060116657509],[2.431161730753225,48.835042279372551],[2.431206745082851,48.83503709727119],[2.431250289180747,48.835041801139887],[2.431288256587459,48.835058170178336],[2.431313855508191,48.835084373376866],[2.431318971075696,48.835114975992084]],[[2.43113987337962,48.835172582851811],[2.431110158191168,48.835149058124962],[2.43110096569285,48.835117536748747],[2.431109492758163,48.83508520028807],[2.431130201876727,48.835060116657509]],[[2.431318971075696,48.835114975992084],[2.431311884915665,48.835140124424711],[2.431293939678735,48.835161623779832]],[[2.431293939678735,48.835161623779832],[2.431265164791825,48.835176776108227],[2.431228294649093,48.835184695043367],[2.431186063655991,48.835184494219945],[2.43113987337962,48.835172582851811]],[[2.431378778897201,48.835626996937798],[2.431365654854024,48.835706078325025]],[[2.432154436390551,48.839836086299833],[2.432172177706194,48.83995848315606]],[[2.431725648499056,48.837550578463308],[2.431500390214277,48.836343466235668],[2.431479809367752,48.836231847702251],[2.431429150995573,48.836004968005447],[2.431365654854024,48.835706078325025]],[[2.431725648499056,48.837550578463308],[2.431956209884336,48.83864709298625],[2.432039668897404,48.839115155690294],[2.432070416318371,48.839294273959609],[2.432072935333915,48.839313172439958],[2.43211753281393,48.839596681939746],[2.432136704956243,48.839712790116295],[2.432154436390551,48.839836086299833]],[[2.431293939678735,48.835161623779832],[2.431330366848399,48.835319185227597],[2.431369185278258,48.835507336291677]],[[2.43113987337962,48.835172582851811],[2.431151515695876,48.835229297996072],[2.431185963725234,48.835318498602689],[2.431240630432952,48.835427581283497],[2.431281615504491,48.835541995043627]],[[2.431369185278258,48.835507336291677],[2.431383464226814,48.835572158180014],[2.431378778897201,48.835626996937798]],[[2.431281615504491,48.835541995043627],[2.43131443675272,48.835655470602134],[2.431365654854024,48.835706078325025]]]}},
{"type":"Feature","properties":{"ID":"VOIE_NOM0000002338742628","ID_BAN":"75112_5008","name":"Rue Joseph Chailley","INSEE_COM":"75112","NOM_COM":"Paris 12e Arrondissement","SRC_BAN":"commune","NOM_COLL":"R JOSEPH CHAILLEY","TYPE_VOIE":"rue","MOT_DIR":"Chailley","LD_BAN":null,"ID_SUPP":"TRONROUT0000000000203398/TRONROUT0000000312564816/TRONROUT0000000338524289","INSEEDBAN":null,"COMDEL_BAN":null,"DATE_CREAT":"2023-12-08T13:42:59","DATE_MAJ":"2024-03-12T16:10:18","NOM_NORMA":"R JOSEPH CHAILLEY","ID_BAN_ODO":null,"Nom_a_verifier":false,"other_tags":"\"wikipedia\"=>\"fr:Rue_Joseph-Chailley\""},"geometry":{"type":"MultiLineString","coordinates":[[[2.403679490968039,48.833796808682024],[2.403640730648436,48.833850577325975]],[[2.404431144286395,48.832992923848643],[2.404379235710175,48.833005256478899],[2.404339525522065,48.83302304603081],[2.404303860891135,48.833044453180342],[2.404281777434753,48.833069525425209],[2.4041147577578,48.833260258269448],[2.404008364377953,48.833391035496625]],[[2.404008364377953,48.833391035496625],[2.403904664098921,48.833524524133864],[2.403679490968039,48.833796808682024]]]}},
{"type":"Feature","properties":{"ID":"VOIE_NOM0000002338742788","ID_BAN":"75112_r666","name":"Route de la Plaine","INSEE_COM":"75112","NOM_COM":"Paris 12e Arrondissement","SRC_BAN":"commune","NOM_COLL":"RTE DE LA PLAINE","TYPE_VOIE":"route","MOT_DIR":"Plaine","LD_BAN":null,"ID_SUPP":"TRONROUT0000000000205510/TRONROUT0000000000205529/TRONROUT0000000000205541/TRONROUT0000000000205543/TRONROUT0000000000205546/TRONROUT0000000000205557/TRONROUT0000000000205558/TRONROUT0000000000205568/TRONROUT0000000000205571/TRONROUT0000000230033016/TRON","INSEEDBAN":null,"COMDEL_BAN":null,"DATE_CREAT":"2023-12-08T13:42:59","DATE_MAJ":"2024-12-04T21:56:39","NOM_NORMA":"RTE DE LA PLAINE","ID_BAN_ODO":null,"Nom_a_verifier":false,"other_tags":"nan"},"geometry":{"type":"MultiLineString","coordinates":[[[2.409520953553084,48.826959121105041],[2.409292115201183,48.826958890370193],[2.409134094421717,48.826959908478166],[2.408973349491281,48.826960912914465],[2.408815287907859,48.82696552787953],[2.408654471549224,48.826972827124223]],[[2.408654471549224,48.826972827124223],[2.408518182659764,48.826979348094966],[2.408373670270749,48.82699032507854],[2.408220893507275,48.827009355323014],[2.408076268655229,48.827030224461183]],[[2.408076268655229,48.827030224461183],[2.408005318260146,48.827040665707003],[2.407827880858382,48.827072164553428]],[[2.407827880858382,48.827072164553428],[2.407692759552718,48.827095778395858],[2.407543925382337,48.827127418482696],[2.407411456404113,48.827157340736761],[2.407228365427565,48.827206798078699],[2.407063032282864,48.827251846335145],[2.40691820168096,48.827290700451726],[2.406781604751988,48.827324199015656],[2.406686023642205,48.827344410368276],[2.406628662657926,48.827357616325884],[2.406567276816747,48.827365406064999]],[[2.406492567032112,48.827347047923595],[2.406439691562782,48.827325200625729],[2.4063962585476,48.827311494501849]],[[2.406567276816747,48.827365406064999],[2.40651158499391,48.827351639153221],[2.406492567032112,48.827347047923595]],[[2.411875840523471,48.827224347368329],[2.41201599273153,48.827237627695027],[2.412126240087648,48.827245364641477],[2.41225836187232,48.827246014035651],[2.412423214130592,48.827243226621455],[2.412582678848381,48.827235016300733],[2.41265900598862,48.827230894336985],[2.412747601965394,48.827225933201575],[2.412878483163081,48.827215783385789],[2.413108785976675,48.827207020745121]],[[2.409953827966794,48.826984641249226],[2.410034078337335,48.826994930235074],[2.410217714083774,48.827017420880111],[2.410435351005102,48.827044575715746],[2.410636663580035,48.827069850966453],[2.410842062578601,48.827095146008276],[2.41104745161705,48.827121340016397],[2.411236485774901,48.827148352523864],[2.411426902512744,48.827173572796141],[2.411580594054382,48.82719411522487],[2.411730250217321,48.827210140757529],[2.411875840523471,48.827224347368329]],[[2.409953827966794,48.826984641249226],[2.40964210671472,48.826966014824968],[2.409520953553084,48.826959121105041]],[[2.413973610614831,48.826977425653133],[2.413740079165716,48.827031142604582],[2.413338445148306,48.827134399273604],[2.413108785976675,48.827207020745121]],[[2.414499845694685,48.826937732811317],[2.414475308189135,48.826939411415829],[2.414292628816575,48.826952906780157],[2.413973610614831,48.826977425653133]],[[2.416440232537256,48.826876166734849],[2.416178825663571,48.826864997815761],[2.415982717692021,48.826861342182788],[2.415802914285542,48.82686136335434],[2.415598533121975,48.826866660371593],[2.415403646076243,48.826875600928211],[2.41521014121003,48.826882749187263],[2.415008463862838,48.826889857157148],[2.414813485779412,48.826906890633218],[2.414645749011833,48.82692405713113],[2.414499845694685,48.826937732811317]],[[2.419101446111913,48.827524976695514],[2.418772293437454,48.827358792960474],[2.418442591108086,48.8272420709051],[2.417796058401375,48.827076139361836]],[[2.416440232537256,48.826876166734849],[2.416535476871033,48.826885625148265],[2.416762812009854,48.826898425864719],[2.417327127022865,48.826985717372295],[2.417637026958255,48.827045685864832],[2.417796058401375,48.827076139361836]],[[2.419101446111913,48.827524976695514],[2.419230393688738,48.827566074553935],[2.419263043766203,48.827569830580359],[2.419359621920758,48.827581991312918]]]}},
{"type":"Feature","properties":{"ID":"VOIE_NOM0000002338742887","ID_BAN":"75112_r530","name":"Avenue des Canadiens","INSEE_COM":"75112","NOM_COM":"Paris 12e Arrondissement","SRC_BAN":"commune","NOM_COLL":"AV DES CANADIENS","TYPE_VOIE":"avenue","MOT_DIR":"Canadiens","LD_BAN":null,"ID_SUPP":"TRONROUT0000000000207816/TRONROUT0000000000208139/TRONROUT0000000004411546/TRONROUT0000000083297791/TRONROUT0000000230033708/TRONROUT0000000230033711/TRONROUT0000000240162774/TRONROUT0000002490035498","INSEEDBAN":null,"COMDEL_BAN":null,"DATE_CREAT":"2023-12-08T13:42:59","DATE_MAJ":"2025-05-20T22:17:17","NOM_NORMA":"AV DES CANADIENS","ID_BAN_ODO":null,"Nom_a_verifier":false,"other_tags":"nan"},"geometry":{"type":"MultiLineString","coordinates":[[[2.462410746362474,48.818992833993462],[2.462653372042782,48.819105446696653]],[[2.462410746362474,48.818992833993462],[2.462227867689942,48.818897577577388],[2.462054448521657,48.818809558406002],[2.461878343335892,48.818717929396414],[2.461490745068492,48.818532712453333],[2.461149257419275,48.818366588844107],[2.460795608293173,48.818191415655932],[2.460432475156999,48.818011701722249],[2.459989331236615,48.817799247887891],[2.459540902052885,48.817571479118136]],[[2.459540902052885,48.817571479118136],[2.459302142590014,48.817481361703372],[2.45910155246911,48.817387818981565]],[[2.458975677372445,48.817181292924651],[2.459071891024342,48.817227596294316]],[[2.45910155246911,48.817387818981565],[2.459022948949299,48.81735058905651],[2.458768185532602,48.817228020686855]],[[2.458053997051857,48.817019728503297],[2.458158866445697,48.8170193044092],[2.45824465168761,48.817020592503006],[2.458315428899176,48.817024510666052],[2.458361665353767,48.817031015742266],[2.458406530659893,48.817038413963644],[2.458445958040635,48.81704488816451],[2.458481309311527,48.817050444517896],[2.458691971252546,48.817091870236901],[2.45876260857606,48.817109278108056],[2.458975677372445,48.817181292924651]],[[2.45575947521855,48.817256634302005],[2.456254155215532,48.817226507463445],[2.456844227843741,48.817190516336581],[2.457871912113224,48.817111538566856],[2.45822482003036,48.817094251302791],[2.458350004784188,48.817104711575887],[2.458481877282703,48.817126893865776],[2.458659753087043,48.817178064257043],[2.458768185532602,48.817228020686855]],[[2.455667725443218,48.817174373618165],[2.455757671437663,48.81716848744513],[2.456109199858342,48.817152998890002],[2.456286358632708,48.817142112757864],[2.456567137611733,48.817120005498332],[2.456928329338076,48.817091967220847],[2.456946051737126,48.817090248966039],[2.457363143177551,48.817056167631584],[2.457816956427097,48.817026748235193],[2.458053997051857,48.817019728503297]]]}},
{"type":"Feature","properties":{"ID":"VOIE_NOM0000002338743157","ID_BAN":"75112_6001","name":"Rue Marcel Dubois","INSEE_COM":"75112","NOM_COM":"Paris 12e Arrondissement","SRC_BAN":"commune","NOM_COLL":"R MARCEL DUBOIS","TYPE_VOIE":"rue","MOT_DIR":"Dubois","LD_BAN":null,"ID_SUPP":"TRONROUT0000000000202551/TRONROUT0000000000202565/TRONROUT0000000230033241/TRONROUT0000000312564817/TRONROUT0000000338524297","INSEEDBAN":null,"COMDEL_BAN":null,"DATE_CREAT":"2023-12-08T13:42:59","DATE_MAJ":"2024-03-12T16:10:18","NOM_NORMA":"R MARCEL DUBOIS","ID_BAN_ODO":null,"Nom_a_verifier":false,"other_tags":"\"wikipedia\"=>\"fr:Rue_Marcel-Dubois\""},"geometry":{"type":"MultiLineString","coordinates":[[[2.406793822409859,48.833912124564229],[2.406352667595586,48.834249895576384],[2.406261897826513,48.834324991632251]],[[2.406261897826513,48.834324991632251],[2.406211033049303,48.834365210521355]],[[2.405709182087057,48.8347683312995],[2.405652857088702,48.834809422173898]],[[2.406211033049303,48.834365210521355],[2.406154667901086,48.834409898900375]],[[2.406154667901086,48.834409898900375],[2.406003301884416,48.834542253190122],[2.405857537949865,48.83466114464327],[2.405709182087057,48.8347683312995]]]}},
{"type":"Feature","properties":{"ID":"VOIE_NOM0000002338743343","ID_BAN":"75112_1819","name":"Avenue Charles de Foucauld","INSEE_COM":"75112","NOM_COM":"Paris 12e Arrondissement","SRC_BAN":"commune","NOM_COLL":"AV CHARLES DE FOUCAULD","TYPE_VOIE":"avenue","MOT_DIR":"Foucauld","LD_BAN":null,"ID_SUPP":"TRONROUT0000000000203396/TRONROUT0000002206029308/TRONROUT0000002206029309","INSEEDBAN":null,"COMDEL_BAN":null,"DATE_CREAT":"2023-12-08T13:42:59","DATE_MAJ":"2024-03-12T16:10:18","NOM_NORMA":"AV CHARLES DE FOUCAULD","ID_BAN_ODO":null,"Nom_a_verifier":false,"other_tags":"nan"},"geometry":{"type":"MultiLineString","coordinates":[[[2.405714565520153,48.83334016712341],[2.405545229202148,48.83325658402903],[2.405427104420176,48.833221820999313],[2.40532927994453,48.833198850532931],[2.404530463758945,48.833004210749202]],[[2.403894202061208,48.832295039166425],[2.404080778753036,48.83241918207046],[2.404188882208292,48.832496166747362],[2.404230237280066,48.832572818853592],[2.404308789183765,48.832732397855828],[2.404351321874867,48.832825244349451],[2.404431144286395,48.832992923848643]],[[2.404530463758945,48.833004210749202],[2.404486985419138,48.832994101258862],[2.404431144286395,48.832992923848643]]]}},
{"type":"Feature","properties":{"ID":"VOIE_NOM0000002338743569","ID_BAN":"75112_r633","name":"Cours des Maréchaux","INSEE_COM":"75112","NOM_COM":"Paris 12e Arrondissement","SRC_BAN":"commune","NOM_COLL":"Cours des Maréchaux","TYPE_VOIE":"cours","MOT_DIR":"Maréchaux","LD_BAN":null,"ID_SUPP":"TRONROUT0000000000198306/TRONROUT0000000000198319/TRONROUT0000000000199105/TRONROUT0000000000199118/TRONROUT0000000000199119/TRONROUT0000000000199853/TRONROUT0000000000199865/TRONROUT0000000230033527/TRONROUT0000000230033605/TRONROUT0000000356901135/TRON","INSEEDBAN":null,"COMDEL_BAN":null,"DATE_CREAT":"2023-12-08T13:42:59","DATE_MAJ":"2025-03-04T21:54:12","NOM_NORMA":"CRS DES MARECHAUX","ID_BAN_ODO":null,"Nom_a_verifier":false,"other_tags":"nan"},"geometry":{"type":"MultiLineString","coordinates":[[[2.439080065591214,48.842482290403382],[2.438774566274298,48.840990625301664],[2.438722683409171,48.840747555671157],[2.438696819638025,48.840618826338947]],[[2.439452477396276,48.84434210182247],[2.439080065591214,48.842482290403382]],[[2.439488703517968,48.844521242882188],[2.439452477396276,48.84434210182247]],[[2.438734682314843,48.844441262696215],[2.43860501637265,48.843829093771788]],[[2.438767196121514,48.844585311773912],[2.438742528225702,48.844471877522217],[2.438734682314843,48.844441262696215]],[[2.43860501637265,48.843829093771788],[2.438468676623521,48.843204302068145]],[[2.438468676623521,48.843204302068145],[2.438334032142429,48.842548939733526]],[[2.438334032142429,48.842548939733526],[2.438171181150846,48.841729761656325]],[[2.438171181150846,48.841729761656325],[2.438041000017227,48.841040243516169]],[[2.438041000017227,48.841040243516169],[2.437948320252409,48.840663877124157]],[[2.437948320252409,48.840663877124157],[2.43791450691558,48.840514425049321]]]}},
{"type":"Feature","properties":{"ID":"VOIE_NOM0000002338743620","ID_BAN":"75112_r583","name":"Avenue de Gravelle","INSEE_COM":"75112","NOM_COM":"Paris 12e Arrondissement","SRC_BAN":"commune","NOM_COLL":"AV DE GRAVELLE","TYPE_VOIE":"avenue","MOT_DIR":"Gravelle","LD_BAN":null,"ID_SUPP":"TRONROUT0000000000204840/TRONROUT0000000000204842/TRONROUT0000000000205576/TRONROUT0000000000206214/TRONROUT0000000000206215/TRONROUT0000000000206216/TRONROUT0000000000206219/TRONROUT0000000000206698/TRONROUT0000000000206709/TRONROUT0000000000206710/TRON","INSEEDBAN":null,"COMDEL_BAN":null,"DATE_CREAT":"2023-12-08T13:42:59","DATE_MAJ":"2025-05-20T22:17:17","NOM_NORMA":"AV DE GRAVELLE","ID_BAN_ODO":null,"Nom_a_verifier":false,"other_tags":"nan"},"geometry":{"type":"MultiLineString","coordinates":[[[2.407532296517471,48.826472619347072],[2.407588631465793,48.826429728642196],[2.407706677790518,48.826350269371332],[2.407875426181226,48.826244079913671],[2.408085331507646,48.826112012176601],[2.408285568754853,48.825991588045028],[2.408674960546762,48.825766872628506],[2.409175132460023,48.82550223157812],[2.409379135117874,48.825409704684226],[2.409648687584266,48.825302211737011],[2.409730745333062,48.825272937542252]],[[2.4063962585476,48.827311494501849],[2.406550193647732,48.827190843528548],[2.406890894669909,48.826937112605123],[2.407448546501513,48.826530663487382],[2.407532296517471,48.826472619347072]],[[2.411757414268485,48.824802659535983],[2.411931955241783,48.824785530545739],[2.412460883648101,48.824746759315346]],[[2.412460883648101,48.824746759315346],[2.412623085017662,48.824736763662585]],[[2.410907282795905,48.824939676044146],[2.411139313730769,48.824897648996163],[2.41136445297487,48.824862782547271],[2.411578685631939,48.824828761381163],[2.411757414268485,48.824802659535983]],[[2.410822613982786,48.824959045099298],[2.410907282795905,48.824939676044146]],[[2.409955145964196,48.825183208450888],[2.410104166452181,48.825134478206778],[2.410269520772101,48.825086727697553],[2.410449836696662,48.825040849462184],[2.410635549558314,48.82499949440983],[2.410822613982786,48.824959045099298]],[[2.409818302001615,48.825239193572678],[2.409955145964196,48.825183208450888]],[[2.409730745333062,48.825272937542252],[2.409818302001615,48.825239193572678]],[[2.412623085017662,48.824736763662585],[2.413110929286841,48.82471757392905],[2.413785106197646,48.82472267941948],[2.414411400604169,48.824746433443863],[2.414938217958817,48.82477419440098],[2.415082510945974,48.824782095222481]],[[2.415082510945974,48.824782095222481],[2.415248656759778,48.824784706500459]],[[2.419242242363507,48.824179104749838],[2.419386884881163,48.824155524087658],[2.419744259478014,48.8241095920188],[2.419962519541093,48.824080072251441]],[[2.41787247039753,48.824502513930739],[2.418067789813694,48.82445399914856],[2.418233094541387,48.82440983488911],[2.41860331160646,48.824311805170055],[2.418914650479385,48.824241368727719],[2.419242242363507,48.824179104749838]],[[2.417763188274805,48.824530761785745],[2.41787247039753,48.824502513930739]],[[2.415248656759778,48.824784706500459],[2.415420270823091,48.82478554553613],[2.415657291919882,48.824784005833855],[2.415976094429698,48.824777468860525],[2.416233716898834,48.824760739316609],[2.416513222032045,48.824736021650786],[2.416861089157998,48.82468825305822],[2.417131220375362,48.824649098300959],[2.417465596863688,48.8245895703717],[2.417763188274805,48.824530761785745]],[[2.402237349716066,48.829589567211407],[2.402470904475506,48.829535872844531],[2.402681353938132,48.829477565783463],[2.402871422397042,48.829414659751372],[2.403206566386744,48.829292219743031]],[[2.403206566386744,48.829292219743031],[2.403319829253656,48.829274797505121],[2.403471128826662,48.829266558573281],[2.403548904106558,48.829255254687133],[2.403632271906737,48.829231387477172],[2.403708890697082,48.829202090347771]],[[2.403708890697082,48.829202090347771],[2.403787097802401,48.829153014976683],[2.403861259512414,48.829100321913643],[2.403935523897376,48.829038635627228],[2.403998819141512,48.828983190209904],[2.404051299509554,48.828920495916122]],[[2.404051299509554,48.828920495916122],[2.40447207039581,48.828695051561873],[2.404813383430775,48.828508782529305],[2.404928550228594,48.828443701679113],[2.404994403687227,48.82840265834998]],[[2.404994403687227,48.82840265834998],[2.40507677680935,48.828346407885661],[2.40514539528833,48.828301780748696]],[[2.40514539528833,48.828301780748696],[2.40526625586033,48.828215143023357],[2.405376157666399,48.828133846900464],[2.405815894710641,48.827796970197646],[2.406247750587866,48.827433970952079],[2.4063962585476,48.827311494501849]],[[2.401277701981099,48.829527207331942],[2.401391491697593,48.829582638408382],[2.401451198694222,48.82960272334622],[2.40152456844341,48.829619279150052],[2.401607535165077,48.829630486715388],[2.401691956955668,48.829633607186068],[2.401907309411528,48.829622992542539],[2.402237349716066,48.829589567211407]],[[2.402237349716066,48.829589567211407],[2.401991380459234,48.829656689574264],[2.401798802477992,48.829700694915758],[2.401635025323253,48.829727756046154],[2.40146179558994,48.829747574699425],[2.401296914171759,48.829752145631197],[2.401126842423901,48.82973420613547],[2.400993693330716,48.829703860171989]],[[2.445859887030533,48.818667251050201],[2.446543359612542,48.81868750466861],[2.447386246782747,48.818701296249522],[2.448075396312063,48.818699982381531],[2.448226620039318,48.818695284072284],[2.448704861606852,48.818675905044209]],[[2.444800647030373,48.81863535622162],[2.44552498414685,48.81865490602889],[2.445859887030533,48.818667251050201]],[[2.442805552179056,48.81862337773525],[2.443821681235124,48.818611020410493],[2.44406542517492,48.818614852042941],[2.444800647030373,48.81863535622162]],[[2.439860604839101,48.8189199022246],[2.440123840940048,48.81888426074655],[2.440643531686751,48.818810246208592],[2.441081277907287,48.818757431378373],[2.44145354795493,48.818714202223418],[2.441584421454171,48.818702222258167],[2.441835263764093,48.818679110369246],[2.442110600080784,48.818657910987675],[2.442242787048389,48.818650433300284],[2.442723821425431,48.818624795595056],[2.442805552179056,48.81862337773525]],[[2.439860604839101,48.8189199022246],[2.439361291562355,48.818998505777742],[2.438829107999507,48.819094041088988],[2.438620277041037,48.819136230774191],[2.43824620376378,48.819219914464568],[2.438011321734233,48.819278169422098],[2.437757324417599,48.819340830905851],[2.437630310981197,48.819373510436193],[2.437221944751769,48.819479513971245]],[[2.436199553311468,48.819817358988978],[2.435923255031064,48.819926678832672],[2.435391015292641,48.820151708324495],[2.435288376214967,48.820197091673109]],[[2.436399137641037,48.819749048121999],[2.436199553311468,48.819817358988978]],[[2.437221944751769,48.819479513971245],[2.436906291755462,48.8195760596398],[2.436399137641037,48.819749048121999]],[[2.435288376214967,48.820197091673109],[2.435155551081546,48.820263017927452],[2.434918655736764,48.82038061590891],[2.434720009712845,48.820487601762927],[2.434359477090057,48.820702645726399],[2.434207221627362,48.820801755789283],[2.434108441496827,48.820867841942444],[2.433846372237205,48.821045576591843],[2.433757124646556,48.821111707577451],[2.433670581142283,48.821179650045579],[2.433117817390689,48.821661792549577],[2.433010559451307,48.821755718105365],[2.432881373109709,48.821862130771628],[2.432874514488914,48.821866595103835]],[[2.423449922693297,48.824158094103922],[2.423351908353471,48.824153124654131],[2.42305785549442,48.824139115145677],[2.422955755226633,48.824134125657885],[2.422878161027141,48.824130153724241]],[[2.422878161027141,48.824130153724241],[2.421826072954111,48.824058518183421]],[[2.421826072954111,48.824058518183421],[2.421718495045437,48.824056199267474],[2.421462449379508,48.824054061444421],[2.420677968534262,48.824047565509133],[2.420534898797368,48.824052268554297]],[[2.420534898797368,48.824052268554297],[2.420329137132225,48.824060265038135],[2.419962519541093,48.824080072251441]],[[2.425480577413107,48.824175961553088],[2.425131776070185,48.824185977120266],[2.424837534048814,48.824189059128642],[2.424653634008314,48.824190872600838],[2.424516101584393,48.824187512711646],[2.424332280975855,48.824182131104706],[2.423884261913609,48.824172778579396],[2.423625581060776,48.82416253835698],[2.423449922693297,48.824158094103922]],[[2.430269808521484,48.823286912567887],[2.430014105783506,48.823378329267328],[2.429860963974269,48.823432460860367],[2.429694192167297,48.823487426624816],[2.42937581636627,48.823580341783],[2.429226897097741,48.823621901515949],[2.428768027745991,48.823733031181924],[2.428318858027208,48.823828916151314],[2.427958492642778,48.823900041887505],[2.427741530761155,48.82393587803594],[2.427420879060437,48.823987406034455],[2.426982996027741,48.82404736519662],[2.426575194682028,48.824096674557545],[2.426232966554127,48.824128309752389],[2.425670034352096,48.824164280419019],[2.425480577413107,48.824175961553088]],[[2.430269808521484,48.823286912567887],[2.430565164841366,48.823181294211224],[2.430628080921096,48.823157310770576]],[[2.432874514488914,48.821866595103835],[2.432752274297343,48.821960449358045],[2.432660250931806,48.822031063177484],[2.432593006633571,48.82207751146111],[2.43227869211435,48.822299063838798],[2.431948207776807,48.822504349858754],[2.431615153769475,48.822695232782372],[2.431364403941039,48.822832543876743],[2.43124657822321,48.822895838900344],[2.43111929692395,48.822951893852739],[2.430716992303685,48.823122658598052],[2.430628080921096,48.823157310770576]],[[2.456018620303323,48.817611267459355],[2.456245181791374,48.817564631189512],[2.456701027212595,48.81747136973204],[2.456967155455497,48.81741771688251],[2.457323313530531,48.817350082107296],[2.457622058857788,48.81730287144881],[2.457817024421923,48.817282170711124],[2.458028256954595,48.817268738380754],[2.458572026805426,48.817232528844343],[2.458768185532602,48.817228020686855]],[[2.454880415834415,48.817839021521912],[2.456018620303323,48.817611267459355]],[[2.45164285046249,48.818387225412536],[2.451853029734667,48.818345019199668],[2.452547553550159,48.818220490067738],[2.452809500533462,48.81817672043416],[2.45308364710645,48.818138402269327],[2.45346143500099,48.818087066650286],[2.453929329945732,48.81801455642492],[2.454619730659145,48.817892694553493],[2.454880415834415,48.817839021521912]],[[2.45164285046249,48.818387225412536],[2.451319409784058,48.818450496541196],[2.451251175050775,48.818463674009529],[2.451079230943803,48.818496161592485]],[[2.448704861606852,48.818675905044209],[2.449666639248177,48.818651555594521],[2.449903745280806,48.818639156052704],[2.450161345480418,48.818620554670701],[2.450405374298931,48.818597393489583],[2.450574481730487,48.818575686319925],[2.450732684683928,48.818554828193818],[2.451079230943803,48.818496161592485]]]}},
{"type":"Feature","properties":{"ID":"VOIE_NOM0000002338743777","ID_BAN":"75112_2584","name":"Avenue Daumesnil","INSEE_COM":"75112","NOM_COM":"Paris 12e Arrondissement","SRC_BAN":"commune","NOM_COLL":"AV DAUMESNIL","TYPE_VOIE":"avenue","MOT_DIR":"Daumesnil","LD_BAN":null,"ID_SUPP":"TRONROUT0000000000196028/TRONROUT0000000000196819/TRONROUT0000000000196826/TRONROUT0000000000196837/TRONROUT0000000000196841/TRONROUT0000000000196846/TRONROUT0000000000197674/TRONROUT0000000000197678/TRONROUT0000000000197679/TRONROUT0000000000197683/TRON","INSEEDBAN":null,"COMDEL_BAN":null,"DATE_CREAT":"2023-12-08T13:42:59","DATE_MAJ":"2025-07-15T21:31:19","NOM_NORMA":"AV DAUMESNIL","ID_BAN_ODO":null,"Nom_a_verifier":false,"other_tags":"nan"},"geometry":{"type":"MultiLineString","coordinates":[[[2.405698045703072,48.835864600132865],[2.406005824771782,48.835755507292468],[2.406212403135366,48.83568008711211],[2.406301331618189,48.835647252106057],[2.406503740318224,48.835579005629256]],[[2.409804497233599,48.834400083932543],[2.409666378676708,48.834446169248082],[2.409613046510024,48.834463893292018],[2.409517310785207,48.834496697169023],[2.408841708236546,48.834726295204391],[2.408475159115669,48.834853092026727],[2.408323384762017,48.83490180634081]],[[2.408323384762017,48.83490180634081],[2.408170135527091,48.834960406163837]],[[2.410762546911125,48.834009986673571],[2.410524812514966,48.83407087138864],[2.410408654369238,48.834102675968836]],[[2.410764468397555,48.834201560690595],[2.410884835292848,48.834158984128955],[2.411009309093309,48.834114628941251],[2.411126961230333,48.834071139402134]],[[2.410762546911125,48.834009986673571],[2.410815796904464,48.833999456622749],[2.410901822333352,48.833981893066294],[2.411058766283229,48.833957483753586]],[[2.410764468397555,48.834201560690595],[2.410532182183489,48.834262472253776],[2.410191788068325,48.834366019787652],[2.410137124425431,48.834381039407752],[2.410053883681882,48.8343932199639],[2.409804497233599,48.834400083932543]],[[2.409804497233599,48.834400083932543],[2.409859670059079,48.834340098778391],[2.409929746218191,48.834287382032507],[2.410277368784556,48.834146996949357],[2.410408654369238,48.834102675968836]],[[2.412586590425243,48.833778828525674],[2.412742018752124,48.833767900026224]],[[2.412586590425243,48.833778828525674],[2.412301504825286,48.833810704555795],[2.412083209826148,48.833839310770294],[2.411844419906812,48.833873211992518],[2.411628818451133,48.833904528716289],[2.411471874927622,48.833928938778136]],[[2.411471874927622,48.833928938778136],[2.411312949474783,48.83400820009232]],[[2.411312949474783,48.83400820009232],[2.411126961230333,48.834071139402134]],[[2.411058766283229,48.833957483753586],[2.411229373265266,48.833929544035549],[2.411471874927622,48.833928938778136]],[[2.412742018752124,48.833767900026224],[2.412954691917735,48.833754554209641],[2.413170099598751,48.833740322067513],[2.413505425613419,48.833723080160823],[2.413921063446627,48.833711627056708],[2.414200304373577,48.833714793746736],[2.41440187689856,48.833719378273173],[2.414633378560053,48.833727706394995],[2.414898855796042,48.833743395188776],[2.415166997155564,48.833764492602789],[2.415470466512807,48.833793856345167],[2.415752049454575,48.833831206683456],[2.41596829499726,48.833863740518694],[2.416198022348806,48.833908930858868],[2.416456276936897,48.833961454846104],[2.416608457114133,48.833997272390796],[2.416996956303084,48.834098096672676],[2.417337888379132,48.834188794968711]],[[2.403500727191159,48.836680177003096],[2.402262573372123,48.837131771650157]],[[2.404068529132845,48.836469858246176],[2.403500727191159,48.836680177003096]],[[2.40422859901,48.836411297684698],[2.404068529132845,48.836469858246176]],[[2.404274311439377,48.836464587763558],[2.40422859901,48.836411297684698]],[[2.404641765480071,48.836260463189234],[2.40422859901,48.836411297684698]],[[2.405736137655788,48.835988901490659],[2.404970042302261,48.836265694140586],[2.404313294574143,48.836510649408119],[2.404274311439377,48.836464587763558]],[[2.405637776156872,48.835893080283853],[2.405394208646802,48.835986302855851],[2.405316228783307,48.836014694802358],[2.404641765480071,48.836260463189234]],[[2.405698045703072,48.835864600132865],[2.405637776156872,48.835893080283853]],[[2.402124399648174,48.83718144538728],[2.400823161049102,48.837666885480161]],[[2.402262573372123,48.837131771650157],[2.402124399648174,48.83718144538728]],[[2.400823161049102,48.837666885480161],[2.399643770075981,48.838098961229193]],[[2.399643770075981,48.838098961229193],[2.399434416808016,48.838177054151174]],[[2.399434416808016,48.838177054151174],[2.399141626826858,48.838283507194987]],[[2.399141626826858,48.838283507194987],[2.398688753652468,48.83844851277054]],[[2.398688753652468,48.83844851277054],[2.397557187390742,48.838865519077608],[2.397470983071009,48.838897461903805]],[[2.397470983071009,48.838897461903805],[2.397139944622228,48.839011811607193],[2.396786887937496,48.839144935946109]],[[2.392747482003146,48.840287372036968],[2.393265199596504,48.840173082164874],[2.393877120101795,48.840042179557706],[2.394463183108045,48.839908444848099],[2.394487779600888,48.839902273829289],[2.394875820864996,48.839808005808578]],[[2.394875820864996,48.839808005808578],[2.394964627819339,48.839786870357479]],[[2.392505694532625,48.840341005386449],[2.392747482003146,48.840287372036968]],[[2.392022055157039,48.840453666455296],[2.392505694532625,48.840341005386449]],[[2.434076864513653,48.840466652485063],[2.434292904994269,48.84052163576704]],[[2.425679781117103,48.837746542977456],[2.425589068146014,48.837694843884329],[2.425349686222717,48.837534507384404]],[[2.423095835199,48.836216887131393],[2.423487415987865,48.836411238419352],[2.423823343135022,48.836587333089689],[2.424137475264236,48.836763321851969],[2.42443663375873,48.836938338341596],[2.424440690973189,48.836941055946006],[2.424938696651208,48.837245636319487],[2.425349686222717,48.837534507384404]],[[2.420846708088572,48.83534263085663],[2.420621447102114,48.835262396057168],[2.420386670788107,48.835180315990321],[2.420222454034239,48.835123759640069],[2.419796237439636,48.834983191087133]],[[2.422138636243513,48.835797660960402],[2.422038224535489,48.835761201345768],[2.421675906213893,48.835631740700698],[2.421016385376026,48.835398313402003],[2.420915945249886,48.835364550773839],[2.420846708088572,48.83534263085663]],[[2.422138636243513,48.835797660960402],[2.422552365932065,48.835959745398704],[2.422831587636039,48.836088802392631],[2.422865466222099,48.836105154368468],[2.423095835199,48.836216887131393]],[[2.429969948952844,48.839376916931201],[2.429661550248655,48.83929630339086],[2.42877721187631,48.839056451769302],[2.427865002060416,48.838749907656961],[2.42720427898302,48.83849582443856],[2.426507302800674,48.838193897625729],[2.426198316398459,48.838044021505468],[2.425951841875007,48.837908834327592],[2.425679781117103,48.837746542977456]],[[2.429969948952844,48.839376916931201],[2.430522883283417,48.839522548494884],[2.43069133998396,48.839567418886226],[2.430790520525782,48.839593072894495],[2.431244307791234,48.839710349156945],[2.431708898336711,48.839836668577114],[2.432101537898987,48.839939261310022],[2.432172177706194,48.83995848315606]],[[2.432325699631453,48.839998783533424],[2.432172177706194,48.83995848315606]],[[2.432325699631453,48.839998783533424],[2.434033413282858,48.840452956559794],[2.434076864513653,48.840466652485063]],[[2.391166951499086,48.840639981836993],[2.392022055157039,48.840453666455296]],[[2.389441665291389,48.84101881282502],[2.391166951499086,48.840639981836993]],[[2.388127485184376,48.84131158510062],[2.388430792107871,48.841241187282179],[2.388896661022708,48.841134745478485]],[[2.388896661022708,48.841134745478485],[2.389022321785092,48.841108406539931]],[[2.389022321785092,48.841108406539931],[2.389150675678228,48.841084779302612]],[[2.389150675678228,48.841084779302612],[2.389441665291389,48.84101881282502]],[[2.387363161953784,48.841538808796308],[2.387572515107252,48.841463435154957]],[[2.387572515107252,48.841463435154957],[2.387945699200492,48.84136011995799],[2.388127485184376,48.84131158510062]],[[2.38694004912025,48.841716513192743],[2.387044124531667,48.8416720785102],[2.387194787507095,48.841605398395856],[2.387363161953784,48.841538808796308]],[[2.38694004912025,48.841716513192743],[2.38658237380528,48.841890954205468]],[[2.385421933726755,48.842430909519372],[2.386065876941529,48.842130232422598],[2.38658237380528,48.841890954205468]],[[2.385153350576497,48.842559936533114],[2.384997104972153,48.842637377660751]],[[2.385421933726755,48.842430909519372],[2.385153350576497,48.842559936533114]],[[2.384997104972153,48.842637377660751],[2.383707579165655,48.84325939350741]],[[2.383707579165655,48.84325939350741],[2.382981357823303,48.843601903277907]],[[2.382981357823303,48.843601903277907],[2.382438566809082,48.843872507575298],[2.382013746476234,48.844076266944839]],[[2.382013746476234,48.844076266944839],[2.381694423780821,48.844231105369047]],[[2.381694423780821,48.844231105369047],[2.381573839044035,48.844288041021649]],[[2.380451391246126,48.844832640682498],[2.380988645647842,48.844571010463973],[2.381573839044035,48.844288041021649]],[[2.38014997551611,48.844970479858617],[2.380451391246126,48.844832640682498]],[[2.379897823742477,48.845090586468395],[2.38014997551611,48.844970479858617]],[[2.379486705391912,48.845286313544975],[2.379614160975132,48.845224918864126],[2.379718303156103,48.845175994182995],[2.379897823742477,48.845090586468395]],[[2.377991429401872,48.846010625747752],[2.379486705391912,48.845286313544975]],[[2.377479991029248,48.846275974086616],[2.377991429401872,48.846010625747752]],[[2.377479991029248,48.846275974086616],[2.377115482867138,48.846446753425496],[2.376733000623197,48.846639022571104]],[[2.376733000623197,48.846639022571104],[2.376180715057604,48.846900555040861]],[[2.376180715057604,48.846900555040861],[2.376021728692924,48.846977070633955],[2.375936752659349,48.847017997820792],[2.375714687643113,48.847127460150539]],[[2.375714687643113,48.847127460150539],[2.375321359114273,48.847314271982576]],[[2.374818285765662,48.847561665318551],[2.375321359114273,48.847314271982576]],[[2.373985003085811,48.847958421004911],[2.374818285765662,48.847561665318551]],[[2.373837019274545,48.848025997664344],[2.373985003085811,48.847958421004911]],[[2.372559523129856,48.84864525661915],[2.372820014681232,48.848514417129351],[2.373181858579747,48.848340939019081],[2.373837019274545,48.848025997664344]],[[2.371986625689372,48.848917453649392],[2.372559523129856,48.84864525661915]],[[2.371986625689372,48.848917453649392],[2.371892061468506,48.848961925018386],[2.371539736647982,48.84913634853347],[2.371471148737195,48.849173761166092]]]}},
{"type":"Feature","properties":{"ID":"VOIE_NOM0000002338743851","ID_BAN":"75112_v3t3wd","name":"Avenue de l'Ecole de Joinville","INSEE_COM":"75112","NOM_COM":"Paris 12e Arrondissement","SRC_BAN":"commune","NOM_COLL":"AV DE L'ECOLE DE JOINVILLE","TYPE_VOIE":"avenue","MOT_DIR":"Joinville","LD_BAN":null,"ID_SUPP":"TRONROUT0000000000206993/TRONROUT0000000000206994/TRONROUT0000000000207443/TRONROUT0000000000207444/TRONROUT0000000000207460/TRONROUT0000000000207831/TRONROUT0000000258513263/TRONROUT0000000315494349/TRONROUT0000000357536472/TRONROUT0000000358476540/TRON","INSEEDBAN":null,"COMDEL_BAN":null,"DATE_CREAT":"2023-12-08T13:42:59","DATE_MAJ":"2024-03-12T16:10:18","NOM_NORMA":"AV DE L'ECOLE DE JOINVILLE","ID_BAN_ODO":null,"Nom_a_verifier":false,"other_tags":"nan"},"geometry":{"type":"MultiLineString","coordinates":[[[2.451620550072098,48.818435689298745],[2.45164285046249,48.818387225412536]],[[2.451620550072098,48.818435689298745],[2.451582994920774,48.818510165037516],[2.45156198060831,48.818565829792213]],[[2.45156198060831,48.818565829792213],[2.451551917885052,48.818616148534822],[2.451555700772073,48.81864494582662],[2.451566292969416,48.818673774349733],[2.451725025868629,48.818991081582823],[2.451805442721367,48.819114664363006],[2.451923661632332,48.819269898391504],[2.451972159883164,48.819320485543443],[2.452071956031751,48.819414477629394],[2.452159845200462,48.819475138290869]],[[2.454068218286795,48.819838219120122],[2.454129832947875,48.819807022394343],[2.454181867232725,48.819780278765371],[2.454240673260837,48.819757163509216],[2.454310327291692,48.81973859459071],[2.454386724843884,48.819726352006576],[2.454475285269191,48.819723158584587],[2.454633254987308,48.819724778547105],[2.454795300979105,48.819727316258984],[2.454996700774336,48.819743523707082],[2.455405032838833,48.819767868433424],[2.455847309319819,48.81980225933119],[2.456285500707706,48.819836630014208],[2.456576739437536,48.819857740125641]],[[2.456576739437536,48.819857740125641],[2.457521275556666,48.819921387507854],[2.458034391995732,48.819954292917529],[2.458328383910468,48.819972713118318],[2.458586910696,48.819996368249477]],[[2.452159845200462,48.819475138290869],[2.452242362617994,48.819528579297113],[2.452364280417414,48.819591194422628],[2.452418472496318,48.819618423773605],[2.452465959078006,48.819635729299584],[2.452541950893503,48.819662159040817],[2.452620751530347,48.819680507240903],[2.453080333798185,48.819752761237467],[2.453455828848591,48.819791352379113],[2.453827332981412,48.819820930388659],[2.453918513779838,48.819827642439336]],[[2.453918513779838,48.819827642439336],[2.453966151734352,48.819830558102723],[2.454068218286795,48.819838219120122]],[[2.460200063795033,48.820728554526568],[2.460244709111916,48.820757535923747]],[[2.460244709111916,48.820757535923747],[2.460346247850558,48.820816453312617]],[[2.462265882299653,48.824455854324349],[2.462253826734129,48.824568221064055],[2.462256725503064,48.824683353140117],[2.462282481859753,48.824827367740603],[2.462323174282974,48.824975946307944],[2.462473753766232,48.8254317029539],[2.462592804768445,48.825907103597444],[2.462581519005533,48.825944826271652],[2.4625606803109,48.825984304745425],[2.462522107062049,48.826026401609141],[2.46245486567432,48.826074665165706]],[[2.461950110407221,48.822717753678688],[2.461958864627137,48.822793340065957],[2.461967618872436,48.822868926447512],[2.461999895740067,48.823040851119565],[2.46205212931127,48.823258733334079],[2.462236323079075,48.823888220274959],[2.462270278827284,48.824029573749975],[2.4622972114074,48.824191581078651],[2.46229895228834,48.824286921894746],[2.462265882299653,48.824455854324349]],[[2.460346247850558,48.820816453312617],[2.460442199545502,48.820888835960972],[2.46058428008355,48.820978514664709]],[[2.461950110407221,48.822717753678688],[2.461937613703583,48.822608873788113],[2.461900875695943,48.822209388503495],[2.461877409347457,48.822107654149825],[2.461855035859095,48.82203200641932],[2.461832448938571,48.821977043221096],[2.461793704361127,48.821904019899613],[2.461745454129783,48.821828255664109],[2.461694322310899,48.821767767718868],[2.461608077289521,48.821678341822377],[2.46153251445783,48.821609649467788],[2.461405458322062,48.821515542778386],[2.461314840379712,48.821453977424049],[2.460998257967174,48.821248393798562],[2.46079396444105,48.821116164686963],[2.460700614763958,48.82105548589125],[2.46058428008355,48.820978514664709]],[[2.458586910696,48.819996368249477],[2.458678083077174,48.820003975998993],[2.458762399324392,48.820016049503089],[2.458879326485409,48.820035465500041],[2.459081717454682,48.820087645393727],[2.459275583028606,48.820173962498643],[2.459402893125685,48.820242890349249],[2.460135101538806,48.820688688936514]],[[2.460135101538806,48.820688688936514],[2.460200063795033,48.820728554526568]]]}},
{"type":"Feature","properties":{"ID":"VOIE_NOM0000002338743868","ID_BAN":"75112_p288","name":"Route du Champ de Manoeuvres","INSEE_COM":"75112","NOM_COM":"Paris 12e Arrondissement","SRC_BAN":"commune","NOM_COLL":"RTE DU CHAMP DE MANOEUVRES","TYPE_VOIE":"route","MOT_DIR":"Manoeuvres","LD_BAN":null,"ID_SUPP":"TRONROUT0000000000201605/TRONROUT0000000000201608/TRONROUT0000000000202373/TRONROUT0000000000202384/TRONROUT0000000000202399/TRONROUT0000000000202408/TRONROUT0000000000202414/TRONROUT0000000356901148/TRONROUT0000000356901149/TRONROUT0000002202484445","INSEEDBAN":null,"COMDEL_BAN":null,"DATE_CREAT":"2023-12-08T13:42:59","DATE_MAJ":"2024-03-12T16:10:18","NOM_NORMA":"RTE DU CHAMP DE MANOEUVRES","ID_BAN_ODO":null,"Nom_a_verifier":false,"other_tags":"nan"},"geometry":{"type":"MultiLineString","coordinates":[[[2.445679109532888,48.834006923560729],[2.445381271919179,48.833958776080991]],[[2.446315520588809,48.834115995916406],[2.445866757405236,48.834040170067361],[2.445679109532888,48.834006923560729]],[[2.446315520588809,48.834115995916406],[2.446758826468958,48.834192694189369],[2.447119197452192,48.834253718341593],[2.447276924900897,48.834282327507545],[2.447805923281707,48.834372008887946]],[[2.447805923281707,48.834372008887946],[2.448181177005851,48.834442991495038],[2.448238278232811,48.834454047247263]],[[2.455788683722269,48.835467142539514],[2.455704578598868,48.835562991290708],[2.45560000101447,48.835662344236624],[2.455498363714748,48.835741025209444],[2.455358271349037,48.835849209846245]],[[2.45315947447118,48.835841875764785],[2.45288658466727,48.835751591298404],[2.452324583098313,48.835559254514024],[2.451735311352105,48.835369488120705],[2.451310303831508,48.835235333363805],[2.450864788351391,48.835108277800067],[2.449992693543668,48.834867739101213],[2.449412518104737,48.834721172201]],[[2.455358271349037,48.835849209846245],[2.455212353750623,48.835862935084386],[2.455039189853636,48.83587653601257],[2.454875590261182,48.835887482201976],[2.454733834623096,48.835894030952247],[2.454562070451395,48.835904040134892]],[[2.454562070451395,48.835904040134892],[2.454356163688596,48.83592198755769],[2.454097079499382,48.83594418873647],[2.453848978400211,48.835958345272147],[2.453613317095888,48.835955470296049],[2.453524842179549,48.83594787124111],[2.453436480446904,48.835929480328268],[2.453302026547463,48.835889294071471],[2.453280295595725,48.835882899232587],[2.45315947447118,48.835841875764785]],[[2.448238278232811,48.834454047247263],[2.448481639854777,48.834501037029639],[2.448840443515327,48.834581834665947],[2.449284786807779,48.834690005906438]],[[2.449284786807779,48.834690005906438],[2.449412518104737,48.834721172201]]]}},
{"type":"Feature","properties":{"ID":"VOIE_NOM0000002338743955","ID_BAN":"75112_3582","name":"Rue Ferdinand de Béhagle","INSEE_COM":"75112","NOM_COM":"Paris 12e Arrondissement","SRC_BAN":"commune","NOM_COLL":"R FERDINAND DE BEHAGLE","TYPE_VOIE":"rue","MOT_DIR":"Béhagle","LD_BAN":null,"ID_SUPP":"TRONROUT0000000338524282/TRONROUT0000000338524284","INSEEDBAN":null,"COMDEL_BAN":null,"DATE_CREAT":"2023-12-08T13:42:59","DATE_MAJ":"2024-03-12T16:10:18","NOM_NORMA":"R FERDINAND DE BEHAGLE","ID_BAN_ODO":null,"Nom_a_verifier":false,"other_tags":"\"wikipedia\"=>\"fr:Rue_Ferdinand-de-B%C3%A9hagle\""},"geometry":{"type":"MultiLineString","coordinates":[[[2.398790324433638,48.832005078708526],[2.398855862091118,48.831874100568811],[2.399074921224539,48.831424618497351],[2.399308023211205,48.830938332322461]],[[2.39876796908809,48.832053532139184],[2.398790324433638,48.832005078708526]]]}},
{"type":"Feature","properties":{"ID":"VOIE_NOM0000002338744009","ID_BAN":"75112_4057","name":"Avenue du Général Laperrine","INSEE_COM":"75112","NOM_COM":"Paris 12e Arrondissement","SRC_BAN":"commune","NOM_COLL":"AV DU GENERAL LAPERRINE","TYPE_VOIE":"avenue","MOT_DIR":"Laperrine","LD_BAN":null,"ID_SUPP":"TRONROUT0000000000202553/TRONROUT0000000000202566/TRONROUT0000000000203380/TRONROUT0000000289219370","INSEEDBAN":null,"COMDEL_BAN":null,"DATE_CREAT":"2023-12-08T13:42:59","DATE_MAJ":"2024-03-12T16:10:18","NOM_NORMA":"AV DU GENERAL LAPERRINE","ID_BAN_ODO":null,"Nom_a_verifier":false,"other_tags":"nan"},"geometry":{"type":"MultiLineString","coordinates":[[[2.406793822409859,48.833912124564229],[2.406434996128199,48.833719679077433],[2.405881229148365,48.833419239867872],[2.405714565520153,48.83334016712341]],[[2.40792831991522,48.834780236039549],[2.40797114671643,48.834847900307473]],[[2.407841202211226,48.834653893834371],[2.40776466634647,48.834555484228808],[2.40768544710992,48.834453463819642],[2.407624880882919,48.834388409659525],[2.407561365416476,48.834343126868227],[2.407239181410971,48.834162557122674],[2.406793822409859,48.833912124564229]],[[2.407841202211226,48.834653893834371],[2.40792831991522,48.834780236039549]]]}},
{"type":"Feature","properties":{"ID":"VOIE_NOM0000002338744166","ID_BAN":"75112_r572","name":"Avenue de Fontenay","INSEE_COM":"75112","NOM_COM":"Paris 12e Arrondissement","SRC_BAN":"commune","NOM_COLL":"AV DE FONTENAY","TYPE_VOIE":"avenue","MOT_DIR":"Fontenay","LD_BAN":null,"ID_SUPP":"TRONROUT0000000000199071/TRONROUT0000000000199072/TRONROUT0000000000199805/TRONROUT0000000000199811/TRONROUT0000000000200752/TRONROUT0000000354949908","INSEEDBAN":null,"COMDEL_BAN":null,"DATE_CREAT":"2023-12-08T13:42:59","DATE_MAJ":"2024-03-12T16:10:18","NOM_NORMA":"AV DE FONTENAY","ID_BAN_ODO":null,"Nom_a_verifier":false,"other_tags":"nan"},"geometry":{"type":"MultiLineString","coordinates":[[[2.460421247122574,48.839101748478789],[2.460294262099075,48.838996850308106]],[[2.461405211678708,48.840130548806862],[2.461289893020684,48.839951057850953],[2.461206585146177,48.839838263236032],[2.461055789347685,48.839664008335532],[2.460903381007129,48.83951402854909],[2.460802186653061,48.83941824075054],[2.460719842981911,48.83934412238095],[2.460641530909591,48.839275418262069],[2.460476667839933,48.839144268187368],[2.460421247122574,48.839101748478789]],[[2.462679256753385,48.841969162350878],[2.46276998613472,48.842023531048881],[2.462866156333516,48.842078823457641],[2.462979964788731,48.842141389793483],[2.463106008021659,48.842206708986936],[2.46318597737142,48.842247538763154]],[[2.462163664938383,48.841494684666927],[2.462303699920714,48.841656298524185],[2.462404836446678,48.841758380044901],[2.462511525259712,48.841850593525585],[2.462593986713449,48.841913918752276],[2.462679256753385,48.841969162350878]],[[2.461405211678708,48.840130548806862],[2.461516471721397,48.840307323284556],[2.461570002639026,48.840401097154064],[2.461612708605299,48.840487627433369],[2.461720790140666,48.840708455730443]],[[2.461720790140666,48.840708455730443],[2.461752615660076,48.840793138264971],[2.461789742467897,48.840892234307354],[2.461821661072107,48.840967923683259],[2.461872449752065,48.841063483728128],[2.461932664357983,48.841169878390929],[2.461996975851947,48.841275392083382],[2.462046625471277,48.841349362404401],[2.462104403566651,48.841427866019139],[2.462163664938383,48.841494684666927]]]}},
{"type":"Feature","properties":{"ID":"VOIE_NOM0000002338833667","ID_BAN":"75112_9ntjul","name":"Route de la Croix Rouge","INSEE_COM":"75112","NOM_COM":"Paris 12e Arrondissement","SRC_BAN":"commune","NOM_COLL":"RTE DE LA CROIX ROUGE","TYPE_VOIE":"route","MOT_DIR":"Rouge","LD_BAN":null,"ID_SUPP":"TRONROUT0000000000203395/TRONROUT0000000230033142/TRONROUT0000000230033144/TRONROUT0000000356869357/TRONROUT0000000356869360/TRONROUT0000002223374228","INSEEDBAN":null,"COMDEL_BAN":null,"DATE_CREAT":"2023-12-08T13:42:59","DATE_MAJ":"2024-03-12T16:10:18","NOM_NORMA":"RTE DE LA CROIX ROUGE","ID_BAN_ODO":null,"Nom_a_verifier":false,"other_tags":"nan"},"geometry":{"type":"MultiLineString","coordinates":[[[2.408786914007003,48.831149248992951],[2.408596030161311,48.831284109618039],[2.408472596703164,48.831357247256626],[2.408401262879891,48.831400963389044]],[[2.407543943956693,48.83180053517161],[2.407761514383435,48.831715273558324],[2.407954503319784,48.831635286065413],[2.408127120042946,48.83154980124624],[2.408223045201879,48.831499911393855],[2.408345035503833,48.831433961811193],[2.408401262879891,48.831400963389044]],[[2.404431772024685,48.832341786145399],[2.404316076460735,48.832333115688506],[2.404179968314327,48.832322544701441],[2.403980710279306,48.832235212760416]],[[2.405109099520146,48.832318176001706],[2.404929071969851,48.832336167123977],[2.404725979103794,48.832345948886619],[2.404584298728419,48.832346143019457],[2.404431772024685,48.832341786145399]],[[2.407543943956693,48.83180053517161],[2.407323679090323,48.831883084935733],[2.407078934789162,48.831961915475084],[2.406824797579131,48.8320281078025],[2.40654347702807,48.832088768515675]],[[2.40654347702807,48.832088768515675],[2.406247243241077,48.83214305897129],[2.405895055782408,48.832206064429407],[2.405542970026335,48.832260075696482],[2.405271448977879,48.832297398608013],[2.405109099520146,48.832318176001706]]]}},
{"type":"Feature","properties":{"ID":"VOIE_NOM0000002338833669","ID_BAN":"75112_5q7fco","name":"Route du Bosquet Mortemart","INSEE_COM":"75112","NOM_COM":"Paris 12e Arrondissement","SRC_BAN":"commune","NOM_COLL":"RTE DU BOSQUET MORTEMART","TYPE_VOIE":"route","MOT_DIR":"Mortemart","LD_BAN":null,"ID_SUPP":"TRONROUT0000000000203964/TRONROUT0000000000204651/TRONROUT0000000356908839/TRONROUT0000000356908854/TRONROUT0000000356908863","INSEEDBAN":null,"COMDEL_BAN":null,"DATE_CREAT":"2023-12-08T13:42:59","DATE_MAJ":"2024-03-12T16:10:18","NOM_NORMA":"RTE DU BOSQUET MORTEMART","ID_BAN_ODO":null,"Nom_a_verifier":false,"other_tags":"nan"},"geometry":{"type":"MultiLineString","coordinates":[[[2.461074140613974,48.829851179827841],[2.461376600195636,48.829978453234723]],[[2.461376600195636,48.829978453234723],[2.461721037529262,48.830130197597136]],[[2.464409117756656,48.83128355658188],[2.464652359087254,48.831342204762819],[2.464925680031122,48.831390194674618],[2.465079460418963,48.831405272346188],[2.465271216332046,48.831436708122851],[2.465400173070254,48.831481353332691]],[[2.461721037529262,48.830130197597136],[2.463694564005465,48.830957483566188],[2.464280356436507,48.831220024561709]],[[2.464280356436507,48.831220024561709],[2.464409117756656,48.83128355658188]]]}},
{"type":"Feature","properties":{"ID":"VOIE_NOM0000002338836622","ID_BAN":null,"name":"Route De La Belle Etoile","INSEE_COM":"75112","NOM_COM":"Paris 12e Arrondissement","SRC_BAN":null,"NOM_COLL":"RTE DE LA BELLE ETOILE","TYPE_VOIE":"route","MOT_DIR":"ETOILE","LD_BAN":null,"ID_SUPP":"TRONROUT0000000000205381/TRONROUT0000000000206113/TRONROUT0000000000206117/TRONROUT0000000000206131/TRONROUT0000000230032982/TRONROUT0000000230033096/TRONROUT0000000356876605","INSEEDBAN":null,"COMDEL_BAN":null,"DATE_CREAT":"2023-12-08T13:42:59","DATE_MAJ":"2024-12-16T22:01:03","NOM_NORMA":"RTE DE LA BELLE ETOILE","ID_BAN_ODO":null,"Nom_a_verifier":true,"other_tags":"nan"},"geometry":{"type":"MultiLineString","coordinates":[[[2.433692800995595,48.824024467026341],[2.433791904614882,48.824054615521952],[2.433999636442837,48.824115856713753],[2.434238480130279,48.824197030877073],[2.434973810898883,48.824465821631343],[2.435778339641212,48.824760116615323]],[[2.440783834305535,48.82655448472461],[2.441364922739265,48.826859388016999],[2.441610562312919,48.826944176359447],[2.443465339649057,48.827625548616311]],[[2.439637460932047,48.82612371764386],[2.439949574166406,48.826233103877115],[2.440783834305535,48.82655448472461]],[[2.438078286138186,48.825575881176341],[2.438887051823569,48.825859382280527],[2.439637460932047,48.82612371764386]],[[2.437395509234712,48.825356822470233],[2.437861174276852,48.825499313838748],[2.438078286138186,48.825575881176341]],[[2.43674015351978,48.825121700310014],[2.436869002203282,48.82517267179405],[2.437395509234712,48.825356822470233]],[[2.435778339641212,48.824760116615323],[2.436600506058822,48.825061684116783],[2.43674015351978,48.825121700310014]]]}},
{"type":"Feature","properties":{"ID":"VOIE_NOM0000002338836623","ID_BAN":null,"name":"Route De La Cascade","INSEE_COM":"75112","NOM_COM":"Paris 12e Arrondissement","SRC_BAN":null,"NOM_COLL":"RTE DE LA CASCADE","TYPE_VOIE":"route","MOT_DIR":"CASCADE","LD_BAN":null,"ID_SUPP":"TRONROUT0000000000200756/TRONROUT0000000000200758/TRONROUT0000000000200763/TRONROUT0000000000201590/TRONROUT0000000000202358/TRONROUT0000000000202367/TRONROUT0000000000202368/TRONROUT0000000000202369/TRONROUT0000000000202370/TRONROUT0000000000203958/TRON","INSEEDBAN":null,"COMDEL_BAN":null,"DATE_CREAT":"2023-12-08T13:42:59","DATE_MAJ":"2024-12-16T22:01:03","NOM_NORMA":"RTE DE LA CASCADE","ID_BAN_ODO":null,"Nom_a_verifier":true,"other_tags":"nan"},"geometry":{"type":"MultiLineString","coordinates":[[[2.459509382717057,48.835984956002576],[2.459497906035551,48.83604066437514],[2.459480774897497,48.8361161330795],[2.459462374649066,48.836182602456908],[2.459450515502883,48.836275182781257],[2.459444973646137,48.836415457635077],[2.459446364647578,48.836544072145848],[2.4594522063737,48.836637631790197],[2.459470122608903,48.836749233150691],[2.459486769839547,48.83685183518363],[2.459500832336861,48.836940935157564],[2.459514671078533,48.837051618697679],[2.459528826926742,48.837131725496953],[2.459549850498527,48.837206467172912],[2.459584413697977,48.837289364229513],[2.45963660365871,48.83738043511643],[2.459702463945,48.837467070933712],[2.459788815705539,48.837548403108009],[2.459890256174431,48.837619910414354],[2.459993077914787,48.837689625150134],[2.460096021028503,48.837747648696975],[2.460199001625354,48.837802074891968],[2.460430522564301,48.83794251979635]],[[2.461623385699441,48.833782065837646],[2.461651048789299,48.833741719140825],[2.46176562961915,48.833595639081288],[2.46192133718484,48.83342456182752],[2.462063189282057,48.833275906049458],[2.46220907162265,48.833132664372677],[2.462346649884481,48.833001976226008],[2.462486970469619,48.83286950151134],[2.462617560044039,48.832755869479215],[2.462782529115844,48.832610914082416],[2.462928259371708,48.832482060556103],[2.463095988202286,48.832333519646646],[2.463262205707211,48.832199361486104],[2.463455712887531,48.832060828700158],[2.463665602555119,48.831918771607121],[2.463841426704639,48.831777460789851]],[[2.459509382717057,48.835984956002576],[2.459687639523864,48.835874240880138],[2.459745611608338,48.835801654681013],[2.45980499243872,48.835724578018052],[2.45987534608834,48.835640355999942],[2.459948452069422,48.835553448285246],[2.460033827831294,48.835465696551609],[2.460132761092912,48.835384301457296],[2.460219172619855,48.835328031823906]],[[2.461355427517993,48.834796236653602],[2.461403971615049,48.834712814825153],[2.461473497910451,48.834576425228363],[2.461488891755887,48.83453692271361],[2.461494647451384,48.834507269759236],[2.461494366313761,48.834270736883049],[2.461478384890966,48.834103383988918]],[[2.460485565259608,48.835257284972343],[2.460582511598048,48.835236137596709],[2.460751761803135,48.83520542318427],[2.460952381758001,48.835171252472904],[2.461000192214203,48.835158876901062],[2.461037160097295,48.835141056299342],[2.461087890341313,48.83510980730594]],[[2.464409117756656,48.83128355658188],[2.464498547110299,48.831197618268419],[2.46458131301769,48.831097260258652],[2.46480780472355,48.830796987626591],[2.464906162592177,48.830637341209709],[2.464962944013611,48.830546759623203]],[[2.461144255622143,48.835060596492482],[2.461199267803078,48.835010480196331],[2.461258515457048,48.834945993201494],[2.46128755102763,48.834904753449123],[2.461313834100384,48.834866199370204],[2.461355427517993,48.834796236653602]],[[2.461478384890966,48.834103383988918],[2.461487264569607,48.834035072608685],[2.461495893383451,48.833991042816017],[2.461533473394341,48.833913867036777],[2.461623385699441,48.833782065837646]],[[2.460556239491635,48.838169724740112],[2.460591841566601,48.838284103593125],[2.460612560014614,48.838388522388129],[2.46062747538889,48.838527090549611],[2.460619872443698,48.838603501564926]],[[2.464037692167107,48.831635341941961],[2.46412859587055,48.831538618191694],[2.464310097298887,48.831374848037299],[2.464409117756656,48.83128355658188]],[[2.460430522564301,48.83794251979635],[2.46048297529891,48.838008409443439],[2.460517838371319,48.838062528095222],[2.460536483380811,48.838103982598085]],[[2.460219172619855,48.835328031823906],[2.460407718916044,48.835275820357666],[2.460485565259608,48.835257284972343]],[[2.464962944013611,48.830546759623203],[2.465037516514103,48.83044816331936]],[[2.463841426704639,48.831777460789851],[2.464037692167107,48.831635341941961]],[[2.461119501965636,48.835082968953301],[2.461144255622143,48.835060596492482]],[[2.461087890341313,48.83510980730594],[2.461119501965636,48.835082968953301]],[[2.460536483380811,48.838103982598085],[2.460556239491635,48.838169724740112]]]}},
{"type":"Feature","properties":{"ID":"VOIE_NOM0000002338836624","ID_BAN":null,"name":"Route Dom Perignon","INSEE_COM":"75112","NOM_COM":"Paris 12e Arrondissement","SRC_BAN":null,"NOM_COLL":"RTE DOM PERIGNON","TYPE_VOIE":"route","MOT_DIR":"PERIGNON","LD_BAN":null,"ID_SUPP":"TRONROUT0000000000204810/TRONROUT0000000000204811/TRONROUT0000000000205556/TRONROUT0000000000206221/TRONROUT0000000230032960/TRONROUT0000000230033042/TRONROUT0000000230033165/TRONROUT0000000312564968/TRONROUT0000000312564969","INSEEDBAN":null,"COMDEL_BAN":null,"DATE_CREAT":"2023-12-08T13:42:59","DATE_MAJ":"2025-04-09T22:52:28","NOM_NORMA":"RTE DOM PERIGNON","ID_BAN_ODO":null,"Nom_a_verifier":true,"other_tags":"nan"},"geometry":{"type":"MultiLineString","coordinates":[[[2.409520953553084,48.826959121105041],[2.409495087238196,48.82683757844022],[2.409483959299012,48.826737693415275],[2.409475861123807,48.826610842234786],[2.409474318627043,48.826506507668469],[2.40948675323246,48.826370764146013],[2.409507258235929,48.826244054160462],[2.409537409530845,48.826107498709213],[2.409577135732386,48.825967393024413],[2.409628855331444,48.825850730159601],[2.409678958089524,48.825756543552508],[2.409745415311082,48.825661538268896],[2.409807735279655,48.825571009378422],[2.409848079254084,48.825496560681472],[2.40988854526234,48.825411320115101],[2.409891574697393,48.825384353929515],[2.409889125469616,48.825360058822064],[2.409874580842561,48.825321314088313],[2.409867953923762,48.825305092704397]],[[2.409619842339074,48.827608954221461],[2.409647952357764,48.827893293679807],[2.40966392594658,48.828166780723784],[2.409659437485023,48.828442864801694],[2.409631792962852,48.828718834506738],[2.409610380863393,48.828925583545171]],[[2.408992835840884,48.830889450381576],[2.409225363918105,48.83044541253998],[2.409272788261634,48.830347615764154],[2.409303672914499,48.830266825252643],[2.409389189501068,48.830053198151113],[2.409458155867222,48.829857476584273]],[[2.409497854579311,48.829720069346429],[2.409524491912319,48.829533132362229],[2.409548251998855,48.829359671656974],[2.409582005171556,48.829145788687761],[2.409610380863393,48.828925583545171]],[[2.409594069778513,48.827358802268037],[2.40961166222379,48.827489297702471],[2.409619842339074,48.827608954221461]],[[2.409539095694277,48.827041053340736],[2.409580064606407,48.827272393640627],[2.409594069778513,48.827358802268037]],[[2.409818302001615,48.825239193572678],[2.409867953923762,48.825305092704397]],[[2.409520953553084,48.826959121105041],[2.409539095694277,48.827041053340736]],[[2.409458155867222,48.829857476584273],[2.409497854579311,48.829720069346429]]]}},
{"type":"Feature","properties":{"ID":"VOIE_NOM0000002338836637","ID_BAN":null,"name":"Route De La Faluere","INSEE_COM":"75112","NOM_COM":"Paris 12e Arrondissement","SRC_BAN":null,"NOM_COLL":"RTE DE LA FALUERE","TYPE_VOIE":"route","MOT_DIR":"FALUERE","LD_BAN":null,"ID_SUPP":"TRONROUT0000000000203219/TRONROUT0000000000203998/TRONROUT0000000000203999/TRONROUT0000000000204001/TRONROUT0000000000204002/TRONROUT0000000000204003/TRONROUT0000000000204005/TRONROUT0000000000204011/TRONROUT0000000000204697/TRONROUT0000000000204700/TRON","INSEEDBAN":null,"COMDEL_BAN":null,"DATE_CREAT":"2023-12-08T13:42:59","DATE_MAJ":"2024-12-16T22:01:03","NOM_NORMA":"RTE DE LA FALUERE","ID_BAN_ODO":null,"Nom_a_verifier":true,"other_tags":"nan"},"geometry":{"type":"MultiLineString","coordinates":[[[2.439228002035025,48.830885741225167],[2.439285107139543,48.830895901967665],[2.439313616173689,48.830905029263917],[2.439354336474182,48.830918710617333],[2.439381357625073,48.830939522657893],[2.439417778671963,48.830972969849832],[2.43944734050463,48.831010881702504],[2.439466140295152,48.831036152010107],[2.439478129187032,48.831061390394368],[2.43947924962743,48.831083879748995],[2.43948034105967,48.831109067059593],[2.439477384616192,48.831130637942515],[2.439470341613032,48.831152189672778],[2.439461936417742,48.831173735018012],[2.439449425314383,48.831197059846815],[2.439432846978362,48.831218566882917],[2.439409448017536,48.8312409413113],[2.439360070734439,48.831272187602544],[2.439291622736703,48.831303344468367],[2.439251916088945,48.831322044955208]],[[2.438831411592008,48.831028678724159],[2.438821576202131,48.83105651286693],[2.438817044320114,48.831097862355804],[2.438821960598539,48.831147350452099],[2.438841967429593,48.831187016345169],[2.438872900832667,48.831224035405164],[2.43891879899456,48.831262923388181],[2.438970262125835,48.831291045088228],[2.439021812411556,48.831311072898075],[2.439074879755173,48.831316717976485]],[[2.433968295572746,48.828759146950752],[2.434267694877199,48.828910757780015],[2.434685123430631,48.829106994737174],[2.435089001973517,48.829296870624596],[2.435496969883579,48.829486764404095],[2.435698975012021,48.829575855541201],[2.435849423639795,48.829645816465366],[2.436134044401492,48.829779365431641],[2.436436355166306,48.829914795787481]],[[2.438831411592008,48.831028678724159],[2.438876944418879,48.830974930500709],[2.438925017605317,48.830938282097001],[2.438979824193412,48.830908860172705],[2.439027713374604,48.830889298785415],[2.439104082474543,48.830881562681867],[2.439162685181312,48.830879139405859],[2.439228002035025,48.830885741225167]],[[2.444318092068889,48.83350056316975],[2.444360120442474,48.833519645019543],[2.444417056902709,48.833545990998147],[2.444467210924921,48.833569607361753],[2.444657015679955,48.833655928146868],[2.444751903924331,48.833700437399706],[2.444823701056312,48.833738543865167]],[[2.440264904174982,48.831625378786519],[2.441583830196128,48.832237714889082],[2.441873919041904,48.832372174644441],[2.443206466775198,48.832988153281661]],[[2.439074879755173,48.831316717976485],[2.439137501792665,48.831320609109625],[2.439167460299902,48.83132164895779],[2.439251916088945,48.831322044955208]],[[2.437549210544839,48.830427276406816],[2.437835202097464,48.830560827637576],[2.438694518678134,48.830964181480645],[2.438831411592008,48.831028678724159]],[[2.444854266699078,48.833810634659535],[2.444870508420121,48.833820603019106],[2.444904382867424,48.833837848102398]],[[2.439554544686629,48.831302778063723],[2.439774204629814,48.831398240382605],[2.440264904174982,48.831625378786519]],[[2.436481072907359,48.82993659126253],[2.436619322539749,48.830001097515172],[2.436748124864966,48.830057464824215]],[[2.444904382867424,48.833837848102398],[2.444987030484762,48.833880501627178]],[[2.444823701056312,48.833738543865167],[2.444854266699078,48.833810634659535]],[[2.443206466775198,48.832988153281661],[2.444318092068889,48.83350056316975]],[[2.439251916088945,48.831322044955208],[2.439554544686629,48.831302778063723]],[[2.436748124864966,48.830057464824215],[2.437549210544839,48.830427276406816]],[[2.436436355166306,48.829914795787481],[2.436481072907359,48.82993659126253]]]}},
{"type":"Feature","properties":{"ID":"VOIE_NOM0000002338836639","ID_BAN":null,"name":"Route Du Grand Prieur","INSEE_COM":"75112","NOM_COM":"Paris 12e Arrondissement","SRC_BAN":null,"NOM_COLL":"RTE DU GRAND PRIEUR","TYPE_VOIE":"route","MOT_DIR":"PRIEUR","LD_BAN":null,"ID_SUPP":"TRONROUT0000000000200759/TRONROUT0000000000200770/TRONROUT0000000000201597/TRONROUT0000000000201602/TRONROUT0000000000202372/TRONROUT0000000000202374/TRONROUT0000000000203183/TRONROUT0000000230033453/TRONROUT0000000230033454/TRONROUT0000000356908873","INSEEDBAN":null,"COMDEL_BAN":null,"DATE_CREAT":"2023-12-08T13:42:59","DATE_MAJ":"2024-12-16T22:01:03","NOM_NORMA":"RTE DU GRAND PRIEUR","ID_BAN_ODO":null,"Nom_a_verifier":true,"other_tags":"nan"},"geometry":{"type":"MultiLineString","coordinates":[[[2.455788683722269,48.835467142539514],[2.455835265801577,48.835572579504536],[2.455874632867699,48.8357166560615],[2.455908419488065,48.835873298227675],[2.455928761509517,48.836012791389933],[2.4559467920114,48.836112702231318],[2.455952495997364,48.836218852506683],[2.455954056719064,48.836330380078302],[2.455948364648418,48.83648414450002],[2.455933155000323,48.836636066893476],[2.455920970321218,48.836759223559987],[2.45591886640254,48.836830263290828]],[[2.455962171486266,48.836988747293255],[2.456004977975967,48.837064488054665],[2.456050556203235,48.837135744609768],[2.456116419603803,48.837221483105147],[2.456180967786041,48.837302718788223],[2.456313052112794,48.837440021595562],[2.456407488255544,48.837529487200612],[2.456534546272263,48.837626295800675],[2.456803715308999,48.837813685421224]],[[2.456980958001657,48.834139710067426],[2.457186768167342,48.833999444689766],[2.457422565637007,48.833857516259535],[2.457604691145277,48.833767506885813],[2.457826396218461,48.83367048176386],[2.458119077761113,48.833560287396409],[2.458325637397603,48.833478481854186],[2.458610040589997,48.833378141753442]],[[2.457104492359223,48.837975136497214],[2.457227858972067,48.838034154558549],[2.457356591078236,48.838101291042449],[2.457468965700095,48.838169252550749],[2.457547356162504,48.838229864983958],[2.457631065294847,48.838303092473986],[2.457682264761053,48.838358185377714]],[[2.455788683722269,48.835467142539514],[2.455945364522612,48.835205242358136],[2.456125005576073,48.834962332874674],[2.45631137194023,48.834727547885294],[2.456406429099754,48.834626352261914],[2.456505507081679,48.834531470345887],[2.456888974070309,48.834207643808632]],[[2.457682264761053,48.838358185377714],[2.457836795888579,48.838564838572985],[2.457895917587138,48.838644249905009],[2.457959033100392,48.838732672864069],[2.458038319820573,48.838838256822065]],[[2.45591886640254,48.836830263290828],[2.455927886470248,48.836879769019461],[2.455942365296678,48.836928400215747],[2.455962171486266,48.836988747293255]],[[2.457040817133469,48.837940671910914],[2.457104492359223,48.837975136497214]],[[2.456888974070309,48.834207643808632],[2.456980958001657,48.834139710067426]],[[2.456803715308999,48.837813685421224],[2.457040817133469,48.837940671910914]]]}},
{"type":"Feature","properties":{"ID":"VOIE_NOM0000002338836643","ID_BAN":null,"name":"Route Du Point De Vue","INSEE_COM":"75112","NOM_COM":"Paris 12e Arrondissement","SRC_BAN":null,"NOM_COLL":"RTE DU POINT DE VUE","TYPE_VOIE":"route","MOT_DIR":"VUE","LD_BAN":null,"ID_SUPP":"TRONROUT0000000000207479/TRONROUT0000000000207481/TRONROUT0000000000207482/TRONROUT0000000000207486/TRONROUT0000000000207501/TRONROUT0000000000207832/TRONROUT0000000000207837/TRONROUT0000000000207841/TRONROUT0000000230032939/TRONROUT0000000230032948/TRON","INSEEDBAN":null,"COMDEL_BAN":null,"DATE_CREAT":"2023-12-08T13:42:59","DATE_MAJ":"2024-12-16T22:01:03","NOM_NORMA":"RTE DU POINT DE VUE","ID_BAN_ODO":null,"Nom_a_verifier":true,"other_tags":"nan"},"geometry":{"type":"MultiLineString","coordinates":[[[2.444066740699684,48.819257910208243],[2.444152625144289,48.819250215123176],[2.444219251595263,48.819260417930487],[2.444303477031938,48.819280595595593],[2.444399882763095,48.819308024782906],[2.444471851449372,48.819328145375835],[2.444549258123084,48.819349190559059],[2.444632150688324,48.81936666367892],[2.444694663012821,48.819379545229928],[2.444754489916137,48.819388816785789],[2.444815745748678,48.819391799334639],[2.444890620380783,48.819394845077092],[2.444996712950328,48.819407928779405],[2.445072844213932,48.819420873343603]],[[2.447451219889826,48.819510132919604],[2.447542485080318,48.819508755875546],[2.447790490573913,48.819496410870862],[2.448020848606034,48.819478587652171],[2.448304376947104,48.819455613086305],[2.448556686403538,48.819422600778751],[2.44883087117042,48.819381594420101],[2.449094255496411,48.819331543945417],[2.449322240016913,48.819280430493883],[2.449551652422586,48.819223027570828],[2.449761969618637,48.819168234456612],[2.449868518389104,48.819138146037872]],[[2.446027058401436,48.819340756886099],[2.446063752675226,48.819348121866355],[2.446119484597607,48.819358273140992],[2.446214634613714,48.819375801938882],[2.446375011675531,48.819407123274232],[2.446498684979553,48.819431978887394],[2.446656386341169,48.819458790592101],[2.446717556480133,48.819469866124813]],[[2.444799181841051,48.819924151159263],[2.444830426586936,48.819803780288126],[2.44485873676878,48.81970318197466],[2.444890826119142,48.81963138112279],[2.444944743811478,48.819556084094629],[2.444995746136519,48.819498760965637],[2.445072844213932,48.819420873343603]],[[2.45017743968968,48.819031642182217],[2.450247094198247,48.819013075618635],[2.450594506344891,48.818872571468191],[2.450932411990277,48.818729324527062],[2.451147275170728,48.818630480558205]],[[2.446717556480133,48.819469866124813],[2.446909390977734,48.819488741072249],[2.447044131458896,48.819497458598008],[2.447206119168323,48.819505402567223],[2.447451219889826,48.819510132919604]],[[2.445703084414212,48.819324865531307],[2.445855366202527,48.819348955056057],[2.445924755095251,48.819355572220118],[2.446027058401436,48.819340756886099]],[[2.451243135388206,48.818580555635776],[2.45128573156097,48.818544776189086],[2.451331193333807,48.818495519276638]],[[2.445425156190438,48.81933346993808],[2.445575106177658,48.819320674710056],[2.445703084414212,48.819324865531307]],[[2.445072844213932,48.819420873343603],[2.445268100140591,48.819374112576348],[2.445425156190438,48.81933346993808]],[[2.451147275170728,48.818630480558205],[2.451243135388206,48.818580555635776]],[[2.44997240969753,48.819101749689558],[2.45017743968968,48.819031642182217]],[[2.449868518389104,48.819138146037872],[2.44997240969753,48.819101749689558]]]}},
{"type":"Feature","properties":{"ID":"VOIE_NOM0000002338836646","ID_BAN":null,"name":"Avenue De Nogent","INSEE_COM":"75112","NOM_COM":"Paris 12e Arrondissement","SRC_BAN":null,"NOM_COLL":"AV DE NOGENT","TYPE_VOIE":"avenue","MOT_DIR":"NOGENT","LD_BAN":null,"ID_SUPP":"TRONROUT0000000000198276/TRONROUT0000000000198291/TRONROUT0000000000198295/TRONROUT0000000000198302/TRONROUT0000000000198303/TRONROUT0000000000198304/TRONROUT0000000000198305/TRONROUT0000000000198311/TRONROUT0000000000198312/TRONROUT0000000000199086/TRON","INSEEDBAN":null,"COMDEL_BAN":null,"DATE_CREAT":"2023-12-08T13:42:59","DATE_MAJ":"2024-12-17T22:15:57","NOM_NORMA":"AV DE NOGENT","ID_BAN_ODO":null,"Nom_a_verifier":true,"other_tags":"nan"},"geometry":{"type":"MultiLineString","coordinates":[[[2.44761340647335,48.843411458581741],[2.4477821573614,48.843302516518733],[2.447962093323857,48.84316664521296],[2.448139379533701,48.843023566570238],[2.448279601368031,48.842906397983207],[2.448410313688437,48.842786487314129],[2.448490156572845,48.842709510982203],[2.448599068142572,48.842589499583013],[2.448728644744298,48.842447998802399],[2.448833467781501,48.842327968325883],[2.44890927896213,48.842245576986834]],[[2.442774186320178,48.844243401902553],[2.445286471880456,48.844019446716871],[2.445616556348004,48.84398770073382],[2.445878523916576,48.843954738997972],[2.446019112136505,48.843932006917953],[2.446277144488161,48.843884636434609],[2.446544780849003,48.843831014353306],[2.446805737715259,48.843764769839716],[2.446960179207083,48.843720516232281],[2.447092791590487,48.843678859598349],[2.447192627138332,48.843644246189427]],[[2.44987399681757,48.84172569357046],[2.450050323950278,48.841672543028245],[2.45041801160315,48.84156181345395],[2.450789756633088,48.841453799438106],[2.451060318630233,48.841379495485384],[2.452182353433635,48.841055475096582],[2.452615514484518,48.840936944365986],[2.452846456552699,48.840872347969317]],[[2.457321661380611,48.839755049018684],[2.457542915106988,48.839703889921346],[2.457832485352269,48.839634153596158],[2.458245008039992,48.839532596661847],[2.458757292818871,48.839401810986487],[2.459217766492811,48.839274386321264],[2.45935986657681,48.839235456978997]],[[2.460294262099075,48.838996850308106],[2.460690389037524,48.838898808376079],[2.460824247539058,48.838866135626454],[2.461227147240477,48.838771719866841],[2.461235349452729,48.838769058740994],[2.462948537096463,48.838315392855797]],[[2.449230750034038,48.841996137577027],[2.449376045982453,48.841914065813562],[2.449471884224576,48.841870438524829],[2.449563558926666,48.841833986838317],[2.449697574371293,48.841787836960556],[2.44987399681757,48.84172569357046]],[[2.45935986657681,48.839235456978997],[2.459533376213255,48.839189474537029],[2.459903573934717,48.83909581483919],[2.460294262099075,48.838996850308106]],[[2.452846456552699,48.840872347969317],[2.455024272505897,48.840300406439503],[2.455643011000198,48.840153930651482],[2.457321661380611,48.839755049018684]],[[2.465451502478231,48.837634999035878],[2.467893078818792,48.836956078362832],[2.469557260655411,48.836486810527241]],[[2.447192627138332,48.843644246189427],[2.447304915904452,48.843591703162311],[2.447410468173301,48.843531934084098]],[[2.440519707011924,48.844439731022362],[2.440746109479951,48.84442010448241],[2.441014759921373,48.844399775571965]],[[2.469557260655411,48.836486810527241],[2.469851066867315,48.836399076694931]],[[2.462948537096463,48.838315392855797],[2.465451502478231,48.837634999035878]],[[2.449149841515775,48.842045229544908],[2.449230750034038,48.841996137577027]],[[2.44890927896213,48.842245576986834],[2.449149841515775,48.842045229544908]],[[2.447410468173301,48.843531934084098],[2.44761340647335,48.843411458581741]],[[2.442345900180785,48.84428367586959],[2.442774186320178,48.844243401902553]],[[2.441014759921373,48.844399775571965],[2.442345900180785,48.84428367586959]],[[2.440334247985238,48.844453253208819],[2.440519707011924,48.844439731022362]],[[2.440171951937438,48.844466883502214],[2.440334247985238,48.844453253208819]],[[2.439994658265582,48.844481342725835],[2.440171951937438,48.844466883502214]],[[2.439713724857317,48.844503410529619],[2.439994658265582,48.844481342725835]],[[2.439488703517968,48.844521242882188],[2.439713724857317,48.844503410529619]],[[2.438767196121514,48.844585311773912],[2.439488703517968,48.844521242882188]]]}},
{"type":"Feature","properties":{"ID":"VOIE_NOM0000002338836648","ID_BAN":null,"name":"Avenue De La Pepiniere","INSEE_COM":"75112","NOM_COM":"Paris 12e Arrondissement","SRC_BAN":null,"NOM_COLL":"AV DE LA PEPINIERE","TYPE_VOIE":"avenue","MOT_DIR":"PEPINIERE","LD_BAN":null,"ID_SUPP":"TRONROUT0000000000198268/TRONROUT0000000000198270/TRONROUT0000000000198273/TRONROUT0000000000199085/TRONROUT0000000000199090/TRONROUT0000000356670060","INSEEDBAN":null,"COMDEL_BAN":null,"DATE_CREAT":"2023-12-08T13:42:59","DATE_MAJ":"2024-12-16T22:01:03","NOM_NORMA":"AV DE LA PEPINIERE","ID_BAN_ODO":null,"Nom_a_verifier":true,"other_tags":"nan"},"geometry":{"type":"MultiLineString","coordinates":[[[2.450183624665351,48.843114820518814],[2.45024148171131,48.843184336638657],[2.450308620336834,48.84327817791754],[2.450368908735493,48.843375585090754],[2.450422223599655,48.843488249194138],[2.450506108456821,48.843673901285591]],[[2.449420097729521,48.84238732900252],[2.449777946085411,48.842692957119006],[2.449921012567414,48.842822222662136],[2.450080002698681,48.842992032133175],[2.450183624665351,48.843114820518814]],[[2.449149841515775,48.842045229544908],[2.449166688727903,48.842127148380641],[2.449204077675428,48.84219926889007],[2.449420097729521,48.84238732900252]],[[2.450687938814549,48.844133406325646],[2.450748804791151,48.844305462144945],[2.450813502906814,48.844501818012574]],[[2.44890927896213,48.842245576986834],[2.449123998992524,48.842298728498164],[2.449420097729521,48.84238732900252]],[[2.450506108456821,48.843673901285591],[2.450687938814549,48.844133406325646]]]}},
{"type":"Feature","properties":{"ID":"VOIE_NOM0000002338836657","ID_BAN":null,"name":"Route Du Lac De Saint-Mande","INSEE_COM":"75112","NOM_COM":"Paris 12e Arrondissement","SRC_BAN":null,"NOM_COLL":"RTE DU LAC DE SAINT-MANDE","TYPE_VOIE":"route","MOT_DIR":"MANDE","LD_BAN":null,"ID_SUPP":"TRONROUT0000000000199952/TRONROUT0000000000199982/TRONROUT0000000000199992/TRONROUT0000000000200855/TRONROUT0000000000200858/TRONROUT0000000000200859/TRONROUT0000000000201650/TRONROUT0000000000201651/TRONROUT0000000000202475/TRONROUT0000000230033482/TRON","INSEEDBAN":null,"COMDEL_BAN":null,"DATE_CREAT":"2023-12-08T13:42:59","DATE_MAJ":"2024-12-16T22:01:03","NOM_NORMA":"RTE DU LAC DE SAINT-MANDE","ID_BAN_ODO":null,"Nom_a_verifier":true,"other_tags":"nan"},"geometry":{"type":"MultiLineString","coordinates":[[[2.423296969140397,48.83946364740207],[2.423516763594368,48.83930102354951],[2.423630767380231,48.839217932534332],[2.423744850344161,48.839127646915877],[2.423931805519903,48.838977455088511],[2.424132443078108,48.838821932668829],[2.424322289656147,48.838656465012569],[2.424502657976073,48.838485555279469],[2.424692790012984,48.838294006943634]],[[2.420977950394825,48.840698056174141],[2.421155655949868,48.840645854080257],[2.42136221180198,48.840572206686481],[2.421542841018786,48.840502030997065],[2.421761857130677,48.840410456000249],[2.421953554193509,48.840325044097021],[2.422165946168211,48.840216348537425],[2.422342784825954,48.840119172570731]],[[2.424692790012984,48.838294006943634],[2.424794756667316,48.838190171599145],[2.424891223841227,48.838090806517783],[2.425005877556698,48.837948359504708],[2.425145241534129,48.837788943283002],[2.425251580939451,48.837659047085566]],[[2.425434117995696,48.837414398713499],[2.425472789095467,48.837366918368986],[2.426160455187532,48.836532914679218],[2.426434684880777,48.836250031903916],[2.426557345913829,48.836122011383488]],[[2.422342784825954,48.840119172570731],[2.42247851120803,48.840043382459939],[2.422633540118517,48.839947000115743],[2.422792805077496,48.839837147628252],[2.422976702222189,48.839717520798686]],[[2.426557345913829,48.836122011383488],[2.42665365752162,48.836036134403855],[2.426916479235616,48.835799063171507],[2.42718037425898,48.835588077947392]],[[2.422976702222189,48.839717520798686],[2.423081230667699,48.839628988471077],[2.423192511059029,48.839545884756554],[2.423296969140397,48.83946364740207]],[[2.42718037425898,48.835588077947392],[2.427228479686536,48.835549635767926],[2.427591059741312,48.83528426106151]],[[2.420737452569348,48.840760746252435],[2.420960178820638,48.840703366299806],[2.420977950394825,48.840698056174141]],[[2.420163679354213,48.840897366939053],[2.420251085458301,48.840878904061555],[2.420378152192777,48.840847142928375]],[[2.425349686222717,48.837534507384404],[2.425434117995696,48.837414398713499]],[[2.425251580939451,48.837659047085566],[2.425349686222717,48.837534507384404]],[[2.420378152192777,48.840847142928375],[2.420737452569348,48.840760746252435]],[[2.420019821334008,48.840846305513232],[2.420163679354213,48.840897366939053]]]}},
{"type":"Feature","properties":{"ID":"VOIE_NOM0000002338836660","ID_BAN":null,"name":"Route De La Gerbe","INSEE_COM":"75112","NOM_COM":"Paris 12e Arrondissement","SRC_BAN":null,"NOM_COLL":"RTE DE LA GERBE","TYPE_VOIE":"route","MOT_DIR":"GERBE","LD_BAN":null,"ID_SUPP":"TRONROUT0000000000207845/TRONROUT0000000000207847/TRONROUT0000000258513274/TRONROUT0000002011495822","INSEEDBAN":null,"COMDEL_BAN":null,"DATE_CREAT":"2023-12-08T13:42:59","DATE_MAJ":"2024-12-16T22:01:03","NOM_NORMA":"RTE DE LA GERBE","ID_BAN_ODO":null,"Nom_a_verifier":true,"other_tags":"nan"},"geometry":{"type":"MultiLineString","coordinates":[[[2.45017743968968,48.819031642182217],[2.450355152682596,48.819098113438535],[2.450523086608128,48.819187923179477],[2.450630153561409,48.819237880641552],[2.450702105606775,48.819259796144209]],[[2.449377387365625,48.818830098594198],[2.449920852617264,48.818954015353818],[2.450087869232564,48.819001550974647],[2.45017743968968,48.819031642182217]],[[2.44882293474027,48.818715122425019],[2.449234657514834,48.818804258795922],[2.449377387365625,48.818830098594198]],[[2.448704861606852,48.818675905044209],[2.44882293474027,48.818715122425019]]]}},
{"type":"Feature","properties":{"ID":"VOIE_NOM0000002338836661","ID_BAN":null,"name":"Route De Bourbon","INSEE_COM":"75112","NOM_COM":"Paris 12e Arrondissement","SRC_BAN":null,"NOM_COLL":"RTE DE BOURBON","TYPE_VOIE":"route","MOT_DIR":"BOURBON","LD_BAN":null,"ID_SUPP":"TRONROUT0000000000203992/TRONROUT0000000000205377/TRONROUT0000000000205378/TRONROUT0000000000205382/TRONROUT0000000000205386/TRONROUT0000000000205389/TRONROUT0000000000206100/TRONROUT0000000000206657/TRONROUT0000000000207076/TRONROUT0000000230033003/TRON","INSEEDBAN":null,"COMDEL_BAN":null,"DATE_CREAT":"2023-12-08T13:42:59","DATE_MAJ":"2024-12-16T22:01:03","NOM_NORMA":"RTE DE BOURBON","ID_BAN_ODO":null,"Nom_a_verifier":true,"other_tags":"nan"},"geometry":{"type":"MultiLineString","coordinates":[[[2.443464734828106,48.82768220589535],[2.443479113073387,48.827738932895407],[2.443492455647537,48.827765076611712],[2.443518076319756,48.827789478725045],[2.44354777371408,48.827814799167186],[2.443585643735497,48.827840157625062],[2.443653441613627,48.827869252763293],[2.443705028699831,48.827885681328858],[2.443767867239479,48.827996595664963],[2.443842907670406,48.827985252893868]],[[2.444854266699078,48.833810634659535],[2.444957355159445,48.83372477438062],[2.445013829916405,48.833666577936654],[2.445047002674883,48.833621763774218],[2.445065123611921,48.833583175298699],[2.445079224790286,48.833538272637519]],[[2.444658895683032,48.83156132162744],[2.444721234899417,48.831847608568722],[2.444867500204539,48.832440068297778],[2.44502323055253,48.833167475748255],[2.445079224790286,48.833538272637519]],[[2.443465339649057,48.827625548616311],[2.443501406875046,48.827564559522997],[2.443557818991992,48.827511759378638],[2.443633165887701,48.827471638429223],[2.443726200633519,48.827433398439688]],[[2.443369082483127,48.825796686857956],[2.44344188173503,48.826122596872473],[2.44351468189709,48.826448506748029],[2.443685022503316,48.827207465825552],[2.443717107423247,48.827391985273103]],[[2.443150767030029,48.824811761387743],[2.443261189724788,48.825313223859133],[2.44329238048331,48.825453670533776],[2.443369082483127,48.825796686857956]],[[2.442883565124871,48.823686305196169],[2.442908261023667,48.823797042725616],[2.443052967423863,48.824403891772114],[2.443150767030029,48.824811761387743]],[[2.442540246351344,48.822292479903787],[2.442609500895309,48.822439400186951],[2.442666007896196,48.822632128900977],[2.442744935363057,48.823021024785824]],[[2.444274428124129,48.829801279076563],[2.444385994736644,48.830325227604021],[2.444514946095995,48.830879834889494]],[[2.443842907670406,48.827985252893868],[2.444135093119645,48.82919895635446],[2.444274428124129,48.829801279076563]],[[2.442744935363057,48.823021024785824],[2.442826414984888,48.823426121030032],[2.442883565124871,48.823686305196169]],[[2.444514946095995,48.830879834889494],[2.444658895683032,48.83156132162744]],[[2.443717107423247,48.827391985273103],[2.443726200633519,48.827433398439688]],[[2.443465339649057,48.827625548616311],[2.443464734828106,48.82768220589535]]]}},
{"type":"Feature","properties":{"ID":"VOIE_NOM0000002338836665","ID_BAN":null,"name":"Route De La Menagerie","INSEE_COM":"75112","NOM_COM":"Paris 12e Arrondissement","SRC_BAN":null,"NOM_COLL":"RTE DE LA MENAGERIE","TYPE_VOIE":"route","MOT_DIR":"MENAGERIE","LD_BAN":null,"ID_SUPP":"TRONROUT0000000000201561/TRONROUT0000000000201567/TRONROUT0000000000201575/TRONROUT0000000000202354/TRONROUT0000000354949916/TRONROUT0000000356908889","INSEEDBAN":null,"COMDEL_BAN":null,"DATE_CREAT":"2023-12-08T13:42:59","DATE_MAJ":"2024-12-16T22:01:03","NOM_NORMA":"RTE DE LA MENAGERIE","ID_BAN_ODO":null,"Nom_a_verifier":true,"other_tags":"nan"},"geometry":{"type":"MultiLineString","coordinates":[[[2.462644906080002,48.835257112371565],[2.462784740590604,48.835304507161275],[2.462919052033308,48.835359071855585],[2.463145648188918,48.835448226266159],[2.463381873823763,48.835528429851543],[2.463513609954133,48.835568592570212],[2.463657644047123,48.835605212851881],[2.463928234068992,48.835655890594289],[2.464170364068414,48.835692050494949],[2.464431640640913,48.835721100766158],[2.464702573727548,48.835738502021222],[2.46484556073629,48.835744537990351],[2.464987268543764,48.835742473841321]],[[2.466081875023804,48.835681711719992],[2.466470362737999,48.835660961237288],[2.466667970838748,48.83565464763624],[2.466858656980611,48.835659095155933],[2.467054728018966,48.835669861872482],[2.467263059904935,48.835680682875903],[2.467454998245274,48.835695927320025],[2.467644193712056,48.835712957964226],[2.46781973866998,48.835732625649783]],[[2.464987268543764,48.835742473841321],[2.465259831784649,48.835733799731763],[2.465741030903182,48.835706271188911],[2.465912783060373,48.835697145269037],[2.466081875023804,48.835681711719992]],[[2.469698469856074,48.836132190415356],[2.46978951656927,48.836155077974631],[2.469841147530554,48.836168797192784]],[[2.468691356204078,48.835895686847159],[2.46954219665283,48.836092825100202],[2.469698469856074,48.836132190415356]],[[2.46781973866998,48.835732625649783],[2.468566280118082,48.835869949182708],[2.468691356204078,48.835895686847159]]]}},
{"type":"Feature","properties":{"ID":"VOIE_NOM0000002338836668","ID_BAN":null,"name":"Route Du Parc","INSEE_COM":"75112","NOM_COM":"Paris 12e Arrondissement","SRC_BAN":null,"NOM_COLL":"RTE DU PARC","TYPE_VOIE":"route","MOT_DIR":"PARC","LD_BAN":null,"ID_SUPP":"TRONROUT0000000000206167/TRONROUT0000000000206176/TRONROUT0000000000206178/TRONROUT0000000000206718/TRONROUT0000000230033656","INSEEDBAN":null,"COMDEL_BAN":null,"DATE_CREAT":"2023-12-08T13:42:59","DATE_MAJ":"2025-04-09T22:52:28","NOM_NORMA":"RTE DU PARC","ID_BAN_ODO":null,"Nom_a_verifier":true,"other_tags":"nan"},"geometry":{"type":"MultiLineString","coordinates":[[[2.421685225351281,48.824722472262401],[2.421929030187238,48.824600437260436],[2.42215901444456,48.824496322389749],[2.422492988467673,48.82434953950662],[2.422746024975979,48.824254528527831],[2.422845839488258,48.824219934837927],[2.422847340865438,48.824207350889942]],[[2.420802665745971,48.82532887355211],[2.420919597105655,48.825225112872346],[2.421061114370071,48.825115175504777],[2.421239595336353,48.824988328820375],[2.421449551567999,48.824848143579871],[2.421685225351281,48.824722472262401]],[[2.420046648954985,48.826190403487367],[2.420328627565044,48.825821230272041],[2.420491417997247,48.825635849654269],[2.420625104853967,48.825495296302336],[2.420802665745971,48.82532887355211]],[[2.419851263781683,48.826122003071461],[2.419957193657033,48.826150397370689],[2.420046648954985,48.826190403487367]],[[2.422847340865438,48.824207350889942],[2.422878161027141,48.824130153724241]]]}},
{"type":"Feature","properties":{"ID":"VOIE_NOM0000002338836678","ID_BAN":null,"name":"Route Des Batteries","INSEE_COM":"75112","NOM_COM":"Paris 12e Arrondissement","SRC_BAN":null,"NOM_COLL":"RTE DES BATTERIES","TYPE_VOIE":"route","MOT_DIR":"BATTERIES","LD_BAN":null,"ID_SUPP":"TRONROUT0000000000204733/TRONROUT0000000000204735/TRONROUT0000000000204743/TRONROUT0000000000204754/TRONROUT0000000000205482/TRONROUT0000000230033062/TRONROUT0000000312564907/TRONROUT0000000356856131/TRONROUT0000000356856136/TRONROUT0000000356856139/TRON","INSEEDBAN":null,"COMDEL_BAN":null,"DATE_CREAT":"2023-12-08T13:42:59","DATE_MAJ":"2024-12-16T22:01:03","NOM_NORMA":"RTE DES BATTERIES","ID_BAN_ODO":null,"Nom_a_verifier":true,"other_tags":"nan"},"geometry":{"type":"MultiLineString","coordinates":[[[2.426206146084125,48.830030736086378],[2.426261806377924,48.830048091067916],[2.426537344516467,48.830138449794291],[2.42691851914779,48.830285074779106],[2.427264269742352,48.830432428252678],[2.427529762935635,48.83056950354856],[2.427763907810583,48.830708226978167],[2.42796007088834,48.830832378424013],[2.428173745935863,48.830974600561113],[2.428345411422069,48.83109683547773],[2.428529209226129,48.831230819845011]],[[2.423825018771133,48.829533630637108],[2.424401593708138,48.829624544892461],[2.424763199611398,48.82969193843352],[2.425245710389276,48.829789591058656],[2.425626111193944,48.829882254546277],[2.426206146084125,48.830030736086378]],[[2.419624630327089,48.828004182090261],[2.419789355377619,48.828135389755133],[2.419927179319175,48.828235888184714],[2.420082511142744,48.828354458700062],[2.420273108611775,48.828486690467543],[2.420498932157716,48.828636180590642]],[[2.420498932157716,48.828636180590642],[2.420622105288995,48.828706928039743],[2.420780633959212,48.828783242798551],[2.420912050487731,48.828847734287734],[2.421080044980203,48.828930390041108]],[[2.423406672805599,48.829423690463095],[2.423527216963969,48.829486327867379],[2.423656401555705,48.829506736550087],[2.423825018771133,48.829533630637108]],[[2.422435826764723,48.829386628737673],[2.422742208128394,48.829397101607093],[2.42286336870227,48.829403981918226],[2.423406672805599,48.829423690463095]],[[2.422104202942316,48.829318473627957],[2.422218303391023,48.829347804653274],[2.422343320996019,48.829375389565179],[2.422435826764723,48.829386628737673]],[[2.421080044980203,48.828930390041108],[2.421208857809892,48.828984076180738],[2.421401421440378,48.829062353532933]],[[2.421953604188082,48.829263783814206],[2.422104202942316,48.829318473627957]],[[2.421505866272628,48.829102430942108],[2.421953604188082,48.829263783814206]],[[2.421401421440378,48.829062353532933],[2.421505866272628,48.829102430942108]],[[2.419545568058568,48.827886880505169],[2.419624630327089,48.828004182090261]],[[2.419380794273114,48.827882483177596],[2.419545568058568,48.827886880505169]]]}},
{"type":"Feature","properties":{"ID":"VOIE_NOM0000002338836684","ID_BAN":null,"name":"Route Aimable","INSEE_COM":"75112","NOM_COM":"Paris 12e Arrondissement","SRC_BAN":null,"NOM_COLL":"RTE AIMABLE","TYPE_VOIE":"route","MOT_DIR":"AIMABLE","LD_BAN":null,"ID_SUPP":"TRONROUT0000000000204757/TRONROUT0000000000205454/TRONROUT0000000000205466/TRONROUT0000000000206140/TRONROUT0000000000206145/TRONROUT0000000000206672/TRONROUT0000000000206696/TRONROUT0000000230033177/TRONROUT0000000302592209/TRONROUT0000000356876650/TRON","INSEEDBAN":null,"COMDEL_BAN":null,"DATE_CREAT":"2023-12-08T13:42:59","DATE_MAJ":"2024-12-16T22:01:03","NOM_NORMA":"RTE AIMABLE","ID_BAN_ODO":null,"Nom_a_verifier":true,"other_tags":"nan"},"geometry":{"type":"MultiLineString","coordinates":[[[2.423689241278051,48.828630911298148],[2.423774607085217,48.828548580829377],[2.423853331014012,48.828450929050064],[2.424036080845458,48.828184697123092],[2.424149293407732,48.828047639030792],[2.424283056037402,48.827899887331043],[2.424453852610676,48.827728930129616],[2.424629887994208,48.827576884599679],[2.424812653407334,48.827432066109829]],[[2.428110374323672,48.825575395554232],[2.428488554546386,48.825371247855941],[2.428705135450777,48.825246370955611],[2.429210668469263,48.824979873375575],[2.429670173059637,48.824687072378048],[2.429942162924265,48.824477017266609],[2.430316805982161,48.82409657019678],[2.430612058449518,48.823626706155054]],[[2.42560808361834,48.826943934628417],[2.425913717609959,48.826773622777758],[2.426082252082739,48.826683595454796],[2.426738519181584,48.826337787983938],[2.427148324090999,48.826107714497304],[2.427699294774736,48.825798271351736]],[[2.424812653407334,48.827432066109829],[2.424904696934683,48.827361458669394],[2.425028256570825,48.8272739146825],[2.425180439310748,48.827184709407071],[2.425355885894607,48.827085722666361],[2.425466868298807,48.827026897570008]],[[2.421686847362212,48.831575663887691],[2.421795488149172,48.831483554530912],[2.422163031361158,48.831139075149814],[2.422426287217843,48.830862442774347],[2.422820439875292,48.830451536640624],[2.422968023188192,48.83028676542132]],[[2.42079762376768,48.832280959896288],[2.420941834915221,48.832175533137082],[2.421055827222455,48.832092444046694],[2.421362264934814,48.831853796544216],[2.421686847362212,48.831575663887691]],[[2.430730020015247,48.823301695477504],[2.430727345152302,48.823297185888393],[2.430734734376934,48.823244158169096],[2.430736744413201,48.823184809241525]],[[2.430612058449518,48.823626706155054],[2.430690303587603,48.82344630513763],[2.430730020015247,48.823301695477504]],[[2.422968023188192,48.83028676542132],[2.423077086983322,48.830155984112238],[2.423137638911707,48.830100515481305]],[[2.428082965841325,48.825590553760165],[2.428110374323672,48.825575395554232]],[[2.427699294774736,48.825798271351736],[2.428082965841325,48.825590553760165]],[[2.425466868298807,48.827026897570008],[2.42560808361834,48.826943934628417]],[[2.420379481281955,48.8326413781732],[2.42079762376768,48.832280959896288]]]}},
{"type":"Feature","properties":{"ID":"VOIE_NOM0000002338836686","ID_BAN":null,"name":"Carrefour De La Conservation","INSEE_COM":"75112","NOM_COM":"Paris 12e Arrondissement","SRC_BAN":null,"NOM_COLL":"CAR DE LA CONSERVATION","TYPE_VOIE":"carrefour","MOT_DIR":"CONSERVATION","LD_BAN":null,"ID_SUPP":"TRONROUT0000000356856132/TRONROUT0000000356857105","INSEEDBAN":null,"COMDEL_BAN":null,"DATE_CREAT":"2023-12-08T13:42:59","DATE_MAJ":"2024-12-16T22:01:03","NOM_NORMA":"CAR DE LA CONSERVATION","ID_BAN_ODO":null,"Nom_a_verifier":true,"other_tags":"nan"},"geometry":{"type":"MultiLineString","coordinates":[[[2.41943183304415,48.828192113627885],[2.419451593650203,48.828252467215165],[2.419469942121086,48.828317310781017],[2.419542234687641,48.828553296068577]],[[2.419542234687641,48.828553296068577],[2.41956318745738,48.828628944654639]]]}},
{"type":"Feature","properties":{"ID":"VOIE_NOM0000002338836690","ID_BAN":null,"name":"Route De L'Esplanade","INSEE_COM":"75112","NOM_COM":"Paris 12e Arrondissement","SRC_BAN":null,"NOM_COLL":"RTE DE L'ESPLANADE","TYPE_VOIE":"route","MOT_DIR":"ESPLANADE","LD_BAN":null,"ID_SUPP":"TRONROUT0000000000199890/TRONROUT0000000000199911/TRONROUT0000000000199916/TRONROUT0000000000199921/TRONROUT0000000000199927/TRONROUT0000000000199933","INSEEDBAN":null,"COMDEL_BAN":null,"DATE_CREAT":"2023-12-08T13:42:59","DATE_MAJ":"2024-12-16T22:01:03","NOM_NORMA":"RTE DE L'ESPLANADE","ID_BAN_ODO":null,"Nom_a_verifier":true,"other_tags":"nan"},"geometry":{"type":"MultiLineString","coordinates":[[[2.428953209509703,48.840526843042944],[2.42938558209799,48.840484837762077],[2.42977557115803,48.840456119253908],[2.43018594703432,48.840431993374672],[2.430642605737673,48.840411683814047],[2.431080131220503,48.840396677660927],[2.43148077285569,48.840390488194146]],[[2.432366390169087,48.840516107094913],[2.432504506101255,48.840595006463452],[2.43258968334304,48.840655667434071],[2.432673459192475,48.840719919121383],[2.43270182561542,48.840742537570996],[2.432822957289174,48.84087981419809]],[[2.431847383153037,48.840381437686879],[2.432028272214823,48.840411076116311],[2.432196703691664,48.840458642284098],[2.432366390169087,48.840516107094913]],[[2.428309481946533,48.840584025303514],[2.4284799633099,48.840568651490344],[2.428679104894043,48.840548917531478],[2.428953209509703,48.840526843042944]],[[2.43148077285569,48.840390488194146],[2.431666200109482,48.840378778304718],[2.431847383153037,48.840381437686879]],[[2.427802391119188,48.84060588345951],[2.428073682729558,48.840591891745554],[2.428309481946533,48.840584025303514]]]}},
{"type":"Feature","properties":{"ID":"VOIE_NOM0000002338836694","ID_BAN":null,"name":"Route Circulaire","INSEE_COM":"75112","NOM_COM":"Paris 12e Arrondissement","SRC_BAN":null,"NOM_COLL":"RTE CIRCULAIRE","TYPE_VOIE":"route","MOT_DIR":"CIRCULAIRE","LD_BAN":null,"ID_SUPP":"TRONROUT0000000000200764/TRONROUT0000000000201606/TRONROUT0000000000201607/TRONROUT0000000000202357/TRONROUT0000000000202376/TRONROUT0000000000203180/TRONROUT0000000000203182/TRONROUT0000000000203189/TRONROUT0000000230033442/TRONROUT0000000258579124/TRON","INSEEDBAN":null,"COMDEL_BAN":null,"DATE_CREAT":"2023-12-08T13:42:59","DATE_MAJ":"2024-12-16T22:01:03","NOM_NORMA":"RTE CIRCULAIRE","ID_BAN_ODO":null,"Nom_a_verifier":true,"other_tags":"nan"},"geometry":{"type":"MultiLineString","coordinates":[[[2.455548848876673,48.837950978175584],[2.455945590734738,48.838185716841082],[2.456265318576067,48.838358947807329],[2.456499856226594,48.838470634580169],[2.456712906104709,48.838552544513504],[2.456920685152619,48.838617342351561],[2.457025270114793,48.838648395254687],[2.457333688561147,48.838730736918961],[2.457640951465454,48.838793286695612],[2.45782733664484,48.83881931360618],[2.458038319820573,48.838838256822065]],[[2.455275371890442,48.834525874403354],[2.45533724750573,48.834471295212786],[2.455423850600833,48.834397042649584],[2.455620167657959,48.834253139312658],[2.455825925603414,48.834118272196797],[2.456028770265763,48.834001378675794],[2.456254791185903,48.833882791444502],[2.456475108874245,48.833788460598313],[2.456703533679311,48.833700461692082],[2.456960555639561,48.833613491546615],[2.457237841942605,48.8335428012983]],[[2.461478384890966,48.834103383988918],[2.46170706615591,48.834253707118307],[2.461905713740637,48.834410190191484],[2.462077274732897,48.834551261981154],[2.462171752650608,48.834637125995265],[2.4622701971213,48.834734699431465],[2.46235233164787,48.834828602027223],[2.462430333236905,48.834926982778825]],[[2.459796810375451,48.833490531591067],[2.459958526735212,48.833529035014088],[2.46017591868977,48.833584877359229],[2.460385156209426,48.833638883794663],[2.460606514868893,48.833706434928139],[2.460799257406471,48.833774756005411],[2.46098513336075,48.833848441982745],[2.461075949115223,48.833892919859657]],[[2.457237841942605,48.8335428012983],[2.457430321747025,48.83350500207986],[2.457628194123632,48.833472623169669],[2.457851948961645,48.833440361253729],[2.458106988458324,48.833412737466347],[2.458316961412749,48.833395701373412],[2.458610040589997,48.833378141753442]],[[2.454600371954033,48.836670468438328],[2.454677242048389,48.836875872617505],[2.454726369070856,48.836998409293642],[2.454774275085087,48.83710744999857],[2.454838501235106,48.837219263128397],[2.454928424206572,48.837349180467704],[2.454983537671072,48.837420480866818]],[[2.454713849381683,48.835330041575851],[2.454808592515716,48.835129016907892],[2.454908332660179,48.83497118417506],[2.455009237031709,48.834832243202001],[2.455133468834057,48.83467721991623],[2.455275371890442,48.834525874403354]],[[2.454562070451395,48.835904040134892],[2.454544273461763,48.836042460265666],[2.454532939767292,48.836214186128018],[2.454548890127747,48.836382438949528],[2.454567781688057,48.83653001990821],[2.454600371954033,48.836670468438328]],[[2.462430333236905,48.834926982778825],[2.462470645424419,48.834981125500732],[2.462540408809906,48.835085764656171],[2.462598032360264,48.835178657550202],[2.462644906080002,48.835257112371565]],[[2.460036150523359,48.838792430968965],[2.460109924404085,48.838772978122634],[2.460338122824046,48.83870835484025],[2.460502214160355,48.838650636859278],[2.460619872443698,48.838603501564926]],[[2.459070414503952,48.833386520235095],[2.459277270744753,48.83340724151217],[2.459493588284358,48.833435200071833],[2.459647270588957,48.833460177203783],[2.459796810375451,48.833490531591067]],[[2.458038319820573,48.838838256822065],[2.458177208696302,48.838846080856101],[2.458388266866876,48.838857828941883],[2.458725980683689,48.838874646613363],[2.459095113691329,48.838883511200635]],[[2.454983537671072,48.837420480866818],[2.455151895099902,48.837606515536187],[2.45523551527395,48.837687838576251],[2.455347519748792,48.837790875375809],[2.455489355750033,48.837907538219284]],[[2.454562070451395,48.835904040134892],[2.454585523598352,48.835745859874216],[2.454621227925009,48.835588634807173],[2.454667773980591,48.835436855294873],[2.454713849381683,48.835330041575851]],[[2.459095113691329,48.838883511200635],[2.459249082441128,48.838882408613713],[2.459424905388814,48.838876008454278],[2.459609014518714,48.838858853194786]],[[2.458610040589997,48.833378141753442],[2.458720401210889,48.833376842518767],[2.458843022041851,48.833375598653824],[2.459070414503952,48.833386520235095]],[[2.461075949115223,48.833892919859657],[2.461158637939088,48.833932864252517],[2.461318566914512,48.834012728321639]],[[2.459609014518714,48.838858853194786],[2.45986552586051,48.838823138118549],[2.460036150523359,48.838792430968965]],[[2.461318566914512,48.834012728321639],[2.461478384890966,48.834103383988918]],[[2.455489355750033,48.837907538219284],[2.455548848876673,48.837950978175584]]]}},
{"type":"Feature","properties":{"ID":"VOIE_NOM0000002338836696","ID_BAN":null,"name":"Route Nouvelle","INSEE_COM":"75112","NOM_COM":"Paris 12e Arrondissement","SRC_BAN":null,"NOM_COLL":"RTE NOUVELLE","TYPE_VOIE":"route","MOT_DIR":"NOUVELLE","LD_BAN":null,"ID_SUPP":"TRONROUT0000000000207068/TRONROUT0000000000207523/TRONROUT0000000000207525/TRONROUT0000000000207527/TRONROUT0000000230032936/TRONROUT0000002223374245","INSEEDBAN":null,"COMDEL_BAN":null,"DATE_CREAT":"2023-12-08T13:42:59","DATE_MAJ":"2025-05-20T22:17:17","NOM_NORMA":"RTE NOUVELLE","ID_BAN_ODO":null,"Nom_a_verifier":true,"other_tags":"nan"},"geometry":{"type":"MultiLineString","coordinates":[[[2.437531386393537,48.819579901064202],[2.437731447458147,48.819593433203806],[2.437841643678408,48.819604743808121],[2.437953104891478,48.81962505399099],[2.438156912728917,48.819670081097115],[2.438242459611542,48.819693866734475],[2.438325214985802,48.819723934810547],[2.438493478851821,48.819781385595704],[2.438660294062663,48.819846923697561],[2.438841906611038,48.819929619094644],[2.438973439277531,48.819983299312291]],[[2.440345779129033,48.820666058514725],[2.440565193080465,48.820780406155592],[2.440784820191189,48.820874968186182],[2.441111875897995,48.820985321283985],[2.441472759500581,48.821116517035044],[2.441575813020519,48.821159268818853]],[[2.438973439277531,48.819983299312291],[2.439241836948594,48.82010147678421],[2.439664545332647,48.820308515376688],[2.440032925629262,48.820501807429466],[2.440345779129033,48.820666058514725]],[[2.437233463997417,48.819547920579062],[2.437252433290034,48.819557003591093],[2.437280916357861,48.819567930119774],[2.437324438380686,48.819573531169894],[2.437531386393537,48.819579901064202]],[[2.441575813020519,48.821159268818853],[2.441656969958774,48.82121181136236]],[[2.437221944751769,48.819479513971245],[2.437233463997417,48.819547920579062]]]}},
{"type":"Feature","properties":{"ID":"VOIE_NOM0000002338836698","ID_BAN":null,"name":"Route Saint-Louis","INSEE_COM":"75112","NOM_COM":"Paris 12e Arrondissement","SRC_BAN":null,"NOM_COLL":"RTE SAINT-LOUIS","TYPE_VOIE":"route","MOT_DIR":"LOUIS","LD_BAN":null,"ID_SUPP":"TRONROUT0000000000204027/TRONROUT0000000000204028/TRONROUT0000000000204031/TRONROUT0000000000204034/TRONROUT0000000000204726/TRONROUT0000000000204727/TRONROUT0000000000205462/TRONROUT0000000000205464/TRONROUT0000000000206713/TRONROUT0000000302592210/TRON","INSEEDBAN":null,"COMDEL_BAN":null,"DATE_CREAT":"2023-12-08T13:42:59","DATE_MAJ":"2024-12-16T22:01:03","NOM_NORMA":"RTE SAINT-LOUIS","ID_BAN_ODO":null,"Nom_a_verifier":true,"other_tags":"nan"},"geometry":{"type":"MultiLineString","coordinates":[[[2.426888338663274,48.828941276841007],[2.427086938798446,48.829214736508391],[2.427454741048683,48.829710250018344],[2.427792987497668,48.830168746743979],[2.428140735629804,48.830630885190729],[2.42827742830844,48.830836593994604],[2.42846380302056,48.831108193672719],[2.428529209226129,48.831230819845011]],[[2.425564902696619,48.827154179455654],[2.425817348555155,48.827484560551085],[2.426108654938779,48.82787358639586],[2.426411908019889,48.828291448432189],[2.426725934364304,48.828721052934171]],[[2.424456553995731,48.825633413600073],[2.42454233484598,48.825759738163491],[2.424712813601735,48.825987199503686],[2.424890034676353,48.826220988556514],[2.425073899051553,48.826470098501431]],[[2.425073899051553,48.826470098501431],[2.425189301164461,48.826628042803485],[2.4253261600511,48.826816668614271],[2.425466868298807,48.827026897570008]],[[2.428999729264728,48.83180326430594],[2.429225290300653,48.83210472861947],[2.429347489153444,48.832266297886811]],[[2.428591071338777,48.831303963968935],[2.428632697908649,48.831359024090958],[2.428906939338128,48.831693098813489]],[[2.423609356122501,48.824521309120456],[2.423766683693136,48.824705538926459],[2.424386780411032,48.825537744582284]],[[2.428955377552432,48.83174819132585],[2.428999729264728,48.83180326430594]],[[2.428906939338128,48.831693098813489],[2.428955377552432,48.83174819132585]],[[2.428529209226129,48.831230819845011],[2.428591071338777,48.831303963968935]],[[2.426836006727276,48.828869076698133],[2.426888338663274,48.828941276841007]],[[2.426725934364304,48.828721052934171],[2.426836006727276,48.828869076698133]],[[2.425466868298807,48.827026897570008],[2.425564902696619,48.827154179455654]],[[2.424386780411032,48.825537744582284],[2.424456553995731,48.825633413600073]]]}},
{"type":"Feature","properties":{"ID":"VOIE_NOM0000002338836702","ID_BAN":null,"name":"Route Des Barrieres","INSEE_COM":"75112","NOM_COM":"Paris 12e Arrondissement","SRC_BAN":null,"NOM_COLL":"RTE DES BARRIERES","TYPE_VOIE":"route","MOT_DIR":"BARRIERES","LD_BAN":null,"ID_SUPP":"TRONROUT0000000000207842/TRONROUT0000000000207844/TRONROUT0000000000207850/TRONROUT0000000000207851/TRONROUT0000000356885028","INSEEDBAN":null,"COMDEL_BAN":null,"DATE_CREAT":"2023-12-08T13:42:59","DATE_MAJ":"2024-12-16T22:01:03","NOM_NORMA":"RTE DES BARRIERES","ID_BAN_ODO":null,"Nom_a_verifier":true,"other_tags":"nan"},"geometry":{"type":"MultiLineString","coordinates":[[[2.445859887030533,48.818667251050201],[2.445958399650568,48.818624537623442],[2.446002189355386,48.818604954298756],[2.446274847620564,48.818579236060657],[2.446401653195684,48.818565433242703],[2.446663416200081,48.818539663675423],[2.447279557164368,48.81848765160116],[2.447992245766339,48.818449572717142],[2.448208875874845,48.81844157887376],[2.44838055520215,48.818434276647565]],[[2.449985251172182,48.818271687274766],[2.450140739222449,48.818249918067444],[2.450353567016482,48.818214921650181],[2.450836627707186,48.818125405125365],[2.45125299421425,48.818031983091366],[2.451322609152358,48.818017013205655],[2.451620257253014,48.817945529404142],[2.451946673326289,48.817857987996824]],[[2.451946673326289,48.817857987996824],[2.452090063415448,48.817820871450202],[2.45259690124699,48.817671198721477],[2.453337825566746,48.817406575060978]],[[2.44838055520215,48.818434276647565],[2.448857565543294,48.818402300106008],[2.449191552232823,48.818372361024053],[2.449600592302286,48.818328376537679]],[[2.449600592302286,48.818328376537679],[2.449985251172182,48.818271687274766]]]}},
{"type":"Feature","properties":{"ID":"VOIE_NOM0000002338836708","ID_BAN":null,"name":"Route De La Pompadour","INSEE_COM":"75112","NOM_COM":"Paris 12e Arrondissement","SRC_BAN":null,"NOM_COLL":"RTE DE LA POMPADOUR","TYPE_VOIE":"route","MOT_DIR":"POMPADOUR","LD_BAN":null,"ID_SUPP":"TRONROUT0000000000204720/TRONROUT0000000000205449/TRONROUT0000000000205451/TRONROUT0000000000206141/TRONROUT0000000000206142/TRONROUT0000000000206146/TRONROUT0000000000206702/TRONROUT0000000000206703/TRONROUT0000000356856168","INSEEDBAN":null,"COMDEL_BAN":null,"DATE_CREAT":"2023-12-08T13:42:59","DATE_MAJ":"2024-12-16T22:01:03","NOM_NORMA":"RTE DE LA POMPADOUR","ID_BAN_ODO":null,"Nom_a_verifier":true,"other_tags":"nan"},"geometry":{"type":"MultiLineString","coordinates":[[[2.425771753681752,48.82432755500821],[2.426221320663029,48.82444393297969],[2.426405890970962,48.824505076243341],[2.426565856473093,48.82457419556841],[2.426739412875659,48.824646077936045],[2.426895184462877,48.824725069776136],[2.42711465516629,48.824833146423018],[2.427201330373366,48.824878530121694],[2.42738244840934,48.825006208687483],[2.427556905311259,48.825120364526285],[2.427659520942597,48.825202698343389],[2.427778293731019,48.825302197402479],[2.427884838272151,48.82539893972347],[2.427961714425584,48.825468558939605],[2.428082965841325,48.825590553760165]],[[2.429609403823979,48.828374193767573],[2.429679146027217,48.828598468760916],[2.429729917473863,48.828813659541332],[2.429771006883998,48.829042294592369],[2.429807862705012,48.829284399892451],[2.429833787425813,48.829405038575374],[2.429899961822245,48.829457517278399]],[[2.428624889595548,48.826229897598914],[2.42867180269478,48.826299373135278],[2.42880577183921,48.826504169793971],[2.429010306492327,48.826857698990956],[2.429174188256294,48.827192146949486],[2.429279085295037,48.827439973786639]],[[2.428082965841325,48.825590553760165],[2.428212301310218,48.82572068141863],[2.428325322457899,48.825848032824325],[2.428436883516106,48.825984370819093],[2.428624889595548,48.826229897598914]],[[2.429385010755623,48.827718383880011],[2.429419372058491,48.827814780158349],[2.429539435886034,48.828170603056783],[2.429609403823979,48.828374193767573]],[[2.429279085295037,48.827439973786639],[2.429316219620468,48.827531886514706],[2.4293560093555,48.827630107467705]],[[2.4293560093555,48.827630107467705],[2.429385010755623,48.827718383880011]],[[2.425500313770079,48.824239012326217],[2.425771753681752,48.82432755500821]],[[2.425480577413107,48.824175961553088],[2.425500313770079,48.824239012326217]]]}},
{"type":"Feature","properties":{"ID":"VOIE_NOM0000002338836710","ID_BAN":null,"name":"Route Du Donjon","INSEE_COM":"75112","NOM_COM":"Paris 12e Arrondissement","SRC_BAN":null,"NOM_COLL":"RTE DU DONJON","TYPE_VOIE":"route","MOT_DIR":"DONJON","LD_BAN":null,"ID_SUPP":"TRONROUT0000000000198271/TRONROUT0000000000198272/TRONROUT0000000000198282/TRONROUT0000000000198283/TRONROUT0000000000198296/TRONROUT0000000230033543/TRONROUT0000000230033619/TRONROUT0000000356918012/TRONROUT0000000356918014/TRONROUT0000000356918019","INSEEDBAN":null,"COMDEL_BAN":null,"DATE_CREAT":"2023-12-08T13:42:59","DATE_MAJ":"2024-12-16T22:01:03","NOM_NORMA":"RTE DU DONJON","ID_BAN_ODO":null,"Nom_a_verifier":true,"other_tags":"nan"},"geometry":{"type":"MultiLineString","coordinates":[[[2.442571682337614,48.844449309747603],[2.442729380448765,48.844483320498824],[2.442786529980101,48.844490781521081],[2.442850578729043,48.84449018046908],[2.44407346324211,48.844431115945426],[2.444895559442562,48.844389066335808]],[[2.442345900180785,48.84428367586959],[2.442479414866367,48.844412905667966],[2.442518687821192,48.844435572512161],[2.442555380029248,48.844444737020645],[2.442571682337614,48.844449309747603]],[[2.451148832642675,48.844101346301521],[2.452186092839232,48.844070126449239],[2.453129422551628,48.844030374091211],[2.453393846531785,48.844022589023304]],[[2.44686402055705,48.844307349266174],[2.447063064505918,48.844297477166876],[2.447105331565348,48.844294974456702]],[[2.444895559442562,48.844389066335808],[2.446730454383713,48.844310329045769],[2.44686402055705,48.844307349266174]],[[2.450929295482056,48.844116527254961],[2.451148832642675,48.844101346301521]],[[2.450687938814549,48.844133406325646],[2.450929295482056,48.844116527254961]],[[2.450509381487593,48.844138881787444],[2.450687938814549,48.844133406325646]],[[2.449729646061053,48.844170372563347],[2.450509381487593,48.844138881787444]],[[2.447105331565348,48.844294974456702],[2.449729646061053,48.844170372563347]]]}},
{"type":"Feature","properties":{"ID":"VOIE_NOM0000002338836715","ID_BAN":null,"name":"Carrefour De La Patte-D'Oie","INSEE_COM":"75112","NOM_COM":"Paris 12e Arrondissement","SRC_BAN":null,"NOM_COLL":"CAR DE LA PATTE-D'OIE","TYPE_VOIE":"carrefour","MOT_DIR":"OIE","LD_BAN":null,"ID_SUPP":"TRONROUT0000000000207054/TRONROUT0000000000207063/TRONROUT0000000000207071/TRONROUT0000000000207078/TRONROUT0000000312565001/TRONROUT0000000358476544","INSEEDBAN":null,"COMDEL_BAN":null,"DATE_CREAT":"2023-12-08T13:42:59","DATE_MAJ":"2024-12-16T22:01:03","NOM_NORMA":"CAR DE LA PATTE-D'OIE","ID_BAN_ODO":null,"Nom_a_verifier":true,"other_tags":"nan"},"geometry":{"type":"MultiLineString","coordinates":[[[2.442063355110046,48.822182331254318],[2.442067922136343,48.822137384009217],[2.442081955438244,48.822098776526886],[2.442128752463081,48.82205312692863],[2.442189043800747,48.822019232084685],[2.442277810881694,48.82199716185044]],[[2.442063355110046,48.822182331254318],[2.442069808803219,48.822215638094569],[2.442103280248974,48.822269756519844],[2.442172191470378,48.82232134214776],[2.442271229415253,48.822357778944102]],[[2.442540246351344,48.822292479903787],[2.442581778011777,48.822229717542413],[2.442589280016498,48.822164997800094],[2.442568229134066,48.822095648099697]],[[2.442271229415253,48.822357778944102],[2.442373424231793,48.822353758688067],[2.442470363538244,48.822331726423613],[2.442540246351344,48.822292479903787]],[[2.442449300793292,48.822008754016039],[2.442526576013412,48.822042391026777],[2.442568229134066,48.822095648099697]],[[2.442277810881694,48.82199716185044],[2.442367718614929,48.82199578240683],[2.442449300793292,48.822008754016039]]]}},
{"type":"Feature","properties":{"ID":"VOIE_NOM0000002338836720","ID_BAN":null,"name":"Carrefour De Beaute","INSEE_COM":"75112","NOM_COM":"Paris 12e Arrondissement","SRC_BAN":null,"NOM_COLL":"CAR DE BEAUTE","TYPE_VOIE":"carrefour","MOT_DIR":"BEAUTE","LD_BAN":null,"ID_SUPP":"TRONROUT0000000217444743/TRONROUT0000000217444744/TRONROUT0000000217444745/TRONROUT0000000217444746/TRONROUT0000000217444747/TRONROUT0000000217444752","INSEEDBAN":null,"COMDEL_BAN":null,"DATE_CREAT":"2023-12-08T13:42:59","DATE_MAJ":"2024-12-16T22:01:03","NOM_NORMA":"CAR DE BEAUTE","ID_BAN_ODO":null,"Nom_a_verifier":true,"other_tags":"nan"},"geometry":{"type":"MultiLineString","coordinates":[[[2.4643608378046,48.827099500500594],[2.46434021251916,48.827118294792825],[2.464326369916769,48.827139817558326],[2.464320690569151,48.827162276252501],[2.464320441075882,48.827186557998246],[2.464328373337195,48.827209977025852],[2.464344496603811,48.827231634009827],[2.46436612366956,48.827247919450464],[2.464382367076342,48.827257885218557]],[[2.4643608378046,48.827099500500594],[2.464382778960511,48.827085208924835],[2.464410131477062,48.827074539041277],[2.464444257438643,48.827067496945986],[2.464478337202257,48.827064951461018],[2.46451371438445,48.827068707333353],[2.464547692543365,48.827076054392762]],[[2.464598001665879,48.82721747998626],[2.464610398971907,48.827204045008315],[2.464622851683224,48.82718521408534],[2.464628466256932,48.827169050644891],[2.464629966868918,48.827155566883199]],[[2.464547692543365,48.827076054392762],[2.464578891130857,48.827088785190277],[2.464603260847795,48.82710328413836],[2.464620737043831,48.827125846508999],[2.464629966868918,48.827155566883199]],[[2.464492557559454,48.827271869156355],[2.464523987175713,48.827262116869704],[2.464558196372356,48.827246980828242],[2.464580137536232,48.827232689218164],[2.464598001665879,48.82721747998626]],[[2.464382367076342,48.827257885218557],[2.464419041797961,48.82726794248557],[2.464463953725059,48.8272717410713],[2.464492557559454,48.827271869156355]]]}},
{"type":"Feature","properties":{"ID":"VOIE_NOM0000002338836731","ID_BAN":null,"name":"Route De La Demi-Lune","INSEE_COM":"75112","NOM_COM":"Paris 12e Arrondissement","SRC_BAN":null,"NOM_COLL":"RTE DE LA DEMI-LUNE","TYPE_VOIE":"route","MOT_DIR":"LUNE","LD_BAN":null,"ID_SUPP":"TRONROUT0000000000205422/TRONROUT0000000000206118/TRONROUT0000000000206119/TRONROUT0000000000206123/TRONROUT0000000000207053/TRONROUT0000000000207057/TRONROUT0000000000207066/TRONROUT0000000000207092/TRONROUT0000000230032999","INSEEDBAN":null,"COMDEL_BAN":null,"DATE_CREAT":"2023-12-08T13:42:59","DATE_MAJ":"2024-12-16T22:01:03","NOM_NORMA":"RTE DE LA DEMI-LUNE","ID_BAN_ODO":null,"Nom_a_verifier":true,"other_tags":"nan"},"geometry":{"type":"MultiLineString","coordinates":[[[2.437395509234712,48.825356822470233],[2.437629024249186,48.825175348927502],[2.437777345368259,48.825062725830939],[2.437870729178675,48.824992114666692],[2.438444346588129,48.824596389057859],[2.438501977347216,48.824557087414206],[2.439215544502148,48.824065782474179],[2.43945841700188,48.823899638377107],[2.439544880140614,48.82383888648183],[2.439934633104776,48.823566404653114]],[[2.44182463131038,48.821199103527711],[2.441851359600887,48.821246894997408],[2.441952339491925,48.821356190280099],[2.442065461723278,48.821476334579508],[2.442111228592451,48.82152691292206],[2.442151432344234,48.821588257750285],[2.442199394112111,48.821688311723221]],[[2.439934633104776,48.823566404653114],[2.440575419223573,48.823127813254416],[2.440635790000063,48.823086724623522],[2.441579764043547,48.822443589634759],[2.441719714164904,48.822348010407794],[2.441933757931856,48.82220151267186]],[[2.442199394112111,48.821688311723221],[2.442221536900719,48.821782849008514],[2.442245157157112,48.821866600717257],[2.442277810881694,48.82199716185044]],[[2.437093036188497,48.825617115415163],[2.437380041616385,48.825401718145081],[2.437395509234712,48.825356822470233]],[[2.433925680033385,48.827791226529385],[2.434493744000223,48.827410783530759],[2.435050903056435,48.827030286229828]],[[2.441933757931856,48.82220151267186],[2.442063355110046,48.822182331254318]],[[2.435874426214338,48.82645408141132],[2.437093036188497,48.825617115415163]],[[2.435050903056435,48.827030286229828],[2.435874426214338,48.82645408141132]]]}},
{"type":"Feature","properties":{"ID":"VOIE_NOM0000002338836738","ID_BAN":null,"name":"Route Dauphine","INSEE_COM":"75112","NOM_COM":"Paris 12e Arrondissement","SRC_BAN":null,"NOM_COLL":"RTE DAUPHINE","TYPE_VOIE":"route","MOT_DIR":"DAUPHINE","LD_BAN":null,"ID_SUPP":"TRONROUT0000000000201634/TRONROUT0000000000202427/TRONROUT0000000000202428/TRONROUT0000000000202429/TRONROUT0000000000202432/TRONROUT0000000000202433/TRONROUT0000000000202435/TRONROUT0000000000203254/TRONROUT0000000000204006/TRONROUT0000000000204008/TRON","INSEEDBAN":null,"COMDEL_BAN":null,"DATE_CREAT":"2023-12-08T13:42:59","DATE_MAJ":"2024-12-16T22:01:03","NOM_NORMA":"RTE DAUPHINE","ID_BAN_ODO":null,"Nom_a_verifier":true,"other_tags":"nan"},"geometry":{"type":"MultiLineString","coordinates":[[[2.43792006746849,48.834566090270805],[2.437908810464259,48.834599313744079],[2.43791520485601,48.834638016334772],[2.437932565358035,48.83467047492627],[2.437963645630571,48.834694004369439],[2.438002977170494,48.834710377682768],[2.438050472713958,48.834727688700383],[2.438111697717567,48.834735171221617],[2.438177048348456,48.834739075644826]],[[2.437764140791819,48.835002447017281],[2.43782542427094,48.835004533790048],[2.437919509296603,48.834996881706395],[2.437974155880461,48.834982748714182],[2.438019285828869,48.8349667722619],[2.438057652800266,48.834946267213802],[2.438086522530034,48.834922120092116],[2.438112677360138,48.834897060848277]],[[2.441388730458832,48.82489168169689],[2.441439343367385,48.824744421592939],[2.441518284853164,48.824495665030462],[2.441606682570766,48.82425414747545],[2.441731560337591,48.823912970083981],[2.441935085412799,48.823350015117747],[2.442064121774316,48.823001661568618]],[[2.440783834305535,48.82655448472461],[2.440795116679173,48.826518562774531],[2.440802129570589,48.826499708845013],[2.440925733076344,48.826151332025411],[2.44102258826196,48.825883773093551],[2.441144807515268,48.825537188136678],[2.441388730458832,48.82489168169689]],[[2.43748618838643,48.83475291645945],[2.43751143724566,48.834685583096551],[2.437569293335748,48.834626497308371],[2.437650075119475,48.834589103953569],[2.437745696301247,48.834565270722983],[2.437817964755227,48.834559314886626],[2.43792006746849,48.834566090270805]],[[2.442064121774316,48.823001661568618],[2.442144169429823,48.822776293029698],[2.442149838607552,48.822755633953207],[2.44222874483042,48.822509574459119],[2.442245771403411,48.822445798549118],[2.442271229415253,48.822357778944102]],[[2.438336023905331,48.833387182067973],[2.438413272576017,48.833171697806911],[2.438452606853065,48.833061260888542],[2.438830326913549,48.832015275762743],[2.438875321222336,48.831885079158177],[2.439074879755173,48.831316717976485]],[[2.439228002035025,48.830885741225167],[2.439523090361422,48.830047117880952],[2.439970631862421,48.828837769153552],[2.440280670133935,48.828000111891157],[2.440321416581626,48.827884284294782]],[[2.438112677360138,48.834897060848277],[2.438133441195814,48.834866580107111],[2.438148697719563,48.83484146965931],[2.438155761154106,48.834818119446481],[2.438177048348456,48.834739075644826]],[[2.437525620566391,48.83488620736987],[2.437578264445631,48.834931422980006],[2.437622928752873,48.834958613823822],[2.437677197017397,48.834979554273318],[2.437764140791819,48.835002447017281]],[[2.436861657538847,48.837454354191316],[2.437063498396309,48.836930977717891],[2.437241913561389,48.836431773188202],[2.437328969601602,48.836192053587325],[2.437458185000048,48.835832917221317]],[[2.436129652831623,48.83950504050248],[2.436170125646689,48.839416194866779],[2.436192449378578,48.839367734769716],[2.43624309102427,48.839220478768425],[2.43626978386069,48.8391459578609]],[[2.440321416581626,48.827884284294782],[2.440370528507604,48.827750508484876],[2.440751561392963,48.826642471836621],[2.440783834305535,48.82655448472461]],[[2.43748618838643,48.83475291645945],[2.437487133360817,48.834791593440926],[2.437493440120975,48.834838389888283],[2.437525620566391,48.83488620736987]],[[2.437458185000048,48.835832917221317],[2.437734708236211,48.835078754357738],[2.437764140791819,48.835002447017281]],[[2.436492334223866,48.838472487831282],[2.436790175919397,48.837639285630935],[2.436861657538847,48.837454354191316]],[[2.43626978386069,48.8391459578609],[2.436303453924356,48.839056180736719],[2.436335887912917,48.838954706117093]],[[2.439074879755173,48.831316717976485],[2.439228002035025,48.830885741225167]],[[2.43792006746849,48.834566090270805],[2.438336023905331,48.833387182067973]],[[2.436335887912917,48.838954706117093],[2.436492334223866,48.838472487831282]]]}},
{"type":"Feature","properties":{"ID":"VOIE_NOM0000002338836742","ID_BAN":null,"name":"Avenue De La Dame Blanche","INSEE_COM":"75112","NOM_COM":"Paris 12e Arrondissement","SRC_BAN":null,"NOM_COLL":"AV DE LA DAME BLANCHE","TYPE_VOIE":"avenue","MOT_DIR":"BLANCHE","LD_BAN":null,"ID_SUPP":"TRONROUT0000000000197479/TRONROUT0000000000198274/TRONROUT0000000000198289/TRONROUT0000000000199076/TRONROUT0000000004406067/TRONROUT0000000118200296/TRONROUT0000000230033615/TRONROUT0000000230033616/TRONROUT0000000230033627/TRONROUT0000000230033631/TRON","INSEEDBAN":null,"COMDEL_BAN":null,"DATE_CREAT":"2023-12-08T13:42:59","DATE_MAJ":"2024-12-17T22:15:57","NOM_NORMA":"AV DE LA DAME BLANCHE","ID_BAN_ODO":null,"Nom_a_verifier":true,"other_tags":"nan"},"geometry":{"type":"MultiLineString","coordinates":[[[2.456779071761001,48.843707946027983],[2.457843527623447,48.843549991934779],[2.458370345152385,48.843466939756588],[2.458614645467267,48.843428474059444],[2.459336924080816,48.843286045388105],[2.459873497765623,48.843181446219141],[2.461008304467565,48.842938343073264],[2.461464604893391,48.842821683479677],[2.461793922353881,48.842730532157276],[2.462209409518416,48.842607390621652],[2.462445908347604,48.842532008553405],[2.462672906191356,48.842452985928496],[2.462847962202229,48.842389918011591],[2.462992978353152,48.842333010465495],[2.46318597737142,48.842247538763154]],[[2.440956573336389,48.845251190933631],[2.441065635562072,48.845246304405123],[2.441091581961385,48.845241029507932],[2.441125771187313,48.845229497643309],[2.441203812820446,48.845194787435922],[2.441287449174993,48.84514661301526],[2.441364234063279,48.845102003952839],[2.441480648407004,48.845046787625321],[2.441536715295644,48.845028162955025],[2.441594115784967,48.845012242541323],[2.441692431211505,48.844992915636652],[2.441793462027316,48.844974500673821],[2.441868614013018,48.844955065543125],[2.4419096926548,48.844936370771919],[2.441924786595375,48.844926548302887]],[[2.443924342508108,48.844870206449365],[2.443982874368928,48.844875874614651],[2.444287422792471,48.844939344988845],[2.444431603485377,48.844963397800733],[2.444535042062987,48.844974670342879],[2.444652221161317,48.844975214349574],[2.44477765219527,48.844968601718598],[2.44489366989122,48.844950253695572],[2.445281274601564,48.844891794940509],[2.445379511869685,48.844879659469285],[2.445469478133184,48.844876479105494]],[[2.44785282741999,48.844863220176364],[2.448268851168167,48.844822869962293],[2.448653554808405,48.844780575260387],[2.449090129484814,48.844729524674122],[2.449526722303671,48.844676673875],[2.449992003485367,48.844616758561145],[2.450371339412656,48.844566339491585],[2.450813502906814,48.844501818012574]],[[2.442861218517574,48.845024445618783],[2.442945783052437,48.845016745232151],[2.443037189136836,48.845006378579129],[2.443123221868163,48.844988792023294],[2.443332200799675,48.844942098907971],[2.443580721979383,48.844892891286733],[2.44365439543316,48.844884240392204],[2.443737558683139,48.844880130340819]],[[2.452228901075268,48.844275374856004],[2.452620580123383,48.844216911003521],[2.453503390540452,48.844101333159053],[2.454324563365998,48.844016045663082],[2.455169018589405,48.843919166988471],[2.45645703966083,48.84375235030069],[2.456779071761001,48.843707946027983]],[[2.445469478133184,48.844876479105494],[2.445589353410371,48.8448797327503],[2.4457023968458,48.844884753326426],[2.44591746868195,48.844905535372639],[2.446151539884383,48.844933599809892],[2.446397893372466,48.844959921918658],[2.446497282929874,48.844967576616064]],[[2.442208846466103,48.844994425161957],[2.442414379522456,48.845015169033545],[2.442572338954573,48.845024898663198],[2.442722209698911,48.845026496231924],[2.4428094320509,48.845025103790654],[2.442861218517574,48.845024445618783]],[[2.446497282929874,48.844967576616064],[2.446969039372333,48.844940079691213],[2.447455935881398,48.844898261196654],[2.44785282741999,48.844863220176364]],[[2.450813502906814,48.844501818012574],[2.451865891066271,48.84432857267123],[2.452228901075268,48.844275374856004]],[[2.443737558683139,48.844880130340819],[2.44383710125098,48.844873398319798],[2.443924342508108,48.844870206449365]],[[2.44086390998716,48.845251657243828],[2.440956573336389,48.845251190933631]]]}},
{"type":"Feature","properties":{"ID":"VOIE_NOM0000002338836744","ID_BAN":null,"name":"Route De L'Epine","INSEE_COM":"75112","NOM_COM":"Paris 12e Arrondissement","SRC_BAN":null,"NOM_COLL":"RTE DE L'EPINE","TYPE_VOIE":"route","MOT_DIR":"EPINE","LD_BAN":null,"ID_SUPP":"TRONROUT0000000000201655/TRONROUT0000000000201656/TRONROUT0000000000201675/TRONROUT0000000230033377","INSEEDBAN":null,"COMDEL_BAN":null,"DATE_CREAT":"2023-12-08T13:42:59","DATE_MAJ":"2024-12-16T22:01:03","NOM_NORMA":"RTE DE L'EPINE","ID_BAN_ODO":null,"Nom_a_verifier":true,"other_tags":"nan"},"geometry":{"type":"MultiLineString","coordinates":[[[2.422909263700592,48.837194491881924],[2.423140941397801,48.837188414510933],[2.423337327508071,48.837170474869978],[2.423536577407024,48.837139957660469],[2.423746825211175,48.83710049949687],[2.423965206972444,48.837064677577445],[2.424134564157738,48.837026820528912],[2.424247956035528,48.836998586839066]],[[2.421573605148801,48.837116091629795],[2.421820018997041,48.837132572094944],[2.422036381740341,48.837156101738636],[2.422187461966758,48.837169422688035],[2.422387616451422,48.837180282348946],[2.422596004841124,48.83718578525739]],[[2.422596004841124,48.83718578525739],[2.422749909574864,48.837190125523271],[2.422909263700592,48.837194491881924]],[[2.421475736306939,48.837095832387114],[2.421573605148801,48.837116091629795]]]}},
{"type":"Feature","properties":{"ID":"VOIE_NOM0000002338836746","ID_BAN":null,"name":"Esplanade Saint-Louis","INSEE_COM":"75112","NOM_COM":"Paris 12e Arrondissement","SRC_BAN":null,"NOM_COLL":"ESP SAINT-LOUIS","TYPE_VOIE":"esplanade","MOT_DIR":"LOUIS","LD_BAN":null,"ID_SUPP":"TRONROUT0000000000199879/TRONROUT0000000000200833/TRONROUT0000000230033513/TRONROUT0000000230033517/TRONROUT0000000230033676/TRONROUT0000000356876018/TRONROUT0000002206029332/TRONROUT0000002206029349/TRONROUT0000002276160453/TRONROUT0000002276160454","INSEEDBAN":null,"COMDEL_BAN":null,"DATE_CREAT":"2023-12-08T13:42:59","DATE_MAJ":"2024-12-16T22:01:03","NOM_NORMA":"ESP SAINT-LOUIS","ID_BAN_ODO":null,"Nom_a_verifier":true,"other_tags":"nan"},"geometry":{"type":"MultiLineString","coordinates":[[[2.434754404924848,48.840683003498377],[2.434900185391601,48.840683692248092],[2.434969796281709,48.840672329428557],[2.435057216257706,48.840652057107938],[2.435206452400591,48.840585310043579],[2.435354403672378,48.840511361870959],[2.435500573271822,48.840476077452458],[2.435634139998004,48.840472210889317],[2.435706348727485,48.840472551536955],[2.435779803063248,48.840483690298662],[2.435993315182091,48.840520671438306],[2.436051831565015,48.840527242816876],[2.436159483020374,48.840525951560998]],[[2.434584134655315,48.839423098568936],[2.43460818962362,48.839466381442492],[2.434657788893059,48.839541262557816],[2.434677942089156,48.839567439175759],[2.43470881898667,48.839609854904808]],[[2.434357814078425,48.83931140757992],[2.434458446157546,48.839328971189275],[2.434500475620901,48.839348056403914],[2.434545112837982,48.839377946224843],[2.434584134655315,48.839423098568936]],[[2.434518424408297,48.84058205960423],[2.434612159035357,48.840607684658778],[2.434677253399751,48.84063587236389],[2.434754404924848,48.840683003498377]],[[2.434181307580668,48.839254812622571],[2.434205615954959,48.839274713476954],[2.434249017441348,48.839292905913091],[2.434357814078425,48.83931140757992]],[[2.43470881898667,48.839609854904808],[2.434740726737341,48.839682853654303],[2.434739022970536,48.839714323119154]],[[2.434361069472372,48.840392450690786],[2.434704221465319,48.839782509837484],[2.434739022970536,48.839714323119154]],[[2.434146822534073,48.83916831112839],[2.434162614780683,48.839219649239716],[2.434181307580668,48.839254812622571]],[[2.434292904994269,48.84052163576704],[2.434518424408297,48.84058205960423]],[[2.434292904994269,48.84052163576704],[2.434361069472372,48.840392450690786]]]}},
{"type":"Feature","properties":{"ID":"VOIE_NOM0000002338836749","ID_BAN":null,"name":"Route De L'Asile National","INSEE_COM":"75112","NOM_COM":"Paris 12e Arrondissement","SRC_BAN":null,"NOM_COLL":"RTE DE L'ASILE NATIONAL","TYPE_VOIE":"route","MOT_DIR":"NATIONAL","LD_BAN":null,"ID_SUPP":"TRONROUT0000000000204048/TRONROUT0000000000204730/TRONROUT0000000000204734/TRONROUT0000000000204744/TRONROUT0000000000204746/TRONROUT0000000000204747/TRONROUT0000000000205467/TRONROUT0000000000205474/TRONROUT0000000000205476/TRONROUT0000000000206704/TRON","INSEEDBAN":null,"COMDEL_BAN":null,"DATE_CREAT":"2023-12-08T13:42:59","DATE_MAJ":"2024-12-16T22:01:03","NOM_NORMA":"RTE DE L'ASILE NATIONAL","ID_BAN_ODO":null,"Nom_a_verifier":true,"other_tags":"nan"},"geometry":{"type":"MultiLineString","coordinates":[[[2.423609356122501,48.824521309120456],[2.423649918211377,48.824671699515143],[2.423673480119897,48.824758152642367],[2.423687855906921,48.824813083522763],[2.423724362203959,48.824960756194123],[2.423797345601012,48.825258799411785],[2.423866015675056,48.825700720888022],[2.423919196877989,48.826065221765049],[2.423927528851335,48.8261740855976]],[[2.422789625279928,48.833603661365096],[2.422808778379594,48.833473346082137],[2.422819578702035,48.833359179020306],[2.422823221208869,48.833153242297293],[2.422820042576542,48.832948171983908],[2.42281583034151,48.832713417626834],[2.422808298223105,48.832409396139418],[2.422807326324839,48.832251103296755]],[[2.423872068821479,48.827618204678828],[2.423879922786351,48.827523808850046],[2.423939027111997,48.82710588724126],[2.423962439277185,48.826836189401405],[2.423964019191349,48.826693197360946],[2.423961204872711,48.82657806457631],[2.423954463369174,48.826448522957307]],[[2.422807326324839,48.832251103296755],[2.422809090774773,48.83196871130248],[2.422855849411812,48.831559725891502],[2.422913247663033,48.831050962085698],[2.423030829009807,48.830520004226976],[2.423076438733735,48.830337652947996]],[[2.423453213106978,48.824230059645707],[2.423456941102289,48.824262454972725],[2.423478255828504,48.824305727536753],[2.423557142538072,48.824439214707326],[2.423609356122501,48.824521309120456]],[[2.423137638911707,48.830100515481305],[2.423216148481746,48.829899436072125],[2.423311411078336,48.829661563330781],[2.423362159258887,48.829507116957409],[2.423406672805599,48.829423690463095]],[[2.422486352022146,48.834908971831837],[2.422585367763269,48.834579383800737],[2.422707871626734,48.834097017249448],[2.422767538453243,48.833752849102765],[2.422789625279928,48.833603661365096]],[[2.422153595207706,48.835677218744195],[2.422264642643227,48.835491587243084],[2.422396355814598,48.835162157456132],[2.422470789017999,48.834961059709435],[2.422486352022146,48.834908971831837]],[[2.423689241278051,48.828630911298148],[2.423759653076274,48.828299383964413],[2.423827220508076,48.827978635207074],[2.423833066473359,48.827942688654431]],[[2.423507750153847,48.829152568928187],[2.423555663618043,48.829008001781702],[2.42361459312407,48.828852695283736]],[[2.423427701663137,48.829369829835827],[2.423472473571091,48.829263021014043],[2.423507750153847,48.829152568928187]],[[2.423927528851335,48.8261740855976],[2.423954463369174,48.826448522957307]],[[2.423854889385027,48.827816882270824],[2.423872068821479,48.827618204678828]],[[2.423848983816426,48.827858224749328],[2.423854889385027,48.827816882270824]],[[2.423833066473359,48.827942688654431],[2.423848983816426,48.827858224749328]],[[2.42361459312407,48.828852695283736],[2.423689241278051,48.828630911298148]],[[2.423406672805599,48.829423690463095],[2.423427701663137,48.829369829835827]],[[2.423449922693297,48.824158094103922],[2.423453213106978,48.824230059645707]],[[2.423076438733735,48.830337652947996],[2.423137638911707,48.830100515481305]]]}},
{"type":"Feature","properties":{"ID":"VOIE_NOM0000002338858004","ID_BAN":null,"name":"Avenue Saint-Maurice Du Valais","INSEE_COM":"75112","NOM_COM":"Paris 12e Arrondissement","SRC_BAN":null,"NOM_COLL":"AV SAINT-MAURICE DU VALAIS","TYPE_VOIE":"avenue","MOT_DIR":"VALAIS","LD_BAN":null,"ID_SUPP":"TRONROUT0000000313739442","INSEEDBAN":null,"COMDEL_BAN":null,"DATE_CREAT":"2023-12-08T13:42:59","DATE_MAJ":"2024-03-12T16:10:18","NOM_NORMA":"AV SAINT-MAURICE DU VALAIS","ID_BAN_ODO":null,"Nom_a_verifier":true,"other_tags":"nan"},"geometry":{"type":"MultiLineString","coordinates":[[[2.458975677372445,48.817181292924651],[2.459145756079187,48.81706514379281],[2.459278859802648,48.816968613428998],[2.459350308378354,48.81690777909629],[2.45941357657735,48.816847807107486]]]}},
{"type":"Feature","properties":{"ID":"VOIE_NOM0000002338858720","ID_BAN":null,"name":"Avenue Foch","INSEE_COM":"75112","NOM_COM":"Paris 12e Arrondissement","SRC_BAN":null,"NOM_COLL":"AV FOCH","TYPE_VOIE":"avenue","MOT_DIR":"FOCH","LD_BAN":null,"ID_SUPP":"TRONROUT0000000000197476/TRONROUT0000000000197490/TRONROUT0000000000197498/TRONROUT0000002275226188","INSEEDBAN":null,"COMDEL_BAN":null,"DATE_CREAT":"2023-12-08T13:42:59","DATE_MAJ":"2024-03-12T16:10:18","NOM_NORMA":"AV FOCH","ID_BAN_ODO":null,"Nom_a_verifier":true,"other_tags":"nan"},"geometry":{"type":"MultiLineString","coordinates":[[[2.446646486889991,48.845801966183075],[2.444920679114487,48.845868617580692],[2.44448461804802,48.845870190998049]],[[2.441832429345914,48.845916304436756],[2.44085635514205,48.845955814816357],[2.44075815339398,48.845964349333954]],[[2.44448461804802,48.845870190998049],[2.444286978123055,48.845875568586159]],[[2.444286978123055,48.845875568586159],[2.444135703949514,48.84587756387716],[2.442269940068898,48.845906653274348],[2.441832429345914,48.845916304436756]]]}},
{"type":"Feature","properties":{"ID":"VOIE_NOM0000002338858734","ID_BAN":null,"name":"Avenue Francois Fresneau","INSEE_COM":"75112","NOM_COM":"Paris 12e Arrondissement","SRC_BAN":null,"NOM_COLL":"AV FRANCOIS FRESNEAU","TYPE_VOIE":"avenue","MOT_DIR":"FRESNEAU","LD_BAN":null,"ID_SUPP":"TRONROUT0000000000202527","INSEEDBAN":null,"COMDEL_BAN":null,"DATE_CREAT":"2023-12-08T13:42:59","DATE_MAJ":"2024-03-12T16:10:18","NOM_NORMA":"AV FRANCOIS FRESNEAU","ID_BAN_ODO":null,"Nom_a_verifier":true,"other_tags":"nan"},"geometry":{"type":"MultiLineString","coordinates":[[[2.408114727156665,48.834800944617633],[2.408152243822627,48.83473637606955],[2.40821030681071,48.834662016162383],[2.408293084481482,48.834570690574388],[2.408406005284709,48.834464224828743],[2.408517502134151,48.83436314811145],[2.408708917716941,48.834182422981009]]]}},
{"type":"Feature","properties":{"ID":"VOIE_NOM0000002338859773","ID_BAN":null,"name":"Avenue De Paris","INSEE_COM":"75112","NOM_COM":"Paris 12e Arrondissement","SRC_BAN":null,"NOM_COLL":"AV DE PARIS","TYPE_VOIE":"avenue","MOT_DIR":"PARIS","LD_BAN":null,"ID_SUPP":"TRONROUT0000000000198313","INSEEDBAN":null,"COMDEL_BAN":null,"DATE_CREAT":"2023-12-08T13:42:59","DATE_MAJ":"2024-03-12T16:10:18","NOM_NORMA":"AV DE PARIS","ID_BAN_ODO":null,"Nom_a_verifier":true,"other_tags":"nan"},"geometry":{"type":"MultiLineString","coordinates":[[[2.437958319623622,48.84466425489591],[2.438172470882146,48.844643676310874],[2.43837981897427,48.844622166052318],[2.43861442732519,48.84459988400441],[2.438767196121514,48.844585311773912]]]}},
{"type":"Feature","properties":{"ID":"VOIE_NOM0000002338860749","ID_BAN":null,"name":"Allée Des 4 Carrefours","INSEE_COM":"75112","NOM_COM":"Paris 12e Arrondissement","SRC_BAN":null,"NOM_COLL":"ALL DES 4 CARREFOURS","TYPE_VOIE":"allée","MOT_DIR":"CARREFOURS","LD_BAN":null,"ID_SUPP":"TRONROUT0000000000205394/TRONROUT0000000000205408/TRONROUT0000000000205418/TRONROUT0000000000206115/TRONROUT0000000000206129/TRONROUT0000000000206130","INSEEDBAN":null,"COMDEL_BAN":null,"DATE_CREAT":"2023-12-08T13:42:59","DATE_MAJ":"2024-03-12T16:10:18","NOM_NORMA":"ALL DES 4 CARREFOURS","ID_BAN_ODO":null,"Nom_a_verifier":true,"other_tags":"nan"},"geometry":{"type":"MultiLineString","coordinates":[[[2.434682182524603,48.826112087688792],[2.434351031873253,48.826000798859667]],[[2.434682182524603,48.826112087688792],[2.435681577928788,48.826401008204989],[2.435874426214338,48.82645408141132]],[[2.438920839466018,48.827402855869543],[2.440000183044499,48.827735284399502],[2.44006106204894,48.827774242223022],[2.440121709351547,48.827834783729841],[2.440161780423639,48.827908719382314]],[[2.438920839466018,48.827402855869543],[2.437880835402289,48.827086790965005],[2.437366364042872,48.826921586144437]],[[2.436439148610903,48.826632120728917],[2.435874426214338,48.82645408141132]],[[2.436439148610903,48.826632120728917],[2.43712612151203,48.82684221065854],[2.437366364042872,48.826921586144437]]]}},
{"type":"Feature","properties":{"ID":"VOIE_NOM0000002338860750","ID_BAN":null,"name":"Chemin Du Cimetiere","INSEE_COM":"75112","NOM_COM":"Paris 12e Arrondissement","SRC_BAN":null,"NOM_COLL":"CHE DU CIMETIERE","TYPE_VOIE":"chemin","MOT_DIR":"CIMETIERE","LD_BAN":null,"ID_SUPP":"TRONROUT0000000000206211/TRONROUT0000000230032961/TRONROUT0000000357923564/TRONROUT0000002276194311","INSEEDBAN":null,"COMDEL_BAN":null,"DATE_CREAT":"2023-12-08T13:42:59","DATE_MAJ":"2024-03-12T16:10:18","NOM_NORMA":"CHE DU CIMETIERE","ID_BAN_ODO":null,"Nom_a_verifier":true,"other_tags":"nan"},"geometry":{"type":"MultiLineString","coordinates":[[[2.412641312312299,48.824811501016868],[2.412623085017662,48.824736763662585]],[[2.413513611791298,48.825367096701108],[2.413476948234065,48.825357023808465]],[[2.413278678695062,48.825303887705736],[2.413229797448828,48.825290157309141],[2.413107781731107,48.825239193785194],[2.41299266751444,48.82518016967088],[2.41289263710377,48.825112225784594],[2.412815649928044,48.825054288039603],[2.412744212307135,48.824987383781348],[2.412702516430281,48.824940411711601],[2.412674511733705,48.824887211268283],[2.412641312312299,48.824811501016868]],[[2.413476948234065,48.825357023808465],[2.413360147496,48.825326771655277],[2.413278678695062,48.825303887705736]]]}},
{"type":"Feature","properties":{"ID":"VOIE_NOM0000002338860751","ID_BAN":null,"name":"Allée Des Buttes","INSEE_COM":"75112","NOM_COM":"Paris 12e Arrondissement","SRC_BAN":null,"NOM_COLL":"ALL DES BUTTES","TYPE_VOIE":"allée","MOT_DIR":"BUTTES","LD_BAN":null,"ID_SUPP":"TRONROUT0000000000205445/TRONROUT0000000000206143/TRONROUT0000000000206144/TRONROUT0000000000206155/TRONROUT0000000000206161/TRONROUT0000000000206714/TRONROUT0000002009936947","INSEEDBAN":null,"COMDEL_BAN":null,"DATE_CREAT":"2023-12-08T13:42:59","DATE_MAJ":"2024-03-12T16:10:18","NOM_NORMA":"ALL DES BUTTES","ID_BAN_ODO":null,"Nom_a_verifier":true,"other_tags":"nan"},"geometry":{"type":"MultiLineString","coordinates":[[[2.424484827167647,48.824306079155285],[2.425235590795456,48.824653249498837],[2.425384698719284,48.82471872073328]],[[2.425384698719284,48.82471872073328],[2.426669392557192,48.825315772964089]],[[2.427699294774736,48.825798271351736],[2.426669392557192,48.825315772964089]],[[2.430373157502404,48.827042273088445],[2.430600788184067,48.827153080004045]],[[2.428684524400177,48.826257163574454],[2.42872924561745,48.82627806269705],[2.429262082648474,48.826504549647929],[2.4301767572035,48.826940608215601],[2.430373157502404,48.827042273088445]],[[2.428624889595548,48.826229897598914],[2.428471825140373,48.826151820458435],[2.427699294774736,48.825798271351736]],[[2.428624889595548,48.826229897598914],[2.428684524400177,48.826257163574454]]]}},
{"type":"Feature","properties":{"ID":"VOIE_NOM0000002338860752","ID_BAN":null,"name":"Allée Des Chenes","INSEE_COM":"75112","NOM_COM":"Paris 12e Arrondissement","SRC_BAN":null,"NOM_COLL":"ALL DES CHENES","TYPE_VOIE":"allée","MOT_DIR":"CHENES","LD_BAN":null,"ID_SUPP":"TRONROUT0000000000200816/TRONROUT0000000000200821/TRONROUT0000000000200824/TRONROUT0000000000201628/TRONROUT0000000230033414/TRONROUT0000002009936928/TRONROUT0000002009936929","INSEEDBAN":null,"COMDEL_BAN":null,"DATE_CREAT":"2023-12-08T13:42:59","DATE_MAJ":"2024-03-12T16:10:18","NOM_NORMA":"ALL DES CHENES","ID_BAN_ODO":null,"Nom_a_verifier":true,"other_tags":"nan"},"geometry":{"type":"MultiLineString","coordinates":[[[2.441503845262705,48.8375417720966],[2.441537418556592,48.837460087195296],[2.441576325523585,48.837389219486077],[2.441633019967497,48.837311239921625],[2.441682719493021,48.837250315497691],[2.441719084430819,48.837162348043009]],[[2.441406951609681,48.837811127260807],[2.441503845262705,48.8375417720966]],[[2.441287478257135,48.838153224848305],[2.441327989426521,48.838059880793438],[2.441366035960754,48.837942242529067],[2.441406951609681,48.837811127260807]],[[2.439467420828023,48.839151990900127],[2.439246074306928,48.839210311087506],[2.438957756833152,48.839288102645071],[2.438807466976665,48.839326969399231],[2.438577925195651,48.8393870486155],[2.43849314631894,48.839415430130671],[2.438420580522997,48.839448365709664],[2.438357503005151,48.839485842580935],[2.438295719959007,48.839529620998633],[2.438258644266092,48.839556427620252]],[[2.439467420828023,48.839151990900127],[2.439631275614482,48.839118583007853],[2.439837441697534,48.83907817817397],[2.440095619867361,48.839015532505549],[2.440345835515388,48.838933063155679],[2.440484180171677,48.838864459786315],[2.440622601675209,48.838788661751039],[2.440838117010754,48.838638577244922],[2.440909578224876,48.838581352359689],[2.441132626949803,48.838363850654041]],[[2.441215285321805,48.838278797784625],[2.441287478257135,48.838153224848305]],[[2.441132626949803,48.838363850654041],[2.441215285321805,48.838278797784625]]]}},
{"type":"Feature","properties":{"ID":"VOIE_NOM0000002338860753","ID_BAN":null,"name":"Allée Des Dahlias","INSEE_COM":"75112","NOM_COM":"Paris 12e Arrondissement","SRC_BAN":null,"NOM_COLL":"ALL DES DAHLIAS","TYPE_VOIE":"allée","MOT_DIR":"DAHLIAS","LD_BAN":null,"ID_SUPP":"TRONROUT0000000000202421","INSEEDBAN":null,"COMDEL_BAN":null,"DATE_CREAT":"2023-12-08T13:42:59","DATE_MAJ":"2024-03-12T16:10:18","NOM_NORMA":"ALL DES DAHLIAS","ID_BAN_ODO":null,"Nom_a_verifier":true,"other_tags":"nan"},"geometry":{"type":"MultiLineString","coordinates":[[[2.444395210717132,48.835467823955021],[2.44438082084816,48.835539705927438],[2.444347598363567,48.835589016406239],[2.444280433279844,48.83562737685989],[2.444203818268929,48.835657599124147],[2.444125879225979,48.835684217745502],[2.444039833414148,48.835704503115309],[2.443868173358616,48.8357046044732],[2.44378090905262,48.835711393590714],[2.443716621566728,48.835735377346715],[2.443580697290399,48.83583367472729],[2.443491436730735,48.835899812105524],[2.443323842254734,48.836029439426824],[2.443237200000723,48.836105481750124],[2.443118849481523,48.83621645141713],[2.443014112062901,48.836328383708654],[2.442956154537865,48.836397364503625],[2.442848268799463,48.836548853790866],[2.44277715576081,48.836701413633158],[2.442758820533787,48.836759786574127],[2.442754560478908,48.836775955195513],[2.442692749402296,48.837077851907452]]]}},
{"type":"Feature","properties":{"ID":"VOIE_NOM0000002338860754","ID_BAN":null,"name":"Allée Des Lapins","INSEE_COM":"75112","NOM_COM":"Paris 12e Arrondissement","SRC_BAN":null,"NOM_COLL":"ALL DES LAPINS","TYPE_VOIE":"allée","MOT_DIR":"LAPINS","LD_BAN":null,"ID_SUPP":"TRONROUT0000000000202479/TRONROUT0000000000203291/TRONROUT0000000000203292/TRONROUT0000000000204032/TRONROUT0000000000204035/TRONROUT0000000000204040/TRONROUT0000000000204046/TRONROUT0000000230033188/TRONROUT0000000230033191/TRONROUT0000000230033263/TRON","INSEEDBAN":null,"COMDEL_BAN":null,"DATE_CREAT":"2023-12-08T13:42:59","DATE_MAJ":"2024-03-12T16:10:18","NOM_NORMA":"ALL DES LAPINS","ID_BAN_ODO":null,"Nom_a_verifier":true,"other_tags":"nan"},"geometry":{"type":"MultiLineString","coordinates":[[[2.42933058119688,48.830948648159584],[2.429396113452216,48.830935470349559],[2.429467291236611,48.830904332132917],[2.42952780771071,48.830851558258523]],[[2.4292488504471,48.830948258157306],[2.42933058119688,48.830948648159584]],[[2.429168452334968,48.830950572554869],[2.4292488504471,48.830948258157306]],[[2.42786917125846,48.831791565972431],[2.427980447023113,48.831706658587045],[2.428591071338777,48.831303963968935]],[[2.427362468764333,48.83215788045036],[2.42786917125846,48.831791565972431]],[[2.428726864237789,48.831219172993535],[2.428967236742726,48.831038649163773],[2.429042747709918,48.830985047762958],[2.429098961498507,48.830952039598486],[2.429168452334968,48.830950572554869]],[[2.428591071338777,48.831303963968935],[2.428726864237789,48.831219172993535]],[[2.42549348071982,48.833388241012074],[2.424168903168197,48.834288429418962]],[[2.424168903168197,48.834288429418962],[2.424061861469185,48.834358963702449]],[[2.42255821395482,48.835431848243005],[2.422366167143455,48.835550536101145],[2.422153595207706,48.835677218744195]],[[2.423172046436125,48.834993223214404],[2.42255821395482,48.835431848243005]],[[2.424061861469185,48.834358963702449],[2.423862762186336,48.834500104149683]],[[2.423862762186336,48.834500104149683],[2.423172046436125,48.834993223214404]],[[2.426387867657378,48.832828632713117],[2.426630831754859,48.832661616651826],[2.426875116965058,48.832498203866223],[2.427362468764333,48.83215788045036]],[[2.42549348071982,48.833388241012074],[2.425834888034017,48.833189322350485],[2.426203893752922,48.832958158001986],[2.426387867657378,48.832828632713117]]]}},
{"type":"Feature","properties":{"ID":"VOIE_NOM0000002338860756","ID_BAN":null,"name":"Allée Des Pivoines","INSEE_COM":"75112","NOM_COM":"Paris 12e Arrondissement","SRC_BAN":null,"NOM_COLL":"ALL DES PIVOINES","TYPE_VOIE":"allée","MOT_DIR":"PIVOINES","LD_BAN":null,"ID_SUPP":"TRONROUT0000000000200818/TRONROUT0000000312565041/TRONROUT0000000312565042/TRONROUT0000000312565050","INSEEDBAN":null,"COMDEL_BAN":null,"DATE_CREAT":"2023-12-08T13:42:59","DATE_MAJ":"2024-03-12T16:10:18","NOM_NORMA":"ALL DES PIVOINES","ID_BAN_ODO":null,"Nom_a_verifier":true,"other_tags":"nan"},"geometry":{"type":"MultiLineString","coordinates":[[[2.441293428858621,48.838487813882416],[2.441204206108954,48.838422643333658],[2.441132626949803,48.838363850654041]],[[2.441213104967427,48.839244697902195],[2.441221790334227,48.839197072528961],[2.441249886638067,48.839118060310355]],[[2.44139739425514,48.838830055429121],[2.441413122618254,48.838760878327548],[2.441408386280804,48.838694303730378],[2.441387301379335,48.838627652783629],[2.441359308247085,48.83856996314627],[2.441329808210893,48.838525756831402],[2.441293428858621,48.838487813882416]],[[2.441249886638067,48.839118060310355],[2.441258244172797,48.839101011555002],[2.441284650216394,48.839052569585057],[2.441324882548967,48.838985305672416],[2.441367984134392,48.838904564776911],[2.44139739425514,48.838830055429121]]]}},
{"type":"Feature","properties":{"ID":"VOIE_NOM0000002338860757","ID_BAN":null,"name":"Allée Des Rhododendrons","INSEE_COM":"75112","NOM_COM":"Paris 12e Arrondissement","SRC_BAN":null,"NOM_COLL":"ALL DES RHODODENDRONS","TYPE_VOIE":"allée","MOT_DIR":"RHODODENDRONS","LD_BAN":null,"ID_SUPP":"TRONROUT0000000000201629/TRONROUT0000000000201630/TRONROUT0000000000201631/TRONROUT0000000000201632","INSEEDBAN":null,"COMDEL_BAN":null,"DATE_CREAT":"2023-12-08T13:42:59","DATE_MAJ":"2024-03-12T16:10:18","NOM_NORMA":"ALL DES RHODODENDRONS","ID_BAN_ODO":null,"Nom_a_verifier":true,"other_tags":"nan"},"geometry":{"type":"MultiLineString","coordinates":[[[2.442692749402296,48.837077851907452],[2.442457054795953,48.837077652897378],[2.442135330588564,48.837095938768989],[2.441941627776147,48.837118418555484],[2.441719084430819,48.837162348043009]],[[2.4441972554569,48.837423011074605],[2.444275456776192,48.837499819897722],[2.444337233378303,48.837583747234028],[2.444370611594638,48.837647756736025],[2.444398425428902,48.837722532680047],[2.444438433485208,48.837803660757189],[2.444501745590172,48.83787140666557],[2.444561057018367,48.837931039734713],[2.444673184634932,48.838020596801037],[2.445085805235499,48.838295017156597]],[[2.443105240881946,48.837107653185946],[2.442936502722359,48.837088880292143],[2.442692749402296,48.837077851907452]],[[2.4441972554569,48.837423011074605],[2.444106611004544,48.837363232183364],[2.443987347879009,48.837304219553054],[2.443874714445488,48.837262325440442],[2.443757878993967,48.837231203985326],[2.44351053706823,48.837173393921766],[2.443284829875823,48.837130973138109],[2.443105240881946,48.837107653185946]]]}},
{"type":"Feature","properties":{"ID":"VOIE_NOM0000002338860758","ID_BAN":null,"name":"Allée Des Terrasses","INSEE_COM":"75112","NOM_COM":"Paris 12e Arrondissement","SRC_BAN":null,"NOM_COLL":"ALL DES TERRASSES","TYPE_VOIE":"allée","MOT_DIR":"TERRASSES","LD_BAN":null,"ID_SUPP":"TRONROUT0000000000200809/TRONROUT0000000000201627","INSEEDBAN":null,"COMDEL_BAN":null,"DATE_CREAT":"2023-12-08T13:42:59","DATE_MAJ":"2024-03-12T16:10:18","NOM_NORMA":"ALL DES TERRASSES","ID_BAN_ODO":null,"Nom_a_verifier":true,"other_tags":"nan"},"geometry":{"type":"MultiLineString","coordinates":[[[2.443024767302818,48.837626208525975],[2.443027023362739,48.837542578678743],[2.443051413355998,48.837427574329695],[2.443080745461168,48.837232550034756],[2.443105240881946,48.837107653185946]],[[2.442657403665027,48.839491564338843],[2.442810233268992,48.83946979238025],[2.442954965217873,48.839440787661118],[2.443109493253083,48.839387545729203],[2.443230028217473,48.83932784988199],[2.443312194835386,48.839288660576692],[2.443413674983379,48.839227077148458],[2.4434854126376,48.839143770687869],[2.443551873307674,48.839044251198594],[2.443604681024961,48.83894736623327],[2.443639931099253,48.83883600985564],[2.443650206946884,48.83876680711397],[2.443644566133006,48.838657059242905],[2.44362366077977,48.83857332173875],[2.443588086142475,48.838459837181048],[2.443528315364742,48.838315661869913],[2.443466808060666,48.838206553395494],[2.44339438286532,48.838099192791425],[2.443303076959562,48.837973757097537],[2.443212941723255,48.837866313934761],[2.443111821513198,48.837766913777337],[2.443052694506442,48.837690193018865],[2.443024767302818,48.837626208525975]]]}},
{"type":"Feature","properties":{"ID":"VOIE_NOM0000002338860759","ID_BAN":null,"name":"Allée Jeanne Villepreux-Power","INSEE_COM":"75112","NOM_COM":"Paris 12e Arrondissement","SRC_BAN":null,"NOM_COLL":"ALL JEANNE VILLEPREUX-POWER","TYPE_VOIE":"allée","MOT_DIR":"POWER","LD_BAN":null,"ID_SUPP":"TRONROUT0000000000203383/TRONROUT0000000000203386/TRONROUT0000000000203390/TRONROUT0000000000203404/TRONROUT0000000230033240/TRONROUT0000000230033242/TRONROUT0000000230033690/TRONROUT0000002206029310/TRONROUT0000002276188677","INSEEDBAN":null,"COMDEL_BAN":null,"DATE_CREAT":"2023-12-08T13:42:59","DATE_MAJ":"2024-03-12T16:10:18","NOM_NORMA":"ALL JEANNE VILLEPREUX-POWER","ID_BAN_ODO":null,"Nom_a_verifier":true,"other_tags":"nan"},"geometry":{"type":"MultiLineString","coordinates":[[[2.40466404926151,48.832520117638232],[2.404534087976831,48.832448420771705],[2.404504314435977,48.832431184583072],[2.404482662832033,48.83241848565654],[2.404453094809659,48.832383263157709],[2.404431772024685,48.832341786145399]],[[2.405300874882385,48.83282277455001],[2.40466404926151,48.832520117638232]],[[2.405501222683895,48.832934392508626],[2.405397028673412,48.832872717711794],[2.405300874882385,48.83282277455001]],[[2.408708917716941,48.834182422981009],[2.408791852446674,48.834197222771941],[2.408878496674591,48.834245317311435],[2.408962406337608,48.834294297636767],[2.409045035456058,48.834336076661138],[2.409123842953042,48.83435445328265],[2.409223196612553,48.834363038331759],[2.409345800540018,48.834363643839168],[2.40942063346361,48.834372107632767],[2.409502216618189,48.834386000888657]],[[2.40755856808552,48.833870047358296],[2.407619440224373,48.833908122165425],[2.407826598228848,48.834020669168439],[2.407937772130964,48.834067986481053]],[[2.407937772130964,48.834067986481053],[2.408030048224279,48.834099920965564],[2.40821609573601,48.834152105379573],[2.408437940037334,48.834171190073604],[2.408708917716941,48.834182422981009]],[[2.407450334131363,48.833803857589203],[2.40755856808552,48.833870047358296]],[[2.405501222683895,48.832934392508626],[2.405739488263326,48.833065984554644],[2.406056651960612,48.833207860942778],[2.406226286010665,48.833265363202422],[2.406423400730381,48.833302316202371],[2.406541464928888,48.833342474131236],[2.406729915438321,48.833422553150875]],[[2.406729915438321,48.833422553150875],[2.40695917243155,48.833508230390301],[2.407171940046926,48.833606416559334],[2.407372294866508,48.833718031305686],[2.407422217577466,48.833760548790721],[2.407450334131363,48.833803857589203]]]}},
{"type":"Feature","properties":{"ID":"VOIE_NOM0000002338860763","ID_BAN":null,"name":"Allée Royale","INSEE_COM":"75112","NOM_COM":"Paris 12e Arrondissement","SRC_BAN":null,"NOM_COLL":"ALL ROYALE","TYPE_VOIE":"allée","MOT_DIR":"ROYALE","LD_BAN":null,"ID_SUPP":"TRONROUT0000000000201647/TRONROUT0000000000201648/TRONROUT0000000000201649/TRONROUT0000000000202440/TRONROUT0000000000202441/TRONROUT0000000000202445/TRONROUT0000000000202450/TRONROUT0000000000202451/TRONROUT0000000000202453/TRONROUT0000000000202454/TRON","INSEEDBAN":null,"COMDEL_BAN":null,"DATE_CREAT":"2023-12-08T13:42:59","DATE_MAJ":"2024-03-12T16:10:18","NOM_NORMA":"ALL ROYALE","ID_BAN_ODO":null,"Nom_a_verifier":true,"other_tags":"nan"},"geometry":{"type":"MultiLineString","coordinates":[[[2.43378034662675,48.828881470461695],[2.433839771666177,48.829179442017029],[2.433904548294185,48.829486432450203],[2.433965307588614,48.829787108188086],[2.43402486164473,48.830073388261454],[2.434067596646004,48.830277746411888]],[[2.432681289235167,48.828985085324142],[2.432698558351416,48.829150650641019],[2.432728705222539,48.829384628834511],[2.432775188317352,48.829619583816346],[2.432825601735814,48.829868947218344],[2.432878818219644,48.830111128909529],[2.432915011862909,48.830290274239488],[2.432929252174303,48.830358693520772]],[[2.434067596646004,48.830277746411888],[2.434123201983497,48.830551416510865],[2.434177348116877,48.830834073258686],[2.434260223399427,48.831231085096285],[2.434328535394507,48.831589355194531],[2.434386760573358,48.831872930231341]],[[2.432929252174303,48.830358693520772],[2.433077057171685,48.831047408429853],[2.43326965887749,48.832001647372223]],[[2.434386760573358,48.831872930231341],[2.434458130428756,48.832200636139397],[2.434533382983147,48.832547246892169],[2.434588729817549,48.832845197779584],[2.434684551129328,48.833305225172666]],[[2.434737399430025,48.833582478634909],[2.434793236083914,48.833835463341998],[2.435055273301257,48.83504904101391]],[[2.434684551129328,48.833305225172666],[2.434737399430025,48.833582478634909]],[[2.43326965887749,48.832001647372223],[2.433553767711661,48.833436578365628]],[[2.435055273301257,48.83504904101391],[2.434453724179134,48.835118147173006]],[[2.433828862779269,48.835326540957702],[2.433906620978663,48.835317016021918]],[[2.431378778897201,48.835626996937798],[2.431508364296059,48.835612323761566]],[[2.427529880867617,48.836016947845557],[2.426557345913829,48.836122011383488]],[[2.427754968312687,48.835990144711701],[2.42770038701942,48.83599797782496]],[[2.42770038701942,48.83599797782496],[2.427529880867617,48.836016947845557]],[[2.431281615504491,48.835541995043627],[2.431040046780582,48.835581317468041],[2.430780738311549,48.835623253068555],[2.430543393287099,48.835650003533992]],[[2.430543393287099,48.835650003533992],[2.429868178310996,48.835726830171623],[2.427754968312687,48.835990144711701]],[[2.433828862779269,48.835326540957702],[2.432572408304519,48.835484270769975],[2.432463277583765,48.835497243430964],[2.431587495453537,48.83560190749602]],[[2.431560426858892,48.83546057914976],[2.431479904187294,48.835473686867566]],[[2.431479904187294,48.835473686867566],[2.431369185278258,48.835507336291677]],[[2.431587495453537,48.83560190749602],[2.431508364296059,48.835612323761566]],[[2.4338848977351,48.835184707106066],[2.433797593925884,48.835195086203605]],[[2.434453724179134,48.835118147173006],[2.4338848977351,48.835184707106066]],[[2.435055273301257,48.83504904101391],[2.43512609064488,48.835177084774926]],[[2.433553767711661,48.833436578365628],[2.433703405608901,48.834208939885855],[2.4338848977351,48.835184707106066]],[[2.433906620978663,48.835317016021918],[2.43512609064488,48.835177084774926]],[[2.433797593925884,48.835195086203605],[2.431827907669183,48.835418680679794],[2.431560426858892,48.83546057914976]]]}},
{"type":"Feature","properties":{"ID":"VOIE_NOM0000002338860764","ID_BAN":"75112_lkcw3z","name":"Avenue Anna Politkovskaïa","INSEE_COM":"75112","NOM_COM":"Paris 12e Arrondissement","SRC_BAN":"commune","NOM_COLL":"AV ANNA POLITOVSKAIA","TYPE_VOIE":"avenue","MOT_DIR":"Politkovskaïa","LD_BAN":null,"ID_SUPP":"TRONROUT0000000000198325/TRONROUT0000000000198328/TRONROUT0000000000198341/TRONROUT0000000000198344/TRONROUT0000000000198346/TRONROUT0000000000199154/TRONROUT0000000000199164/TRONROUT0000000000199172/TRONROUT0000000083763441/TRONROUT0000000230033695/TRON","INSEEDBAN":null,"COMDEL_BAN":null,"DATE_CREAT":"2023-12-08T13:42:59","DATE_MAJ":"2024-06-03T13:23:28","NOM_NORMA":"AV ANNA POLITKOVSKAIA","ID_BAN_ODO":null,"Nom_a_verifier":false,"other_tags":"nan"},"geometry":{"type":"MultiLineString","coordinates":[[[2.422035814411433,48.842982142345171],[2.422209120183185,48.842958696896432],[2.422363051899082,48.842962138329803],[2.422527863645601,48.842967430797145],[2.422655818389996,48.842978840659093],[2.422782360897162,48.842994740349347]],[[2.421945403093893,48.843271298104639],[2.422083244986617,48.843251278895544],[2.422238908928428,48.843221452688084],[2.422381027445235,48.843184366030144],[2.42250406083496,48.843148086429899],[2.422598461706224,48.843113467221222]],[[2.421458920624222,48.843275241919414],[2.421475620020834,48.843243845224059],[2.421497749427701,48.843214273495612],[2.42153903363362,48.843177599538258],[2.421674819045001,48.843097314008624],[2.421772065094576,48.843051916931124]],[[2.419859968239215,48.843456363315184],[2.420023598928423,48.843445465092287],[2.420506425555751,48.843402837099561],[2.420751936077502,48.843380642856154],[2.42084878372094,48.843371218837049]],[[2.422846268611189,48.843006740316262],[2.423003811601772,48.842930155669251],[2.423104924655,48.842904561991375],[2.423173108918613,48.842899494644513]],[[2.421439386389179,48.843316517815339],[2.421631668753382,48.843302158534975],[2.421777625987101,48.843287575046645],[2.421945403093893,48.843271298104639]],[[2.42084878372094,48.843371218837049],[2.421017923889447,48.843354949793095],[2.421165243944759,48.84334037364674],[2.421297556428028,48.843327523433778]],[[2.422598461706224,48.843113467221222],[2.4227106545823,48.843071738949575],[2.422846268611189,48.843006740316262]],[[2.421772065094576,48.843051916931124],[2.421915665674836,48.843004045712703],[2.422035814411433,48.842982142345171]],[[2.423173108918613,48.842899494644513],[2.423283341302334,48.842911717737437]],[[2.422782360897162,48.842994740349347],[2.422846268611189,48.843006740316262]],[[2.421439386389179,48.843316517815339],[2.421458920624222,48.843275241919414]],[[2.421297556428028,48.843327523433778],[2.421439386389179,48.843316517815339]]]}},
{"type":"Feature","properties":{"ID":"VOIE_NOM0000002338860765","ID_BAN":null,"name":"Avenue Carnot","INSEE_COM":"75112","NOM_COM":"Paris 12e Arrondissement","SRC_BAN":null,"NOM_COLL":"AV CARNOT","TYPE_VOIE":"avenue","MOT_DIR":"CARNOT","LD_BAN":null,"ID_SUPP":"TRONROUT0000000004406708","INSEEDBAN":null,"COMDEL_BAN":null,"DATE_CREAT":"2023-12-08T13:42:59","DATE_MAJ":"2024-03-12T16:10:18","NOM_NORMA":"AV CARNOT","ID_BAN_ODO":null,"Nom_a_verifier":true,"other_tags":"nan"},"geometry":{"type":"MultiLineString","coordinates":[[[2.433568082564926,48.841145956879565],[2.433560279288979,48.841111744381919],[2.433522883445893,48.841042316845353]]]}},
{"type":"Feature","properties":{"ID":"VOIE_NOM0000002338860767","ID_BAN":null,"name":"Route Des Bosquets","INSEE_COM":"75112","NOM_COM":"Paris 12e Arrondissement","SRC_BAN":null,"NOM_COLL":"RTE DES BOSQUETS","TYPE_VOIE":"route","MOT_DIR":"BOSQUETS","LD_BAN":null,"ID_SUPP":"TRONROUT0000000000201591/TRONROUT0000000000202361/TRONROUT0000000000202363/TRONROUT0000000356952541","INSEEDBAN":null,"COMDEL_BAN":null,"DATE_CREAT":"2023-12-08T13:42:59","DATE_MAJ":"2024-03-12T16:10:18","NOM_NORMA":"RTE DES BOSQUETS","ID_BAN_ODO":null,"Nom_a_verifier":true,"other_tags":"nan"},"geometry":{"type":"MultiLineString","coordinates":[[[2.46111304870047,48.835180070669558],[2.461087890341313,48.83510980730594]],[[2.460430522564301,48.83794251979635],[2.460417699544586,48.837865117252463],[2.460379196519535,48.837767813000049],[2.460285553957603,48.837601009442551],[2.460250868373414,48.837529803710424],[2.460240435170267,48.837484788765749],[2.460235479333737,48.837437100462623],[2.460235935660131,48.837393034009146],[2.460245965687416,48.837345413324648],[2.460296034581207,48.837246709919796],[2.460344582655859,48.837163288704062],[2.460413770534997,48.837060174702358],[2.460486989310108,48.836962474979877],[2.460568428370867,48.836860315487655],[2.460676095760984,48.836724997951556],[2.460800482672621,48.836553781352862],[2.460872337684681,48.836456075209114],[2.461024378914165,48.836245411219927],[2.461174493768102,48.83595739349726]],[[2.461301990733256,48.835484905104394],[2.461264301728823,48.835440666772278],[2.461198469294441,48.835351333706619],[2.461151616260176,48.835271079690706],[2.461123621651988,48.835211595872714],[2.46111304870047,48.835180070669558]],[[2.461174493768102,48.83595739349726],[2.461239740194152,48.835839871428597],[2.461291539839103,48.835705200937667],[2.461332319969804,48.835582172448241],[2.461333923905174,48.835558796342731],[2.461330004278907,48.835542590232194],[2.461320746969093,48.835515567776774],[2.461301990733256,48.835484905104394]]]}},
{"type":"Feature","properties":{"ID":"VOIE_NOM0000002338860769","ID_BAN":null,"name":"Avenue Des Chataigniers","INSEE_COM":"75112","NOM_COM":"Paris 12e Arrondissement","SRC_BAN":null,"NOM_COLL":"AV DES CHATAIGNIERS","TYPE_VOIE":"avenue","MOT_DIR":"CHATAIGNIERS","LD_BAN":null,"ID_SUPP":"TRONROUT0000000000201568/TRONROUT0000000000202348/TRONROUT0000000000202349/TRONROUT0000000354949919","INSEEDBAN":null,"COMDEL_BAN":null,"DATE_CREAT":"2023-12-08T13:42:59","DATE_MAJ":"2024-03-12T16:10:18","NOM_NORMA":"AV DES CHATAIGNIERS","ID_BAN_ODO":null,"Nom_a_verifier":true,"other_tags":"nan"},"geometry":{"type":"MultiLineString","coordinates":[[[2.469496032469829,48.834471077166853],[2.469325562972943,48.834622312634167]],[[2.467922738020386,48.83565214163302],[2.46781973866998,48.835732625649783]],[[2.469325562972943,48.834622312634167],[2.469272003703564,48.834664344864997],[2.468139652539588,48.835489423141794],[2.468013356993444,48.835583294118493]],[[2.468013356993444,48.835583294118493],[2.467922738020386,48.83565214163302]]]}},
{"type":"Feature","properties":{"ID":"VOIE_NOM0000002338860770","ID_BAN":null,"name":"Avenue Des Tilleuls","INSEE_COM":"75112","NOM_COM":"Paris 12e Arrondissement","SRC_BAN":null,"NOM_COLL":"AV DES TILLEULS","TYPE_VOIE":"avenue","MOT_DIR":"TILLEULS","LD_BAN":null,"ID_SUPP":"TRONROUT0000000000201582/TRONROUT0000000000201585/TRONROUT0000000000201592","INSEEDBAN":null,"COMDEL_BAN":null,"DATE_CREAT":"2023-12-08T13:42:59","DATE_MAJ":"2024-03-12T16:10:18","NOM_NORMA":"AV DES TILLEULS","ID_BAN_ODO":null,"Nom_a_verifier":true,"other_tags":"nan"},"geometry":{"type":"MultiLineString","coordinates":[[[2.461174493768102,48.83595739349726],[2.460175666282801,48.835977172551196],[2.459509382717057,48.835984956002576]],[[2.461800046601907,48.835935927135026],[2.462274187360938,48.835932663446002]],[[2.461800046601907,48.835935927135026],[2.461174493768102,48.83595739349726]]]}},
{"type":"Feature","properties":{"ID":"VOIE_NOM0000002338860771","ID_BAN":null,"name":"Avenue Fayolle","INSEE_COM":"75112","NOM_COM":"Paris 12e Arrondissement","SRC_BAN":null,"NOM_COLL":"AV FAYOLLE","TYPE_VOIE":"avenue","MOT_DIR":"FAYOLLE","LD_BAN":null,"ID_SUPP":"TRONROUT0000000000197480","INSEEDBAN":null,"COMDEL_BAN":null,"DATE_CREAT":"2023-12-08T13:42:59","DATE_MAJ":"2024-03-12T16:10:18","NOM_NORMA":"AV FAYOLLE","ID_BAN_ODO":null,"Nom_a_verifier":true,"other_tags":"nan"},"geometry":{"type":"MultiLineString","coordinates":[[[2.446497282929874,48.844967576616064],[2.446646486889991,48.845801966183075]]]}},
{"type":"Feature","properties":{"ID":"VOIE_NOM0000002338860772","ID_BAN":null,"name":"Chaussée De L'Etang","INSEE_COM":"75112","NOM_COM":"Paris 12e Arrondissement","SRC_BAN":null,"NOM_COLL":"CHS DE L'ETANG","TYPE_VOIE":"chaussée","MOT_DIR":"ETANG","LD_BAN":null,"ID_SUPP":"TRONROUT0000000000198327/TRONROUT0000000000198343/TRONROUT0000000000199171/TRONROUT0000000000199192/TRONROUT0000000000200881/TRONROUT0000000000201676/TRONROUT0000000000201681/TRONROUT0000000000201683/TRONROUT0000000004406742/TRONROUT0000000004406747/TRON","INSEEDBAN":null,"COMDEL_BAN":null,"DATE_CREAT":"2023-12-08T13:42:59","DATE_MAJ":"2024-03-12T16:10:18","NOM_NORMA":"CHS DE L'ETANG","ID_BAN_ODO":null,"Nom_a_verifier":true,"other_tags":"nan"},"geometry":{"type":"MultiLineString","coordinates":[[[2.422138636243513,48.835797660960402],[2.422065137845075,48.835914222883559],[2.421991639117929,48.836030784749418],[2.421801471133152,48.836348239610949],[2.421690280536159,48.836546460921504],[2.421585771008496,48.836756406098793],[2.421512524488783,48.836972797875049],[2.421475736306939,48.837095832387114]],[[2.421447122003682,48.837218906410541],[2.421475736306939,48.837095832387114]],[[2.421073451730373,48.838846738908892],[2.421087684873328,48.83879194686741],[2.421254093592629,48.838161401602605],[2.421399159894271,48.837489381954882],[2.421447122003682,48.837218906410541]],[[2.420019821334008,48.840846305513232],[2.420132581698629,48.840753318937587],[2.420222160312097,48.840662018613919],[2.420303634051087,48.840564383434732],[2.420393582068758,48.840439808508172],[2.420475365118683,48.840314294588318],[2.420522687346351,48.840224588004546],[2.420565932154412,48.840133962286949],[2.420613354031452,48.840035262552213],[2.420719456350945,48.839805540612439],[2.420772547136299,48.8396870823481]],[[2.420930485621125,48.839329002811148],[2.421062063196677,48.838890752401156],[2.421073451730373,48.838846738908892]],[[2.420772547136299,48.8396870823481],[2.420930485621125,48.839329002811148]],[[2.419357555615491,48.842321636271819],[2.419371841680655,48.842140035533056],[2.419382280642246,48.842059144075769],[2.419393871653109,48.841997144700727]],[[2.419390134732613,48.842577211685509],[2.419370138333729,48.842537542943873],[2.419356954364107,48.842497907263173],[2.419354680263449,48.842457425177066],[2.419357555615491,48.842321636271819]],[[2.421847988927573,48.844437291195568],[2.421700291351149,48.844362830224796],[2.421448168812278,48.844243795708834],[2.421003628269745,48.844028497882711]],[[2.421003628269745,48.844028497882711],[2.420262261349782,48.843671460822726],[2.420114528184451,48.843600595071777],[2.420056300570065,48.843567936007709],[2.419859968239215,48.843456363315184]],[[2.419469248987137,48.842691813909646],[2.419441037510714,48.842655702744224],[2.419390134732613,48.842577211685509]],[[2.419859968239215,48.843456363315184],[2.419865327082177,48.843342171110443],[2.41986606785358,48.843275622365034],[2.419865686374399,48.84318748362935],[2.41986206937262,48.843145196355593],[2.419848924917878,48.843101963520553],[2.419823548067881,48.843055973290305],[2.419784646448259,48.843000923895239],[2.419734915066901,48.842939526461421],[2.419582435801276,48.842805682029905],[2.419469248987137,48.842691813909646]],[[2.419538952900591,48.8414492408548],[2.419634904840926,48.841275231048485],[2.419713896051174,48.841155999686841],[2.41977603702379,48.841081654420272],[2.420019821334008,48.840846305513232]],[[2.419393871653109,48.841997144700727],[2.419442499539575,48.841790528573547],[2.419469538255405,48.841687233711866],[2.419538952900591,48.8414492408548]]]}},
{"type":"Feature","properties":{"ID":"VOIE_NOM0000002338860786","ID_BAN":null,"name":"Promenade Maurice Boitel","INSEE_COM":"75112","NOM_COM":"Paris 12e Arrondissement","SRC_BAN":null,"NOM_COLL":"PROM MAURICE BOITEL","TYPE_VOIE":"promenade","MOT_DIR":"BOITEL","LD_BAN":null,"ID_SUPP":"TRONROUT0000000000203323/TRONROUT0000000000203331/TRONROUT0000000000203332/TRONROUT0000000000203333/TRONROUT0000000000203340/TRONROUT0000000000203352/TRONROUT0000000000203357/TRONROUT0000000000203368/TRONROUT0000000000203374/TRONROUT0000000000204068/TRON","INSEEDBAN":null,"COMDEL_BAN":null,"DATE_CREAT":"2023-12-08T13:42:59","DATE_MAJ":"2024-03-12T16:10:18","NOM_NORMA":"PROM MAURICE BOITEL","ID_BAN_ODO":null,"Nom_a_verifier":true,"other_tags":"nan"},"geometry":{"type":"MultiLineString","coordinates":[[[2.41791801145912,48.828231522364156],[2.417985936077469,48.828248041571072],[2.418110768125073,48.828291818681578]],[[2.417184112273044,48.828325079888259],[2.417346796266516,48.828272809857282],[2.417471079684922,48.828243736139875],[2.417581581151283,48.828228985068257],[2.41774245035458,48.828217177230982],[2.41791801145912,48.828231522364156]],[[2.418392120207474,48.828469463412134],[2.418335513499221,48.828415226031751]],[[2.418335513499221,48.828415226031751],[2.418228639297985,48.828349052319112],[2.418110768125073,48.828291818681578]],[[2.416637430663849,48.828608413573477],[2.416854123817685,48.828477263264283],[2.417000744872372,48.828399733075209],[2.417184112273044,48.828325079888259]],[[2.418479120565816,48.828729803787624],[2.418478470686384,48.828665945515326],[2.418472171709784,48.828620047127913],[2.418461676047027,48.828584021378312],[2.418431029578106,48.828522715336867],[2.418392120207474,48.828469463412134]],[[2.415030717613972,48.8293983047949],[2.414769682030827,48.829352958730283],[2.414584785046342,48.829320575954213]],[[2.41513947668889,48.829417723422047],[2.415105493883593,48.829411261660027],[2.415030717613972,48.8293983047949]],[[2.416637430663849,48.828608413573477],[2.416502674988342,48.828721076548895],[2.416403736604371,48.828797939434288]],[[2.418479120565816,48.828729803787624],[2.418467210400506,48.828820582014544],[2.418441528464599,48.828924783780039],[2.418414674919935,48.829011891850421],[2.418387741020006,48.829106194457339]],[[2.417877627456537,48.829652326664181],[2.418071868152186,48.829458109276125],[2.418281432063887,48.829233387589113],[2.418387741020006,48.829106194457339]],[[2.416403736604371,48.828797939434288],[2.416178253888519,48.82898390742865],[2.415757432034406,48.829339800716497],[2.415515225921886,48.829558962289319],[2.415445212187138,48.829607185939892],[2.415353716679709,48.829627424151639],[2.415258336416641,48.829629655954029],[2.415173954176585,48.829622947787549]],[[2.410823436207997,48.830551326717838],[2.410752217276048,48.83058515179863],[2.410635772186696,48.830643036885562],[2.410528902707257,48.830697371585579]],[[2.414257352474529,48.832153775958389],[2.414356613594725,48.832049036284211]],[[2.409021365004033,48.831977824679626],[2.40901386690332,48.832158560170917],[2.409014766329475,48.8323195510822]],[[2.411423628026041,48.83325507740021],[2.411673242229334,48.833227525808674],[2.411939304450645,48.833191060919837],[2.412272399703161,48.833129742637304]],[[2.41106919236631,48.833275816832547],[2.411161834687395,48.833275373594745],[2.411423628026041,48.83325507740021]],[[2.41070569858419,48.833254240443232],[2.410807734222829,48.833266434866623],[2.41106919236631,48.833275816832547]],[[2.413150958687963,48.832899322330249],[2.413220746136412,48.832871784414429],[2.413385012923186,48.832801540362567],[2.413585091638131,48.832696396437896],[2.413777137812835,48.832578621691894],[2.413876006351525,48.832508955763181],[2.413981786805313,48.832430329964254],[2.414156728743981,48.832258508868037],[2.414257352474529,48.832153775958389]],[[2.409014766329475,48.8323195510822],[2.409051817426347,48.832415966275349],[2.409103954992489,48.832503462327345],[2.409180398638433,48.832609965092018],[2.409262464740325,48.832701206355253],[2.409351586808537,48.832770897631633],[2.409466581222957,48.8328416159451],[2.409580356323529,48.832899737010827]],[[2.412272399703161,48.833129742637304],[2.412624656626766,48.833060423247851],[2.412887005402886,48.832990661519077],[2.413134530954402,48.832906436644542],[2.413150958687963,48.832899322330249]],[[2.409580356323529,48.832899737010827],[2.409906851296701,48.83306053589132],[2.409967846356034,48.833087817753821],[2.41018508112087,48.833152744116184],[2.410433739397267,48.833209730692005],[2.41070569858419,48.833254240443232]],[[2.409504951339652,48.831378537230293],[2.409639596608276,48.831277573517504],[2.409735845670178,48.831198904320161],[2.409848511882056,48.831114020484108],[2.409974850408721,48.831024707154384],[2.410107897620643,48.830944420441746],[2.410223114061167,48.83087483805194],[2.410330014740696,48.830817805683921],[2.41042052844011,48.8307642899059],[2.410528902707257,48.830697371585579]],[[2.414356613594725,48.832049036284211],[2.414400719417582,48.832003384604313],[2.414573146231922,48.831812663855132],[2.414751030660727,48.831621070171138],[2.414848695404242,48.831537007650738],[2.414947560535459,48.831467340771496],[2.415070944806344,48.831397793724264],[2.415275202165524,48.831283673660103]],[[2.409021365004033,48.831977824679626],[2.409058127994331,48.831859290015096],[2.409106742840872,48.831776788526575],[2.409163367624976,48.831708716440865],[2.409242082928653,48.831614671819764],[2.409328920148154,48.831525164083288],[2.409416946056081,48.831450951375544],[2.409504951339652,48.831378537230293]],[[2.416494161525048,48.830698743339823],[2.416694477465828,48.830571111083387],[2.416774117056492,48.830514839384854],[2.417276469824956,48.83017732748678],[2.417415213554624,48.830073676869887],[2.417562310502071,48.829953878162009],[2.41764752741352,48.829885941251646],[2.41774258047383,48.829791071156194],[2.417877627456537,48.829652326664181]],[[2.414584785046342,48.829320575954213],[2.414432891088378,48.829381888714913],[2.414207491851919,48.829438344433363],[2.413848248577672,48.829525621688319],[2.41355731354682,48.829595245480945],[2.412615676998331,48.829867629658168],[2.412332688284613,48.829957075575081],[2.412141175843108,48.830028083773541],[2.411937302040356,48.830108024555635],[2.411825209613844,48.830142548668874]],[[2.410823436207997,48.830551326717838],[2.411054709139492,48.830458032269298],[2.41123683170002,48.830374388460072],[2.411465429551988,48.830276583205674],[2.411825209613844,48.830142548668874]],[[2.415275202165524,48.831283673660103],[2.415439370419632,48.831221520537632],[2.41566930612252,48.83112551261366],[2.415765152730691,48.831081911911667],[2.415850091662672,48.831039157223763],[2.41619126860132,48.830862748599372],[2.416494161525048,48.830698743339823]]]}},
{"type":"Feature","properties":{"ID":"VOIE_NOM0000002338860790","ID_BAN":null,"name":"Rue Du Marechal Leclerc","INSEE_COM":"75112","NOM_COM":"Paris 12e Arrondissement","SRC_BAN":null,"NOM_COLL":"R DU MARECHAL LECLERC","TYPE_VOIE":"rue","MOT_DIR":"LECLERC","LD_BAN":null,"ID_SUPP":"TRONROUT0000000004411562/TRONROUT0000000004411566/TRONROUT0000000241604029/TRONROUT0000000245917371/TRONROUT0000000313739452/TRONROUT0000000315085419/TRONROUT0000002006108140","INSEEDBAN":null,"COMDEL_BAN":null,"DATE_CREAT":"2023-12-08T13:42:59","DATE_MAJ":"2024-03-12T16:10:18","NOM_NORMA":"R DU MARECHAL LECLERC","ID_BAN_ODO":null,"Nom_a_verifier":true,"other_tags":"nan"},"geometry":{"type":"MultiLineString","coordinates":[[[2.452700355199984,48.817286740242444],[2.452698908422295,48.81729482798719],[2.452693366728198,48.817303796362154],[2.452682387168387,48.81731184047127],[2.452667331566902,48.817318966546885]],[[2.452667331566902,48.817318966546885],[2.452648190482819,48.817326073918416],[2.452629068274286,48.817331382625078],[2.452604517637743,48.817334867728718],[2.452581366589228,48.817334761738671],[2.452560967518238,48.817331970221723],[2.452546025196169,48.817328304311495],[2.452533825412474,48.817322852208413],[2.452525711109092,48.817317418810575]],[[2.449836898946705,48.817875280335642],[2.450169681068156,48.817830043627183],[2.450558421156089,48.817773371282158],[2.450806758669985,48.817728644108669],[2.451239473535737,48.817634397817798],[2.451314544744705,48.817618553601328],[2.452244419215034,48.817388080440359],[2.452525711109092,48.817317418810575]],[[2.437576383457783,48.818186082925251],[2.43745251361453,48.818180103965517],[2.437328614686424,48.818176822864338]],[[2.442096739080841,48.817916761997353],[2.441855394935067,48.817943516267952],[2.441012128685444,48.818093370009215],[2.44013736126348,48.818259259051239],[2.439936889337019,48.818284402073083],[2.439853739221728,48.818291207567313],[2.439727077526854,48.81829151350847],[2.439400339937337,48.818280088945336],[2.438447510274185,48.818232447882252],[2.437576383457783,48.818186082925251]],[[2.442686608207405,48.817901525341036],[2.443731293079062,48.817892000060105],[2.44418090156304,48.817875204049571],[2.444713170131853,48.817897463350199],[2.445957624591825,48.817928418656045],[2.446618136646436,48.81792967865627],[2.446707989538549,48.817932792594057],[2.447409099584877,48.817958519177829],[2.447573825309133,48.817964676587316],[2.447786272701002,48.817965657930188],[2.448385683123888,48.817949537855732],[2.448934733550395,48.817930484570844],[2.449422529215229,48.817908448603049],[2.449670555127019,48.817893401690917],[2.449753722306276,48.817884790707339],[2.449836898946705,48.817875280335642]],[[2.442686608207405,48.817901525341036],[2.442325672531203,48.817904339348516],[2.442096739080841,48.817916761997353]]]}},
{"type":"Feature","properties":{"ID":"VOIE_NOM0000002338860793","ID_BAN":null,"name":"Route Brulee","INSEE_COM":"75112","NOM_COM":"Paris 12e Arrondissement","SRC_BAN":null,"NOM_COLL":"RTE BRULEE","TYPE_VOIE":"route","MOT_DIR":"BRULEE","LD_BAN":null,"ID_SUPP":"TRONROUT0000000000202468/TRONROUT0000000000202476/TRONROUT0000000000203286/TRONROUT0000000230033267/TRONROUT0000000230033274/TRONROUT0000000230033275/TRONROUT0000000356856163/TRONROUT0000000358476570","INSEEDBAN":null,"COMDEL_BAN":null,"DATE_CREAT":"2023-12-08T13:42:59","DATE_MAJ":"2024-03-12T16:10:18","NOM_NORMA":"RTE BRULEE","ID_BAN_ODO":null,"Nom_a_verifier":true,"other_tags":"nan"},"geometry":{"type":"MultiLineString","coordinates":[[[2.42956843727967,48.833238664558458],[2.429500353022345,48.833484765323568],[2.429435986817376,48.833640048085783],[2.429363643602342,48.833777305480609],[2.429250028590736,48.833951239751237],[2.429153183449452,48.834086581338454],[2.429084114979545,48.834173489846052]],[[2.429084114979545,48.834173489846052],[2.428944881086735,48.834323018703031],[2.428775715849027,48.834468806991651],[2.428521635089835,48.834655560002041],[2.428307315095306,48.834819119085758],[2.427976745611101,48.835023492523348],[2.427674771767236,48.835228901214478],[2.427591059741312,48.83528426106151]],[[2.427591059741312,48.83528426106151],[2.427429785703349,48.83533115533448],[2.427066041686306,48.835454424841139]],[[2.423620585510399,48.836072820986352],[2.423458460394436,48.836072939005618],[2.423320866849152,48.83607227571796],[2.423105611554973,48.836072137095648]],[[2.425742379974457,48.835774545507476],[2.42553346169012,48.835817611023678]],[[2.42553346169012,48.835817611023678],[2.425254896830004,48.835875630684264],[2.424807226421546,48.83594902512796],[2.424532876053611,48.835995371675708],[2.42427492260221,48.836037299710924],[2.424063555652327,48.836055168755486],[2.423901351077027,48.836062481883509],[2.423620585510399,48.836072820986352]],[[2.427066041686306,48.835454424841139],[2.426684853116273,48.835553326860946],[2.4260946863604,48.835700690042522],[2.425929461436437,48.835734972270153]],[[2.425929461436437,48.835734972270153],[2.425742379974457,48.835774545507476]]]}},
{"type":"Feature","properties":{"ID":"VOIE_NOM0000002338860794","ID_BAN":null,"name":"Route De La Cavalerie","INSEE_COM":"75112","NOM_COM":"Paris 12e Arrondissement","SRC_BAN":null,"NOM_COLL":"RTE DE LA CAVALERIE","TYPE_VOIE":"route","MOT_DIR":"CAVALERIE","LD_BAN":null,"ID_SUPP":"TRONROUT0000000000202438/TRONROUT0000000230033387/TRONROUT0000000357923576","INSEEDBAN":null,"COMDEL_BAN":null,"DATE_CREAT":"2023-12-08T13:42:59","DATE_MAJ":"2024-03-12T16:10:18","NOM_NORMA":"RTE DE LA CAVALERIE","ID_BAN_ODO":null,"Nom_a_verifier":true,"other_tags":"nan"},"geometry":{"type":"MultiLineString","coordinates":[[[2.436335887912917,48.838954706117093],[2.436197089086424,48.83881285277311],[2.435928358966695,48.838465332902054]],[[2.43512609064488,48.835177084774926],[2.435179227751841,48.835302346907277],[2.435236140205573,48.835456406378007],[2.435306421050746,48.8357598228014],[2.435377501509969,48.835989495311068]],[[2.435928358966695,48.838465332902054],[2.435878651830559,48.838400344680593],[2.435850110439968,48.838268004361559],[2.435836107481276,48.838177103091311],[2.435624441945976,48.837089678715188],[2.435540749473655,48.836640503259368],[2.435420957734643,48.836128201946508],[2.435377501509969,48.835989495311068]]]}},
{"type":"Feature","properties":{"ID":"VOIE_NOM0000002338860795","ID_BAN":null,"name":"Route De La Porte Jaune","INSEE_COM":"75112","NOM_COM":"Paris 12e Arrondissement","SRC_BAN":null,"NOM_COLL":"RTE DE LA PORTE JAUNE","TYPE_VOIE":"route","MOT_DIR":"JAUNE","LD_BAN":null,"ID_SUPP":"TRONROUT0000000000198264/TRONROUT0000000000199078/TRONROUT0000000000199079/TRONROUT0000000000199819/TRONROUT0000000000199823/TRONROUT0000000000200766/TRONROUT0000000000200771/TRONROUT0000000230033450/TRONROUT0000000315111010/TRONROUT0000000356918010","INSEEDBAN":null,"COMDEL_BAN":null,"DATE_CREAT":"2023-12-08T13:42:59","DATE_MAJ":"2024-03-12T16:10:18","NOM_NORMA":"RTE DE LA PORTE JAUNE","ID_BAN_ODO":null,"Nom_a_verifier":true,"other_tags":"nan"},"geometry":{"type":"MultiLineString","coordinates":[[[2.458038319820573,48.838838256822065],[2.457888107739822,48.839002158378555]],[[2.457888107739822,48.839002158378555],[2.457712501394891,48.839249584729636],[2.457610233274651,48.839388521256701],[2.457557713206704,48.839460231586727]],[[2.457557713206704,48.839460231586727],[2.457451609787235,48.839574867955456],[2.45738677145017,48.839651918464796],[2.457321661380611,48.839755049018684]],[[2.457204217336367,48.83991190340975],[2.457321661380611,48.839755049018684]],[[2.456438439045045,48.842530944297728],[2.456399637445013,48.842332010828144],[2.45636502675006,48.842123203461362],[2.456333216317925,48.841907213937837],[2.456319232944915,48.841810919495437]],[[2.456562905291142,48.843008167063608],[2.456553780409271,48.842968554071305],[2.456493281341793,48.842759629258239],[2.456438439045045,48.842530944297728]],[[2.456750033814621,48.843617878905434],[2.456706242714001,48.843505260949904],[2.456609873658646,48.843208036803283],[2.456562905291142,48.843008167063608]],[[2.456779071761001,48.843707946027983],[2.456750033814621,48.843617878905434]],[[2.456345335880468,48.841267828077171],[2.456390294423809,48.841137625964087],[2.456431231059941,48.8410011100611],[2.456498203918836,48.840850322745105],[2.456567901264875,48.840699547749914],[2.456675943212847,48.840530060401797],[2.456801649165759,48.840365149921773],[2.457204217336367,48.83991190340975]],[[2.456319232944915,48.841810919495437],[2.45631316173201,48.841739842921314],[2.456301647910431,48.841537435872915],[2.456315364123599,48.841398098273061],[2.456324233049879,48.841331586345881],[2.456345335880468,48.841267828077171]]]}},
{"type":"Feature","properties":{"ID":"VOIE_NOM0000002338860796","ID_BAN":null,"name":"Route De La Porte Noire","INSEE_COM":"75112","NOM_COM":"Paris 12e Arrondissement","SRC_BAN":null,"NOM_COLL":"RTE DE LA PORTE NOIRE","TYPE_VOIE":"route","MOT_DIR":"NOIRE","LD_BAN":null,"ID_SUPP":"TRONROUT0000000000203184/TRONROUT0000000000203187/TRONROUT0000000356908858","INSEEDBAN":null,"COMDEL_BAN":null,"DATE_CREAT":"2023-12-08T13:42:59","DATE_MAJ":"2025-04-09T22:52:28","NOM_NORMA":"RTE DE LA PORTE NOIRE","ID_BAN_ODO":null,"Nom_a_verifier":true,"other_tags":"nan"},"geometry":{"type":"MultiLineString","coordinates":[[[2.457169922471105,48.833131485129648],[2.457137318129219,48.832991936174182],[2.457094462368568,48.832790284727203],[2.457092281146042,48.832738111866028],[2.457094195977857,48.832685058233587],[2.457102903206518,48.83263383415305],[2.457109911022396,48.832614979370497],[2.457126463777993,48.832595268549525],[2.457288301842945,48.832490777704102]],[[2.457169922471105,48.833131485129648],[2.457184279674442,48.833191807479501],[2.457216500337283,48.833368228452009],[2.457237841942605,48.8335428012983]],[[2.456980958001657,48.834139710067426],[2.457123430702875,48.833802197288634],[2.457237841942605,48.8335428012983]]]}},
{"type":"Feature","properties":{"ID":"VOIE_NOM0000002338860797","ID_BAN":null,"name":"Route De L'Artillerie","INSEE_COM":"75112","NOM_COM":"Paris 12e Arrondissement","SRC_BAN":null,"NOM_COLL":"RTE DE L'ARTILLERIE","TYPE_VOIE":"route","MOT_DIR":"ARTILLERIE","LD_BAN":null,"ID_SUPP":"TRONROUT0000000000199851/TRONROUT0000000000199856/TRONROUT0000000000199858/TRONROUT0000000000199860/TRONROUT0000000000200823","INSEEDBAN":null,"COMDEL_BAN":null,"DATE_CREAT":"2023-12-08T13:42:59","DATE_MAJ":"2024-03-12T16:10:18","NOM_NORMA":"RTE DE L'ARTILLERIE","ID_BAN_ODO":null,"Nom_a_verifier":true,"other_tags":"nan"},"geometry":{"type":"MultiLineString","coordinates":[[[2.438258644266092,48.839556427620252],[2.437781725903535,48.839308662451664]],[[2.438526540464317,48.839730361965316],[2.438381876996183,48.839626256774913],[2.438258644266092,48.839556427620252]],[[2.438528214452132,48.840333838381746],[2.438559459569936,48.840468888539419]],[[2.438496918640424,48.839950565432616],[2.438561853081707,48.839867230002987],[2.438573323920906,48.839814221767007],[2.438556106615588,48.839768273741498],[2.438526540464317,48.839730361965316]],[[2.438496918640424,48.839950565432616],[2.438460962944255,48.839999861291425],[2.438456236217836,48.840059196666601],[2.438471761693091,48.840135714889115],[2.438528214452132,48.840333838381746]]]}},
{"type":"Feature","properties":{"ID":"VOIE_NOM0000002338860798","ID_BAN":null,"name":"Route De La Terrasse","INSEE_COM":"75112","NOM_COM":"Paris 12e Arrondissement","SRC_BAN":null,"NOM_COLL":"RTE DE LA TERRASSE","TYPE_VOIE":"route","MOT_DIR":"TERRASSE","LD_BAN":null,"ID_SUPP":"TRONROUT0000000000207532/TRONROUT0000000000207545/TRONROUT0000000004410949/TRONROUT0000000356876039","INSEEDBAN":null,"COMDEL_BAN":null,"DATE_CREAT":"2023-12-08T13:42:59","DATE_MAJ":"2024-03-12T16:10:18","NOM_NORMA":"RTE DE LA TERRASSE","ID_BAN_ODO":null,"Nom_a_verifier":true,"other_tags":"nan"},"geometry":{"type":"MultiLineString","coordinates":[[[2.434353594907106,48.819361652154797],[2.434407640770513,48.81940148026186],[2.43446171597879,48.819438610359889],[2.434655187346717,48.819557343222108],[2.434768951783175,48.819616340339749],[2.434901851098009,48.819669132161103]],[[2.436199553311468,48.819817358988978],[2.436114639326052,48.819735115597972],[2.43610111771417,48.819726058097096],[2.436080757495322,48.819719666463975]],[[2.434901851098009,48.819669132161103],[2.435054002229156,48.819704926692388]],[[2.436080757495322,48.819719666463975],[2.436043996282372,48.819718593716232],[2.435973129537541,48.819722756328275],[2.435873653428197,48.819727683301885],[2.435737377155666,48.81973513466118],[2.435587511176391,48.819739823599342],[2.435497616890249,48.819740298620403],[2.435406370453202,48.819739867815841],[2.435237603602826,48.81972917771904],[2.435054002229156,48.819704926692388]]]}},
{"type":"Feature","properties":{"ID":"VOIE_NOM0000002338860799","ID_BAN":null,"name":"Route De Mortemart","INSEE_COM":"75112","NOM_COM":"Paris 12e Arrondissement","SRC_BAN":null,"NOM_COLL":"RTE DE MORTEMART","TYPE_VOIE":"route","MOT_DIR":"MORTEMART","LD_BAN":null,"ID_SUPP":"TRONROUT0000000000204652/TRONROUT0000000000204653/TRONROUT0000000000204656/TRONROUT0000000000204665/TRONROUT0000000000205363/TRONROUT0000000356952548/TRONROUT0000002008693176","INSEEDBAN":null,"COMDEL_BAN":null,"DATE_CREAT":"2023-12-08T13:42:59","DATE_MAJ":"2024-03-12T16:10:18","NOM_NORMA":"RTE DE MORTEMART","ID_BAN_ODO":null,"Nom_a_verifier":true,"other_tags":"nan"},"geometry":{"type":"MultiLineString","coordinates":[[[2.454884805670441,48.827189789069827],[2.454758686773304,48.82713615153984],[2.454659696875151,48.827093429978461]],[[2.457971324289836,48.828510595690865],[2.45732318968091,48.828223457153932],[2.455885612389453,48.827617048600978],[2.455560202790619,48.827472568491004],[2.455184529323109,48.827315267374303],[2.455046216843726,48.827255279044742],[2.454884805670441,48.827189789069827]],[[2.458702088872199,48.828843072847413],[2.458542095699832,48.828771298811056],[2.458215337450753,48.828624121940507],[2.457971324289836,48.828510595690865]],[[2.461074140613974,48.829851179827841],[2.4606551236887,48.82966672015462]],[[2.4606551236887,48.82966672015462],[2.460515436528269,48.82960673213335],[2.460222516217345,48.82947949954108]],[[2.459236472412325,48.829066733914274],[2.458805153119661,48.828887608132113],[2.458702088872199,48.828843072847413]],[[2.460222516217345,48.82947949954108],[2.459521271117465,48.829188536102691],[2.459236472412325,48.829066733914274]]]}},
{"type":"Feature","properties":{"ID":"VOIE_NOM0000002338860800","ID_BAN":null,"name":"Route De Reuilly","INSEE_COM":"75112","NOM_COM":"Paris 12e Arrondissement","SRC_BAN":null,"NOM_COLL":"RTE DE REUILLY","TYPE_VOIE":"route","MOT_DIR":"REUILLY","LD_BAN":null,"ID_SUPP":"TRONROUT0000000000204830/TRONROUT0000000230033011/TRONROUT0000000230033143/TRONROUT0000000312564948/TRONROUT0000000357923583/TRONROUT0000000357923584/TRONROUT0000002008493166","INSEEDBAN":null,"COMDEL_BAN":null,"DATE_CREAT":"2023-12-08T13:42:59","DATE_MAJ":"2024-03-12T16:10:18","NOM_NORMA":"RTE DE REUILLY","ID_BAN_ODO":null,"Nom_a_verifier":true,"other_tags":"nan"},"geometry":{"type":"MultiLineString","coordinates":[[[2.404994403687227,48.82840265834998],[2.405045671216415,48.828446083123417]],[[2.405074601117166,48.828537063316482],[2.405084412998008,48.828512829160886],[2.405083317712682,48.828489440116549],[2.405060459437771,48.828463244703485],[2.405045671216415,48.828446083123417]],[[2.405074601117166,48.828537063316482],[2.405023453689505,48.828602462810977],[2.404961142319002,48.828691190327845],[2.404898892331292,48.828774521898524],[2.404824095572387,48.828882973318734],[2.404760318720493,48.828980687106274],[2.404688307249478,48.829083756075271],[2.404603779549167,48.829209246896866]],[[2.403980710279306,48.832235212760416],[2.403837442781646,48.832016852093993],[2.403836234849585,48.832003355577577],[2.403807686931818,48.831640768569677]],[[2.403807686931818,48.831640768569677],[2.403796702574487,48.831529192342444],[2.403795855897608,48.83124588755836],[2.403813246615059,48.831035522355442],[2.403844186928248,48.83083152022202],[2.403894197344849,48.830627613094819],[2.403971707668071,48.830401358770743],[2.404058598199901,48.830188641611755],[2.404171553897875,48.829959865586567],[2.404281609613069,48.829746364226629],[2.404288564207387,48.829733807713303]],[[2.404388703829243,48.829553533451424],[2.404448354572578,48.82945939683195],[2.404499739837317,48.829373313336291],[2.404545542865801,48.829298893810062],[2.404603779549167,48.829209246896866]],[[2.404288564207387,48.829733807713303],[2.404388703829243,48.829553533451424]]]}},
{"type":"Feature","properties":{"ID":"VOIE_NOM0000002338860802","ID_BAN":null,"name":"Route Des Chenes","INSEE_COM":"75112","NOM_COM":"Paris 12e Arrondissement","SRC_BAN":null,"NOM_COLL":"RTE DES CHENES","TYPE_VOIE":"route","MOT_DIR":"CHENES","LD_BAN":null,"ID_SUPP":"TRONROUT0000000000200748/TRONROUT0000000000201580/TRONROUT0000000000201584/TRONROUT0000000000201587/TRONROUT0000000000202366/TRONROUT0000000327910205/TRONROUT0000000356917998","INSEEDBAN":null,"COMDEL_BAN":null,"DATE_CREAT":"2023-12-08T13:42:59","DATE_MAJ":"2024-03-12T16:10:18","NOM_NORMA":"RTE DES CHENES","ID_BAN_ODO":null,"Nom_a_verifier":true,"other_tags":"nan"},"geometry":{"type":"MultiLineString","coordinates":[[[2.461800046601907,48.835935927135026],[2.461693389728017,48.835841913898214],[2.461586733238853,48.835747900558395],[2.461471977627378,48.835646655779819],[2.461301990733256,48.835484905104394]],[[2.462311882770774,48.836372619087918],[2.462229569598733,48.836295803606312],[2.462157997486413,48.836234325448793],[2.462067455158242,48.836162868991067],[2.461994548948478,48.836098686652001],[2.461800046601907,48.835935927135026]],[[2.462706186515874,48.836845654425545],[2.462605225823793,48.836727385020772],[2.462513662807579,48.8366226481129],[2.462416734319399,48.836509792787929],[2.462311882770774,48.836372619087918]],[[2.462926182896206,48.838237048474809],[2.462948537096463,48.838315392855797]],[[2.46296626591637,48.838049262906445],[2.462926182896206,48.838237048474809]],[[2.462706186515874,48.836845654425545],[2.462763969881525,48.836923258722209],[2.462823023079915,48.837009862262718],[2.462884643622906,48.837111766371336],[2.462934142277033,48.837200125651847]],[[2.462934142277033,48.837200125651847],[2.462996856922846,48.837328115956467],[2.463024576865587,48.8374145786916],[2.463000166475271,48.837668087805191],[2.462981038530254,48.837937808994724],[2.46296626591637,48.838049262906445]]]}},
{"type":"Feature","properties":{"ID":"VOIE_NOM0000002338860804","ID_BAN":null,"name":"Route Des Dames","INSEE_COM":"75112","NOM_COM":"Paris 12e Arrondissement","SRC_BAN":null,"NOM_COLL":"RTE DES DAMES","TYPE_VOIE":"route","MOT_DIR":"DAMES","LD_BAN":null,"ID_SUPP":"TRONROUT0000000000199825/TRONROUT0000000000199826/TRONROUT0000000000199828/TRONROUT0000000000200776/TRONROUT0000000000200777/TRONROUT0000000000201595/TRONROUT0000000356670059","INSEEDBAN":null,"COMDEL_BAN":null,"DATE_CREAT":"2023-12-08T13:42:59","DATE_MAJ":"2024-03-12T16:10:18","NOM_NORMA":"RTE DES DAMES","ID_BAN_ODO":null,"Nom_a_verifier":true,"other_tags":"nan"},"geometry":{"type":"MultiLineString","coordinates":[[[2.455962171486266,48.836988747293255],[2.455919328771765,48.83704701070112],[2.45589269326619,48.837118838185127],[2.455867016343713,48.837229342409501],[2.455838417452139,48.837358719839024],[2.455792004541689,48.837497909136609],[2.455741607605794,48.837627187339329],[2.455688654742652,48.837740265441688],[2.455618037895789,48.837848766335284],[2.455548848876673,48.837950978175584]],[[2.455126098844383,48.838510252101962],[2.455234976961287,48.838391133524759],[2.455370228319351,48.83822536835001],[2.455515466322796,48.838016479310994],[2.455548848876673,48.837950978175584]],[[2.45368515105627,48.839370659647678],[2.453734470871166,48.839344803549075],[2.454512936246425,48.838906771952885],[2.454958459082893,48.838646190618512],[2.45505179693995,48.83858006346621],[2.455126098844383,48.838510252101962]],[[2.452779822457726,48.840989858697391],[2.452686810487216,48.841154015155546],[2.452516234707456,48.841438330109177],[2.452417638986694,48.841615051709738],[2.452246160882207,48.841855293676879],[2.452124259635748,48.84204539857793],[2.452070102142274,48.842142280794391]],[[2.452846456552699,48.840872347969317],[2.452779822457726,48.840989858697391]],[[2.452928945598599,48.840672169013352],[2.453002740328093,48.840521414763593],[2.453091112008979,48.840279892177975],[2.45318896319933,48.840043808946042],[2.453271213783986,48.839866112427096],[2.453320001922093,48.83976111074778],[2.453370020230286,48.839668705646879],[2.453394949152613,48.83963014724673],[2.453432215154445,48.839584450361158],[2.453488667938472,48.83952804884732],[2.453557457671172,48.839464508811403],[2.4536219620548,48.839419835642104],[2.45368515105627,48.839370659647678]],[[2.452928945598599,48.840672169013352],[2.452846456552699,48.840872347969317]]]}},
{"type":"Feature","properties":{"ID":"VOIE_NOM0000002338860805","ID_BAN":null,"name":"Route Des Iles","INSEE_COM":"75112","NOM_COM":"Paris 12e Arrondissement","SRC_BAN":null,"NOM_COLL":"RTE DES ILES","TYPE_VOIE":"route","MOT_DIR":"ILES","LD_BAN":null,"ID_SUPP":"TRONROUT0000000000204785/TRONROUT0000000000204788/TRONROUT0000000000204792/TRONROUT0000000000204793/TRONROUT0000000000204797/TRONROUT0000000000204798/TRONROUT0000000000204799/TRONROUT0000000000205521/TRONROUT0000000000205539/TRONROUT0000000356872447","INSEEDBAN":null,"COMDEL_BAN":null,"DATE_CREAT":"2023-12-08T13:42:59","DATE_MAJ":"2024-03-12T16:10:18","NOM_NORMA":"RTE DES ILES","ID_BAN_ODO":null,"Nom_a_verifier":true,"other_tags":"nan"},"geometry":{"type":"MultiLineString","coordinates":[[[2.416527575846217,48.827956735039592],[2.416673186013858,48.827847722387965]],[[2.416527575846217,48.827956735039592],[2.416384840287202,48.828052271007365],[2.416247633181833,48.828140638837084],[2.416062318741021,48.828267444461346]],[[2.415209167387585,48.829276863504681],[2.415399430397551,48.828952222572077],[2.415522514742648,48.828787340469603],[2.415644034583954,48.828640437937118],[2.415908311794049,48.82839620143276],[2.416062318741021,48.828267444461346]],[[2.41513947668889,48.829417723422047],[2.415164600492979,48.829363884231221],[2.415188271314787,48.829318132235976],[2.415209167387585,48.829276863504681]],[[2.415240255954599,48.829905673281232],[2.415188403057269,48.829670684907647]],[[2.415261001279339,48.829999308883508],[2.415240255954599,48.829905673281232]],[[2.415261001279339,48.829999308883508],[2.415260557437688,48.830038878861032],[2.415245250945203,48.830067583766599]],[[2.414979549822799,48.830194893845857],[2.415028718686532,48.83018344257696],[2.415112153343766,48.830153272162036],[2.415179302567051,48.830117625854733],[2.415216353148935,48.830093524114147],[2.415245250945203,48.830067583766599]],[[2.41513947668889,48.829417723422047],[2.415132131263096,48.829465353976367],[2.415135703121573,48.829511239182587],[2.415173954176585,48.829622947787549]],[[2.415188403057269,48.829670684907647],[2.415173954176585,48.829622947787549]]]}},
{"type":"Feature","properties":{"ID":"VOIE_NOM0000002338860806","ID_BAN":null,"name":"Route Des Pelouses","INSEE_COM":"75112","NOM_COM":"Paris 12e Arrondissement","SRC_BAN":null,"NOM_COLL":"RTE DES PELOUSES","TYPE_VOIE":"route","MOT_DIR":"PELOUSES","LD_BAN":null,"ID_SUPP":"TRONROUT0000000000199807/TRONROUT0000000000199809/TRONROUT0000000000199812/TRONROUT0000000000200746/TRONROUT0000000327910206","INSEEDBAN":null,"COMDEL_BAN":null,"DATE_CREAT":"2023-12-08T13:42:59","DATE_MAJ":"2024-03-12T16:10:18","NOM_NORMA":"RTE DES PELOUSES","ID_BAN_ODO":null,"Nom_a_verifier":true,"other_tags":"nan"},"geometry":{"type":"MultiLineString","coordinates":[[[2.462982958187494,48.83841267788474],[2.462948537096463,48.838315392855797]],[[2.462982958187494,48.83841267788474],[2.462922448279316,48.838467266954794],[2.462882781809856,48.838614583281192],[2.462718163499322,48.839252386746054],[2.462613090590406,48.839532513716073]],[[2.462234630373055,48.840955391197539],[2.462163664938383,48.841494684666927]],[[2.462613090590406,48.839532513716073],[2.462539834313314,48.83976601700806],[2.462411597146083,48.840178244796945]],[[2.462411597146083,48.840178244796945],[2.462306455779883,48.840464666457088],[2.462288076155694,48.840529337384432],[2.462243333931382,48.840904167121757],[2.462234630373055,48.840955391197539]]]}},
{"type":"Feature","properties":{"ID":"VOIE_NOM0000002338860807","ID_BAN":null,"name":"Route Des Sabotiers","INSEE_COM":"75112","NOM_COM":"Paris 12e Arrondissement","SRC_BAN":null,"NOM_COLL":"RTE DES SABOTIERS","TYPE_VOIE":"route","MOT_DIR":"SABOTIERS","LD_BAN":null,"ID_SUPP":"TRONROUT0000000000199087/TRONROUT0000002000104141","INSEEDBAN":null,"COMDEL_BAN":null,"DATE_CREAT":"2023-12-08T13:42:59","DATE_MAJ":"2024-03-12T16:10:18","NOM_NORMA":"RTE DES SABOTIERS","ID_BAN_ODO":null,"Nom_a_verifier":true,"other_tags":"nan"},"geometry":{"type":"MultiLineString","coordinates":[[[2.447039669158057,48.84200761420675],[2.446619627061757,48.839990216010271],[2.44660262221979,48.83992358496802]],[[2.447410468173301,48.843531934084098],[2.447372557395426,48.843380667567814],[2.447362115072219,48.84333745035552],[2.447155730107226,48.842498298846948],[2.447059133035675,48.842099438353891],[2.447039669158057,48.84200761420675]]]}},
{"type":"Feature","properties":{"ID":"VOIE_NOM0000002338860809","ID_BAN":null,"name":"Route Du Bac","INSEE_COM":"75112","NOM_COM":"Paris 12e Arrondissement","SRC_BAN":null,"NOM_COLL":"RTE DU BAC","TYPE_VOIE":"route","MOT_DIR":"BAC","LD_BAN":null,"ID_SUPP":"TRONROUT0000000000204813/TRONROUT0000000000205554/TRONROUT0000000000205555/TRONROUT0000000000205559/TRONROUT0000000000206193/TRONROUT0000000000206733/TRONROUT0000000312564911/TRONROUT0000000312564921/TRONROUT0000000312564930","INSEEDBAN":null,"COMDEL_BAN":null,"DATE_CREAT":"2023-12-08T13:42:59","DATE_MAJ":"2025-04-09T22:52:28","NOM_NORMA":"RTE DU BAC","ID_BAN_ODO":null,"Nom_a_verifier":true,"other_tags":"nan"},"geometry":{"type":"MultiLineString","coordinates":[[[2.415880208953682,48.826162930615503],[2.415992783761364,48.82608433585677],[2.416094381265521,48.82601288235189],[2.416197390889719,48.825936938800247],[2.416283914714589,48.825873505872757],[2.416395166513576,48.825791306782193],[2.416522903355622,48.825696596831598],[2.416656258945652,48.825586624849805],[2.41682675104726,48.825444456476198],[2.417005464681181,48.825297831073662],[2.417229425746204,48.825124444776122],[2.417420505885756,48.824967985907108],[2.41757455925021,48.824833830662975],[2.417683193253909,48.824741724488049],[2.41776306390798,48.824663868106782],[2.417779759569075,48.824632471405323],[2.417795133368369,48.824597470780766]],[[2.410307229808679,48.828857971442154],[2.410402192643024,48.82877210027651],[2.41048744746115,48.828701470441544],[2.41058915928703,48.828621028596565],[2.410694977472279,48.828538808157965],[2.41079803044437,48.828460171472607],[2.410909235440055,48.828383373586767],[2.411013599088284,48.828309240007535],[2.411119324545672,48.828235113039312],[2.411227733284415,48.828164596659569],[2.411354031837873,48.828077979594696]],[[2.414341614701791,48.826836228638115],[2.414533011429123,48.826774209916273],[2.414758691559847,48.826691673161939],[2.41497479616182,48.826612686615881],[2.415174565452693,48.826532720424524],[2.415404521300747,48.826433115326004],[2.415546951773439,48.826364560009459],[2.415674399256778,48.826295931313574],[2.415792402722481,48.826219162014695],[2.415880208953682,48.826162930615503]],[[2.409497854579311,48.829720069346429],[2.409589922886498,48.829649473838082],[2.409656263026061,48.82956526074441],[2.409672842935658,48.829544657123044],[2.409743259038926,48.829461363461206],[2.409835784691664,48.829350298449718],[2.409940701464742,48.829227602707981],[2.410057927785394,48.829100470743342],[2.41018881548406,48.828969808553765],[2.410307229808679,48.828857971442154]],[[2.411354031837873,48.828077979594696],[2.411524110036598,48.827974489813492],[2.411733911609657,48.827851409067272],[2.411940906853371,48.827735509098041],[2.412087512845019,48.827659783519856],[2.412249131807267,48.827581433435164],[2.412349111709111,48.827533358818229]],[[2.412349111709111,48.827533358818229],[2.41245453977276,48.827485310882956],[2.412596936467955,48.827420356422195],[2.412878913480041,48.827298527483762]],[[2.413973610614831,48.826977425653133],[2.414189818642467,48.826889447344982],[2.414341614701791,48.826836228638115]],[[2.412878913480041,48.827298527483762],[2.413041760587154,48.82723187414588],[2.413108785976675,48.827207020745121]],[[2.417763188274805,48.824530761785745],[2.417795133368369,48.824597470780766]]]}},
{"type":"Feature","properties":{"ID":"VOIE_NOM0000002338860810","ID_BAN":null,"name":"Route Du Camp De Saint-Maur","INSEE_COM":"75112","NOM_COM":"Paris 12e Arrondissement","SRC_BAN":null,"NOM_COLL":"RTE DU CAMP DE SAINT-MAUR","TYPE_VOIE":"route","MOT_DIR":"MAUR","LD_BAN":null,"ID_SUPP":"TRONROUT0000000000202375/TRONROUT0000000000202377/TRONROUT0000000312565034/TRONROUT0000000356908860","INSEEDBAN":null,"COMDEL_BAN":null,"DATE_CREAT":"2023-12-08T13:42:59","DATE_MAJ":"2024-03-12T16:10:18","NOM_NORMA":"RTE DU CAMP DE SAINT-MAUR","ID_BAN_ODO":null,"Nom_a_verifier":true,"other_tags":"nan"},"geometry":{"type":"MultiLineString","coordinates":[[[2.455009383454059,48.834166717355544],[2.454935540221642,48.834062954416154]],[[2.45568063818536,48.835246307847903],[2.455723264420154,48.835339135845395],[2.455788683722269,48.835467142539514]],[[2.455275371890442,48.834525874403354],[2.455009383454059,48.834166717355544]],[[2.455275371890442,48.834525874403354],[2.455374808466706,48.834657633782392],[2.455476641306423,48.834820881565442],[2.455548692316118,48.834966006481409],[2.455607242914439,48.835099378213755],[2.45568063818536,48.835246307847903]]]}},
{"type":"Feature","properties":{"ID":"VOIE_NOM0000002338860811","ID_BAN":null,"name":"Route Du Grand Marechal","INSEE_COM":"75112","NOM_COM":"Paris 12e Arrondissement","SRC_BAN":null,"NOM_COLL":"RTE DU GRAND MARECHAL","TYPE_VOIE":"route","MOT_DIR":"MARECHAL","LD_BAN":null,"ID_SUPP":"TRONROUT0000000000198277/TRONROUT0000000000198279/TRONROUT0000000000198280/TRONROUT0000000000198285/TRONROUT0000000000199081/TRONROUT0000000000199806/TRONROUT0000000000199810/TRONROUT0000000000199820/TRONROUT0000000000200738/TRONROUT0000000000200745/TRON","INSEEDBAN":null,"COMDEL_BAN":null,"DATE_CREAT":"2023-12-08T13:42:59","DATE_MAJ":"2024-03-12T16:10:18","NOM_NORMA":"RTE DU GRAND MARECHAL","ID_BAN_ODO":null,"Nom_a_verifier":true,"other_tags":"nan"},"geometry":{"type":"MultiLineString","coordinates":[[[2.46756551351888,48.837147083172198],[2.467540596266912,48.837185644610457],[2.467385640251802,48.837283884007334],[2.465553252594548,48.838341448570333],[2.465472429682397,48.838384256532194]],[[2.464858621986898,48.838718770651901],[2.465472429682397,48.838384256532194]],[[2.464560346832202,48.838841547013111],[2.464002161351137,48.839065684856045],[2.463702677100952,48.839173164593667],[2.463456575210307,48.839256600424918],[2.463226923239359,48.839330216651746],[2.462823698446231,48.839456115087799],[2.462613090590406,48.839532513716073]],[[2.461405211678708,48.840130548806862],[2.461335439981792,48.84015811465283],[2.46131628239785,48.840166122580392]],[[2.457279365000154,48.840938408666688],[2.457139899307216,48.840985441654126],[2.456930620646949,48.841063634980294],[2.456819812576289,48.841106300913786],[2.456606473728747,48.841181777168806],[2.456464263118025,48.841230595604593],[2.456345335880468,48.841267828077171]],[[2.456345335880468,48.841267828077171],[2.45624284235174,48.841297040940013]],[[2.46131628239785,48.840166122580392],[2.461052088491423,48.840285446157921],[2.460912497727429,48.840345073954275],[2.460760663381541,48.840402847685148],[2.460615668777164,48.840457953997678],[2.460468023474995,48.840505853338776],[2.460247991952593,48.840570513649602]],[[2.460247991952593,48.840570513649602],[2.459992480641677,48.840640409525903],[2.459865466526179,48.840669514800908],[2.459711147580833,48.840703892749403],[2.459555568569467,48.840728371903289],[2.459402816895329,48.840742970729458],[2.459301931118855,48.840748810255882],[2.459152044173575,48.840749931388643],[2.459009044093011,48.84074388864056],[2.458731256019247,48.840728242369373],[2.458607367547086,48.840718688194436],[2.458416588841746,48.840721422041561],[2.458211933330832,48.840748375318135],[2.457760114702293,48.840828169439902],[2.457530700483865,48.840877493192934],[2.457279365000154,48.840938408666688]],[[2.462613090590406,48.839532513716073],[2.46250365283522,48.839575191093225],[2.462254497563121,48.839690088158648],[2.461668218053735,48.839994131346991],[2.461576406412306,48.840044981383194],[2.461487375185986,48.840090447733289]],[[2.461487375185986,48.840090447733289],[2.461454509798246,48.840106488169653],[2.461405211678708,48.840130548806862]],[[2.451077884956161,48.842557730426208],[2.450910856417662,48.842633408978585],[2.450775202552772,48.842705633926428],[2.45064358838849,48.842782374037668],[2.450510526009499,48.842867201532584],[2.450345708487006,48.842991454539153]],[[2.448139584179955,48.843776326421377],[2.448389505368441,48.843722618498028],[2.449184361778884,48.843549108276157],[2.449408469125121,48.843488084539224],[2.449528702402239,48.843457160474287],[2.449650383513036,48.843418148768379],[2.449758448870714,48.843378174959895],[2.449861120997757,48.843332780131043],[2.450057297282919,48.843206873273594]],[[2.446497282929874,48.844967576616064],[2.446485812766556,48.844892877295784],[2.446483632106041,48.844841604115011],[2.446489722221131,48.844781375672952],[2.446502529517774,48.844730171831173],[2.446523521580848,48.8446781064996],[2.446552746135676,48.844620683131332],[2.446612185171654,48.844540915701721],[2.44668113312321,48.844463890276351],[2.446751300202875,48.844400360737417],[2.446818646593617,48.844345811640515],[2.44686402055705,48.844307349266174]],[[2.447192627138332,48.843644246189427],[2.447283895114855,48.843775074132715],[2.447299949663198,48.843803028257867],[2.447313269655699,48.843831869100022]],[[2.448139584179955,48.843776326421377],[2.44790748953187,48.843819323853445],[2.447703959747771,48.843866949478056],[2.44743475210835,48.843940352658223],[2.447302196555682,48.843976613807015]],[[2.447302196555682,48.843976613807015],[2.44732180592229,48.843926340623604],[2.447327780521825,48.843876903799377],[2.447321282639183,48.843847195124034],[2.447313269655699,48.843831869100022]],[[2.44686402055705,48.844307349266174],[2.447056282373242,48.844166140289545],[2.447211487939292,48.84404994165633],[2.447262311446385,48.844011504304],[2.447302196555682,48.843976613807015]],[[2.450345708487006,48.842991454539153],[2.450183624665351,48.843114820518814]],[[2.450057297282919,48.843206873273594],[2.450183624665351,48.843114820518814]],[[2.45624284235174,48.841297040940013],[2.456141711161776,48.84132625990847],[2.455862981952239,48.841400538173453],[2.455640319346572,48.841455285133065],[2.455576133566861,48.84146938271023],[2.455420569121852,48.841492057846125],[2.455224083787297,48.841519043206439],[2.455028988918635,48.841543336515294],[2.454821603508991,48.841570271558176],[2.454603195861222,48.841608847598323],[2.454369697247589,48.841657247308198],[2.454095164168824,48.841720748337742],[2.453794658757139,48.841792224341816],[2.453588332480964,48.841847941423701],[2.45343949350152,48.841878738893072],[2.453187059560161,48.841913559464111],[2.452859651693977,48.841951634035112],[2.452612695229562,48.841983780384538],[2.452421505297065,48.842025175044263],[2.452256145331452,48.842072083795422],[2.452070102142274,48.842142280794391]],[[2.452070102142274,48.842142280794391],[2.45195783075942,48.84219392905144],[2.451775732272115,48.842277633972571],[2.451555408047655,48.842368358203203],[2.451354366086419,48.842439384669945],[2.451158659869506,48.842521227524706],[2.451077884956161,48.842557730426208]]]}},
{"type":"Feature","properties":{"ID":"VOIE_NOM0000002338860812","ID_BAN":null,"name":"Route Du Moulin Rouge","INSEE_COM":"75112","NOM_COM":"Paris 12e Arrondissement","SRC_BAN":null,"NOM_COLL":"RTE DU MOULIN ROUGE","TYPE_VOIE":"route","MOT_DIR":"ROUGE","LD_BAN":null,"ID_SUPP":"TRONROUT0000000000207531/TRONROUT0000000000207535/TRONROUT0000000000207536/TRONROUT0000000230032934/TRONROUT0000002223374255","INSEEDBAN":null,"COMDEL_BAN":null,"DATE_CREAT":"2023-12-08T13:42:59","DATE_MAJ":"2024-03-12T16:10:18","NOM_NORMA":"RTE DU MOULIN ROUGE","ID_BAN_ODO":null,"Nom_a_verifier":true,"other_tags":"nan"},"geometry":{"type":"MultiLineString","coordinates":[[[2.435288376214967,48.820197091673109],[2.435291731417466,48.820264560506232]],[[2.435291731417466,48.820264560506232],[2.435350515598492,48.820370064759338]],[[2.435726922066735,48.82120466071234],[2.435728750520304,48.821287411594213],[2.435706949258008,48.821414120200792],[2.435656722481899,48.821524505942477],[2.435598469896943,48.821621363191881],[2.435511353497418,48.821742367195924],[2.43539555799195,48.821870430692343],[2.435285472692082,48.8219742379937],[2.435117620021392,48.822129935870336],[2.434951186778946,48.822280243972401]],[[2.435350515598492,48.820370064759338],[2.435371867819499,48.820410637371751]],[[2.435371867819499,48.820410637371751],[2.435422441932107,48.820519700298334],[2.435553835212003,48.82071188701488],[2.435633904896765,48.820864258933518],[2.435701805362135,48.821008478995687],[2.435720822927934,48.821138977747118],[2.435726922066735,48.82120466071234]]]}},
{"type":"Feature","properties":{"ID":"VOIE_NOM0000002338860813","ID_BAN":null,"name":"Route Lemoine","INSEE_COM":"75112","NOM_COM":"Paris 12e Arrondissement","SRC_BAN":null,"NOM_COLL":"RTE LEMOINE","TYPE_VOIE":"route","MOT_DIR":"LEMOINE","LD_BAN":null,"ID_SUPP":"TRONROUT0000000000199956/TRONROUT0000000000199976/TRONROUT0000000000200871/TRONROUT0000000000200879/TRONROUT0000000000200880/TRONROUT0000000230033379","INSEEDBAN":null,"COMDEL_BAN":null,"DATE_CREAT":"2023-12-08T13:42:59","DATE_MAJ":"2024-03-12T16:10:18","NOM_NORMA":"RTE LEMOINE","ID_BAN_ODO":null,"Nom_a_verifier":true,"other_tags":"nan"},"geometry":{"type":"MultiLineString","coordinates":[[[2.421073451730373,48.838846738908892],[2.421261335347473,48.838981652607885]],[[2.421550002033154,48.839242963665463],[2.421409700596714,48.83911727421048],[2.421261335347473,48.838981652607885]],[[2.424872117873115,48.840069304246008],[2.424751011646118,48.840055231552206],[2.424641998464863,48.840056505989196],[2.424534327836415,48.840059585501756],[2.424417219590707,48.840053625925741]],[[2.424417219590707,48.840053625925741],[2.424251104120282,48.840043832938306],[2.424097320013389,48.840027803580277],[2.423942332616975,48.839997378497515],[2.42371956276543,48.839936048507582],[2.42347369212405,48.839869210613216],[2.423256422767738,48.8398034094661],[2.422976702222189,48.839717520798686]],[[2.422430628824923,48.839569189339386],[2.422304333964651,48.839531705773716],[2.422171237247909,48.839493289857685],[2.422019186789893,48.839443989906748],[2.421875320988306,48.839393829956549],[2.421728760600944,48.839340958726716],[2.421620327644298,48.83929007038784],[2.421550002033154,48.839242963665463]],[[2.422976702222189,48.839717520798686],[2.42285442412232,48.839686352708206],[2.422675084501877,48.839640519373084],[2.422430628824923,48.839569189339386]]]}},
{"type":"Feature","properties":{"ID":"VOIE_NOM0000002338860814","ID_BAN":null,"name":"Route Odette","INSEE_COM":"75112","NOM_COM":"Paris 12e Arrondissement","SRC_BAN":null,"NOM_COLL":"RTE ODETTE","TYPE_VOIE":"route","MOT_DIR":"ODETTE","LD_BAN":null,"ID_SUPP":"TRONROUT0000000000200739/TRONROUT0000000000200740/TRONROUT0000000000200741/TRONROUT0000000000200742/TRONROUT0000000322493338/TRONROUT0000002276188508","INSEEDBAN":null,"COMDEL_BAN":null,"DATE_CREAT":"2023-12-08T13:42:59","DATE_MAJ":"2024-03-12T16:10:18","NOM_NORMA":"RTE ODETTE","ID_BAN_ODO":null,"Nom_a_verifier":true,"other_tags":"nan"},"geometry":{"type":"MultiLineString","coordinates":[[[2.466522289582963,48.838840420002001],[2.466870086359535,48.838937302294219],[2.467247461860075,48.8390729875874],[2.467319402317011,48.839099389275745]],[[2.464560346832202,48.838841547013111],[2.464365414206701,48.838851466573459],[2.464170536977916,48.838855989928987],[2.463872377074721,48.838834868139834],[2.463752662599446,48.838817243764893],[2.46364533000625,48.83878798316001],[2.463491954066813,48.83873153527454],[2.463350932519063,48.838666149052678],[2.463157436022164,48.838536672873772],[2.462982958187494,48.83841267788474]],[[2.465439515177494,48.838671004042865],[2.46512885441237,48.838673212771077],[2.465037528442615,48.838677301158228],[2.464959724767618,48.838691342875734],[2.464858621986898,48.838718770651901]],[[2.466158016499635,48.838756054136823],[2.465970366355554,48.838720141660474],[2.465872449613965,48.838702616718891],[2.465767684139195,48.838688658533513],[2.465642446059639,48.838678206227577],[2.465521239855247,48.838673167941188],[2.465439515177494,48.838671004042865]],[[2.464858621986898,48.838718770651901],[2.464649253165255,48.838807769414984],[2.464560346832202,48.838841547013111]],[[2.466158016499635,48.838756054136823],[2.466250437838879,48.838778051101499],[2.466322469463853,48.838795460249074],[2.466455688975438,48.838824833911822],[2.466522289582963,48.838840420002001]]]}},
{"type":"Feature","properties":{"ID":"VOIE_NOM0000002338860815","ID_BAN":null,"name":"Route Ronde Des Minimes","INSEE_COM":"75112","NOM_COM":"Paris 12e Arrondissement","SRC_BAN":null,"NOM_COLL":"RTE RONDE DES MINIMES","TYPE_VOIE":"route","MOT_DIR":"MINIMES","LD_BAN":null,"ID_SUPP":"TRONROUT0000000000201579/TRONROUT0000000000201589/TRONROUT0000000000202355","INSEEDBAN":null,"COMDEL_BAN":null,"DATE_CREAT":"2023-12-08T13:42:59","DATE_MAJ":"2024-03-12T16:10:18","NOM_NORMA":"RTE RONDE DES MINIMES","ID_BAN_ODO":null,"Nom_a_verifier":true,"other_tags":"nan"},"geometry":{"type":"MultiLineString","coordinates":[[[2.460619872443698,48.838603501564926],[2.460730718605252,48.838556335443478],[2.460953847110536,48.838454814509113],[2.461122284434449,48.838371933272214],[2.461274289069014,48.838297071997239],[2.461434579012755,48.83821145554986],[2.461593682559414,48.838108745765631],[2.461747419590177,48.837997917403911],[2.461897106010665,48.837883473187304],[2.462059303623592,48.837744802401801],[2.462232640468077,48.837582798178033],[2.462382779142831,48.837424286851359],[2.462497505123057,48.837264716836678],[2.462589089095646,48.837103244007075],[2.462660116882133,48.8369533703939],[2.462706186515874,48.836845654425545]],[[2.462727115951962,48.835476025873369],[2.46271002710534,48.835415692073411],[2.462644906080002,48.835257112371565]],[[2.462706186515874,48.836845654425545],[2.462735602050579,48.836767542432668],[2.462771968196778,48.836675971278211],[2.462793079792824,48.836610412974196],[2.462806017358955,48.836544817953182],[2.462824700777911,48.8364504692764],[2.462840779959595,48.836344417239324],[2.4628477954685,48.836192457221941],[2.462848944635969,48.836080941962557],[2.462845376665117,48.836030561875432],[2.462835219551884,48.835958567594524],[2.462826545260522,48.835874888307664],[2.462803043148934,48.835775853326169],[2.462779448440778,48.835685811500987],[2.462762498497862,48.835611987964533],[2.462745455911468,48.835547157591584],[2.462727115951962,48.835476025873369]]]}},
{"type":"Feature","properties":{"ID":"VOIE_NOM0000002341416820","ID_BAN":null,"name":"Route De Bourdon","INSEE_COM":"75112","NOM_COM":"Paris 12e Arrondissement","SRC_BAN":null,"NOM_COLL":"ROUTE DE BOURDON","TYPE_VOIE":"route","MOT_DIR":"BOURDON","LD_BAN":null,"ID_SUPP":"TRONROUT0000000000205387/TRONROUT0000000000206664/TRONROUT0000002275645960","INSEEDBAN":null,"COMDEL_BAN":null,"DATE_CREAT":"2024-02-14T08:42:50","DATE_MAJ":"2024-03-17T19:26:33","NOM_NORMA":"RTE DE BOURDON","ID_BAN_ODO":null,"Nom_a_verifier":true,"other_tags":"nan"},"geometry":{"type":"MultiLineString","coordinates":[[[2.442744935363057,48.823021024785824],[2.442647555820842,48.822956715658442],[2.442558204114358,48.822905934426522],[2.442450964258603,48.822872157761708],[2.442415601132016,48.822867496023399],[2.442347483411925,48.822868977125765],[2.442279202149571,48.822885746724836],[2.442201223488087,48.822917760348858],[2.442132720798599,48.822955214351452],[2.442064121774316,48.823001661568618]],[[2.443726200633519,48.827433398439688],[2.44376052066941,48.827663795927641]],[[2.44376052066941,48.827663795927641],[2.443842907670406,48.827985252893868]]]}},
{"type":"Feature","properties":{"ID":"VOIE_NOM0000002341416822","ID_BAN":null,"name":"Allée Des Cedres","INSEE_COM":"75112","NOM_COM":"Paris 12e Arrondissement","SRC_BAN":null,"NOM_COLL":"ALLEE(S) DES CEDRES","TYPE_VOIE":null,"MOT_DIR":"CEDRES","LD_BAN":null,"ID_SUPP":"TRONROUT0000000230033014","INSEEDBAN":null,"COMDEL_BAN":null,"DATE_CREAT":"2024-02-14T08:42:50","DATE_MAJ":"2025-03-19T21:55:37","NOM_NORMA":"ALLEE(S) DES CEDRES","ID_BAN_ODO":null,"Nom_a_verifier":true,"other_tags":"nan"},"geometry":{"type":"MultiLineString","coordinates":[[[2.404702680295786,48.829614454990235],[2.404762464029969,48.829508627095898],[2.40483121778027,48.829452309061502],[2.404917299315554,48.829429353834442],[2.405165505719176,48.829404506904375],[2.405389152423961,48.829383134829932],[2.405695960927459,48.82935588003847],[2.406137866234831,48.829307710525683],[2.406566118692689,48.829262169742918],[2.407043386663569,48.829218669193097],[2.407471586491372,48.829177621752727],[2.407795269478108,48.829103678030478]]]}},
{"type":"Feature","properties":{"ID":"VOIE_NOM0000002341416823","ID_BAN":null,"name":"Allée Des Oiseaux","INSEE_COM":"75112","NOM_COM":"Paris 12e Arrondissement","SRC_BAN":null,"NOM_COLL":"ALLEE(S) DES OISEAUX","TYPE_VOIE":null,"MOT_DIR":"OISEAUX","LD_BAN":null,"ID_SUPP":"TRONROUT0000000230033021/TRONROUT0000000230033147","INSEEDBAN":null,"COMDEL_BAN":null,"DATE_CREAT":"2024-02-14T08:42:50","DATE_MAJ":"2025-03-19T21:55:37","NOM_NORMA":"ALLEE(S) DES OISEAUX","ID_BAN_ODO":null,"Nom_a_verifier":true,"other_tags":"nan"},"geometry":{"type":"MultiLineString","coordinates":[[[2.408338948150599,48.830289936999762],[2.408469986291962,48.829906555255143],[2.408645054461319,48.829364202824102],[2.408774542317648,48.828997001416894]],[[2.408245605413958,48.830592561955399],[2.408338948150599,48.830289936999762]]]}},
{"type":"Feature","properties":{"ID":"VOIE_NOM0000002341416826","ID_BAN":null,"name":"Allée Du Bois","INSEE_COM":"75112","NOM_COM":"Paris 12e Arrondissement","SRC_BAN":null,"NOM_COLL":"ALLEE(S) DU BOIS","TYPE_VOIE":null,"MOT_DIR":"BOIS","LD_BAN":null,"ID_SUPP":"TRONROUT0000000230033027/TRONROUT0000000230033038/TRONROUT0000000230033040/TRONROUT0000000230033041/TRONROUT0000002489271553","INSEEDBAN":null,"COMDEL_BAN":null,"DATE_CREAT":"2024-02-14T08:42:50","DATE_MAJ":"2025-03-19T21:55:37","NOM_NORMA":"ALLEE(S) DU BOIS","ID_BAN_ODO":null,"Nom_a_verifier":true,"other_tags":"nan"},"geometry":{"type":"MultiLineString","coordinates":[[[2.408968675904425,48.828094095414677],[2.409119995285599,48.827963535248259],[2.409272747335363,48.827826686370791],[2.409512033556292,48.827626409352824],[2.40955433982426,48.827619423277078],[2.409619842339074,48.827608954221461]],[[2.408803602132859,48.828236279182747],[2.408968675904425,48.828094095414677]],[[2.40841171797783,48.828559013480508],[2.408803602132859,48.828236279182747]],[[2.408142027810944,48.828796911192995],[2.40841171797783,48.828559013480508]],[[2.407795269478108,48.829103678030478],[2.408142027810944,48.828796911192995]]]}},
{"type":"Feature","properties":{"ID":"VOIE_NOM0000002341416828","ID_BAN":null,"name":"Allée Des Acacias","INSEE_COM":"75112","NOM_COM":"Paris 12e Arrondissement","SRC_BAN":null,"NOM_COLL":"ALLEE(S) DES ACACIAS","TYPE_VOIE":null,"MOT_DIR":"ACACIAS","LD_BAN":null,"ID_SUPP":"TRONROUT0000000230033130/TRONROUT0000000230033138/TRONROUT0000000230033156","INSEEDBAN":null,"COMDEL_BAN":null,"DATE_CREAT":"2024-02-14T08:42:50","DATE_MAJ":"2025-03-19T21:55:37","NOM_NORMA":"ALLEE(S) DES ACACIAS","ID_BAN_ODO":null,"Nom_a_verifier":true,"other_tags":"nan"},"geometry":{"type":"MultiLineString","coordinates":[[[2.404702680295786,48.829614454990235],[2.405111545689009,48.829716319286149],[2.405539534007364,48.829813780379091],[2.405927837133174,48.829927231426467],[2.406288888656587,48.830041445281573],[2.406600289287923,48.830089757852299]],[[2.404388703829243,48.829553533451424],[2.404479751442239,48.829572873580538],[2.404531389497038,48.829583923113894],[2.404702680295786,48.829614454990235]],[[2.406600289287923,48.830089757852299],[2.406765540776714,48.83017242010277],[2.406901122024586,48.830228853325153]]]}},
{"type":"Feature","properties":{"ID":"VOIE_NOM0000002341416829","ID_BAN":null,"name":"Allée Marchande","INSEE_COM":"75112","NOM_COM":"Paris 12e Arrondissement","SRC_BAN":null,"NOM_COLL":"ALLEE(S) MARCHANDE","TYPE_VOIE":null,"MOT_DIR":"MARCHANDE","LD_BAN":null,"ID_SUPP":"TRONROUT0000000230033131/TRONROUT0000000230033135/TRONROUT0000000230033145/TRONROUT0000000230033152/TRONROUT0000000356869356","INSEEDBAN":null,"COMDEL_BAN":null,"DATE_CREAT":"2024-02-14T08:42:50","DATE_MAJ":"2025-03-19T21:55:37","NOM_NORMA":"ALLEE(S) MARCHANDE","ID_BAN_ODO":null,"Nom_a_verifier":true,"other_tags":"nan"},"geometry":{"type":"MultiLineString","coordinates":[[[2.403980710279306,48.832235212760416],[2.404181962417241,48.832148077601332],[2.404326258178718,48.832038174290176],[2.404766486763294,48.831661732741459],[2.405009976583062,48.831454291229612]],[[2.405009976583062,48.831454291229612],[2.405379944539613,48.831145849611509],[2.405716918648817,48.830863324493897]],[[2.403894202061208,48.832295039166425],[2.403932652467804,48.832268249812998],[2.403980710279306,48.832235212760416]],[[2.406152917843679,48.830497648939613],[2.406600289287923,48.830089757852299]],[[2.405716918648817,48.830863324493897],[2.406152917843679,48.830497648939613]]]}},
{"type":"Feature","properties":{"ID":"VOIE_NOM0000002341416830","ID_BAN":null,"name":"Allée Du Lac","INSEE_COM":"75112","NOM_COM":"Paris 12e Arrondissement","SRC_BAN":null,"NOM_COLL":"ALLEE(S) DU LAC","TYPE_VOIE":null,"MOT_DIR":"LAC","LD_BAN":null,"ID_SUPP":"TRONROUT0000000230033148/TRONROUT0000000230033150","INSEEDBAN":null,"COMDEL_BAN":null,"DATE_CREAT":"2024-02-14T08:42:50","DATE_MAJ":"2025-03-19T21:55:37","NOM_NORMA":"ALLEE(S) DU LAC","ID_BAN_ODO":null,"Nom_a_verifier":true,"other_tags":"nan"},"geometry":{"type":"MultiLineString","coordinates":[[[2.408245605413958,48.830592561955399],[2.408750505882006,48.830756045725948],[2.408821022647086,48.830784274683268],[2.408853133496024,48.830835697314761],[2.408992835840884,48.830889450381576]],[[2.406901122024586,48.830228853325153],[2.407043841692543,48.830256542021566],[2.407941348135312,48.830514609957184],[2.408245605413958,48.830592561955399]]]}},
{"type":"Feature","properties":{"ID":"VOIE_NOM0000002344941073","ID_BAN":null,"name":"Allée Des Pins","INSEE_COM":"75112","NOM_COM":"Paris 12e Arrondissement","SRC_BAN":null,"NOM_COLL":"ALL DES PINS","TYPE_VOIE":"allée","MOT_DIR":"PINS","LD_BAN":null,"ID_SUPP":"TRONROUT0000000000200806/TRONROUT0000000000200807/TRONROUT0000000000200808/TRONROUT0000000000200815/TRONROUT0000000000200825/TRONROUT0000000314077153","INSEEDBAN":null,"COMDEL_BAN":null,"DATE_CREAT":"2024-04-09T23:12:41","DATE_MAJ":"2024-06-17T16:42:27","NOM_NORMA":"ALL DES PINS","ID_BAN_ODO":null,"Nom_a_verifier":true,"other_tags":"nan"},"geometry":{"type":"MultiLineString","coordinates":[[[2.438496918640424,48.839950565432616],[2.438596374977632,48.839951032235298],[2.438659046095144,48.839951326342465],[2.438803694543819,48.839930420463276],[2.438963658565233,48.839879008100091],[2.439127796605043,48.839819520878663],[2.439573702893891,48.839657927762666],[2.439789833305734,48.839577997982801],[2.440090538366693,48.839488570775977],[2.440380439741906,48.839390098695112],[2.440588210021344,48.839327216144405],[2.44083116094736,48.839286981625122],[2.441213104967427,48.839244697902195]],[[2.444025650610879,48.839333349134385],[2.444098462085012,48.839277028024497],[2.44416184211638,48.839210770114313],[2.444234921768807,48.839129268159091],[2.444334250976119,48.839013712513285],[2.444428024744208,48.838908023905084],[2.444528667567668,48.838796970967621],[2.444654024497983,48.838668045524486],[2.444768462612962,48.838540867972497],[2.444862071820292,48.838450467305904],[2.444987044051109,48.838357514010589],[2.445085805235499,48.838295017156597]],[[2.442657403665027,48.839491564338843],[2.442806893174618,48.839527335676785],[2.442944198127659,48.839555855228859],[2.44307889372816,48.839573570189401],[2.443220564768717,48.839576028395953],[2.443350051000841,48.83957123487825],[2.443491904487063,48.839556605829564],[2.443621592242261,48.839532926458674],[2.443740486217655,48.839499303827616],[2.44385828631636,48.839440493994935],[2.443952867761623,48.839386972259611],[2.444025650610879,48.839333349134385]],[[2.441213104967427,48.839244697902195],[2.441388979538731,48.839233827692567],[2.441472066493956,48.839236014382131],[2.441612287433987,48.839246561944663],[2.441855742499883,48.839286370507345],[2.44191012289314,48.839297416518868]],[[2.442183223987283,48.839367940867639],[2.44241144349817,48.839431060530224],[2.442657403665027,48.839491564338843]],[[2.44191012289314,48.839297416518868],[2.442183223987283,48.839367940867639]]]}},
{"type":"Feature","properties":{"ID":"VOIE_NOM0000002479552532","ID_BAN":null,"name":"Cours Des Marechaux","INSEE_COM":"75112","NOM_COM":"Paris 12e Arrondissement","SRC_BAN":null,"NOM_COLL":"CRS DES MARECHAUX","TYPE_VOIE":"cours","MOT_DIR":"MARECHAUX","LD_BAN":null,"ID_SUPP":"TRONROUT0000000000199108/TRONROUT0000000000199116/TRONROUT0000000000199117/TRONROUT0000000230033521/TRONROUT0000000356901126","INSEEDBAN":null,"COMDEL_BAN":null,"DATE_CREAT":"2024-10-08T22:05:18","DATE_MAJ":"2024-12-08T02:06:24","NOM_NORMA":"CRS DES MARECHAUX","ID_BAN_ODO":null,"Nom_a_verifier":true,"other_tags":"nan"},"geometry":{"type":"MultiLineString","coordinates":[[[2.438954591413842,48.842493393623528],[2.439080065591214,48.842482290403382]],[[2.438455428825657,48.8425369186686],[2.438954591413842,48.842493393623528]],[[2.438334032142429,48.842548939733526],[2.438455428825657,48.8425369186686]],[[2.437712147872895,48.842600878980065],[2.438334032142429,48.842548939733526]],[[2.437541681997126,48.842614467303306],[2.437712147872895,48.842600878980065]]]}}
]
}
